Symbol,Date,Open,High,Low,Close,Volume
ALHE.TA,2026-07-16,3291.0,3310.0,3223.0,3223.0,272861
ALHE.TA,2026-07-17,3222.0,3270.0,3184.0,3270.0,249127
ALHE.TA,2026-07-20,3258.0,3293.0,3207.0,3259.0,279132
ALHE.TA,2026-07-21,3259.0,3335.0,3242.0,3254.0,343603
ALHE.TA,2026-07-22,3254.0,3316.0,3227.0,3274.0,187903
ALHE.TA,2026-07-24,3181.0,3307.0,3181.0,3307.0,330075
ALHE.TA,2026-07-27,3307.0,3359.0,3232.0,3236.0,182174
ALHE.TA,2026-07-28,3236.0,3250.0,3187.0,3187.0,129076
ALHE.TA,2026-07-29,3187.0,3245.0,3110.0,3176.0,269659
ALHE.TA,2026-07-30,3176.0,3180.0,3114.0,3150.0,236124
ALHE.TA,2026-07-31,3169.0,3181.0,3113.0,3181.0,313988
ALHE.TA,2026-08-03,3145.0,3224.0,3132.0,3174.0,369094
ALHE.TA,2026-08-04,3186.0,3207.0,3122.0,3200.0,320486
ALHE.TA,2026-08-05,3182.0,3220.0,3107.0,3118.0,345463
ALHE.TA,2026-08-06,3118.0,3125.0,3070.0,3104.0,1269354
ALHE.TA,2026-08-07,3104.0,3128.0,3099.0,3107.0,97248
ALHE.TA,2026-08-10,3064.0,3121.0,3015.0,3028.0,396294
ALHE.TA,2026-08-11,3063.0,3097.0,2991.0,3030.0,393074
ALHE.TA,2026-08-12,3037.0,3126.0,3034.0,3100.0,372035
ALHE.TA,2026-08-13,3100.0,3130.0,3060.0,3109.0,202765
ALHE.TA,2026-08-14,3109.0,3124.0,3074.0,3124.0,146496
ALHE.TA,2026-08-17,3124.0,3124.0,2990.0,3000.0,857437
ALHE.TA,2026-08-18,2955.0,3035.0,2945.0,3027.0,573699
ALHE.TA,2026-08-19,3022.0,3133.0,3005.0,3133.0,353921
ALHE.TA,2026-08-20,3133.0,3210.0,3132.0,3165.0,348164
ALHE.TA,2026-08-21,3165.0,3209.0,3150.0,3187.0,122009
ALHE.TA,2026-08-24,3183.0,3183.0,3105.0,3142.0,217417
ALHE.TA,2026-08-25,3103.0,3162.0,3103.0,3120.0,238281
ALHE.TA,2026-08-26,3095.0,3145.0,3043.0,3101.0,451603
ALHE.TA,2026-08-27,3179.0,3209.0,3105.0,3197.0,282264
ALHE.TA,2026-08-28,3157.0,3218.0,3157.0,3205.0,234872
ALHE.TA,2026-08-31,3195.0,3195.0,3149.0,3190.0,291848
ALHE.TA,2026-09-01,3204.0,3290.0,3187.0,3285.0,1442780
ALHE.TA,2026-09-02,3252.0,3422.0,3252.0,3407.0,431282
ALHE.TA,2026-09-03,3351.0,3472.0,3351.0,3458.0,328284
ALHE.TA,2026-09-04,3475.0,3515.0,3443.0,3480.0,256638
ALHE.TA,2026-09-07,3445.0,3470.0,3416.0,3420.0,218905
ALHE.TA,2026-09-08,3387.0,3429.0,3333.0,3365.0,222298
ALHE.TA,2026-09-09,3365.0,3410.0,3276.0,3304.0,268753
ALHE.TA,2026-09-10,3304.0,3304.0,3108.0,3136.0,472962
ALHE.TA,2026-09-11,3136.0,3136.0,3136.0,3136.0,0
ALHE.TA,2026-09-14,3125.0,3125.0,3049.0,3114.0,334415
ALHE.TA,2026-09-15,3104.0,3106.0,3057.0,3067.0,303362
ALHE.TA,2026-09-16,3067.0,3105.0,3054.0,3094.0,571922
ALHE.TA,2026-09-17,3094.0,3113.0,3080.0,3080.0,696003
ALHE.TA,2026-09-18,3080.0,3080.0,3080.0,3080.0,0
ALHE.TA,2026-09-21,3080.0,3080.0,3080.0,3080.0,0
ALHE.TA,2026-09-22,3080.0,3114.0,3052.0,3080.0,439649
ALHE.TA,2026-09-23,3061.0,3082.0,3027.0,3055.0,381245
ALHE.TA,2026-09-24,3007.0,3032.0,2979.0,3014.0,1421302
DRAL.TA,2026-07-16,18520.0,18880.0,18480.0,18840.0,450
DRAL.TA,2026-07-17,18840.0,18680.0,18680.0,18680.0,21
DRAL.TA,2026-07-20,18680.0,18680.0,18680.0,18680.0,67
DRAL.TA,2026-07-21,18680.0,18590.0,18590.0,18590.0,113
DRAL.TA,2026-07-22,18590.0,18590.0,18480.0,18590.0,196
DRAL.TA,2026-07-24,18590.0,18590.0,17880.0,18590.0,580
DRAL.TA,2026-07-27,18590.0,18590.0,17690.0,18550.0,631
DRAL.TA,2026-07-28,18550.0,18550.0,18540.0,18540.0,158
DRAL.TA,2026-07-29,18540.0,18540.0,18540.0,18540.0,14
DRAL.TA,2026-07-30,18540.0,18540.0,18540.0,18540.0,49
DRAL.TA,2026-07-31,18540.0,18540.0,18520.0,18530.0,21
DRAL.TA,2026-08-03,18530.0,18000.0,17140.0,17950.0,1018
DRAL.TA,2026-08-04,17950.0,18320.0,17810.0,17990.0,167
DRAL.TA,2026-08-05,17990.0,18070.0,17450.0,17990.0,731
DRAL.TA,2026-08-06,17990.0,17990.0,17990.0,17990.0,2162
DRAL.TA,2026-08-07,17990.0,17990.0,17460.0,17990.0,609
DRAL.TA,2026-08-10,17990.0,17950.0,17450.0,17590.0,50
DRAL.TA,2026-08-11,17590.0,17590.0,17480.0,17510.0,160
DRAL.TA,2026-08-12,17510.0,17840.0,17500.0,17520.0,805
DRAL.TA,2026-08-13,17520.0,17510.0,16990.0,17380.0,187
DRAL.TA,2026-08-14,15830.0,17680.0,15830.0,17530.0,195
DRAL.TA,2026-08-17,17530.0,17530.0,17530.0,17530.0,9
DRAL.TA,2026-08-18,17530.0,17530.0,17530.0,17530.0,10
DRAL.TA,2026-08-19,17530.0,17680.0,16800.0,17570.0,1019
DRAL.TA,2026-08-20,17570.0,17570.0,17570.0,17570.0,11
DRAL.TA,2026-08-21,17570.0,18100.0,17570.0,17750.0,2702
DRAL.TA,2026-08-24,17750.0,18100.0,17200.0,17910.0,408
DRAL.TA,2026-08-25,17910.0,17880.0,17880.0,17880.0,24
DRAL.TA,2026-08-26,17880.0,17880.0,17880.0,17880.0,142
DRAL.TA,2026-08-27,17880.0,17880.0,17880.0,17880.0,25
DRAL.TA,2026-08-28,17880.0,17890.0,17880.0,17880.0,70
DRAL.TA,2026-08-31,17880.0,17860.0,16360.0,17790.0,1556
DRAL.TA,2026-09-01,17790.0,17820.0,17060.0,17670.0,179
DRAL.TA,2026-09-02,17670.0,17990.0,17050.0,17850.0,1374
DRAL.TA,2026-09-03,17850.0,17900.0,17050.0,17660.0,469
DRAL.TA,2026-09-04,17660.0,18090.0,17190.0,17950.0,576
DRAL.TA,2026-09-07,17950.0,18090.0,17420.0,17830.0,1293
DRAL.TA,2026-09-08,17460.0,17470.0,16500.0,17030.0,3274
DRAL.TA,2026-09-09,17030.0,17030.0,16500.0,16750.0,1598
DRAL.TA,2026-09-10,16750.0,16830.0,16220.0,16530.0,2218
DRAL.TA,2026-09-11,16530.0,16530.0,16530.0,16530.0,0
DRAL.TA,2026-09-14,16530.0,17310.0,16200.0,17290.0,1922
DRAL.TA,2026-09-15,17290.0,17290.0,16700.0,17290.0,914
DRAL.TA,2026-09-16,17290.0,17470.0,16300.0,17460.0,2520
DRAL.TA,2026-09-17,17470.0,17950.0,17060.0,17250.0,1381
DRAL.TA,2026-09-18,17250.0,17250.0,17250.0,17250.0,0
DRAL.TA,2026-09-21,17250.0,17250.0,17250.0,17250.0,0
DRAL.TA,2026-09-22,17250.0,17840.0,17150.0,17520.0,797
DRAL.TA,2026-09-23,17520.0,17970.0,17320.0,17530.0,992
DRAL.TA,2026-09-24,16900.0,16900.0,16900.0,16900.0,76
GLRS.TA,2026-07-16,11600.0,11690.0,10990.0,11010.0,1257
GLRS.TA,2026-07-17,11010.0,10820.0,10760.0,10790.0,354
GLRS.TA,2026-07-20,10790.0,10790.0,10420.0,10450.0,968
GLRS.TA,2026-07-21,10450.0,10560.0,10450.0,10510.0,678
GLRS.TA,2026-07-22,10510.0,10670.0,10400.0,10490.0,1606
GLRS.TA,2026-07-24,10440.0,10470.0,10400.0,10450.0,753
GLRS.TA,2026-07-27,10450.0,10450.0,9940.0,9998.0,4436
GLRS.TA,2026-07-28,10010.0,10010.0,9922.0,9993.0,1240
GLRS.TA,2026-07-29,9993.0,10110.0,9823.0,9979.0,269
GLRS.TA,2026-07-30,9960.0,10030.0,9960.0,10010.0,955
GLRS.TA,2026-07-31,10030.0,10270.0,10030.0,10120.0,1379
GLRS.TA,2026-08-03,9824.0,10260.0,9824.0,10150.0,513
GLRS.TA,2026-08-04,10150.0,10010.0,10000.0,10000.0,284
GLRS.TA,2026-08-05,10000.0,10000.0,9902.0,9925.0,1077
GLRS.TA,2026-08-06,9925.0,10000.0,9729.0,9729.0,2619
GLRS.TA,2026-08-07,9729.0,9800.0,9750.0,9799.0,44
GLRS.TA,2026-08-10,9799.0,9799.0,9646.0,9651.0,2064
GLRS.TA,2026-08-11,9651.0,9700.0,9500.0,9535.0,2315
GLRS.TA,2026-08-12,9535.0,9689.0,9319.0,9498.0,1514
GLRS.TA,2026-08-13,9498.0,9400.0,9302.0,9352.0,1249
GLRS.TA,2026-08-14,9352.0,9489.0,9350.0,9435.0,2491
GLRS.TA,2026-08-17,9435.0,9586.0,9311.0,9340.0,1579
GLRS.TA,2026-08-18,9340.0,9220.0,9205.0,9210.0,449
GLRS.TA,2026-08-19,9210.0,9500.0,9179.0,9181.0,1739
GLRS.TA,2026-08-20,9181.0,9181.0,8868.0,8902.0,5395
GLRS.TA,2026-08-21,9336.0,9897.0,9336.0,9615.0,716
GLRS.TA,2026-08-24,9615.0,9854.0,8555.0,9706.0,6284
GLRS.TA,2026-08-25,9706.0,10740.0,9841.0,10400.0,4261
GLRS.TA,2026-08-26,10400.0,10670.0,10260.0,10400.0,930
GLRS.TA,2026-08-27,10400.0,10750.0,10350.0,10440.0,1738
GLRS.TA,2026-08-28,10440.0,10740.0,10450.0,10620.0,846
GLRS.TA,2026-08-31,10620.0,10720.0,10080.0,10390.0,722
GLRS.TA,2026-09-01,10390.0,10390.0,10310.0,10380.0,531
GLRS.TA,2026-09-02,10380.0,10310.0,10270.0,10310.0,79
GLRS.TA,2026-09-03,10310.0,10160.0,9750.0,9962.0,418
GLRS.TA,2026-09-04,9934.0,9934.0,9685.0,9874.0,1351
GLRS.TA,2026-09-07,9874.0,10380.0,9622.0,10290.0,1937
GLRS.TA,2026-09-08,10290.0,10450.0,10160.0,10200.0,1032
GLRS.TA,2026-09-09,10200.0,10480.0,10200.0,10330.0,443
GLRS.TA,2026-09-10,10330.0,10850.0,10400.0,10560.0,1414
GLRS.TA,2026-09-11,10560.0,10560.0,10560.0,10560.0,0
GLRS.TA,2026-09-14,10880.0,11330.0,10640.0,10890.0,2047
GLRS.TA,2026-09-15,10890.0,11310.0,10900.0,11120.0,564
GLRS.TA,2026-09-16,11120.0,11270.0,11120.0,11210.0,840
GLRS.TA,2026-09-17,11210.0,11140.0,11050.0,11120.0,565
GLRS.TA,2026-09-18,11120.0,11120.0,11120.0,11120.0,0
GLRS.TA,2026-09-21,11120.0,11120.0,11120.0,11120.0,0
GLRS.TA,2026-09-22,11120.0,11420.0,11090.0,11110.0,1902
GLRS.TA,2026-09-23,11740.0,11740.0,10700.0,10760.0,708
GLRS.TA,2026-09-24,10760.0,10700.0,10470.0,10580.0,421
CLIS.TA,2026-07-16,24070.0,24070.0,23330.0,23650.0,176749
CLIS.TA,2026-07-17,23320.0,23960.0,23250.0,23650.0,139004
CLIS.TA,2026-07-20,23650.0,23850.0,23100.0,23580.0,103049
CLIS.TA,2026-07-21,23900.0,24330.0,23700.0,23830.0,165652
CLIS.TA,2026-07-22,23850.0,24760.0,23800.0,24280.0,551296
CLIS.TA,2026-07-24,23850.0,24150.0,23560.0,23970.0,212095
CLIS.TA,2026-07-27,24190.0,24750.0,23520.0,23520.0,210785
CLIS.TA,2026-07-28,23160.0,23520.0,23020.0,23290.0,135345
CLIS.TA,2026-07-29,23030.0,23290.0,22080.0,22540.0,145566
CLIS.TA,2026-07-30,22310.0,22970.0,22300.0,22900.0,191563
CLIS.TA,2026-07-31,23040.0,23280.0,22900.0,23180.0,149488
CLIS.TA,2026-08-03,23190.0,23590.0,22900.0,23580.0,123944
CLIS.TA,2026-08-04,23580.0,23780.0,22660.0,23290.0,158556
CLIS.TA,2026-08-05,23300.0,23510.0,22630.0,22890.0,172790
CLIS.TA,2026-08-06,22660.0,22920.0,22450.0,22750.0,470275
CLIS.TA,2026-08-07,22830.0,23080.0,22570.0,22670.0,97945
CLIS.TA,2026-08-10,22670.0,22790.0,22120.0,22520.0,143708
CLIS.TA,2026-08-11,22350.0,22530.0,21990.0,21990.0,259216
CLIS.TA,2026-08-12,21990.0,22480.0,21900.0,22250.0,118708
CLIS.TA,2026-08-13,22170.0,22460.0,21970.0,22440.0,161660
CLIS.TA,2026-08-14,22500.0,22680.0,22210.0,22440.0,160318
CLIS.TA,2026-08-17,22540.0,23370.0,22530.0,22770.0,183297
CLIS.TA,2026-08-18,22550.0,23100.0,22160.0,23100.0,142384
CLIS.TA,2026-08-19,23400.0,24690.0,23220.0,24200.0,299428
CLIS.TA,2026-08-20,24420.0,24500.0,23860.0,24150.0,217905
CLIS.TA,2026-08-21,24150.0,24650.0,23920.0,24270.0,257157
CLIS.TA,2026-08-24,24350.0,24740.0,24270.0,24550.0,155914
CLIS.TA,2026-08-25,24550.0,25690.0,24550.0,25320.0,247291
CLIS.TA,2026-08-26,25230.0,25950.0,25170.0,25860.0,238977
CLIS.TA,2026-08-27,25830.0,26240.0,25650.0,26230.0,198424
CLIS.TA,2026-08-28,25570.0,26420.0,25570.0,26200.0,323571
CLIS.TA,2026-08-31,25850.0,26780.0,25850.0,26400.0,224397
CLIS.TA,2026-09-01,26530.0,26800.0,25790.0,26060.0,322584
CLIS.TA,2026-09-02,26150.0,26900.0,25910.0,26900.0,359255
CLIS.TA,2026-09-03,26940.0,27890.0,26790.0,27820.0,258114
CLIS.TA,2026-09-04,27890.0,27910.0,27240.0,27690.0,307479
CLIS.TA,2026-09-07,27700.0,28290.0,27650.0,28240.0,127569
CLIS.TA,2026-09-08,28280.0,28420.0,27800.0,28100.0,185016
CLIS.TA,2026-09-09,28170.0,28380.0,27790.0,28060.0,127667
CLIS.TA,2026-09-10,28210.0,28330.0,27510.0,27620.0,190951
CLIS.TA,2026-09-11,27620.0,27620.0,27620.0,27620.0,0
CLIS.TA,2026-09-14,27340.0,28810.0,27150.0,27990.0,370127
CLIS.TA,2026-09-15,27990.0,28680.0,27510.0,28320.0,229129
CLIS.TA,2026-09-16,28310.0,28960.0,28230.0,28940.0,193297
CLIS.TA,2026-09-17,28820.0,29700.0,28820.0,29090.0,330780
CLIS.TA,2026-09-18,29090.0,29090.0,29090.0,29090.0,0
CLIS.TA,2026-09-21,29090.0,29090.0,29090.0,29090.0,0
CLIS.TA,2026-09-22,29510.0,30300.0,29510.0,29820.0,312954
CLIS.TA,2026-09-23,29700.0,30270.0,29530.0,29680.0,394834
CLIS.TA,2026-09-24,29340.0,29500.0,28890.0,29190.0,362541
ELCRE.TA,2026-07-16,4292.0,4294.0,4198.0,4257.0,52542
ELCRE.TA,2026-07-17,4257.0,4296.0,4214.0,4255.0,38540
ELCRE.TA,2026-07-20,4255.0,4382.0,4055.0,4270.0,54717
ELCRE.TA,2026-07-21,3886.0,3886.0,3502.0,3755.0,2502779
ELCRE.TA,2026-07-22,3849.0,3926.0,3530.0,3530.0,1290576
ELCRE.TA,2026-07-24,3480.0,3722.0,3400.0,3707.0,514330
ELCRE.TA,2026-07-27,3733.0,3781.0,3550.0,3700.0,256262
ELCRE.TA,2026-07-28,3669.0,3696.0,3475.0,3490.0,150960
ELCRE.TA,2026-07-29,3480.0,3546.0,3344.0,3480.0,260555
ELCRE.TA,2026-07-30,3480.0,3480.0,2995.0,3232.0,1034718
ELCRE.TA,2026-07-31,3232.0,3253.0,3116.0,3200.0,295892
ELCRE.TA,2026-08-03,3200.0,3250.0,3024.0,3144.0,617523
ELCRE.TA,2026-08-04,3144.0,3391.0,3059.0,3280.0,349902
ELCRE.TA,2026-08-05,3281.0,3331.0,3093.0,3170.0,219798
ELCRE.TA,2026-08-06,3199.0,3210.0,3106.0,3106.0,595659
ELCRE.TA,2026-08-07,3106.0,3169.0,3069.0,3093.0,36321
ELCRE.TA,2026-08-10,3124.0,3160.0,2980.0,3022.0,192747
ELCRE.TA,2026-08-11,3022.0,3150.0,2941.0,2941.0,164553
ELCRE.TA,2026-08-12,2941.0,2959.0,2825.0,2875.0,193062
ELCRE.TA,2026-08-13,2846.0,3117.0,2846.0,3117.0,157409
ELCRE.TA,2026-08-14,3117.0,3117.0,2956.0,3000.0,125120
ELCRE.TA,2026-08-17,3000.0,3000.0,2740.0,2740.0,208657
ELCRE.TA,2026-08-18,2768.0,2784.0,2630.0,2740.0,234036
ELCRE.TA,2026-08-19,2740.0,2954.0,2711.0,2920.0,265221
ELCRE.TA,2026-08-20,3025.0,3025.0,2610.0,2730.0,408513
ELCRE.TA,2026-08-21,2784.0,2820.0,2689.0,2820.0,212202
ELCRE.TA,2026-08-24,2800.0,2820.0,2544.0,2544.0,187464
ELCRE.TA,2026-08-25,2544.0,2659.0,2465.0,2659.0,262812
ELCRE.TA,2026-08-26,2659.0,2659.0,2458.0,2459.0,262408
ELCRE.TA,2026-08-27,2460.0,2519.0,2360.0,2405.0,255093
ELCRE.TA,2026-08-28,2401.0,2406.0,2312.0,2321.0,95211
ELCRE.TA,2026-08-31,2321.0,2343.0,2222.0,2277.0,207043
ELCRE.TA,2026-09-01,2277.0,2406.0,2181.0,2324.0,368248
ELCRE.TA,2026-09-02,2393.0,2550.0,2266.0,2550.0,372926
ELCRE.TA,2026-09-03,2550.0,2551.0,2316.0,2346.0,443840
ELCRE.TA,2026-09-04,2346.0,2464.0,2346.0,2439.0,169327
ELCRE.TA,2026-09-07,2439.0,2439.0,2193.0,2280.0,813849
ELCRE.TA,2026-09-08,2280.0,2297.0,2191.0,2201.0,283520
ELCRE.TA,2026-09-09,2206.0,2260.0,2191.0,2254.0,195269
ELCRE.TA,2026-09-10,2255.0,2255.0,2100.0,2146.0,307018
ELCRE.TA,2026-09-11,2146.0,2146.0,2146.0,2146.0,0
ELCRE.TA,2026-09-14,2140.0,2146.0,1957.0,1999.0,311402
ELCRE.TA,2026-09-15,2002.0,2151.0,1966.0,2091.0,380268
ELCRE.TA,2026-09-16,2091.0,2213.0,2060.0,2210.0,242069
ELCRE.TA,2026-09-17,2190.0,2240.0,2078.0,2221.0,248379
ELCRE.TA,2026-09-18,2221.0,2221.0,2221.0,2221.0,0
ELCRE.TA,2026-09-21,2221.0,2221.0,2221.0,2221.0,0
ELCRE.TA,2026-09-22,2221.0,2295.0,2196.0,2227.0,194805
ELCRE.TA,2026-09-23,2227.0,2241.0,2050.0,2070.0,249653
ELCRE.TA,2026-09-24,2021.0,2031.0,1781.0,1839.0,1002749
SLRM.TA,2026-07-16,670.4000244140625,686.2000122070312,604.0,613.7999877929688,581185
SLRM.TA,2026-07-17,613.7999877929688,609.7000122070312,580.0,600.7999877929688,98699
SLRM.TA,2026-07-20,600.7999877929688,628.9000244140625,581.5,622.0,112550
SLRM.TA,2026-07-21,607.0,632.0,596.5,605.4000244140625,95952
SLRM.TA,2026-07-22,609.9000244140625,688.9000244140625,603.5,675.4000244140625,139337
SLRM.TA,2026-07-24,665.0,734.0,661.7999877929688,723.4000244140625,48534
SLRM.TA,2026-07-27,723.4000244140625,730.0,672.7000122070312,700.0,127576
SLRM.TA,2026-07-28,700.0,709.0999755859375,693.7999877929688,699.9000244140625,53560
SLRM.TA,2026-07-29,699.9000244140625,705.0,683.9000244140625,700.2999877929688,40729
SLRM.TA,2026-07-30,700.2999877929688,703.0,655.5,670.5,26998
SLRM.TA,2026-07-31,670.5,694.0,655.7999877929688,684.0999755859375,47219
SLRM.TA,2026-08-03,684.0999755859375,712.0,674.5,694.7999877929688,24823
SLRM.TA,2026-08-04,721.0,735.2000122070312,692.0,702.2999877929688,26228
SLRM.TA,2026-08-05,702.2999877929688,720.7999877929688,670.2999877929688,674.9000244140625,19221
SLRM.TA,2026-08-06,674.9000244140625,681.0,622.0,622.0,135320
SLRM.TA,2026-08-07,637.0,637.0,614.7999877929688,623.2000122070312,55042
SLRM.TA,2026-08-10,669.0,698.0,641.9000244140625,660.2999877929688,132995
SLRM.TA,2026-08-11,660.2999877929688,669.2000122070312,616.0,621.4000244140625,41872
SLRM.TA,2026-08-12,621.4000244140625,625.4000244140625,600.2999877929688,603.2000122070312,27131
SLRM.TA,2026-08-13,603.2000122070312,604.0999755859375,565.0,580.2999877929688,65793
SLRM.TA,2026-08-14,580.2999877929688,583.0999755859375,579.9000244140625,582.5999755859375,19888
SLRM.TA,2026-08-17,582.5999755859375,599.7999877929688,560.0999755859375,563.5999755859375,26912
SLRM.TA,2026-08-18,563.5999755859375,568.7000122070312,538.4000244140625,554.7999877929688,41111
SLRM.TA,2026-08-19,554.7999877929688,591.9000244140625,552.2000122070312,554.5999755859375,44555
SLRM.TA,2026-08-20,554.5999755859375,559.0,531.4000244140625,557.0,36235
SLRM.TA,2026-08-21,557.0,556.7999877929688,535.0999755859375,543.4000244140625,10445
SLRM.TA,2026-08-24,543.4000244140625,544.0,455.1000061035156,500.0,130299
SLRM.TA,2026-08-25,500.0,550.5999755859375,492.6000061035156,501.20001220703125,166419
SLRM.TA,2026-08-26,501.20001220703125,517.0,458.20001220703125,493.70001220703125,120423
SLRM.TA,2026-08-27,493.70001220703125,533.0,481.70001220703125,528.4000244140625,74636
SLRM.TA,2026-08-28,548.0,553.7999877929688,528.4000244140625,542.4000244140625,60925
SLRM.TA,2026-08-31,542.4000244140625,568.7999877929688,509.5,550.0,88081
SLRM.TA,2026-09-01,550.0,565.5999755859375,540.5999755859375,551.4000244140625,52622
SLRM.TA,2026-09-02,551.4000244140625,630.0,551.4000244140625,628.2999877929688,169654
SLRM.TA,2026-09-03,628.2999877929688,658.9000244140625,601.0999755859375,641.0999755859375,82002
SLRM.TA,2026-09-04,660.0,684.0,642.0,677.2999877929688,101586
SLRM.TA,2026-09-07,677.2999877929688,725.0,649.4000244140625,722.0,180911
SLRM.TA,2026-09-08,735.0,757.0,713.0999755859375,725.7000122070312,194589
SLRM.TA,2026-09-09,730.0,777.0,699.0,705.2999877929688,142559
SLRM.TA,2026-09-10,705.2999877929688,718.5,641.0999755859375,647.5999755859375,127597
SLRM.TA,2026-09-11,647.5999755859375,647.5999755859375,647.5999755859375,647.5999755859375,0
SLRM.TA,2026-09-14,647.5999755859375,659.0,600.5,644.7000122070312,285856
SLRM.TA,2026-09-15,644.7000122070312,646.5999755859375,610.0,612.2999877929688,64131
SLRM.TA,2026-09-16,619.9000244140625,643.2000122070312,605.0,608.7999877929688,131547
SLRM.TA,2026-09-17,608.7999877929688,650.0,591.0,611.0,193945
SLRM.TA,2026-09-18,611.0,611.0,611.0,611.0,0
SLRM.TA,2026-09-21,611.0,611.0,611.0,611.0,0
SLRM.TA,2026-09-22,631.9000244140625,631.9000244140625,595.9000244140625,618.5999755859375,125916
SLRM.TA,2026-09-23,618.5999755859375,630.0,580.0,584.7000122070312,118505
SLRM.TA,2026-09-24,584.7000122070312,584.7000122070312,540.0,553.7999877929688,148662
MISH.TA,2026-07-16,44920.0,44920.0,44250.0,44650.0,6145
MISH.TA,2026-07-17,44650.0,44650.0,44050.0,44370.0,4205
MISH.TA,2026-07-20,44370.0,45420.0,43530.0,44350.0,14136
MISH.TA,2026-07-21,44350.0,45000.0,44200.0,44450.0,4576
MISH.TA,2026-07-22,45800.0,45800.0,43200.0,43700.0,14320
MISH.TA,2026-07-24,43080.0,44050.0,43080.0,43850.0,16465
MISH.TA,2026-07-27,43990.0,45170.0,43800.0,44720.0,14627
MISH.TA,2026-07-28,44720.0,45580.0,41160.0,41580.0,6466
MISH.TA,2026-07-29,41980.0,43100.0,40710.0,41850.0,11354
MISH.TA,2026-07-30,41850.0,42080.0,40400.0,41290.0,8902
MISH.TA,2026-07-31,41290.0,43420.0,40620.0,42960.0,15295
MISH.TA,2026-08-03,42880.0,43150.0,40160.0,41220.0,13660
MISH.TA,2026-08-04,41220.0,41850.0,38840.0,38870.0,16539
MISH.TA,2026-08-05,39160.0,39510.0,37500.0,38100.0,28118
MISH.TA,2026-08-06,38100.0,39360.0,37610.0,38530.0,40421
MISH.TA,2026-08-07,38020.0,39110.0,38020.0,38550.0,4805
MISH.TA,2026-08-10,38550.0,38800.0,36090.0,37120.0,27864
MISH.TA,2026-08-11,37120.0,38250.0,37020.0,37900.0,16592
MISH.TA,2026-08-12,37900.0,38590.0,37830.0,38590.0,13492
MISH.TA,2026-08-13,38590.0,38800.0,37150.0,38600.0,15665
MISH.TA,2026-08-14,38600.0,39190.0,38370.0,38740.0,3830
MISH.TA,2026-08-17,38740.0,39510.0,37990.0,38000.0,16367
MISH.TA,2026-08-18,37990.0,38850.0,37460.0,38500.0,8080
MISH.TA,2026-08-19,38130.0,38730.0,36830.0,37020.0,14304
MISH.TA,2026-08-20,37020.0,37880.0,36550.0,37020.0,13884
MISH.TA,2026-08-21,37020.0,37820.0,36950.0,37660.0,10332
MISH.TA,2026-08-24,37660.0,37860.0,36000.0,36000.0,13488
MISH.TA,2026-08-25,36000.0,36900.0,35570.0,36800.0,21646
MISH.TA,2026-08-26,36800.0,36870.0,35760.0,36760.0,15265
MISH.TA,2026-08-27,37200.0,38570.0,36720.0,38440.0,16840
MISH.TA,2026-08-28,37900.0,39390.0,37820.0,39130.0,67307
MISH.TA,2026-08-31,39130.0,39590.0,38710.0,38800.0,12332
MISH.TA,2026-09-01,38800.0,40690.0,38800.0,40470.0,16696
MISH.TA,2026-09-02,40340.0,41400.0,40240.0,41040.0,12888
MISH.TA,2026-09-03,40900.0,41590.0,40610.0,40610.0,12270
MISH.TA,2026-09-04,40610.0,41600.0,40530.0,41260.0,14140
MISH.TA,2026-09-07,41260.0,41370.0,40070.0,40410.0,13206
MISH.TA,2026-09-08,40410.0,40730.0,39370.0,39480.0,19582
MISH.TA,2026-09-09,39480.0,40470.0,39480.0,39980.0,10008
MISH.TA,2026-09-10,40000.0,40210.0,38660.0,38750.0,15970
MISH.TA,2026-09-11,38750.0,38750.0,38750.0,38750.0,0
MISH.TA,2026-09-14,38550.0,39440.0,38270.0,38620.0,26476
MISH.TA,2026-09-15,38620.0,38730.0,38080.0,38240.0,9419
MISH.TA,2026-09-16,38240.0,39590.0,38230.0,38740.0,106064
MISH.TA,2026-09-17,38740.0,39390.0,37480.0,38990.0,221210
MISH.TA,2026-09-18,38990.0,38990.0,38990.0,38990.0,0
MISH.TA,2026-09-21,38990.0,38990.0,38990.0,38990.0,0
MISH.TA,2026-09-22,38990.0,40360.0,38610.0,38690.0,18067
MISH.TA,2026-09-23,38610.0,41070.0,38600.0,40390.0,101848
MISH.TA,2026-09-24,40330.0,40360.0,38570.0,39110.0,9044
ASGR.TA,2026-07-16,640.0,640.0,581.0,600.5,3361
ASGR.TA,2026-07-17,600.5,607.7999877929688,600.5,600.5999755859375,89680
ASGR.TA,2026-07-20,600.5999755859375,600.5999755859375,590.5999755859375,597.2999877929688,102
ASGR.TA,2026-07-21,597.2999877929688,620.0999755859375,602.7999877929688,615.7000122070312,20651
ASGR.TA,2026-07-22,615.7000122070312,627.0999755859375,612.2999877929688,618.7000122070312,16873
ASGR.TA,2026-07-24,618.7000122070312,628.7000122070312,618.7000122070312,628.2000122070312,2714
ASGR.TA,2026-07-27,628.2000122070312,642.0,621.0,637.2999877929688,23460
ASGR.TA,2026-07-28,637.2999877929688,666.7000122070312,622.0999755859375,646.9000244140625,5671
ASGR.TA,2026-07-29,646.9000244140625,660.0,619.0,632.5,13897
ASGR.TA,2026-07-30,632.5,634.0,618.0,621.7000122070312,1887
ASGR.TA,2026-07-31,621.7000122070312,632.0,620.5,629.9000244140625,7063
ASGR.TA,2026-08-03,629.9000244140625,629.9000244140625,618.0,623.7999877929688,2646
ASGR.TA,2026-08-04,623.7999877929688,628.5,567.7000122070312,621.2000122070312,5322
ASGR.TA,2026-08-05,621.2000122070312,625.9000244140625,624.9000244140625,625.5999755859375,2256
ASGR.TA,2026-08-06,625.5999755859375,625.5999755859375,600.0,601.0,10467
ASGR.TA,2026-08-07,601.0,615.0999755859375,601.0,613.5,788
ASGR.TA,2026-08-10,613.5,605.0999755859375,605.0999755859375,606.5,267
ASGR.TA,2026-08-11,606.5,606.5,567.7000122070312,585.9000244140625,14318
ASGR.TA,2026-08-12,585.9000244140625,585.9000244140625,580.0,581.9000244140625,1180
ASGR.TA,2026-08-13,581.9000244140625,581.9000244140625,581.9000244140625,581.9000244140625,529
ASGR.TA,2026-08-14,581.9000244140625,605.5,580.7000122070312,587.0,3110
ASGR.TA,2026-08-17,587.0,587.0,583.2000122070312,584.2000122070312,726
ASGR.TA,2026-08-18,584.2000122070312,584.2000122070312,583.0,583.0999755859375,2005
ASGR.TA,2026-08-19,583.0999755859375,583.2000122070312,565.0,575.9000244140625,13092
ASGR.TA,2026-08-20,575.9000244140625,575.9000244140625,575.9000244140625,575.9000244140625,2084
ASGR.TA,2026-08-21,575.9000244140625,580.0,580.0,580.0,4025
ASGR.TA,2026-08-24,580.0,606.0,577.0,577.7999877929688,16144
ASGR.TA,2026-08-25,577.7999877929688,605.9000244140625,567.7999877929688,586.2000122070312,16840
ASGR.TA,2026-08-26,586.2000122070312,605.7000122070312,586.4000244140625,598.0999755859375,16877
ASGR.TA,2026-08-27,606.0,610.5999755859375,599.7000122070312,609.5999755859375,18152
ASGR.TA,2026-08-28,609.5999755859375,627.2000122070312,609.5999755859375,625.5999755859375,3827
ASGR.TA,2026-08-31,625.5999755859375,625.5999755859375,606.7999877929688,623.5999755859375,12375
ASGR.TA,2026-09-01,604.4000244140625,655.2000122070312,604.4000244140625,635.4000244140625,9344
ASGR.TA,2026-09-02,635.4000244140625,658.0,643.9000244140625,646.2999877929688,20924
ASGR.TA,2026-09-03,646.2999877929688,652.5,620.0999755859375,635.7000122070312,3836
ASGR.TA,2026-09-04,635.7000122070312,636.2999877929688,600.0,622.4000244140625,6358
ASGR.TA,2026-09-07,675.2000122070312,675.2000122070312,613.0,615.5,738
ASGR.TA,2026-09-08,615.5,613.7999877929688,611.0,612.0,3413
ASGR.TA,2026-09-09,612.0,612.0,612.0,612.0,389
ASGR.TA,2026-09-10,612.0,612.0,591.7999877929688,608.0,1221
ASGR.TA,2026-09-11,608.0,608.0,608.0,608.0,0
ASGR.TA,2026-09-14,608.0,615.7999877929688,591.7999877929688,605.5999755859375,10079
ASGR.TA,2026-09-15,605.5999755859375,612.0,605.5999755859375,611.0999755859375,3009
ASGR.TA,2026-09-16,611.0999755859375,628.0,595.7000122070312,617.0999755859375,4703
ASGR.TA,2026-09-17,617.0999755859375,636.0,604.5999755859375,613.9000244140625,12442
ASGR.TA,2026-09-18,613.9000244140625,613.9000244140625,613.9000244140625,613.9000244140625,0
ASGR.TA,2026-09-21,613.9000244140625,613.9000244140625,613.9000244140625,613.9000244140625,0
ASGR.TA,2026-09-22,613.9000244140625,613.9000244140625,594.5999755859375,603.2000122070312,5254
ASGR.TA,2026-09-23,603.2000122070312,595.0,591.9000244140625,594.2999877929688,852
ASGR.TA,2026-09-24,594.2999877929688,594.9000244140625,565.4000244140625,583.0,7720
BLGO.TA,2026-07-16,810.0,960.0,960.0,960.0,400
BLGO.TA,2026-07-17,960.0,960.0,834.0999755859375,873.2000122070312,1832
BLGO.TA,2026-07-20,890.0,890.0,834.0999755859375,861.0,1206
BLGO.TA,2026-07-21,890.0,890.0,890.0,890.0,945
BLGO.TA,2026-07-22,890.0,890.0,864.2999877929688,867.5,1529
BLGO.TA,2026-07-24,867.5,867.5,867.5,867.5,56
BLGO.TA,2026-07-27,873.5,873.5,846.7000122070312,849.2999877929688,481
BLGO.TA,2026-07-28,849.2999877929688,839.7999877929688,839.7999877929688,839.7999877929688,256
BLGO.TA,2026-07-29,839.7999877929688,839.7999877929688,822.7999877929688,823.0999755859375,1063
BLGO.TA,2026-07-30,823.0999755859375,823.0999755859375,823.0999755859375,823.0999755859375,390
BLGO.TA,2026-07-31,823.0999755859375,823.0999755859375,808.0,808.2999877929688,1110
BLGO.TA,2026-08-03,808.2999877929688,766.0,766.0,766.0,1523
BLGO.TA,2026-08-04,766.0,771.7000122070312,710.0,738.0,5089
BLGO.TA,2026-08-05,738.0,739.2000122070312,738.0,738.4000244140625,1187
BLGO.TA,2026-08-06,738.4000244140625,730.0,672.0,672.0,59701
BLGO.TA,2026-08-07,673.0,673.0,649.9000244140625,658.9000244140625,12911
BLGO.TA,2026-08-10,658.9000244140625,691.0,658.9000244140625,660.0,13295
BLGO.TA,2026-08-11,660.0,660.0,646.7999877929688,647.7000122070312,7434
BLGO.TA,2026-08-12,647.7000122070312,680.0,649.0,670.2999877929688,437
BLGO.TA,2026-08-13,670.2999877929688,670.2999877929688,670.2999877929688,670.2999877929688,610
BLGO.TA,2026-08-14,670.2999877929688,681.5999755859375,670.2999877929688,675.0999755859375,107
BLGO.TA,2026-08-17,675.0999755859375,675.0999755859375,669.0,672.2999877929688,115
BLGO.TA,2026-08-18,641.0,665.0,641.0,662.5,667
BLGO.TA,2026-08-19,662.5,673.2999877929688,654.7000122070312,667.2999877929688,2133
BLGO.TA,2026-08-20,669.5999755859375,700.7000122070312,669.2000122070312,670.0,557
BLGO.TA,2026-08-21,670.0,681.5,681.5,681.5,392
BLGO.TA,2026-08-24,681.5,750.0,692.7999877929688,750.0,14883
BLGO.TA,2026-08-25,750.0,750.0,736.5999755859375,749.7000122070312,3383
BLGO.TA,2026-08-26,749.7000122070312,789.0,749.7000122070312,789.0,1260
BLGO.TA,2026-08-27,789.0,793.5999755859375,785.7000122070312,788.2999877929688,2270
BLGO.TA,2026-08-28,788.2999877929688,799.0,788.2999877929688,798.7999877929688,634
BLGO.TA,2026-08-31,798.7999877929688,798.7999877929688,784.7000122070312,787.0999755859375,1040
BLGO.TA,2026-09-01,787.0999755859375,771.0,716.2999877929688,770.9000244140625,740
BLGO.TA,2026-09-02,770.9000244140625,770.9000244140625,770.9000244140625,770.9000244140625,474
BLGO.TA,2026-09-03,716.2999877929688,769.7999877929688,701.5,757.4000244140625,7531
BLGO.TA,2026-09-04,706.4000244140625,706.4000244140625,706.4000244140625,747.2000122070312,50
BLGO.TA,2026-09-07,747.2000122070312,770.0999755859375,770.0999755859375,770.0999755859375,585
BLGO.TA,2026-09-08,770.0999755859375,770.0999755859375,770.0999755859375,770.0999755859375,95
BLGO.TA,2026-09-09,770.0999755859375,770.0999755859375,770.0999755859375,770.0999755859375,31
BLGO.TA,2026-09-10,770.0999755859375,770.0999755859375,770.0,770.0999755859375,466
BLGO.TA,2026-09-11,770.0999755859375,770.0999755859375,770.0999755859375,770.0999755859375,0
BLGO.TA,2026-09-14,770.0999755859375,770.0999755859375,770.0,770.0,661
BLGO.TA,2026-09-15,770.0,770.0,770.0,770.0,19
BLGO.TA,2026-09-16,770.0,746.9000244140625,746.9000244140625,754.7999877929688,164
BLGO.TA,2026-09-17,754.7999877929688,754.7999877929688,751.2999877929688,752.2999877929688,964
BLGO.TA,2026-09-18,752.2999877929688,752.2999877929688,752.2999877929688,752.2999877929688,0
BLGO.TA,2026-09-21,752.2999877929688,752.2999877929688,752.2999877929688,752.2999877929688,0
BLGO.TA,2026-09-22,752.2999877929688,752.2999877929688,752.2999877929688,752.2999877929688,667
BLGO.TA,2026-09-23,752.2999877929688,739.5,739.5,739.7999877929688,245
BLGO.TA,2026-09-24,739.7999877929688,749.9000244140625,705.0,744.7000122070312,1244
MGDL.TA,2026-07-16,1759.0,1768.0,1725.0,1732.0,1864271
MGDL.TA,2026-07-17,1718.0,1758.0,1709.0,1728.0,1358618
MGDL.TA,2026-07-20,1740.0,1759.0,1706.0,1730.0,1721774
MGDL.TA,2026-07-21,1749.0,1776.0,1740.0,1751.0,2700665
MGDL.TA,2026-07-22,1759.0,1813.0,1754.0,1780.0,2661787
MGDL.TA,2026-07-24,1760.0,1774.0,1733.0,1765.0,3256458
MGDL.TA,2026-07-27,1787.0,1813.0,1711.0,1711.0,2322777
MGDL.TA,2026-07-28,1691.0,1745.0,1691.0,1725.0,4588970
MGDL.TA,2026-07-29,1724.0,1731.0,1649.0,1680.0,2501644
MGDL.TA,2026-07-30,1672.0,1720.0,1662.0,1713.0,2125925
MGDL.TA,2026-07-31,1719.0,1754.0,1712.0,1739.0,1841905
MGDL.TA,2026-08-03,1737.0,1801.0,1729.0,1795.0,2937861
MGDL.TA,2026-08-04,1792.0,1804.0,1740.0,1800.0,2252716
MGDL.TA,2026-08-05,1798.0,1835.0,1763.0,1768.0,1877512
MGDL.TA,2026-08-06,1751.0,1802.0,1750.0,1780.0,4716784
MGDL.TA,2026-08-07,1799.0,1800.0,1763.0,1775.0,781273
MGDL.TA,2026-08-10,1771.0,1782.0,1723.0,1749.0,1814150
MGDL.TA,2026-08-11,1749.0,1766.0,1708.0,1708.0,1067934
MGDL.TA,2026-08-12,1705.0,1734.0,1697.0,1721.0,1058124
MGDL.TA,2026-08-13,1721.0,1754.0,1710.0,1744.0,927254
MGDL.TA,2026-08-14,1754.0,1768.0,1734.0,1754.0,515717
MGDL.TA,2026-08-17,1810.0,1850.0,1757.0,1757.0,1976256
MGDL.TA,2026-08-18,1757.0,1799.0,1707.0,1794.0,2073424
MGDL.TA,2026-08-19,1794.0,1880.0,1791.0,1862.0,3714922
MGDL.TA,2026-08-20,1873.0,1876.0,1811.0,1844.0,2179243
MGDL.TA,2026-08-21,1840.0,1855.0,1817.0,1838.0,1306721
MGDL.TA,2026-08-24,1838.0,1859.0,1827.0,1847.0,1050446
MGDL.TA,2026-08-25,1850.0,1928.0,1850.0,1905.0,2943149
MGDL.TA,2026-08-26,1910.0,1949.0,1895.0,1945.0,2034435
MGDL.TA,2026-08-27,1945.0,1982.0,1931.0,1982.0,1450854
MGDL.TA,2026-08-28,1980.0,2013.0,1957.0,2000.0,1975405
MGDL.TA,2026-08-31,2000.0,2036.0,1993.0,2021.0,1767149
MGDL.TA,2026-09-01,2030.0,2043.0,1965.0,1999.0,1761249
MGDL.TA,2026-09-02,1999.0,2051.0,1982.0,2050.0,2149242
MGDL.TA,2026-09-03,2063.0,2100.0,2022.0,2099.0,2211093
MGDL.TA,2026-09-04,2099.0,2109.0,2063.0,2092.0,1403935
MGDL.TA,2026-09-07,2092.0,2114.0,2077.0,2114.0,859109
MGDL.TA,2026-09-08,2114.0,2124.0,2082.0,2098.0,1169365
MGDL.TA,2026-09-09,2117.0,2124.0,2054.0,2070.0,1012859
MGDL.TA,2026-09-10,2070.0,2080.0,2024.0,2044.0,1233425
MGDL.TA,2026-09-11,2044.0,2044.0,2044.0,2044.0,0
MGDL.TA,2026-09-14,2021.0,2095.0,2013.0,2060.0,1490341
MGDL.TA,2026-09-15,2060.0,2080.0,2008.0,2046.0,1392107
MGDL.TA,2026-09-16,2049.0,2088.0,2025.0,2088.0,1278549
MGDL.TA,2026-09-17,2088.0,2139.0,2088.0,2139.0,4353228
MGDL.TA,2026-09-18,2139.0,2139.0,2139.0,2139.0,0
MGDL.TA,2026-09-21,2139.0,2139.0,2139.0,2139.0,0
MGDL.TA,2026-09-22,2150.0,2197.0,2142.0,2165.0,3496666
MGDL.TA,2026-09-23,2160.0,2193.0,2101.0,2120.0,4010068
MGDL.TA,2026-09-24,2089.0,2100.0,2041.0,2080.0,3108771
ILCO.TA,2026-07-17,7705.0,7751.0,7621.0,7717.0,52190
ILCO.TA,2026-07-20,7717.0,7870.0,7638.0,7776.0,222470
ILCO.TA,2026-07-21,7776.0,8137.0,7770.0,8137.0,176640
ILCO.TA,2026-07-22,8137.0,8305.0,8101.0,8215.0,103840
ILCO.TA,2026-07-23,8215.0,8215.0,8215.0,8215.0,0
ILCO.TA,2026-07-24,8021.0,8139.0,7933.0,8005.0,114430
ILCO.TA,2026-07-27,8005.0,8005.0,8005.0,8005.0,0
ILCO.TA,2026-07-28,7875.0,8056.0,7802.0,7972.0,71822
ILCO.TA,2026-07-29,7972.0,8190.0,7751.0,7954.0,230727
ILCO.TA,2026-07-30,7954.0,8012.0,7805.0,7938.0,61740
ILCO.TA,2026-07-31,7917.0,8065.0,7840.0,8012.0,62594
ILCO.TA,2026-08-03,8012.0,8026.0,7725.0,7886.0,161754
ILCO.TA,2026-08-04,7886.0,7886.0,7680.0,7680.0,116645
ILCO.TA,2026-08-05,7680.0,8140.0,7680.0,7915.0,206119
ILCO.TA,2026-08-06,7915.0,7988.0,7763.0,7808.0,1868646
ILCO.TA,2026-08-07,7844.0,8140.0,7844.0,8007.0,76592
ILCO.TA,2026-08-10,7955.0,8063.0,7848.0,8000.0,247756
ILCO.TA,2026-08-11,8000.0,8000.0,7763.0,7890.0,87316
ILCO.TA,2026-08-12,7890.0,8060.0,7813.0,8025.0,331145
ILCO.TA,2026-08-13,8025.0,8237.0,7838.0,7935.0,178765
ILCO.TA,2026-08-14,7935.0,8195.0,7904.0,8117.0,74663
ILCO.TA,2026-08-17,8117.0,8117.0,7825.0,7867.0,115653
ILCO.TA,2026-08-18,7867.0,7912.0,7672.0,7910.0,95137
ILCO.TA,2026-08-19,7943.0,7950.0,7664.0,7950.0,155011
ILCO.TA,2026-08-20,7974.0,8010.0,7783.0,7938.0,115188
ILCO.TA,2026-08-21,7978.0,8311.0,7978.0,8238.0,103943
ILCO.TA,2026-08-24,8238.0,8461.0,8238.0,8450.0,99944
ILCO.TA,2026-08-25,8450.0,8450.0,8101.0,8132.0,66620
ILCO.TA,2026-08-26,8132.0,8370.0,8102.0,8370.0,72336
ILCO.TA,2026-08-27,8380.0,8404.0,8297.0,8362.0,53947
ILCO.TA,2026-08-28,8299.0,8342.0,8186.0,8300.0,43142
ILCO.TA,2026-08-31,8300.0,8502.0,8245.0,8427.0,89957
ILCO.TA,2026-09-01,8427.0,8566.0,8405.0,8534.0,103192
ILCO.TA,2026-09-02,8534.0,8821.0,8508.0,8812.0,143880
ILCO.TA,2026-09-03,8840.0,8957.0,8753.0,8879.0,83572
ILCO.TA,2026-09-04,8894.0,8950.0,8822.0,8920.0,41337
ILCO.TA,2026-09-07,8920.0,8953.0,8736.0,8953.0,56982
ILCO.TA,2026-09-08,8953.0,9090.0,8837.0,8897.0,139150
ILCO.TA,2026-09-09,8897.0,8979.0,8776.0,8845.0,88347
ILCO.TA,2026-09-10,8836.0,8909.0,8691.0,8691.0,70671
ILCO.TA,2026-09-11,8691.0,8691.0,8691.0,8691.0,0
ILCO.TA,2026-09-14,8691.0,8691.0,8255.0,8317.0,78952
ILCO.TA,2026-09-15,8317.0,8330.0,8192.0,8265.0,106967
ILCO.TA,2026-09-16,8265.0,8381.0,8232.0,8381.0,148858
ILCO.TA,2026-09-17,8409.0,8433.0,8041.0,8041.0,347847
ILCO.TA,2026-09-18,8041.0,8041.0,8041.0,8041.0,0
ILCO.TA,2026-09-21,8041.0,8041.0,8041.0,8041.0,0
ILCO.TA,2026-09-22,7992.0,8064.0,7808.0,7941.0,266833
ILCO.TA,2026-09-23,7941.0,8003.0,7875.0,7975.0,88008
ILCO.TA,2026-09-24,7894.0,7980.0,7788.0,7882.0,120746
TSG.TA,2026-07-16,39790.0,42850.0,39700.0,42300.0,16910
TSG.TA,2026-07-17,42000.0,42690.0,39780.0,42150.0,1571
TSG.TA,2026-07-20,42150.0,42990.0,41320.0,41760.0,323
TSG.TA,2026-07-21,42900.0,42900.0,41010.0,41800.0,1223
TSG.TA,2026-07-22,41800.0,43840.0,41680.0,42120.0,754
TSG.TA,2026-07-24,41200.0,42810.0,40880.0,42090.0,815
TSG.TA,2026-07-27,42090.0,42000.0,40140.0,41170.0,1672
TSG.TA,2026-07-28,42100.0,42100.0,39980.0,40250.0,1090
TSG.TA,2026-07-29,40720.0,40720.0,38100.0,39380.0,1276
TSG.TA,2026-07-30,39190.0,39600.0,38590.0,39000.0,872
TSG.TA,2026-07-31,39000.0,41360.0,39000.0,41260.0,1179
TSG.TA,2026-08-03,41260.0,41260.0,39850.0,40560.0,732
TSG.TA,2026-08-04,40560.0,40560.0,38920.0,39870.0,887
TSG.TA,2026-08-05,39870.0,39790.0,38200.0,38960.0,3212
TSG.TA,2026-08-06,38960.0,39010.0,36230.0,36230.0,22518
TSG.TA,2026-08-07,36230.0,36800.0,35120.0,35460.0,3433
TSG.TA,2026-08-10,35460.0,35530.0,33600.0,34030.0,4207
TSG.TA,2026-08-11,34390.0,34960.0,33160.0,33960.0,3494
TSG.TA,2026-08-12,33960.0,34360.0,33010.0,33140.0,1093
TSG.TA,2026-08-13,34890.0,34890.0,32820.0,33480.0,2028
TSG.TA,2026-08-14,35360.0,35360.0,33000.0,33280.0,101
TSG.TA,2026-08-17,33280.0,33280.0,32250.0,32560.0,1214
TSG.TA,2026-08-18,32560.0,32700.0,31170.0,31510.0,4583
TSG.TA,2026-08-19,31510.0,32090.0,30880.0,31010.0,1664
TSG.TA,2026-08-20,31010.0,31610.0,30500.0,31060.0,2695
TSG.TA,2026-08-21,31060.0,33660.0,31050.0,32750.0,1282
TSG.TA,2026-08-24,32750.0,33530.0,30460.0,30830.0,4731
TSG.TA,2026-08-25,30830.0,30900.0,29500.0,30130.0,2105
TSG.TA,2026-08-26,30130.0,30690.0,28640.0,28950.0,5431
TSG.TA,2026-08-27,28950.0,29450.0,28880.0,29400.0,2719
TSG.TA,2026-08-28,29400.0,29750.0,29310.0,29500.0,251
TSG.TA,2026-08-31,29500.0,30000.0,28730.0,28860.0,1060
TSG.TA,2026-09-01,29000.0,31330.0,28860.0,30390.0,2333
TSG.TA,2026-09-02,30390.0,31300.0,30090.0,30990.0,991
TSG.TA,2026-09-03,30990.0,31180.0,30000.0,30030.0,1079
TSG.TA,2026-09-04,30030.0,30050.0,29520.0,29830.0,1007
TSG.TA,2026-09-07,29510.0,30210.0,29010.0,29910.0,2509
TSG.TA,2026-09-08,30400.0,31170.0,29440.0,30880.0,1140
TSG.TA,2026-09-09,30500.0,31160.0,30190.0,30740.0,1050
TSG.TA,2026-09-10,30740.0,31100.0,30500.0,30610.0,715
TSG.TA,2026-09-11,30610.0,30610.0,30610.0,30610.0,0
TSG.TA,2026-09-14,30610.0,30840.0,29400.0,30020.0,808
TSG.TA,2026-09-15,30020.0,29720.0,28700.0,29210.0,1695
TSG.TA,2026-09-16,29210.0,29350.0,28400.0,28460.0,1331
TSG.TA,2026-09-17,28460.0,28680.0,27500.0,27500.0,3272
TSG.TA,2026-09-18,27500.0,27500.0,27500.0,27500.0,0
TSG.TA,2026-09-21,27500.0,27500.0,27500.0,27500.0,0
TSG.TA,2026-09-22,27500.0,29260.0,27500.0,28680.0,2015
TSG.TA,2026-09-23,28680.0,30000.0,27480.0,29690.0,2980
TSG.TA,2026-09-24,29690.0,29650.0,28270.0,29200.0,1772
ISHO.TA,2026-07-16,37040.0,37090.0,35920.0,36600.0,1919
ISHO.TA,2026-07-17,36600.0,36800.0,36020.0,36710.0,1319
ISHO.TA,2026-07-20,36710.0,36800.0,36100.0,36340.0,1306
ISHO.TA,2026-07-21,36340.0,37380.0,35890.0,36970.0,2137
ISHO.TA,2026-07-22,36970.0,37570.0,36630.0,36880.0,1601
ISHO.TA,2026-07-24,36880.0,36880.0,35550.0,36200.0,1623
ISHO.TA,2026-07-27,36200.0,37640.0,35850.0,35850.0,2340
ISHO.TA,2026-07-28,36110.0,36400.0,35790.0,35850.0,1386
ISHO.TA,2026-07-29,35850.0,36470.0,35570.0,36090.0,1189
ISHO.TA,2026-07-30,36470.0,37340.0,35750.0,37340.0,1735
ISHO.TA,2026-07-31,37340.0,37810.0,36950.0,37640.0,3568
ISHO.TA,2026-08-03,37640.0,37700.0,36080.0,36080.0,2592
ISHO.TA,2026-08-04,37150.0,37150.0,35320.0,35610.0,3854
ISHO.TA,2026-08-05,35610.0,35790.0,34890.0,35560.0,5120
ISHO.TA,2026-08-06,36080.0,36080.0,33070.0,33070.0,68026
ISHO.TA,2026-08-07,34370.0,35440.0,33730.0,35300.0,24265
ISHO.TA,2026-08-10,36710.0,36710.0,34960.0,35160.0,2389
ISHO.TA,2026-08-11,35160.0,35550.0,34360.0,34920.0,2086
ISHO.TA,2026-08-12,35940.0,35940.0,34230.0,35000.0,2710
ISHO.TA,2026-08-13,34880.0,36110.0,34880.0,36110.0,1524
ISHO.TA,2026-08-14,37410.0,37420.0,36390.0,36990.0,968
ISHO.TA,2026-08-17,36990.0,37680.0,36170.0,36660.0,2830
ISHO.TA,2026-08-18,36660.0,37990.0,36270.0,37970.0,5246
ISHO.TA,2026-08-19,37970.0,38350.0,37380.0,37860.0,2507
ISHO.TA,2026-08-20,37920.0,38320.0,37110.0,37420.0,1227
ISHO.TA,2026-08-21,37770.0,38150.0,36890.0,37890.0,1822
ISHO.TA,2026-08-24,37890.0,38070.0,32110.0,36990.0,3259
ISHO.TA,2026-08-25,37760.0,37830.0,36570.0,37350.0,1841
ISHO.TA,2026-08-26,37350.0,39100.0,36620.0,37800.0,2107
ISHO.TA,2026-08-27,37800.0,38450.0,37720.0,37930.0,1563
ISHO.TA,2026-08-28,37930.0,38360.0,37590.0,37830.0,898
ISHO.TA,2026-08-31,38060.0,39350.0,37470.0,38050.0,2845
ISHO.TA,2026-09-01,38050.0,39900.0,37930.0,39470.0,5130
ISHO.TA,2026-09-02,39470.0,41350.0,38660.0,41350.0,6237
ISHO.TA,2026-09-03,41350.0,42270.0,40740.0,42270.0,4066
ISHO.TA,2026-09-04,42270.0,42930.0,42270.0,42640.0,1757
ISHO.TA,2026-09-07,42430.0,43650.0,41760.0,42750.0,4901
ISHO.TA,2026-09-08,42750.0,43220.0,42330.0,42500.0,3008
ISHO.TA,2026-09-09,43500.0,43500.0,41950.0,42380.0,2607
ISHO.TA,2026-09-10,43500.0,43500.0,41300.0,41300.0,1738
ISHO.TA,2026-09-11,41300.0,41300.0,41300.0,41300.0,0
ISHO.TA,2026-09-14,41310.0,42200.0,40960.0,41340.0,4943
ISHO.TA,2026-09-15,41340.0,41590.0,40830.0,41330.0,4755
ISHO.TA,2026-09-16,41330.0,41870.0,41150.0,41350.0,6414
ISHO.TA,2026-09-17,41350.0,41350.0,40690.0,40790.0,23860
ISHO.TA,2026-09-18,40790.0,40790.0,40790.0,40790.0,0
ISHO.TA,2026-09-21,40790.0,40790.0,40790.0,40790.0,0
ISHO.TA,2026-09-22,40750.0,41340.0,39980.0,40280.0,2358
ISHO.TA,2026-09-23,40280.0,42000.0,39640.0,39790.0,3960
ISHO.TA,2026-09-24,42160.0,42160.0,38820.0,39220.0,3185
PMNT.TA,2026-07-16,555.0,610.5999755859375,555.0,557.0,14
PMNT.TA,2026-07-17,557.0,646.0,553.2000122070312,559.5,12381
PMNT.TA,2026-07-20,559.5,570.7000122070312,569.5999755859375,569.7000122070312,1778
PMNT.TA,2026-07-21,569.7000122070312,578.9000244140625,571.4000244140625,571.7999877929688,10335
PMNT.TA,2026-07-22,571.7999877929688,582.9000244140625,571.7999877929688,580.2999877929688,284
PMNT.TA,2026-07-24,580.2999877929688,580.2999877929688,580.2999877929688,580.2999877929688,54
PMNT.TA,2026-07-27,580.2999877929688,645.9000244140625,590.0,611.9000244140625,638
PMNT.TA,2026-07-28,611.9000244140625,595.0,572.0999755859375,595.0,12631
PMNT.TA,2026-07-29,595.0,606.4000244140625,584.4000244140625,585.9000244140625,2211
PMNT.TA,2026-07-30,600.0,600.0,571.4000244140625,577.7999877929688,2598
PMNT.TA,2026-07-31,577.7999877929688,600.0,584.0,587.5999755859375,10392
PMNT.TA,2026-08-03,587.5999755859375,591.9000244140625,575.7999877929688,587.7999877929688,116
PMNT.TA,2026-08-04,588.0,588.0,575.7999877929688,576.0,11084
PMNT.TA,2026-08-05,576.0,587.0,561.7999877929688,574.0,2868
PMNT.TA,2026-08-06,560.0,583.5,560.0,563.7000122070312,30024
PMNT.TA,2026-08-07,563.7000122070312,575.7000122070312,556.7000122070312,559.5999755859375,8205
PMNT.TA,2026-08-10,559.5999755859375,609.9000244140625,568.4000244140625,572.0,2702
PMNT.TA,2026-08-11,572.0,572.0,572.0,572.0,17
PMNT.TA,2026-08-12,572.0,572.0,549.0,551.5,14397
PMNT.TA,2026-08-13,551.5,588.0,551.5,563.7000122070312,4983
PMNT.TA,2026-08-14,563.7000122070312,574.7999877929688,574.7999877929688,572.0999755859375,256
PMNT.TA,2026-08-17,572.0999755859375,572.0999755859375,558.7000122070312,562.7999877929688,3385
PMNT.TA,2026-08-18,562.7999877929688,575.7999877929688,562.7999877929688,573.4000244140625,890
PMNT.TA,2026-08-19,573.4000244140625,575.7000122070312,558.7000122070312,561.5,4186
PMNT.TA,2026-08-20,561.5,570.2999877929688,563.5,564.2999877929688,111
PMNT.TA,2026-08-21,564.2999877929688,554.7999877929688,545.4000244140625,548.4000244140625,8586
PMNT.TA,2026-08-24,548.4000244140625,539.2000122070312,529.7000122070312,533.5999755859375,7605
PMNT.TA,2026-08-25,533.5999755859375,539.0,537.0,537.0999755859375,1969
PMNT.TA,2026-08-26,537.0999755859375,515.5999755859375,515.5999755859375,534.4000244140625,42
PMNT.TA,2026-08-27,534.4000244140625,524.4000244140625,524.4000244140625,524.4000244140625,1353
PMNT.TA,2026-08-28,524.4000244140625,534.0,534.0,527.5,109
PMNT.TA,2026-08-31,527.5,529.9000244140625,519.5,528.5999755859375,5713
PMNT.TA,2026-09-01,528.5999755859375,553.4000244140625,499.0,523.0999755859375,9245
PMNT.TA,2026-09-02,518.0,529.2999877929688,509.29998779296875,521.0,500
PMNT.TA,2026-09-03,521.0,531.0,531.0,526.2000122070312,204
PMNT.TA,2026-09-04,526.2000122070312,536.0999755859375,536.0999755859375,536.0999755859375,475
PMNT.TA,2026-09-07,536.0999755859375,553.4000244140625,540.0,540.9000244140625,2870
PMNT.TA,2026-09-08,540.9000244140625,540.9000244140625,540.9000244140625,540.9000244140625,10
PMNT.TA,2026-09-09,540.9000244140625,553.0999755859375,526.7000122070312,528.2999877929688,3839
PMNT.TA,2026-09-10,553.4000244140625,553.4000244140625,553.4000244140625,540.5,189
PMNT.TA,2026-09-11,540.5,540.5,540.5,540.5,0
PMNT.TA,2026-09-14,553.4000244140625,553.4000244140625,529.2999877929688,542.0,1087
PMNT.TA,2026-09-15,542.0,529.2999877929688,529.2999877929688,529.2999877929688,1581
PMNT.TA,2026-09-16,553.4000244140625,553.4000244140625,553.4000244140625,530.2000122070312,15
PMNT.TA,2026-09-17,553.4000244140625,553.4000244140625,507.70001220703125,534.9000244140625,16115
PMNT.TA,2026-09-18,534.9000244140625,534.9000244140625,534.9000244140625,534.9000244140625,0
PMNT.TA,2026-09-21,534.9000244140625,534.9000244140625,534.9000244140625,534.9000244140625,0
PMNT.TA,2026-09-22,534.9000244140625,535.4000244140625,510.0,516.7999877929688,4403
PMNT.TA,2026-09-23,516.7999877929688,527.0,508.0,519.7999877929688,5048
PMNT.TA,2026-09-24,519.7999877929688,530.0,505.0,508.0,31425
RMON.TA,2026-07-16,15450.0,15960.0,15430.0,15940.0,46213
RMON.TA,2026-07-17,15680.0,16700.0,15570.0,15820.0,25352
RMON.TA,2026-07-20,15820.0,16400.0,15410.0,15890.0,49824
RMON.TA,2026-07-21,15940.0,16250.0,15190.0,15850.0,56504
RMON.TA,2026-07-22,16000.0,16040.0,15530.0,15850.0,34695
RMON.TA,2026-07-24,15540.0,15920.0,15470.0,15840.0,76626
RMON.TA,2026-07-27,16000.0,16570.0,15510.0,15600.0,43088
RMON.TA,2026-07-28,15600.0,15720.0,15210.0,15470.0,21362
RMON.TA,2026-07-29,15220.0,15440.0,14650.0,15310.0,34421
RMON.TA,2026-07-30,15360.0,15360.0,14320.0,14810.0,42399
RMON.TA,2026-07-31,14810.0,15200.0,14720.0,14990.0,23056
RMON.TA,2026-08-03,15090.0,15220.0,14520.0,14690.0,48203
RMON.TA,2026-08-04,14700.0,14970.0,14130.0,14490.0,44451
RMON.TA,2026-08-05,14490.0,14600.0,14100.0,14390.0,49899
RMON.TA,2026-08-06,14120.0,14460.0,13990.0,14220.0,731275
RMON.TA,2026-08-07,14220.0,14650.0,14130.0,14450.0,33347
RMON.TA,2026-08-10,14510.0,14610.0,13680.0,13800.0,73882
RMON.TA,2026-08-11,13800.0,13850.0,13310.0,13440.0,44134
RMON.TA,2026-08-12,13360.0,13780.0,12550.0,12570.0,120846
RMON.TA,2026-08-13,12570.0,12860.0,12060.0,12410.0,61437
RMON.TA,2026-08-14,12410.0,12830.0,12230.0,12790.0,41195
RMON.TA,2026-08-17,12790.0,13090.0,12250.0,12250.0,48579
RMON.TA,2026-08-18,12240.0,12390.0,11680.0,12000.0,65036
RMON.TA,2026-08-19,11760.0,12290.0,11580.0,11710.0,54765
RMON.TA,2026-08-20,11710.0,12390.0,11710.0,12330.0,45166
RMON.TA,2026-08-21,12330.0,12360.0,12100.0,12340.0,14207
RMON.TA,2026-08-24,12340.0,12670.0,11930.0,11930.0,26563
RMON.TA,2026-08-25,11930.0,12880.0,11930.0,12810.0,42238
RMON.TA,2026-08-26,12810.0,12810.0,10650.0,10900.0,442422
RMON.TA,2026-08-27,10900.0,11850.0,10900.0,11740.0,96954
RMON.TA,2026-08-28,11640.0,11900.0,11550.0,11740.0,56195
RMON.TA,2026-08-31,11740.0,12210.0,11540.0,11740.0,34026
RMON.TA,2026-09-01,11670.0,12790.0,11670.0,12450.0,133562
RMON.TA,2026-09-02,12220.0,13030.0,11810.0,12800.0,77892
RMON.TA,2026-09-03,12420.0,13020.0,12420.0,12800.0,63314
RMON.TA,2026-09-04,12800.0,13000.0,12420.0,12930.0,42165
RMON.TA,2026-09-07,13000.0,13390.0,12940.0,13310.0,50595
RMON.TA,2026-09-08,13310.0,13590.0,13170.0,13590.0,155953
RMON.TA,2026-09-09,13410.0,14000.0,13410.0,13820.0,40220
RMON.TA,2026-09-10,13610.0,13980.0,13340.0,13400.0,48029
RMON.TA,2026-09-11,13400.0,13400.0,13400.0,13400.0,0
RMON.TA,2026-09-14,13400.0,13990.0,13240.0,13890.0,35468
RMON.TA,2026-09-15,14190.0,14190.0,13700.0,13860.0,33790
RMON.TA,2026-09-16,13860.0,14290.0,13860.0,13880.0,54778
RMON.TA,2026-09-17,13880.0,14180.0,12800.0,13200.0,812051
RMON.TA,2026-09-18,13200.0,13200.0,13200.0,13200.0,0
RMON.TA,2026-09-21,13200.0,13200.0,13200.0,13200.0,0
RMON.TA,2026-09-22,13250.0,13510.0,12990.0,13030.0,50556
RMON.TA,2026-09-23,13030.0,13080.0,12460.0,12560.0,44557
RMON.TA,2026-09-24,12430.0,12520.0,11720.0,11720.0,41053
EQTL.TA,2026-07-16,11510.0,11580.0,11120.0,11250.0,24616
EQTL.TA,2026-07-17,11250.0,11580.0,11200.0,11540.0,22639
EQTL.TA,2026-07-20,11540.0,11570.0,11340.0,11470.0,22290
EQTL.TA,2026-07-21,11530.0,11810.0,11470.0,11550.0,37818
EQTL.TA,2026-07-22,11630.0,11930.0,11450.0,11790.0,35506
EQTL.TA,2026-07-24,11620.0,11970.0,11620.0,11730.0,42643
EQTL.TA,2026-07-27,11800.0,11920.0,11610.0,11610.0,25246
EQTL.TA,2026-07-28,11610.0,11760.0,11480.0,11480.0,22010
EQTL.TA,2026-07-29,11480.0,11520.0,11160.0,11190.0,20422
EQTL.TA,2026-07-30,11190.0,11290.0,10930.0,11080.0,19329
EQTL.TA,2026-07-31,11080.0,11480.0,11030.0,11460.0,41001
EQTL.TA,2026-08-03,11250.0,11620.0,11130.0,11210.0,29892
EQTL.TA,2026-08-04,11210.0,11230.0,10950.0,11030.0,29792
EQTL.TA,2026-08-05,11030.0,11130.0,10910.0,10970.0,35374
EQTL.TA,2026-08-06,10900.0,10960.0,10430.0,10430.0,637447
EQTL.TA,2026-08-07,10430.0,10600.0,10430.0,10460.0,20553
EQTL.TA,2026-08-10,10460.0,10590.0,10130.0,10240.0,31373
EQTL.TA,2026-08-11,10350.0,10510.0,10210.0,10430.0,26221
EQTL.TA,2026-08-12,10430.0,10530.0,10130.0,10130.0,22888
EQTL.TA,2026-08-13,10240.0,10450.0,10170.0,10320.0,16636
EQTL.TA,2026-08-14,10320.0,10490.0,10210.0,10490.0,12690
EQTL.TA,2026-08-17,10490.0,10500.0,10050.0,10050.0,26233
EQTL.TA,2026-08-18,10060.0,10370.0,10020.0,10370.0,26614
EQTL.TA,2026-08-19,10470.0,10540.0,10280.0,10420.0,22040
EQTL.TA,2026-08-20,10440.0,10600.0,10340.0,10410.0,21539
EQTL.TA,2026-08-21,10410.0,10630.0,10410.0,10600.0,12886
EQTL.TA,2026-08-24,10520.0,10610.0,10420.0,10420.0,10628
EQTL.TA,2026-08-25,10420.0,10440.0,10220.0,10260.0,14301
EQTL.TA,2026-08-26,10260.0,10500.0,10110.0,10500.0,26710
EQTL.TA,2026-08-27,10630.0,10760.0,10540.0,10760.0,29017
EQTL.TA,2026-08-28,10600.0,10730.0,10560.0,10700.0,20998
EQTL.TA,2026-08-31,10700.0,10810.0,10630.0,10780.0,16010
EQTL.TA,2026-09-01,10880.0,11240.0,10780.0,11220.0,41862
EQTL.TA,2026-09-02,11200.0,11500.0,11150.0,11360.0,28655
EQTL.TA,2026-09-03,11310.0,11590.0,11310.0,11570.0,18954
EQTL.TA,2026-09-04,11490.0,11780.0,11490.0,11750.0,16988
EQTL.TA,2026-09-07,11790.0,11790.0,11520.0,11680.0,12928
EQTL.TA,2026-09-08,11680.0,11690.0,11400.0,11440.0,9844
EQTL.TA,2026-09-09,11440.0,11520.0,11340.0,11410.0,11318
EQTL.TA,2026-09-10,11530.0,11530.0,11030.0,11060.0,22558
EQTL.TA,2026-09-11,11060.0,11060.0,11060.0,11060.0,0
EQTL.TA,2026-09-14,11060.0,11240.0,11050.0,11180.0,11916
EQTL.TA,2026-09-15,11180.0,11220.0,11020.0,11210.0,21363
EQTL.TA,2026-09-16,11210.0,11320.0,11160.0,11170.0,23515
EQTL.TA,2026-09-17,11170.0,11360.0,11040.0,11050.0,42017
EQTL.TA,2026-09-18,11050.0,11050.0,11050.0,11050.0,0
EQTL.TA,2026-09-21,11050.0,11050.0,11050.0,11050.0,0
EQTL.TA,2026-09-22,11050.0,11200.0,10930.0,11010.0,23316
EQTL.TA,2026-09-23,11010.0,11060.0,10850.0,10870.0,25661
EQTL.TA,2026-09-24,10810.0,11110.0,10670.0,10820.0,48496
APLP.TA,2026-07-16,256.3999938964844,256.3999938964844,250.0,253.60000610351562,48039
APLP.TA,2026-07-17,251.10000610351562,259.3999938964844,251.10000610351562,255.1999969482422,8200
APLP.TA,2026-07-20,255.1999969482422,255.89999389648438,250.1999969482422,251.8000030517578,17312
APLP.TA,2026-07-21,251.8000030517578,260.0,250.1999969482422,255.1999969482422,5861
APLP.TA,2026-07-22,255.1999969482422,259.0,250.0,252.10000610351562,11577
APLP.TA,2026-07-24,250.0,252.0,243.89999389648438,246.0,42610
APLP.TA,2026-07-27,242.3000030517578,247.1999969482422,234.0,237.39999389648438,94034
APLP.TA,2026-07-28,237.39999389648438,245.3000030517578,234.0,238.10000610351562,24170
APLP.TA,2026-07-29,238.10000610351562,238.10000610351562,220.89999389648438,229.10000610351562,65701
APLP.TA,2026-07-30,220.0,226.60000610351562,208.0,217.8000030517578,269170
APLP.TA,2026-07-31,219.1999969482422,228.3000030517578,211.89999389648438,215.60000610351562,66751
APLP.TA,2026-08-03,225.0,225.0,208.5,210.5,120152
APLP.TA,2026-08-04,208.0,214.39999389648438,200.39999389648438,203.1999969482422,242852
APLP.TA,2026-08-05,203.1999969482422,203.1999969482422,189.0,190.60000610351562,281904
APLP.TA,2026-08-06,207.0,210.0,183.3000030517578,183.3000030517578,986541
APLP.TA,2026-08-07,196.6999969482422,196.6999969482422,168.60000610351562,182.3000030517578,589155
APLP.TA,2026-08-10,182.0,188.0,179.10000610351562,180.6999969482422,213656
APLP.TA,2026-08-11,180.6999969482422,181.0,170.1999969482422,179.1999969482422,219667
APLP.TA,2026-08-12,179.1999969482422,179.1999969482422,169.89999389648438,175.89999389648438,113917
APLP.TA,2026-08-13,175.89999389648438,189.89999389648438,175.5,183.60000610351562,217453
APLP.TA,2026-08-14,183.60000610351562,192.0,177.0,187.1999969482422,40813
APLP.TA,2026-08-17,196.89999389648438,196.89999389648438,183.10000610351562,187.5,71687
APLP.TA,2026-08-18,187.5,187.60000610351562,175.3000030517578,181.89999389648438,51684
APLP.TA,2026-08-19,181.89999389648438,179.0,160.0,165.6999969482422,475020
APLP.TA,2026-08-20,172.89999389648438,173.0,125.0,128.60000610351562,911524
APLP.TA,2026-08-21,130.0,141.60000610351562,120.0,136.89999389648438,583247
APLP.TA,2026-08-24,144.0,144.0,132.0,139.8000030517578,340365
APLP.TA,2026-08-25,139.8000030517578,144.0,134.0,137.5,141555
APLP.TA,2026-08-26,138.8000030517578,144.5,129.1999969482422,131.5,199212
APLP.TA,2026-08-27,131.5,138.5,125.5,130.0,229171
APLP.TA,2026-08-28,132.0,139.3000030517578,127.0,130.1999969482422,199662
APLP.TA,2026-08-31,130.1999969482422,130.6999969482422,112.9000015258789,114.0,742998
APLP.TA,2026-09-01,114.0,121.0,111.4000015258789,119.0999984741211,500059
APLP.TA,2026-09-02,119.0999984741211,131.60000610351562,118.9000015258789,128.0,795831
APLP.TA,2026-09-03,132.0,143.0,125.0,134.89999389648438,441595
APLP.TA,2026-09-04,129.0,133.89999389648438,125.0,129.3000030517578,384696
APLP.TA,2026-09-07,129.3000030517578,132.3000030517578,124.0999984741211,128.39999389648438,388713
APLP.TA,2026-09-08,123.0999984741211,138.6999969482422,123.0999984741211,137.0,370384
APLP.TA,2026-09-09,137.0,140.0,133.3000030517578,135.10000610351562,105224
APLP.TA,2026-09-10,135.10000610351562,137.0,131.39999389648438,134.0,40665
APLP.TA,2026-09-11,134.0,134.0,134.0,134.0,0
APLP.TA,2026-09-14,134.0,134.0,121.0,126.5,135245
APLP.TA,2026-09-15,133.5,133.5,121.69999694824219,127.5,324079
APLP.TA,2026-09-16,127.5,128.0,123.5,125.5,14548
APLP.TA,2026-09-17,130.5,130.5,123.0,127.0999984741211,190784
APLP.TA,2026-09-18,127.0999984741211,127.0999984741211,127.0999984741211,127.0999984741211,0
APLP.TA,2026-09-21,127.0999984741211,127.0999984741211,127.0999984741211,127.0999984741211,0
APLP.TA,2026-09-22,131.5,135.39999389648438,129.0,130.1999969482422,112925
APLP.TA,2026-09-23,134.5,134.5,124.5,128.60000610351562,44349
APLP.TA,2026-09-24,128.60000610351562,132.5,121.0,124.5,190399
BRND.TA,2026-07-16,266.0,266.0,253.5,258.20001220703125,10572
BRND.TA,2026-07-17,258.20001220703125,258.20001220703125,247.10000610351562,256.5,1518
BRND.TA,2026-07-20,256.5,256.5,250.10000610351562,254.1999969482422,314
BRND.TA,2026-07-21,254.1999969482422,254.1999969482422,240.0,248.6999969482422,28627
BRND.TA,2026-07-22,245.0,248.39999389648438,239.5,240.6999969482422,81063
BRND.TA,2026-07-24,240.6999969482422,253.89999389648438,239.1999969482422,244.1999969482422,147553
BRND.TA,2026-07-27,244.1999969482422,258.29998779296875,240.10000610351562,251.60000610351562,53017
BRND.TA,2026-07-28,251.60000610351562,255.0,249.1999969482422,249.3000030517578,80694
BRND.TA,2026-07-29,259.20001220703125,259.20001220703125,245.39999389648438,254.60000610351562,6283
BRND.TA,2026-07-30,259.0,259.0,247.0,254.3000030517578,18010
BRND.TA,2026-07-31,254.3000030517578,255.0,254.3000030517578,254.89999389648438,1229
BRND.TA,2026-08-03,259.70001220703125,260.0,247.0,259.3999938964844,35215
BRND.TA,2026-08-04,276.5,276.5,259.3999938964844,259.70001220703125,5885
BRND.TA,2026-08-05,259.70001220703125,259.70001220703125,250.0,256.70001220703125,25257
BRND.TA,2026-08-06,256.70001220703125,256.20001220703125,255.10000610351562,255.6999969482422,30549
BRND.TA,2026-08-07,255.6999969482422,270.0,254.89999389648438,256.0,37501
BRND.TA,2026-08-10,256.0,261.8999938964844,256.0,261.29998779296875,2359
BRND.TA,2026-08-11,260.0,261.29998779296875,250.8000030517578,259.1000061035156,17151
BRND.TA,2026-08-12,259.1000061035156,270.0,258.0,260.1000061035156,35136
BRND.TA,2026-08-13,260.1000061035156,260.1000061035156,258.8999938964844,259.0,67090
BRND.TA,2026-08-14,268.0,268.0,265.0,266.79998779296875,853
BRND.TA,2026-08-17,269.0,269.0,265.0,266.5,21265
BRND.TA,2026-08-18,266.5,269.0,265.0,266.5,7819
BRND.TA,2026-08-19,266.5,268.8999938964844,267.0,267.79998779296875,5221
BRND.TA,2026-08-20,267.79998779296875,268.0,265.0,265.3999938964844,9428
BRND.TA,2026-08-21,266.0,266.0,254.3000030517578,264.8999938964844,3508
BRND.TA,2026-08-24,264.8999938964844,264.8999938964844,263.0,263.1000061035156,10267
BRND.TA,2026-08-25,263.1000061035156,265.79998779296875,251.0,256.6000061035156,7786
BRND.TA,2026-08-26,256.6000061035156,265.1000061035156,256.6000061035156,258.6000061035156,826
BRND.TA,2026-08-27,258.6000061035156,258.6000061035156,258.6000061035156,258.6000061035156,106
BRND.TA,2026-08-28,258.6000061035156,258.6000061035156,246.0,249.39999389648438,108917
BRND.TA,2026-08-31,247.0,268.79998779296875,247.0,258.29998779296875,14470
BRND.TA,2026-09-01,258.29998779296875,266.5,253.10000610351562,262.0,72667
BRND.TA,2026-09-02,267.5,267.5,262.0,262.0,42966
BRND.TA,2026-09-03,262.0,261.0,250.0,261.0,22950
BRND.TA,2026-09-04,261.0,263.79998779296875,257.0,261.0,14392
BRND.TA,2026-09-07,261.0,263.79998779296875,258.0,260.8999938964844,8538
BRND.TA,2026-09-08,260.8999938964844,260.79998779296875,255.0,255.6999969482422,901
BRND.TA,2026-09-09,255.6999969482422,284.3999938964844,255.6999969482422,283.29998779296875,234452
BRND.TA,2026-09-10,283.29998779296875,291.70001220703125,283.0,288.79998779296875,33534
BRND.TA,2026-09-11,288.79998779296875,288.79998779296875,288.79998779296875,288.79998779296875,0
BRND.TA,2026-09-14,288.79998779296875,288.79998779296875,279.0,283.3999938964844,21039
BRND.TA,2026-09-15,283.3999938964844,291.3999938964844,279.0,286.8999938964844,15437
BRND.TA,2026-09-16,286.8999938964844,294.0,275.0,285.3999938964844,27936
BRND.TA,2026-09-17,285.3999938964844,287.8999938964844,278.0,285.5,15100
BRND.TA,2026-09-18,285.5,285.5,285.5,285.5,0
BRND.TA,2026-09-21,285.5,285.5,285.5,285.5,0
BRND.TA,2026-09-22,285.5,288.5,275.0,287.0,19782
BRND.TA,2026-09-23,284.0,290.0,278.20001220703125,283.29998779296875,19005
BRND.TA,2026-09-24,283.29998779296875,286.1000061035156,276.0,282.8999938964844,6744
AMRM.TA,2026-07-16,3917.0,3917.0,3765.0,3796.0,63815
AMRM.TA,2026-07-17,3796.0,3824.0,3723.0,3799.0,29450
AMRM.TA,2026-07-20,3791.0,3824.0,3709.0,3799.0,43793
AMRM.TA,2026-07-21,3772.0,3825.0,3727.0,3759.0,52233
AMRM.TA,2026-07-22,3751.0,3751.0,3500.0,3500.0,60097
AMRM.TA,2026-07-24,3451.0,3488.0,3368.0,3422.0,94150
AMRM.TA,2026-07-27,3446.0,3699.0,3303.0,3612.0,97255
AMRM.TA,2026-07-28,3586.0,3791.0,3586.0,3713.0,79372
AMRM.TA,2026-07-29,3713.0,3825.0,3618.0,3618.0,90701
AMRM.TA,2026-07-30,3636.0,3759.0,3554.0,3640.0,939658
AMRM.TA,2026-07-31,3621.0,3817.0,3621.0,3750.0,331228
AMRM.TA,2026-08-03,3750.0,3774.0,3500.0,3500.0,86477
AMRM.TA,2026-08-04,3500.0,3556.0,3264.0,3264.0,114397
AMRM.TA,2026-08-05,3310.0,3311.0,3177.0,3244.0,102288
AMRM.TA,2026-08-06,3131.0,3491.0,3131.0,3326.0,690148
AMRM.TA,2026-08-07,3326.0,3500.0,3291.0,3420.0,76826
AMRM.TA,2026-08-10,3386.0,3482.0,3362.0,3406.0,97559
AMRM.TA,2026-08-11,3371.0,3483.0,3366.0,3463.0,409244
AMRM.TA,2026-08-12,3463.0,3509.0,3282.0,3400.0,838698
AMRM.TA,2026-08-13,3400.0,3430.0,3291.0,3376.0,49826
AMRM.TA,2026-08-14,3376.0,3468.0,3307.0,3438.0,29772
AMRM.TA,2026-08-17,3438.0,3472.0,3352.0,3380.0,208529
AMRM.TA,2026-08-18,3380.0,3481.0,3302.0,3435.0,71652
AMRM.TA,2026-08-19,3435.0,3639.0,3461.0,3595.0,68892
AMRM.TA,2026-08-20,3608.0,3670.0,3522.0,3550.0,45841
AMRM.TA,2026-08-21,3550.0,3715.0,3535.0,3666.0,32935
AMRM.TA,2026-08-24,3666.0,3694.0,3612.0,3616.0,44926
AMRM.TA,2026-08-25,3616.0,3667.0,3525.0,3537.0,45952
AMRM.TA,2026-08-26,3537.0,3667.0,3495.0,3639.0,60000
AMRM.TA,2026-08-27,3799.0,3799.0,3596.0,3628.0,52595
AMRM.TA,2026-08-28,3574.0,3765.0,3574.0,3725.0,36194
AMRM.TA,2026-08-31,3725.0,3725.0,3615.0,3617.0,48508
AMRM.TA,2026-09-01,3617.0,3938.0,3617.0,3900.0,261616
AMRM.TA,2026-09-02,3899.0,4178.0,3867.0,4150.0,78290
AMRM.TA,2026-09-03,4106.0,4228.0,4072.0,4160.0,67674
AMRM.TA,2026-09-04,4168.0,4379.0,4168.0,4341.0,65485
AMRM.TA,2026-09-07,4341.0,4375.0,4252.0,4300.0,34804
AMRM.TA,2026-09-08,4300.0,4373.0,4223.0,4323.0,61506
AMRM.TA,2026-09-09,4323.0,4389.0,4200.0,4200.0,63248
AMRM.TA,2026-09-10,4100.0,4204.0,3980.0,3980.0,86877
AMRM.TA,2026-09-11,3980.0,3980.0,3980.0,3980.0,0
AMRM.TA,2026-09-14,3980.0,3980.0,3822.0,3840.0,86709
AMRM.TA,2026-09-15,3840.0,4048.0,3744.0,3935.0,70886
AMRM.TA,2026-09-16,3935.0,4102.0,3935.0,4075.0,47582
AMRM.TA,2026-09-17,4075.0,4310.0,4075.0,4245.0,156630
AMRM.TA,2026-09-18,4245.0,4245.0,4245.0,4245.0,0
AMRM.TA,2026-09-21,4245.0,4245.0,4245.0,4245.0,0
AMRM.TA,2026-09-22,4245.0,4418.0,4237.0,4268.0,54740
AMRM.TA,2026-09-23,4268.0,4312.0,4189.0,4249.0,47568
AMRM.TA,2026-09-24,4204.0,4307.0,4113.0,4220.0,82944
ILDC.TA,2026-07-16,3722.0,3737.0,3668.0,3725.0,16250
ILDC.TA,2026-07-17,3725.0,3829.0,3712.0,3826.0,32341
ILDC.TA,2026-07-20,3787.0,3969.0,3746.0,3969.0,31710
ILDC.TA,2026-07-21,3944.0,4099.0,3944.0,4027.0,1150597
ILDC.TA,2026-07-22,3990.0,4059.0,3850.0,3867.0,93016
ILDC.TA,2026-07-24,3803.0,3919.0,3796.0,3853.0,18476
ILDC.TA,2026-07-27,3853.0,3972.0,3853.0,3873.0,90434
ILDC.TA,2026-07-28,3873.0,3999.0,3873.0,3933.0,73677
ILDC.TA,2026-07-29,3933.0,3977.0,3933.0,3947.0,15865
ILDC.TA,2026-07-30,3985.0,3995.0,3947.0,3957.0,31708
ILDC.TA,2026-07-31,3957.0,4001.0,3957.0,3987.0,16013
ILDC.TA,2026-08-03,3987.0,4019.0,3950.0,3985.0,26162
ILDC.TA,2026-08-04,3985.0,4015.0,3950.0,3953.0,31650
ILDC.TA,2026-08-05,3953.0,4053.0,3940.0,3969.0,62611
ILDC.TA,2026-08-06,4003.0,4097.0,3917.0,3917.0,451818
ILDC.TA,2026-08-07,3917.0,4003.0,3907.0,3921.0,91005
ILDC.TA,2026-08-10,3921.0,3973.0,3903.0,3943.0,112929
ILDC.TA,2026-08-11,3952.0,4022.0,3885.0,3885.0,783303
ILDC.TA,2026-08-12,3900.0,4035.0,3900.0,4020.0,264687
ILDC.TA,2026-08-13,4020.0,4020.0,3889.0,3889.0,15565
ILDC.TA,2026-08-14,3889.0,3916.0,3852.0,3896.0,16535
ILDC.TA,2026-08-17,3896.0,3934.0,3791.0,3791.0,36760
ILDC.TA,2026-08-18,3791.0,4010.0,3791.0,4000.0,68694
ILDC.TA,2026-08-19,4034.0,4066.0,3950.0,3990.0,1327861
ILDC.TA,2026-08-20,3990.0,4084.0,3900.0,4008.0,30363
ILDC.TA,2026-08-21,4042.0,4046.0,3937.0,3975.0,22896
ILDC.TA,2026-08-24,3975.0,4007.0,3904.0,3960.0,20550
ILDC.TA,2026-08-25,3960.0,4025.0,3941.0,4002.0,12507
ILDC.TA,2026-08-26,4002.0,4009.0,3951.0,3968.0,9507
ILDC.TA,2026-08-27,3968.0,4022.0,3952.0,3969.0,12857
ILDC.TA,2026-08-28,3969.0,4077.0,3966.0,4053.0,10719
ILDC.TA,2026-08-31,4053.0,4075.0,3968.0,4000.0,18742
ILDC.TA,2026-09-01,3922.0,4134.0,3922.0,4076.0,73843
ILDC.TA,2026-09-02,4076.0,4144.0,4032.0,4140.0,25302
ILDC.TA,2026-09-03,4140.0,4210.0,4093.0,4210.0,25799
ILDC.TA,2026-09-04,4116.0,4282.0,4116.0,4235.0,13434
ILDC.TA,2026-09-07,4235.0,4249.0,4149.0,4215.0,36796
ILDC.TA,2026-09-08,4215.0,4216.0,4086.0,4100.0,31880
ILDC.TA,2026-09-09,4100.0,4116.0,3982.0,4000.0,20386
ILDC.TA,2026-09-10,4000.0,4000.0,3880.0,3906.0,52504
ILDC.TA,2026-09-11,3906.0,3906.0,3906.0,3906.0,0
ILDC.TA,2026-09-14,3867.0,4003.0,3863.0,3921.0,16938
ILDC.TA,2026-09-15,3970.0,3971.0,3830.0,3895.0,109209
ILDC.TA,2026-09-16,3895.0,3964.0,3816.0,3905.0,23818
ILDC.TA,2026-09-17,3905.0,4048.0,3885.0,4048.0,87680
ILDC.TA,2026-09-18,4048.0,4048.0,4048.0,4048.0,0
ILDC.TA,2026-09-21,4048.0,4048.0,4048.0,4048.0,0
ILDC.TA,2026-09-22,4070.0,4194.0,4004.0,4039.0,31902
ILDC.TA,2026-09-23,3950.0,4073.0,3950.0,4014.0,23811
ILDC.TA,2026-09-24,3934.0,3994.0,3933.0,3957.0,8601
ASHO.TA,2026-07-16,8400.0,8400.0,8085.0,8264.0,55906
ASHO.TA,2026-07-17,8264.0,8264.0,7846.0,8158.0,24474
ASHO.TA,2026-07-20,8158.0,8323.0,8046.0,8282.0,53623
ASHO.TA,2026-07-21,8282.0,8555.0,8286.0,8500.0,115254
ASHO.TA,2026-07-22,8811.0,8811.0,8401.0,8498.0,56448
ASHO.TA,2026-07-24,8498.0,8980.0,8341.0,8866.0,26858
ASHO.TA,2026-07-27,8970.0,9011.0,8450.0,8450.0,21914
ASHO.TA,2026-07-28,8592.0,8593.0,8050.0,8062.0,47467
ASHO.TA,2026-07-29,8200.0,8210.0,7777.0,7803.0,59726
ASHO.TA,2026-07-30,8279.0,8279.0,7500.0,7668.0,37578
ASHO.TA,2026-07-31,7899.0,7899.0,7578.0,7707.0,46623
ASHO.TA,2026-08-03,7707.0,7707.0,7422.0,7592.0,43373
ASHO.TA,2026-08-04,7592.0,7621.0,7499.0,7539.0,39495
ASHO.TA,2026-08-05,7539.0,7643.0,7333.0,7444.0,61120
ASHO.TA,2026-08-06,7445.0,7445.0,7282.0,7444.0,300639
ASHO.TA,2026-08-07,7444.0,7495.0,7296.0,7377.0,70702
ASHO.TA,2026-08-10,7377.0,7850.0,7230.0,7646.0,33175
ASHO.TA,2026-08-11,7646.0,7650.0,7223.0,7223.0,27908
ASHO.TA,2026-08-12,7200.0,7271.0,6924.0,6984.0,26421
ASHO.TA,2026-08-13,6984.0,7125.0,6900.0,7031.0,17657
ASHO.TA,2026-08-14,7004.0,7064.0,6858.0,6890.0,12333
ASHO.TA,2026-08-17,6890.0,6952.0,6621.0,6680.0,29666
ASHO.TA,2026-08-18,6801.0,6801.0,6461.0,6500.0,51660
ASHO.TA,2026-08-19,6600.0,6715.0,6499.0,6676.0,46242
ASHO.TA,2026-08-20,6676.0,6844.0,6594.0,6750.0,26875
ASHO.TA,2026-08-21,6750.0,6877.0,6670.0,6799.0,18336
ASHO.TA,2026-08-24,6782.0,6799.0,6515.0,6515.0,33228
ASHO.TA,2026-08-25,6515.0,6530.0,6332.0,6363.0,43276
ASHO.TA,2026-08-26,6363.0,6363.0,6100.0,6171.0,72631
ASHO.TA,2026-08-27,6171.0,6250.0,6062.0,6250.0,39613
ASHO.TA,2026-08-28,6300.0,6499.0,6236.0,6486.0,27191
ASHO.TA,2026-08-31,6486.0,6489.0,6259.0,6331.0,32724
ASHO.TA,2026-09-01,6438.0,6670.0,6437.0,6638.0,45919
ASHO.TA,2026-09-02,6638.0,6715.0,6455.0,6700.0,32921
ASHO.TA,2026-09-03,6700.0,6829.0,6574.0,6746.0,32143
ASHO.TA,2026-09-04,6746.0,6872.0,6696.0,6843.0,15998
ASHO.TA,2026-09-07,6845.0,6948.0,6821.0,6832.0,22924
ASHO.TA,2026-09-08,6834.0,6887.0,6606.0,6713.0,27241
ASHO.TA,2026-09-09,6780.0,6803.0,6382.0,6414.0,23086
ASHO.TA,2026-09-10,6412.0,6480.0,6111.0,6370.0,11767
ASHO.TA,2026-09-11,6370.0,6370.0,6370.0,6370.0,0
ASHO.TA,2026-09-14,6356.0,6370.0,6209.0,6299.0,14783
ASHO.TA,2026-09-15,6299.0,6425.0,6222.0,6264.0,22539
ASHO.TA,2026-09-16,6264.0,6426.0,6208.0,6318.0,21398
ASHO.TA,2026-09-17,6375.0,6454.0,6340.0,6400.0,41279
ASHO.TA,2026-09-18,6400.0,6400.0,6400.0,6400.0,0
ASHO.TA,2026-09-21,6400.0,6400.0,6400.0,6400.0,0
ASHO.TA,2026-09-22,6473.0,6592.0,6342.0,6507.0,19711
ASHO.TA,2026-09-23,6500.0,6593.0,6454.0,6576.0,33592
ASHO.TA,2026-09-24,6576.0,6645.0,6490.0,6490.0,23771
SBEN.TA,2026-07-16,408.1000061035156,414.79998779296875,405.6000061035156,408.1000061035156,550809
SBEN.TA,2026-07-17,406.6000061035156,406.79998779296875,399.6000061035156,403.0,489694
SBEN.TA,2026-07-20,403.0,406.70001220703125,397.0,402.70001220703125,992025
SBEN.TA,2026-07-21,402.70001220703125,414.0,402.6000061035156,414.0,815434
SBEN.TA,2026-07-22,414.0,414.0,394.0,401.5,990336
SBEN.TA,2026-07-24,395.5,415.0,395.5,412.0,912463
SBEN.TA,2026-07-27,412.5,416.0,401.1000061035156,404.29998779296875,550933
SBEN.TA,2026-07-28,404.29998779296875,406.8999938964844,387.6000061035156,387.6000061035156,529700
SBEN.TA,2026-07-29,387.70001220703125,426.79998779296875,387.70001220703125,412.0,4579477
SBEN.TA,2026-07-30,408.1000061035156,412.0,398.0,406.0,1427117
SBEN.TA,2026-07-31,407.3999938964844,411.8999938964844,406.6000061035156,410.0,693459
SBEN.TA,2026-08-03,407.6000061035156,418.8999938964844,407.6000061035156,416.8999938964844,763321
SBEN.TA,2026-08-04,416.8999938964844,419.70001220703125,405.0,407.0,987414
SBEN.TA,2026-08-05,407.0,419.0,395.29998779296875,405.29998779296875,983019
SBEN.TA,2026-08-06,389.1000061035156,415.5,389.1000061035156,403.79998779296875,10211923
SBEN.TA,2026-08-07,403.79998779296875,411.6000061035156,401.3999938964844,405.5,579379
SBEN.TA,2026-08-10,405.5,410.0,396.79998779296875,405.8999938964844,1234863
SBEN.TA,2026-08-11,408.3999938964844,412.29998779296875,399.1000061035156,403.5,968893
SBEN.TA,2026-08-12,403.5,407.5,397.1000061035156,403.0,1066551
SBEN.TA,2026-08-13,403.0,410.0,402.1000061035156,406.8999938964844,636267
SBEN.TA,2026-08-14,406.8999938964844,411.79998779296875,402.0,405.0,212389
SBEN.TA,2026-08-17,405.0,407.79998779296875,397.0,397.70001220703125,712535
SBEN.TA,2026-08-18,397.70001220703125,400.6000061035156,390.0,399.29998779296875,615570
SBEN.TA,2026-08-19,389.1000061035156,411.70001220703125,389.1000061035156,405.20001220703125,723536
SBEN.TA,2026-08-20,402.0,410.0,400.0,401.5,441534
SBEN.TA,2026-08-21,401.5,415.3999938964844,401.5,411.0,386592
SBEN.TA,2026-08-24,411.0,414.0,408.20001220703125,412.20001220703125,683260
SBEN.TA,2026-08-25,412.20001220703125,418.20001220703125,405.8999938964844,407.6000061035156,417596
SBEN.TA,2026-08-26,407.6000061035156,415.0,401.0,414.0,1009758
SBEN.TA,2026-08-27,414.0,425.3999938964844,412.5,421.0,553869
SBEN.TA,2026-08-28,418.0,425.0,418.0,420.3999938964844,895301
SBEN.TA,2026-08-31,420.3999938964844,421.0,416.1000061035156,419.79998779296875,523383
SBEN.TA,2026-09-01,412.6000061035156,431.8999938964844,412.6000061035156,427.0,1596635
SBEN.TA,2026-09-02,427.0,434.20001220703125,425.5,428.0,1904022
SBEN.TA,2026-09-03,428.0,428.5,421.5,426.0,485226
SBEN.TA,2026-09-04,426.0,431.79998779296875,422.79998779296875,428.6000061035156,1947691
SBEN.TA,2026-09-07,428.6000061035156,428.6000061035156,420.8999938964844,422.29998779296875,253068
SBEN.TA,2026-09-08,422.29998779296875,422.29998779296875,413.0,415.70001220703125,289873
SBEN.TA,2026-09-09,415.70001220703125,416.3999938964844,405.79998779296875,406.20001220703125,268583
SBEN.TA,2026-09-10,408.20001220703125,408.20001220703125,396.79998779296875,405.3999938964844,1090150
SBEN.TA,2026-09-11,405.3999938964844,405.3999938964844,405.3999938964844,405.3999938964844,0
SBEN.TA,2026-09-14,405.3999938964844,406.1000061035156,401.8999938964844,402.79998779296875,356606
SBEN.TA,2026-09-15,405.0,409.8999938964844,400.1000061035156,402.3999938964844,1022246
SBEN.TA,2026-09-16,402.3999938964844,417.0,400.70001220703125,403.20001220703125,704911
SBEN.TA,2026-09-17,400.1000061035156,413.3999938964844,399.8999938964844,410.79998779296875,529299
SBEN.TA,2026-09-18,410.79998779296875,410.79998779296875,410.79998779296875,410.79998779296875,0
SBEN.TA,2026-09-21,410.79998779296875,410.79998779296875,410.79998779296875,410.79998779296875,0
SBEN.TA,2026-09-22,410.79998779296875,414.0,405.3999938964844,413.1000061035156,248857
SBEN.TA,2026-09-23,413.1000061035156,417.79998779296875,410.79998779296875,416.70001220703125,307064
SBEN.TA,2026-09-24,413.70001220703125,417.5,401.5,406.1000061035156,1106390
ELLO.TA,2026-07-16,5595.0,5674.0,5558.0,5674.0,17408
ELLO.TA,2026-07-17,5550.0,5697.0,5550.0,5661.0,1472
ELLO.TA,2026-07-20,5661.0,5667.0,5586.0,5633.0,11447
ELLO.TA,2026-07-21,5633.0,5690.0,5548.0,5689.0,13375
ELLO.TA,2026-07-22,5689.0,5830.0,5689.0,5715.0,444610
ELLO.TA,2026-07-24,5715.0,6036.0,5700.0,6029.0,14251
ELLO.TA,2026-07-27,6480.0,6600.0,6300.0,6300.0,53008
ELLO.TA,2026-07-28,6300.0,6300.0,5995.0,6014.0,13711
ELLO.TA,2026-07-29,6014.0,6027.0,5826.0,5996.0,14659
ELLO.TA,2026-07-30,5996.0,6264.0,5918.0,6109.0,9088
ELLO.TA,2026-07-31,6149.0,6307.0,6049.0,6084.0,3147
ELLO.TA,2026-08-03,6084.0,6231.0,6037.0,6160.0,5969
ELLO.TA,2026-08-04,6200.0,6295.0,6141.0,6155.0,3772
ELLO.TA,2026-08-05,6194.0,6194.0,6070.0,6092.0,11349
ELLO.TA,2026-08-06,6388.0,6388.0,6038.0,6038.0,29618
ELLO.TA,2026-08-07,6038.0,6133.0,5998.0,6121.0,2503
ELLO.TA,2026-08-10,6121.0,6077.0,5907.0,6019.0,10067
ELLO.TA,2026-08-11,6019.0,6019.0,5741.0,5925.0,1069
ELLO.TA,2026-08-12,5925.0,6012.0,5851.0,5867.0,3730
ELLO.TA,2026-08-13,5867.0,6100.0,5863.0,6046.0,8366
ELLO.TA,2026-08-14,6046.0,6067.0,5987.0,6036.0,1465
ELLO.TA,2026-08-17,6036.0,6036.0,5851.0,5908.0,2525
ELLO.TA,2026-08-18,5908.0,6000.0,5778.0,5932.0,3591
ELLO.TA,2026-08-19,6000.0,6000.0,5731.0,5887.0,2948
ELLO.TA,2026-08-20,5887.0,6097.0,5887.0,6003.0,7833
ELLO.TA,2026-08-21,6003.0,6142.0,5997.0,6073.0,3085
ELLO.TA,2026-08-24,6073.0,6073.0,5981.0,6024.0,4068
ELLO.TA,2026-08-25,6024.0,6024.0,5957.0,6000.0,15735
ELLO.TA,2026-08-26,6000.0,6188.0,6000.0,6059.0,6075
ELLO.TA,2026-08-27,6059.0,6074.0,5940.0,6038.0,12922
ELLO.TA,2026-08-28,6038.0,6043.0,5966.0,6038.0,4205
ELLO.TA,2026-08-31,6038.0,6128.0,6006.0,6071.0,4093
ELLO.TA,2026-09-01,6071.0,6285.0,5983.0,6192.0,8677
ELLO.TA,2026-09-02,6160.0,6400.0,6160.0,6345.0,8201
ELLO.TA,2026-09-03,6345.0,6554.0,6345.0,6525.0,2584
ELLO.TA,2026-09-04,6525.0,6609.0,6468.0,6515.0,2908
ELLO.TA,2026-09-07,6708.0,6760.0,6476.0,6578.0,5467
ELLO.TA,2026-09-08,6578.0,6592.0,6421.0,6461.0,2955
ELLO.TA,2026-09-09,6461.0,6398.0,6246.0,6295.0,3812
ELLO.TA,2026-09-10,6295.0,6314.0,6114.0,6149.0,1499
ELLO.TA,2026-09-11,6149.0,6149.0,6149.0,6149.0,0
ELLO.TA,2026-09-14,6149.0,6220.0,6018.0,6066.0,2943
ELLO.TA,2026-09-15,6066.0,6140.0,6066.0,6112.0,6391
ELLO.TA,2026-09-16,6112.0,6300.0,6112.0,6242.0,18530
ELLO.TA,2026-09-17,6379.0,6379.0,6260.0,6314.0,13095
ELLO.TA,2026-09-18,6314.0,6314.0,6314.0,6314.0,0
ELLO.TA,2026-09-21,6314.0,6314.0,6314.0,6314.0,0
ELLO.TA,2026-09-22,6314.0,6533.0,6307.0,6511.0,9679
ELLO.TA,2026-09-23,6511.0,6758.0,6398.0,6745.0,8080
ELLO.TA,2026-09-24,6745.0,6745.0,6461.0,6550.0,2430
ALTF.TA,2026-07-16,680.2999877929688,695.0,655.0,663.7999877929688,264159
ALTF.TA,2026-07-17,663.7999877929688,670.0,652.4000244140625,662.0999755859375,121544
ALTF.TA,2026-07-20,662.0,687.7999877929688,654.4000244140625,682.7999877929688,320353
ALTF.TA,2026-07-21,689.9000244140625,694.5,669.9000244140625,673.9000244140625,239704
ALTF.TA,2026-07-22,691.9000244140625,692.5,679.0,679.2000122070312,168709
ALTF.TA,2026-07-24,682.0,691.2000122070312,671.5999755859375,675.2000122070312,86512
ALTF.TA,2026-07-27,675.2000122070312,690.4000244140625,655.5,655.5,146936
ALTF.TA,2026-07-28,655.5,671.9000244140625,645.5,645.5,117139
ALTF.TA,2026-07-29,645.0,652.9000244140625,633.2999877929688,643.2999877929688,188124
ALTF.TA,2026-07-30,643.2999877929688,651.5,633.0,639.7000122070312,102531
ALTF.TA,2026-07-31,649.0,649.0,632.7999877929688,639.5999755859375,92852
ALTF.TA,2026-08-03,640.0,650.2999877929688,633.0999755859375,642.0,234865
ALTF.TA,2026-08-04,642.0,655.5,637.9000244140625,640.5999755859375,187027
ALTF.TA,2026-08-05,640.5999755859375,662.7000122070312,645.4000244140625,646.7999877929688,172162
ALTF.TA,2026-08-06,659.0,659.0,633.0,636.0,501572
ALTF.TA,2026-08-07,636.0,643.2000122070312,634.0,635.9000244140625,109058
ALTF.TA,2026-08-10,635.9000244140625,641.5999755859375,622.2000122070312,622.2999877929688,185790
ALTF.TA,2026-08-11,622.2999877929688,627.9000244140625,610.9000244140625,613.2999877929688,172850
ALTF.TA,2026-08-12,613.2999877929688,632.0,611.7000122070312,627.2000122070312,166194
ALTF.TA,2026-08-13,627.0,635.5,624.5999755859375,629.7000122070312,90245
ALTF.TA,2026-08-14,629.7000122070312,644.2000122070312,629.7000122070312,641.4000244140625,81812
ALTF.TA,2026-08-17,641.4000244140625,675.7999877929688,637.9000244140625,673.0,527417
ALTF.TA,2026-08-18,669.5999755859375,671.9000244140625,655.7000122070312,657.0,241311
ALTF.TA,2026-08-19,657.0,666.7000122070312,644.0,650.0,260095
ALTF.TA,2026-08-20,657.0,685.5999755859375,642.7999877929688,678.7999877929688,306808
ALTF.TA,2026-08-21,677.4000244140625,680.0,662.7999877929688,665.2000122070312,121675
ALTF.TA,2026-08-24,665.2000122070312,665.2000122070312,645.0,645.0,197788
ALTF.TA,2026-08-25,645.0,655.0999755859375,635.9000244140625,636.9000244140625,157824
ALTF.TA,2026-08-26,636.9000244140625,642.7000122070312,621.0,639.7000122070312,269063
ALTF.TA,2026-08-27,639.7000122070312,658.0,636.2000122070312,658.0,222847
ALTF.TA,2026-08-28,658.0,661.0,648.7999877929688,657.2000122070312,120011
ALTF.TA,2026-08-31,657.2000122070312,684.9000244140625,648.7999877929688,674.7000122070312,337797
ALTF.TA,2026-09-01,674.7000122070312,689.0,662.7999877929688,685.2999877929688,500393
ALTF.TA,2026-09-02,693.0,693.0,678.5,692.5999755859375,359626
ALTF.TA,2026-09-03,692.5999755859375,710.0,691.2000122070312,706.0,394874
ALTF.TA,2026-09-04,706.0,719.9000244140625,701.7000122070312,716.7999877929688,165591
ALTF.TA,2026-09-07,716.7999877929688,722.0,703.5999755859375,714.2999877929688,372845
ALTF.TA,2026-09-08,707.5,714.0,685.0,700.7999877929688,527136
ALTF.TA,2026-09-09,738.0,823.0,737.9000244140625,803.0,3258898
ALTF.TA,2026-09-10,790.0,790.0,719.0,738.0,1188859
ALTF.TA,2026-09-11,738.0,738.0,738.0,738.0,0
ALTF.TA,2026-09-14,795.0,824.0,743.0,748.0,4016190
ALTF.TA,2026-09-15,738.5999755859375,750.9000244140625,710.0,732.0,1384272
ALTF.TA,2026-09-16,730.0999755859375,744.0,691.9000244140625,692.0,1751597
ALTF.TA,2026-09-17,688.0,690.7999877929688,655.2000122070312,663.0,1691214
ALTF.TA,2026-09-18,663.0,663.0,663.0,663.0,0
ALTF.TA,2026-09-21,663.0,663.0,663.0,663.0,0
ALTF.TA,2026-09-22,675.4000244140625,680.7999877929688,658.0,674.9000244140625,510096
ALTF.TA,2026-09-23,678.0,694.0,678.0,685.0,345346
ALTF.TA,2026-09-24,675.7999877929688,680.0,665.5,666.5,342309
MGOR.TA,2026-07-16,58750.0,59700.0,57350.0,57480.0,36742
MGOR.TA,2026-07-17,56910.0,57480.0,55210.0,56130.0,25242
MGOR.TA,2026-07-20,54000.0,54090.0,50240.0,52740.0,258342
MGOR.TA,2026-07-21,52100.0,52310.0,49700.0,49940.0,184176
MGOR.TA,2026-07-22,49750.0,51120.0,49100.0,50600.0,53200
MGOR.TA,2026-07-24,49890.0,50960.0,48800.0,50390.0,60955
MGOR.TA,2026-07-27,51510.0,52710.0,49000.0,50230.0,75966
MGOR.TA,2026-07-28,49880.0,50530.0,48850.0,49180.0,40993
MGOR.TA,2026-07-29,48300.0,50560.0,48040.0,48100.0,75184
MGOR.TA,2026-07-30,47710.0,49920.0,46800.0,49490.0,68028
MGOR.TA,2026-07-31,49500.0,49990.0,48540.0,49690.0,129669
MGOR.TA,2026-08-03,49230.0,49830.0,47600.0,49080.0,64115
MGOR.TA,2026-08-04,49080.0,49410.0,47120.0,47180.0,38062
MGOR.TA,2026-08-05,47500.0,48130.0,46330.0,46370.0,44373
MGOR.TA,2026-08-06,46370.0,46550.0,44900.0,44900.0,393206
MGOR.TA,2026-08-07,44900.0,45730.0,44500.0,44500.0,49401
MGOR.TA,2026-08-10,44500.0,45910.0,43610.0,43610.0,180257
MGOR.TA,2026-08-11,43610.0,43940.0,42090.0,43560.0,70948
MGOR.TA,2026-08-12,44050.0,45330.0,43110.0,45290.0,168667
MGOR.TA,2026-08-13,45980.0,45980.0,43480.0,44250.0,181262
MGOR.TA,2026-08-14,44740.0,45200.0,44160.0,44940.0,37402
MGOR.TA,2026-08-17,44850.0,45040.0,43530.0,43530.0,46109
MGOR.TA,2026-08-18,42870.0,43480.0,42200.0,43480.0,48236
MGOR.TA,2026-08-19,43620.0,45800.0,43030.0,45800.0,96732
MGOR.TA,2026-08-20,45950.0,46350.0,44450.0,44910.0,33518
MGOR.TA,2026-08-21,45030.0,45030.0,43950.0,44820.0,96542
MGOR.TA,2026-08-24,44820.0,45520.0,44030.0,44860.0,51915
MGOR.TA,2026-08-25,44780.0,45000.0,43910.0,44720.0,70051
MGOR.TA,2026-08-26,44090.0,44880.0,43220.0,44800.0,238767
MGOR.TA,2026-08-27,44970.0,45550.0,44200.0,44850.0,30138
MGOR.TA,2026-08-28,44540.0,45060.0,43000.0,44930.0,112419
MGOR.TA,2026-08-31,44710.0,44940.0,43350.0,44940.0,87909
MGOR.TA,2026-09-01,44210.0,45330.0,43890.0,44650.0,147077
MGOR.TA,2026-09-02,44650.0,45490.0,43710.0,45240.0,47051
MGOR.TA,2026-09-03,46050.0,48370.0,44310.0,48310.0,111289
MGOR.TA,2026-09-04,48330.0,51710.0,48300.0,51100.0,137331
MGOR.TA,2026-09-07,50740.0,50920.0,48940.0,49330.0,40555
MGOR.TA,2026-09-08,48780.0,49630.0,47640.0,48550.0,35116
MGOR.TA,2026-09-09,48250.0,49070.0,47680.0,48510.0,67120
MGOR.TA,2026-09-10,48930.0,48930.0,46300.0,46680.0,34918
MGOR.TA,2026-09-11,46680.0,46680.0,46680.0,46680.0,0
MGOR.TA,2026-09-14,45680.0,47000.0,45300.0,46300.0,47514
MGOR.TA,2026-09-15,46300.0,46760.0,44720.0,45070.0,25930
MGOR.TA,2026-09-16,45070.0,46190.0,44800.0,45920.0,32482
MGOR.TA,2026-09-17,45830.0,48500.0,45570.0,48500.0,175048
MGOR.TA,2026-09-18,48500.0,48500.0,48500.0,48500.0,0
MGOR.TA,2026-09-21,48500.0,48500.0,48500.0,48500.0,0
MGOR.TA,2026-09-22,50100.0,51650.0,48760.0,49080.0,72058
MGOR.TA,2026-09-23,48730.0,51050.0,47450.0,49910.0,42393
MGOR.TA,2026-09-24,48830.0,48990.0,46940.0,47660.0,78038
ILDR.TA,2026-07-16,1080.0,1080.0,1050.0,1056.0,2802
ILDR.TA,2026-07-17,1056.0,1079.0,1049.0,1060.0,3502
ILDR.TA,2026-07-20,1060.0,1077.0,1025.0,1047.0,5652
ILDR.TA,2026-07-21,1047.0,1098.0,1050.0,1077.0,2880
ILDR.TA,2026-07-22,1077.0,1077.0,1050.0,1065.0,6494
ILDR.TA,2026-07-24,1065.0,1065.0,1019.0,1045.0,4252
ILDR.TA,2026-07-27,1050.0,1050.0,1020.0,1036.0,6350
ILDR.TA,2026-07-28,1036.0,1100.0,1021.0,1047.0,4664
ILDR.TA,2026-07-29,1047.0,1047.0,1007.0,1025.0,6596
ILDR.TA,2026-07-30,1050.0,1050.0,992.0,1012.0,28743
ILDR.TA,2026-07-31,1012.0,1048.0,1004.0,1006.0,9223
ILDR.TA,2026-08-03,1050.0,1050.0,1006.0,1010.0,5684
ILDR.TA,2026-08-04,1047.0,1047.0,999.0,1013.0,5584
ILDR.TA,2026-08-05,1050.0,1053.0,957.2999877929688,979.5,2658
ILDR.TA,2026-08-06,955.0,1023.0,955.0,964.0999755859375,99194
ILDR.TA,2026-08-07,964.0999755859375,964.0999755859375,762.0,793.7000122070312,528331
ILDR.TA,2026-08-10,793.7000122070312,833.2999877929688,546.0,594.0,1502973
ILDR.TA,2026-08-11,628.0,851.0,610.0,840.0,1376031
ILDR.TA,2026-08-12,840.0,865.0,771.0,825.0,843688
ILDR.TA,2026-08-13,825.0,875.0,724.9000244140625,820.0,357062
ILDR.TA,2026-08-14,820.0,835.0,800.0,822.9000244140625,6829
ILDR.TA,2026-08-17,838.0,838.0,755.0,765.7000122070312,19849
ILDR.TA,2026-08-18,765.7000122070312,765.7000122070312,720.0,745.0,15811
ILDR.TA,2026-08-19,745.0,780.2999877929688,740.5,770.7999877929688,19985
ILDR.TA,2026-08-20,770.7999877929688,784.7999877929688,750.0,775.0,5503
ILDR.TA,2026-08-21,775.0,790.0,775.0,777.7000122070312,1807
ILDR.TA,2026-08-24,777.7000122070312,792.4000244140625,777.7000122070312,791.4000244140625,2933
ILDR.TA,2026-08-25,791.4000244140625,800.0999755859375,791.4000244140625,796.7000122070312,2770
ILDR.TA,2026-08-26,796.7000122070312,796.7000122070312,755.0999755859375,780.5,12201
ILDR.TA,2026-08-27,780.5,780.5,712.0,764.0,2597
ILDR.TA,2026-08-28,764.0,772.7000122070312,739.7999877929688,748.7999877929688,4534
ILDR.TA,2026-08-31,748.7999877929688,750.0,716.0,728.0,4613
ILDR.TA,2026-09-01,712.0,775.7000122070312,712.0,774.5,27668
ILDR.TA,2026-09-02,774.5,774.4000244140625,759.5999755859375,773.5,13697
ILDR.TA,2026-09-03,773.5,759.7000122070312,704.9000244140625,727.7000122070312,7232
ILDR.TA,2026-09-04,711.0999755859375,771.0999755859375,711.0999755859375,731.9000244140625,2446
ILDR.TA,2026-09-07,731.9000244140625,732.5999755859375,731.9000244140625,732.5,3665
ILDR.TA,2026-09-08,732.5,732.5,717.7000122070312,723.7999877929688,3263
ILDR.TA,2026-09-09,723.7999877929688,723.7999877929688,706.2000122070312,710.0999755859375,7046
ILDR.TA,2026-09-10,710.0999755859375,710.0999755859375,660.4000244140625,701.2000122070312,13641
ILDR.TA,2026-09-11,701.2000122070312,701.2000122070312,701.2000122070312,701.2000122070312,0
ILDR.TA,2026-09-14,670.0999755859375,686.0999755859375,619.0999755859375,664.7999877929688,19612
ILDR.TA,2026-09-15,664.7999877929688,687.2999877929688,664.0,669.9000244140625,7351
ILDR.TA,2026-09-16,669.9000244140625,686.2999877929688,669.9000244140625,682.0,2478
ILDR.TA,2026-09-17,652.2999877929688,695.0,652.2999877929688,688.5,7229
ILDR.TA,2026-09-18,688.5,688.5,688.5,688.5,0
ILDR.TA,2026-09-21,688.5,688.5,688.5,688.5,0
ILDR.TA,2026-09-22,688.5,684.7000122070312,674.5,675.7000122070312,3596
ILDR.TA,2026-09-23,675.7000122070312,674.5999755859375,641.9000244140625,662.2999877929688,4026
ILDR.TA,2026-09-24,662.2999877929688,662.2999877929688,642.2999877929688,648.0,8588
GNRS.TA,2026-07-16,278.0,289.70001220703125,278.0,287.0,3739619
GNRS.TA,2026-07-17,287.0,290.0,280.0,287.1000061035156,1510728
GNRS.TA,2026-07-20,287.0,293.6000061035156,277.3999938964844,293.0,5961913
GNRS.TA,2026-07-21,290.0,290.0,275.1000061035156,281.79998779296875,23823980
GNRS.TA,2026-07-22,281.79998779296875,288.0,276.1000061035156,284.0,3471677
GNRS.TA,2026-07-24,278.6000061035156,292.3999938964844,277.3999938964844,289.70001220703125,5571253
GNRS.TA,2026-07-27,291.70001220703125,296.70001220703125,286.1000061035156,288.5,3936285
GNRS.TA,2026-07-28,288.5,288.5,275.3999938964844,280.1000061035156,4977950
GNRS.TA,2026-07-29,280.1000061035156,290.0,274.8999938964844,276.6000061035156,6552898
GNRS.TA,2026-07-30,278.0,283.5,268.20001220703125,279.0,6633481
GNRS.TA,2026-07-31,281.0,285.0,279.0,281.8999938964844,5511509
GNRS.TA,2026-08-03,284.0,293.8999938964844,282.8999938964844,290.29998779296875,8036149
GNRS.TA,2026-08-04,291.5,296.5,279.3999938964844,280.0,5873491
GNRS.TA,2026-08-05,281.8999938964844,285.1000061035156,276.0,276.5,6047839
GNRS.TA,2026-08-06,276.5,277.1000061035156,265.79998779296875,265.79998779296875,103483007
GNRS.TA,2026-08-07,265.79998779296875,265.79998779296875,251.5,256.5,11129499
GNRS.TA,2026-08-10,256.5,258.0,248.10000610351562,253.89999389648438,6149924
GNRS.TA,2026-08-11,254.0,254.10000610351562,241.0,246.89999389648438,8633190
GNRS.TA,2026-08-12,246.89999389648438,256.6000061035156,245.8000030517578,255.5,5199522
GNRS.TA,2026-08-13,255.1999969482422,263.0,249.8000030517578,258.79998779296875,8950220
GNRS.TA,2026-08-14,259.5,259.5,249.0,250.0,1823420
GNRS.TA,2026-08-17,250.0,255.1999969482422,240.60000610351562,241.10000610351562,4150728
GNRS.TA,2026-08-18,239.89999389648438,247.6999969482422,234.1999969482422,245.3000030517578,3582064
GNRS.TA,2026-08-19,245.3000030517578,248.0,241.0,243.10000610351562,3898657
GNRS.TA,2026-08-20,245.0,262.6000061035156,245.0,252.10000610351562,11292463
GNRS.TA,2026-08-21,250.10000610351562,257.79998779296875,248.5,257.0,1752653
GNRS.TA,2026-08-24,256.70001220703125,261.0,249.89999389648438,258.29998779296875,3430703
GNRS.TA,2026-08-25,258.1000061035156,260.3999938964844,248.10000610351562,248.5,3259407
GNRS.TA,2026-08-26,248.5,253.3000030517578,242.8000030517578,251.5,4170243
GNRS.TA,2026-08-27,253.39999389648438,261.8999938964844,252.0,258.5,4685686
GNRS.TA,2026-08-28,254.10000610351562,257.3999938964844,252.0,254.39999389648438,2311669
GNRS.TA,2026-08-31,254.39999389648438,257.3999938964844,248.89999389648438,248.89999389648438,3312972
GNRS.TA,2026-09-01,246.60000610351562,258.8999938964844,246.60000610351562,256.3999938964844,4676509
GNRS.TA,2026-09-02,256.3999938964844,266.8999938964844,256.3999938964844,261.0,6148020
GNRS.TA,2026-09-03,261.5,263.5,255.8000030517578,260.79998779296875,3848443
GNRS.TA,2026-09-04,260.79998779296875,275.0,260.70001220703125,271.8999938964844,5412322
GNRS.TA,2026-09-07,270.79998779296875,272.20001220703125,263.1000061035156,270.20001220703125,2085869
GNRS.TA,2026-09-08,270.20001220703125,272.0,261.0,261.0,1933170
GNRS.TA,2026-09-09,261.0,266.79998779296875,255.10000610351562,256.0,1649665
GNRS.TA,2026-09-10,253.0,258.0,248.6999969482422,250.0,2565923
GNRS.TA,2026-09-11,250.0,250.0,250.0,250.0,0
GNRS.TA,2026-09-14,247.5,256.8999938964844,247.5,254.0,2457832
GNRS.TA,2026-09-15,254.0,256.1000061035156,246.8000030517578,249.3000030517578,1990886
GNRS.TA,2026-09-16,249.3000030517578,252.8000030517578,246.5,247.10000610351562,2932377
GNRS.TA,2026-09-17,247.10000610351562,258.70001220703125,247.10000610351562,258.70001220703125,23516247
GNRS.TA,2026-09-18,258.70001220703125,258.70001220703125,258.70001220703125,258.70001220703125,0
GNRS.TA,2026-09-21,258.70001220703125,258.70001220703125,258.70001220703125,258.70001220703125,0
GNRS.TA,2026-09-22,259.8999938964844,263.6000061035156,248.1999969482422,249.8000030517578,3040621
GNRS.TA,2026-09-23,250.5,252.5,242.3000030517578,244.60000610351562,3106279
GNRS.TA,2026-09-24,242.1999969482422,246.0,239.60000610351562,243.3000030517578,4181395
SKBN.TA,2026-07-16,1838.0,1854.0,1808.0,1834.0,340846
SKBN.TA,2026-07-17,1834.0,1834.0,1795.0,1814.0,212109
SKBN.TA,2026-07-20,1814.0,1840.0,1783.0,1816.0,380384
SKBN.TA,2026-07-21,1816.0,1837.0,1806.0,1812.0,300800
SKBN.TA,2026-07-22,1812.0,1828.0,1776.0,1788.0,482471
SKBN.TA,2026-07-24,1761.0,1844.0,1760.0,1829.0,642464
SKBN.TA,2026-07-27,1822.0,1855.0,1750.0,1750.0,510116
SKBN.TA,2026-07-28,1750.0,1775.0,1732.0,1733.0,267851
SKBN.TA,2026-07-29,1733.0,1743.0,1695.0,1695.0,406291
SKBN.TA,2026-07-30,1695.0,1759.0,1653.0,1737.0,652540
SKBN.TA,2026-07-31,1745.0,1752.0,1721.0,1750.0,386312
SKBN.TA,2026-08-03,1750.0,1785.0,1730.0,1730.0,546548
SKBN.TA,2026-08-04,1734.0,1767.0,1709.0,1709.0,472770
SKBN.TA,2026-08-05,1714.0,1738.0,1697.0,1702.0,731269
SKBN.TA,2026-08-06,1702.0,1784.0,1687.0,1757.0,2977684
SKBN.TA,2026-08-07,1757.0,1776.0,1734.0,1736.0,279970
SKBN.TA,2026-08-10,1706.0,1737.0,1681.0,1701.0,849983
SKBN.TA,2026-08-11,1701.0,1786.0,1680.0,1731.0,1103601
SKBN.TA,2026-08-12,1731.0,1763.0,1678.0,1678.0,2624835
SKBN.TA,2026-08-13,1671.0,1707.0,1666.0,1685.0,533842
SKBN.TA,2026-08-14,1687.0,1720.0,1676.0,1701.0,194498
SKBN.TA,2026-08-17,1701.0,1718.0,1650.0,1650.0,677858
SKBN.TA,2026-08-18,1650.0,1717.0,1629.0,1691.0,2303600
SKBN.TA,2026-08-19,1691.0,1724.0,1650.0,1675.0,3172865
SKBN.TA,2026-08-20,1681.0,1725.0,1663.0,1663.0,365747
SKBN.TA,2026-08-21,1663.0,1703.0,1641.0,1689.0,184034
SKBN.TA,2026-08-24,1689.0,1696.0,1663.0,1667.0,464385
SKBN.TA,2026-08-25,1667.0,1690.0,1645.0,1670.0,2964348
SKBN.TA,2026-08-26,1670.0,1690.0,1601.0,1683.0,755248
SKBN.TA,2026-08-27,1680.0,1793.0,1678.0,1790.0,527665
SKBN.TA,2026-08-28,1770.0,1805.0,1756.0,1778.0,398844
SKBN.TA,2026-08-31,1778.0,1800.0,1731.0,1781.0,395157
SKBN.TA,2026-09-01,1781.0,1932.0,1771.0,1925.0,1715798
SKBN.TA,2026-09-02,1925.0,2023.0,1906.0,2000.0,780352
SKBN.TA,2026-09-03,2010.0,2010.0,1903.0,1951.0,1193389
SKBN.TA,2026-09-04,1951.0,1997.0,1938.0,1997.0,494290
SKBN.TA,2026-09-07,2000.0,2030.0,1946.0,1962.0,560326
SKBN.TA,2026-09-08,1962.0,1964.0,1848.0,1878.0,859589
SKBN.TA,2026-09-09,1878.0,1906.0,1857.0,1872.0,326621
SKBN.TA,2026-09-10,1917.0,1917.0,1822.0,1845.0,410765
SKBN.TA,2026-09-11,1845.0,1845.0,1845.0,1845.0,0
SKBN.TA,2026-09-14,1869.0,1869.0,1812.0,1826.0,269798
SKBN.TA,2026-09-15,1826.0,1832.0,1789.0,1814.0,252206
SKBN.TA,2026-09-16,1847.0,1849.0,1805.0,1817.0,442899
SKBN.TA,2026-09-17,1817.0,1857.0,1808.0,1832.0,575218
SKBN.TA,2026-09-18,1832.0,1832.0,1832.0,1832.0,0
SKBN.TA,2026-09-21,1832.0,1832.0,1832.0,1832.0,0
SKBN.TA,2026-09-22,1856.0,1870.0,1810.0,1836.0,502256
SKBN.TA,2026-09-23,1836.0,1845.0,1805.0,1816.0,307093
SKBN.TA,2026-09-24,1787.0,1808.0,1761.0,1791.0,643679
TTAM.TA,2026-07-16,1148.0,1155.0,1125.0,1137.0,47669
TTAM.TA,2026-07-17,1165.0,1165.0,1097.0,1110.0,91387
TTAM.TA,2026-07-20,1089.0,1131.0,1089.0,1129.0,73823
TTAM.TA,2026-07-21,1129.0,1147.0,1104.0,1134.0,41639
TTAM.TA,2026-07-22,1157.0,1157.0,1121.0,1144.0,80852
TTAM.TA,2026-07-24,1137.0,1161.0,1110.0,1152.0,46415
TTAM.TA,2026-07-27,1134.0,1167.0,1115.0,1121.0,60505
TTAM.TA,2026-07-28,1121.0,1129.0,1106.0,1110.0,26340
TTAM.TA,2026-07-29,1110.0,1146.0,1099.0,1128.0,21256
TTAM.TA,2026-07-30,1128.0,1143.0,1113.0,1131.0,50338
TTAM.TA,2026-07-31,1131.0,1152.0,1099.0,1152.0,89350
TTAM.TA,2026-08-03,1115.0,1175.0,1115.0,1171.0,60668
TTAM.TA,2026-08-04,1180.0,1185.0,1128.0,1128.0,72554
TTAM.TA,2026-08-05,1158.0,1158.0,1099.0,1099.0,31032
TTAM.TA,2026-08-06,1099.0,1125.0,1075.0,1080.0,357042
TTAM.TA,2026-08-07,1080.0,1115.0,1080.0,1083.0,19360
TTAM.TA,2026-08-10,1083.0,1116.0,1056.0,1057.0,138633
TTAM.TA,2026-08-11,1075.0,1081.0,1040.0,1052.0,77619
TTAM.TA,2026-08-12,1039.0,1058.0,1028.0,1039.0,81277
TTAM.TA,2026-08-13,1044.0,1098.0,1028.0,1085.0,68237
TTAM.TA,2026-08-14,1087.0,1115.0,1083.0,1105.0,33044
TTAM.TA,2026-08-17,1105.0,1136.0,1092.0,1098.0,51849
TTAM.TA,2026-08-18,1098.0,1110.0,1086.0,1107.0,22794
TTAM.TA,2026-08-19,1122.0,1128.0,1101.0,1115.0,33456
TTAM.TA,2026-08-20,1115.0,1118.0,1080.0,1096.0,33962
TTAM.TA,2026-08-21,1096.0,1099.0,1068.0,1068.0,25334
TTAM.TA,2026-08-24,1068.0,1075.0,1044.0,1061.0,53796
TTAM.TA,2026-08-25,1115.0,1115.0,1061.0,1088.0,19345
TTAM.TA,2026-08-26,1129.0,1191.0,1129.0,1164.0,281594
TTAM.TA,2026-08-27,1180.0,1223.0,1173.0,1215.0,158680
TTAM.TA,2026-08-28,1223.0,1231.0,1204.0,1223.0,106634
TTAM.TA,2026-08-31,1234.0,1243.0,1200.0,1200.0,396509
TTAM.TA,2026-09-01,1200.0,1239.0,1200.0,1224.0,68115
TTAM.TA,2026-09-02,1206.0,1281.0,1206.0,1279.0,190766
TTAM.TA,2026-09-03,1279.0,1305.0,1259.0,1289.0,104037
TTAM.TA,2026-09-04,1289.0,1307.0,1279.0,1292.0,22094
TTAM.TA,2026-09-07,1301.0,1301.0,1265.0,1269.0,36435
TTAM.TA,2026-09-08,1300.0,1300.0,1220.0,1241.0,101485
TTAM.TA,2026-09-09,1234.0,1262.0,1229.0,1253.0,98041
TTAM.TA,2026-09-10,1265.0,1269.0,1180.0,1199.0,282593
TTAM.TA,2026-09-11,1199.0,1199.0,1199.0,1199.0,0
TTAM.TA,2026-09-14,1199.0,1219.0,1177.0,1198.0,161135
TTAM.TA,2026-09-15,1204.0,1205.0,1175.0,1177.0,30615
TTAM.TA,2026-09-16,1177.0,1272.0,1179.0,1185.0,68947
TTAM.TA,2026-09-17,1217.0,1217.0,1171.0,1177.0,47393
TTAM.TA,2026-09-18,1177.0,1177.0,1177.0,1177.0,0
TTAM.TA,2026-09-21,1177.0,1177.0,1177.0,1177.0,0
TTAM.TA,2026-09-22,1190.0,1190.0,1160.0,1184.0,77130
TTAM.TA,2026-09-23,1189.0,1221.0,1177.0,1184.0,39455
TTAM.TA,2026-09-24,1184.0,1184.0,1167.0,1170.0,28479
ACKR.TA,2026-07-16,869.0,873.9000244140625,849.0,857.7999877929688,199331
ACKR.TA,2026-07-17,857.7999877929688,864.2999877929688,843.7000122070312,864.2999877929688,70254
ACKR.TA,2026-07-20,864.2999877929688,878.7999877929688,850.9000244140625,862.0999755859375,101824
ACKR.TA,2026-07-21,862.0999755859375,880.0999755859375,850.0,863.7999877929688,144151
ACKR.TA,2026-07-22,863.7999877929688,872.0,843.0999755859375,854.7000122070312,130811
ACKR.TA,2026-07-24,842.7000122070312,861.2999877929688,835.0,858.5999755859375,271957
ACKR.TA,2026-07-27,864.5999755859375,893.7000122070312,864.5999755859375,878.5999755859375,169123
ACKR.TA,2026-07-28,878.5999755859375,902.7000122070312,867.0999755859375,888.5,113442
ACKR.TA,2026-07-29,888.5,899.9000244140625,869.5,899.9000244140625,142025
ACKR.TA,2026-07-30,899.9000244140625,906.5999755859375,883.2000122070312,906.5999755859375,110744
ACKR.TA,2026-07-31,906.5999755859375,917.9000244140625,898.0999755859375,917.9000244140625,108594
ACKR.TA,2026-08-03,913.2999877929688,926.5999755859375,887.9000244140625,910.0,227977
ACKR.TA,2026-08-04,910.0,910.0,845.4000244140625,872.2999877929688,836960
ACKR.TA,2026-08-05,872.2999877929688,882.7000122070312,833.9000244140625,836.2999877929688,263619
ACKR.TA,2026-08-06,831.0,833.2999877929688,783.0999755859375,783.0999755859375,2432903
ACKR.TA,2026-08-07,783.0999755859375,801.0999755859375,780.0,790.0,162614
ACKR.TA,2026-08-10,806.0,806.0999755859375,771.2000122070312,784.0999755859375,218577
ACKR.TA,2026-08-11,784.0999755859375,785.0,740.5,745.0,375227
ACKR.TA,2026-08-12,740.0,747.0,707.7999877929688,714.0999755859375,403048
ACKR.TA,2026-08-13,714.0999755859375,739.9000244140625,708.7000122070312,735.4000244140625,152057
ACKR.TA,2026-08-14,735.4000244140625,757.0,720.0,753.5999755859375,104308
ACKR.TA,2026-08-17,764.7999877929688,764.7999877929688,740.2999877929688,760.4000244140625,117748
ACKR.TA,2026-08-18,760.4000244140625,762.0,727.5,758.0,124289
ACKR.TA,2026-08-19,758.0,778.5999755859375,745.4000244140625,776.2000122070312,216558
ACKR.TA,2026-08-20,783.7999877929688,789.9000244140625,766.9000244140625,783.0999755859375,161779
ACKR.TA,2026-08-21,783.0999755859375,831.7000122070312,780.0,822.0999755859375,316717
ACKR.TA,2026-08-24,822.0999755859375,844.7000122070312,802.4000244140625,832.0,2040058
ACKR.TA,2026-08-25,832.0,834.7999877929688,810.0999755859375,833.4000244140625,529541
ACKR.TA,2026-08-26,833.4000244140625,849.5999755859375,826.4000244140625,849.5999755859375,180952
ACKR.TA,2026-08-27,850.0,864.9000244140625,690.0,785.7000122070312,2164970
ACKR.TA,2026-08-28,762.4000244140625,816.0,737.0999755859375,742.7999877929688,735727
ACKR.TA,2026-08-31,757.7999877929688,760.0,709.4000244140625,729.2999877929688,255744
ACKR.TA,2026-09-01,729.2999877929688,749.0,715.2000122070312,734.2999877929688,625239
ACKR.TA,2026-09-02,734.2999877929688,745.0,721.0999755859375,741.0,297504
ACKR.TA,2026-09-03,741.0,747.2999877929688,728.0,746.4000244140625,271188
ACKR.TA,2026-09-04,746.4000244140625,754.0,741.9000244140625,749.2000122070312,115297
ACKR.TA,2026-09-07,743.0999755859375,745.2000122070312,720.0999755859375,720.0999755859375,256270
ACKR.TA,2026-09-08,720.0999755859375,740.0,706.2000122070312,734.5,365687
ACKR.TA,2026-09-09,734.5,740.0,720.5,730.7999877929688,213673
ACKR.TA,2026-09-10,730.7999877929688,734.2000122070312,709.9000244140625,718.0999755859375,233935
ACKR.TA,2026-09-11,718.0999755859375,718.0999755859375,718.0999755859375,718.0999755859375,0
ACKR.TA,2026-09-14,718.0999755859375,725.5999755859375,702.0999755859375,725.5999755859375,156802
ACKR.TA,2026-09-15,725.5999755859375,727.5,701.0,709.0,264246
ACKR.TA,2026-09-16,709.0,721.9000244140625,694.5,714.7000122070312,441389
ACKR.TA,2026-09-17,714.7000122070312,719.0,697.0,700.0,302561
ACKR.TA,2026-09-18,700.0,700.0,700.0,700.0,0
ACKR.TA,2026-09-21,700.0,700.0,700.0,700.0,0
ACKR.TA,2026-09-22,709.0,712.0,691.5999755859375,695.2000122070312,253668
ACKR.TA,2026-09-23,698.0,702.0,650.0,657.4000244140625,582200
ACKR.TA,2026-09-24,650.0999755859375,650.0999755859375,625.5999755859375,635.5,272886
MTRX.TA,2026-07-16,8540.0,8640.0,8313.0,8466.0,175120
MTRX.TA,2026-07-17,8300.0,8551.0,8300.0,8522.0,83180
MTRX.TA,2026-07-20,8522.0,8777.0,8450.0,8661.0,113894
MTRX.TA,2026-07-21,8661.0,8953.0,8607.0,8841.0,166175
MTRX.TA,2026-07-22,8800.0,8883.0,8590.0,8708.0,118739
MTRX.TA,2026-07-24,8465.0,8575.0,8401.0,8450.0,159483
MTRX.TA,2026-07-27,8492.0,8775.0,8492.0,8650.0,316867
MTRX.TA,2026-07-28,8725.0,8937.0,8634.0,8902.0,548769
MTRX.TA,2026-07-29,8999.0,9021.0,8597.0,8814.0,179793
MTRX.TA,2026-07-30,8852.0,8858.0,8406.0,8510.0,136116
MTRX.TA,2026-07-31,8619.0,8715.0,8529.0,8650.0,63585
MTRX.TA,2026-08-03,8685.0,8972.0,8553.0,8972.0,173412
MTRX.TA,2026-08-04,9000.0,9047.0,8792.0,8978.0,397000
MTRX.TA,2026-08-05,9000.0,9098.0,8868.0,8868.0,118885
MTRX.TA,2026-08-06,8868.0,9047.0,8749.0,8868.0,723007
MTRX.TA,2026-08-07,8868.0,9041.0,8665.0,8800.0,307476
MTRX.TA,2026-08-10,8800.0,9074.0,8712.0,8890.0,381664
MTRX.TA,2026-08-11,8890.0,8999.0,8681.0,8681.0,72755
MTRX.TA,2026-08-12,8681.0,8722.0,8442.0,8545.0,101114
MTRX.TA,2026-08-13,8633.0,8884.0,8496.0,8836.0,45527
MTRX.TA,2026-08-14,8837.0,8950.0,8567.0,8617.0,133342
MTRX.TA,2026-08-17,8630.0,8797.0,8575.0,8575.0,329179
MTRX.TA,2026-08-18,8800.0,9708.0,8800.0,9544.0,348432
MTRX.TA,2026-08-19,9544.0,9725.0,9345.0,9685.0,212712
MTRX.TA,2026-08-20,9672.0,9825.0,9610.0,9700.0,123043
MTRX.TA,2026-08-21,9771.0,9771.0,9483.0,9515.0,61010
MTRX.TA,2026-08-24,9515.0,9558.0,9280.0,9283.0,161906
MTRX.TA,2026-08-25,9283.0,9817.0,9220.0,9740.0,254344
MTRX.TA,2026-08-26,9740.0,10220.0,9697.0,9992.0,372240
MTRX.TA,2026-08-27,10040.0,10700.0,10040.0,10680.0,291503
MTRX.TA,2026-08-28,10500.0,11030.0,10430.0,11000.0,168406
MTRX.TA,2026-08-31,11050.0,11230.0,10930.0,11020.0,246151
MTRX.TA,2026-09-01,11000.0,11360.0,10890.0,11160.0,378062
MTRX.TA,2026-09-02,11160.0,11380.0,10780.0,10930.0,176857
MTRX.TA,2026-09-03,10930.0,11100.0,10350.0,10930.0,218371
MTRX.TA,2026-09-04,10770.0,11140.0,10770.0,11050.0,128994
MTRX.TA,2026-09-07,11050.0,11150.0,10770.0,11070.0,117927
MTRX.TA,2026-09-08,11070.0,11080.0,10830.0,10830.0,244717
MTRX.TA,2026-09-09,10800.0,11020.0,10580.0,10580.0,228484
MTRX.TA,2026-09-10,10480.0,10910.0,10480.0,10630.0,134162
MTRX.TA,2026-09-11,10630.0,10630.0,10630.0,10630.0,0
MTRX.TA,2026-09-14,10630.0,10800.0,10380.0,10500.0,82945
MTRX.TA,2026-09-15,10500.0,10510.0,10270.0,10380.0,53758
MTRX.TA,2026-09-16,10380.0,10520.0,10270.0,10290.0,99961
MTRX.TA,2026-09-17,10190.0,10500.0,10090.0,10260.0,138486
MTRX.TA,2026-09-18,10260.0,10260.0,10260.0,10260.0,0
MTRX.TA,2026-09-21,10260.0,10260.0,10260.0,10260.0,0
MTRX.TA,2026-09-22,10460.0,10570.0,10160.0,10440.0,144708
MTRX.TA,2026-09-23,10400.0,10430.0,10160.0,10290.0,156807
MTRX.TA,2026-09-24,10350.0,10350.0,9966.0,10130.0,154745
STRS.TA,2026-07-16,11320.0,11400.0,11140.0,11180.0,167239
STRS.TA,2026-07-17,11180.0,11210.0,11000.0,11180.0,56895
STRS.TA,2026-07-20,11180.0,11330.0,11110.0,11250.0,205110
STRS.TA,2026-07-21,11290.0,11490.0,11200.0,11260.0,73167
STRS.TA,2026-07-22,11300.0,11690.0,11270.0,11540.0,80767
STRS.TA,2026-07-24,11690.0,11860.0,11300.0,11750.0,208584
STRS.TA,2026-07-27,11750.0,11960.0,11680.0,11780.0,207333
STRS.TA,2026-07-28,11770.0,12130.0,11760.0,11940.0,91429
STRS.TA,2026-07-29,12020.0,12080.0,11610.0,11610.0,82798
STRS.TA,2026-07-30,11700.0,11840.0,11600.0,11760.0,76126
STRS.TA,2026-07-31,11670.0,11700.0,11470.0,11580.0,71763
STRS.TA,2026-08-03,11470.0,11610.0,11250.0,11440.0,106146
STRS.TA,2026-08-04,11320.0,11330.0,11050.0,11240.0,120406
STRS.TA,2026-08-05,11090.0,11450.0,11090.0,11450.0,169892
STRS.TA,2026-08-06,11300.0,11490.0,10950.0,11070.0,567401
STRS.TA,2026-08-07,11160.0,11220.0,10980.0,11110.0,89733
STRS.TA,2026-08-10,11110.0,11200.0,10970.0,11080.0,92416
STRS.TA,2026-08-11,10940.0,11120.0,10920.0,11010.0,70436
STRS.TA,2026-08-12,11500.0,11710.0,11100.0,11350.0,233714
STRS.TA,2026-08-13,11320.0,11450.0,11230.0,11360.0,66728
STRS.TA,2026-08-14,11430.0,11440.0,11280.0,11310.0,34484
STRS.TA,2026-08-17,11250.0,11410.0,11220.0,11250.0,62616
STRS.TA,2026-08-18,11200.0,11430.0,11110.0,11430.0,59446
STRS.TA,2026-08-19,11330.0,11390.0,11070.0,11310.0,83840
STRS.TA,2026-08-20,11350.0,11500.0,11320.0,11400.0,73700
STRS.TA,2026-08-21,11400.0,11510.0,11240.0,11510.0,42451
STRS.TA,2026-08-24,11550.0,11550.0,11360.0,11510.0,54193
STRS.TA,2026-08-25,11550.0,11550.0,11380.0,11500.0,52104
STRS.TA,2026-08-26,11500.0,11550.0,11400.0,11500.0,105571
STRS.TA,2026-08-27,11500.0,11500.0,11280.0,11290.0,39127
STRS.TA,2026-08-28,11230.0,11320.0,11160.0,11270.0,126349
STRS.TA,2026-08-31,11280.0,11370.0,11190.0,11250.0,83393
STRS.TA,2026-09-01,11170.0,11460.0,11170.0,11460.0,81720
STRS.TA,2026-09-02,11460.0,11460.0,11170.0,11250.0,265911
STRS.TA,2026-09-03,11270.0,11370.0,11170.0,11340.0,173828
STRS.TA,2026-09-04,11340.0,11450.0,11270.0,11400.0,72148
STRS.TA,2026-09-07,11350.0,11370.0,11230.0,11350.0,73031
STRS.TA,2026-09-08,11400.0,11440.0,11140.0,11310.0,93214
STRS.TA,2026-09-09,11270.0,11700.0,11230.0,11620.0,183607
STRS.TA,2026-09-10,11740.0,11740.0,11460.0,11570.0,93627
STRS.TA,2026-09-11,11570.0,11570.0,11570.0,11570.0,0
STRS.TA,2026-09-14,11490.0,11520.0,11280.0,11370.0,85440
STRS.TA,2026-09-15,11480.0,11600.0,11280.0,11390.0,61471
STRS.TA,2026-09-16,11330.0,11380.0,11100.0,11120.0,64431
STRS.TA,2026-09-17,11120.0,11200.0,10900.0,10920.0,135737
STRS.TA,2026-09-18,10920.0,10920.0,10920.0,10920.0,0
STRS.TA,2026-09-21,10920.0,10920.0,10920.0,10920.0,0
STRS.TA,2026-09-22,10920.0,11190.0,10920.0,11150.0,104013
STRS.TA,2026-09-23,11100.0,11260.0,11030.0,11240.0,128290
STRS.TA,2026-09-24,11150.0,11260.0,11070.0,11150.0,131434
ARYT.TA,2026-07-16,2682.0,2737.0,2650.0,2685.0,525320
ARYT.TA,2026-07-17,2685.0,2716.0,2643.0,2661.0,147581
ARYT.TA,2026-07-20,2655.0,2782.0,2611.0,2777.0,349525
ARYT.TA,2026-07-21,2794.0,2880.0,2784.0,2825.0,804832
ARYT.TA,2026-07-22,2844.0,2851.0,2734.0,2744.0,407461
ARYT.TA,2026-07-24,2705.0,2879.0,2705.0,2850.0,360884
ARYT.TA,2026-07-27,2850.0,2878.0,2752.0,2780.0,222932
ARYT.TA,2026-07-28,2755.0,2792.0,2592.0,2592.0,375661
ARYT.TA,2026-07-29,2612.0,2612.0,2480.0,2520.0,348565
ARYT.TA,2026-07-30,2520.0,2533.0,2460.0,2493.0,208384
ARYT.TA,2026-07-31,2493.0,2543.0,2475.0,2523.0,172815
ARYT.TA,2026-08-03,2515.0,2611.0,2502.0,2511.0,329964
ARYT.TA,2026-08-04,2511.0,2585.0,2481.0,2483.0,297344
ARYT.TA,2026-08-05,2483.0,2553.0,2455.0,2491.0,432797
ARYT.TA,2026-08-06,2491.0,2522.0,2402.0,2500.0,1463927
ARYT.TA,2026-08-07,2500.0,2564.0,2479.0,2512.0,196003
ARYT.TA,2026-08-10,2514.0,2620.0,2514.0,2545.0,550200
ARYT.TA,2026-08-11,2545.0,2545.0,2426.0,2439.0,434524
ARYT.TA,2026-08-12,2439.0,2447.0,2343.0,2351.0,290895
ARYT.TA,2026-08-13,2333.0,2393.0,2322.0,2383.0,185853
ARYT.TA,2026-08-14,2365.0,2400.0,2310.0,2319.0,163769
ARYT.TA,2026-08-17,2311.0,2389.0,2280.0,2305.0,404961
ARYT.TA,2026-08-18,2305.0,2329.0,2230.0,2255.0,414514
ARYT.TA,2026-08-19,2250.0,2311.0,2205.0,2220.0,425885
ARYT.TA,2026-08-20,2263.0,2268.0,1776.0,1957.0,4149220
ARYT.TA,2026-08-21,1977.0,2058.0,1936.0,2055.0,1109908
ARYT.TA,2026-08-24,2064.0,2092.0,2001.0,2055.0,830659
ARYT.TA,2026-08-25,2063.0,2075.0,2015.0,2061.0,707413
ARYT.TA,2026-08-26,2064.0,2064.0,1990.0,2048.0,537316
ARYT.TA,2026-08-27,2048.0,2058.0,2010.0,2049.0,542844
ARYT.TA,2026-08-28,1733.0,1733.0,1576.0,1612.0,968934
ARYT.TA,2026-08-31,1612.0,1635.0,1529.0,1573.0,837471
ARYT.TA,2026-09-01,1573.0,1670.0,1558.0,1670.0,678723
ARYT.TA,2026-09-02,1665.0,1788.0,1656.0,1727.0,729203
ARYT.TA,2026-09-03,1720.0,1720.0,1655.0,1665.0,391331
ARYT.TA,2026-09-04,1665.0,1710.0,1662.0,1684.0,233261
ARYT.TA,2026-09-07,1684.0,1714.0,1653.0,1700.0,375555
ARYT.TA,2026-09-08,1700.0,1708.0,1597.0,1600.0,745455
ARYT.TA,2026-09-09,1607.0,1651.0,1535.0,1535.0,852404
ARYT.TA,2026-09-10,1535.0,1582.0,1505.0,1527.0,477408
ARYT.TA,2026-09-11,1527.0,1527.0,1527.0,1527.0,0
ARYT.TA,2026-09-14,1565.0,1747.0,1552.0,1721.0,1540098
ARYT.TA,2026-09-15,1721.0,1774.0,1647.0,1647.0,859801
ARYT.TA,2026-09-16,1647.0,1670.0,1615.0,1645.0,585563
ARYT.TA,2026-09-17,1645.0,1673.0,1602.0,1630.0,778613
ARYT.TA,2026-09-18,1630.0,1630.0,1630.0,1630.0,0
ARYT.TA,2026-09-21,1630.0,1630.0,1630.0,1630.0,0
ARYT.TA,2026-09-22,1632.0,1697.0,1632.0,1684.0,703594
ARYT.TA,2026-09-23,1691.0,1693.0,1634.0,1637.0,432234
ARYT.TA,2026-09-24,1621.0,1639.0,1600.0,1623.0,406267
ELMR.TA,2026-07-16,2867.0,2904.0,2721.0,2865.0,13736
ELMR.TA,2026-07-17,2865.0,2865.0,2790.0,2848.0,42816
ELMR.TA,2026-07-20,2848.0,2848.0,2670.0,2712.0,56300
ELMR.TA,2026-07-21,2712.0,2814.0,2680.0,2753.0,38468
ELMR.TA,2026-07-22,2740.0,2840.0,2707.0,2809.0,26564
ELMR.TA,2026-07-24,2808.0,2840.0,2741.0,2816.0,18297
ELMR.TA,2026-07-27,2816.0,3017.0,2783.0,2992.0,40753
ELMR.TA,2026-07-28,2992.0,2986.0,2864.0,2901.0,14414
ELMR.TA,2026-07-29,2850.0,2960.0,2816.0,2905.0,33527
ELMR.TA,2026-07-30,2905.0,2954.0,2800.0,2905.0,152000
ELMR.TA,2026-07-31,2905.0,2955.0,2890.0,2932.0,20161
ELMR.TA,2026-08-03,2932.0,2930.0,2890.0,2923.0,7859
ELMR.TA,2026-08-04,2923.0,2920.0,2818.0,2828.0,19170
ELMR.TA,2026-08-05,2828.0,2828.0,2700.0,2770.0,25443
ELMR.TA,2026-08-06,2770.0,2770.0,2699.0,2701.0,84530
ELMR.TA,2026-08-07,2701.0,2700.0,2642.0,2691.0,6703
ELMR.TA,2026-08-10,2691.0,2699.0,2539.0,2566.0,38151
ELMR.TA,2026-08-11,2540.0,2700.0,2425.0,2617.0,170941
ELMR.TA,2026-08-12,2617.0,2850.0,2613.0,2800.0,145590
ELMR.TA,2026-08-13,2800.0,2912.0,2753.0,2811.0,53066
ELMR.TA,2026-08-14,2791.0,2843.0,2750.0,2792.0,19947
ELMR.TA,2026-08-17,2792.0,2840.0,2671.0,2775.0,27421
ELMR.TA,2026-08-18,2775.0,2748.0,2640.0,2719.0,23881
ELMR.TA,2026-08-19,2719.0,2750.0,2670.0,2670.0,20680
ELMR.TA,2026-08-20,2670.0,2670.0,2600.0,2670.0,15615
ELMR.TA,2026-08-21,2670.0,2700.0,2642.0,2674.0,9844
ELMR.TA,2026-08-24,2674.0,2693.0,2551.0,2574.0,3471
ELMR.TA,2026-08-25,2574.0,2574.0,2460.0,2471.0,33774
ELMR.TA,2026-08-26,2471.0,2518.0,2356.0,2474.0,37163
ELMR.TA,2026-08-27,2474.0,2596.0,2100.0,2355.0,217531
ELMR.TA,2026-08-28,2355.0,2459.0,2355.0,2413.0,20588
ELMR.TA,2026-08-31,2413.0,2530.0,2360.0,2492.0,37029
ELMR.TA,2026-09-01,2492.0,2480.0,2360.0,2380.0,52221
ELMR.TA,2026-09-02,2380.0,2447.0,2280.0,2283.0,341125
ELMR.TA,2026-09-03,2283.0,2340.0,2191.0,2238.0,50101
ELMR.TA,2026-09-04,2238.0,2278.0,2172.0,2268.0,220679
ELMR.TA,2026-09-07,2268.0,2370.0,2200.0,2369.0,128638
ELMR.TA,2026-09-08,2369.0,2460.0,2313.0,2360.0,52848
ELMR.TA,2026-09-09,2360.0,2399.0,2300.0,2313.0,30461
ELMR.TA,2026-09-10,2313.0,2317.0,2200.0,2231.0,77239
ELMR.TA,2026-09-11,2231.0,2231.0,2231.0,2231.0,0
ELMR.TA,2026-09-14,2220.0,2230.0,2144.0,2173.0,46949
ELMR.TA,2026-09-15,2173.0,2151.0,2099.0,2099.0,71907
ELMR.TA,2026-09-16,2099.0,2202.0,2090.0,2100.0,260552
ELMR.TA,2026-09-17,2100.0,2289.0,2100.0,2225.0,479021
ELMR.TA,2026-09-18,2225.0,2225.0,2225.0,2225.0,0
ELMR.TA,2026-09-21,2225.0,2225.0,2225.0,2225.0,0
ELMR.TA,2026-09-22,2277.0,2278.0,2216.0,2256.0,108814
ELMR.TA,2026-09-23,2256.0,2370.0,2254.0,2315.0,170638
ELMR.TA,2026-09-24,2315.0,2309.0,2240.0,2295.0,44455
ALRPR.TA,2026-07-16,24170.0,25200.0,23290.0,23840.0,2920
ALRPR.TA,2026-07-17,23840.0,25250.0,24000.0,25060.0,1598
ALRPR.TA,2026-07-20,25010.0,25070.0,24460.0,24930.0,808
ALRPR.TA,2026-07-21,24930.0,25000.0,24920.0,24990.0,122
ALRPR.TA,2026-07-22,24990.0,25390.0,24800.0,25290.0,422
ALRPR.TA,2026-07-24,25390.0,25400.0,25390.0,25320.0,2
ALRPR.TA,2026-07-27,25320.0,25590.0,24820.0,25410.0,393
ALRPR.TA,2026-07-28,25410.0,25420.0,24690.0,25310.0,164
ALRPR.TA,2026-07-29,25310.0,25310.0,25310.0,25310.0,0
ALRPR.TA,2026-07-30,25310.0,25310.0,25310.0,25310.0,0
ALRPR.TA,2026-07-31,25310.0,25540.0,25220.0,25500.0,67
ALRPR.TA,2026-08-03,25500.0,25590.0,25240.0,25480.0,193
ALRPR.TA,2026-08-04,25470.0,25470.0,24800.0,25020.0,92
ALRPR.TA,2026-08-05,25020.0,25550.0,25030.0,25550.0,1066
ALRPR.TA,2026-08-06,25550.0,25550.0,25510.0,25540.0,109
ALRPR.TA,2026-08-07,25540.0,26500.0,25600.0,25870.0,148
ALRPR.TA,2026-08-10,25870.0,26500.0,25610.0,26120.0,111
ALRPR.TA,2026-08-11,26070.0,26120.0,24500.0,24850.0,1322
ALRPR.TA,2026-08-12,24850.0,25090.0,24380.0,24590.0,781
ALRPR.TA,2026-08-13,24590.0,24670.0,24580.0,24600.0,134
ALRPR.TA,2026-08-14,24600.0,25100.0,24980.0,25010.0,82
ALRPR.TA,2026-08-17,25010.0,26190.0,24600.0,25240.0,1509
ALRPR.TA,2026-08-18,25240.0,25240.0,25230.0,25240.0,241
ALRPR.TA,2026-08-19,25240.0,25990.0,25690.0,25750.0,53
ALRPR.TA,2026-08-20,25750.0,25750.0,25730.0,25740.0,155
ALRPR.TA,2026-08-21,25740.0,25740.0,25740.0,25740.0,0
ALRPR.TA,2026-08-24,25880.0,25880.0,24720.0,25580.0,218
ALRPR.TA,2026-08-25,25580.0,25710.0,24270.0,25040.0,892
ALRPR.TA,2026-08-26,25040.0,25550.0,25070.0,25150.0,132
ALRPR.TA,2026-08-27,25150.0,25800.0,24500.0,24740.0,357
ALRPR.TA,2026-08-28,24740.0,25010.0,25010.0,24810.0,2
ALRPR.TA,2026-08-31,24810.0,25530.0,24390.0,24530.0,238
ALRPR.TA,2026-09-01,24530.0,25750.0,24480.0,24600.0,185
ALRPR.TA,2026-09-02,24600.0,25330.0,24100.0,25030.0,438
ALRPR.TA,2026-09-03,25030.0,25070.0,24570.0,24810.0,122
ALRPR.TA,2026-09-04,24810.0,24930.0,24810.0,24880.0,248
ALRPR.TA,2026-09-07,24880.0,25400.0,24130.0,25300.0,1508
ALRPR.TA,2026-09-08,25300.0,25800.0,25300.0,25420.0,103
ALRPR.TA,2026-09-09,25420.0,25800.0,25020.0,25400.0,153
ALRPR.TA,2026-09-10,25400.0,25480.0,24750.0,25230.0,347
ALRPR.TA,2026-09-11,25230.0,25230.0,25230.0,25230.0,0
ALRPR.TA,2026-09-14,25230.0,25400.0,24800.0,25160.0,586
ALRPR.TA,2026-09-15,25160.0,25800.0,25270.0,25440.0,385
ALRPR.TA,2026-09-16,25440.0,25500.0,24750.0,24790.0,462
ALRPR.TA,2026-09-17,24790.0,25430.0,24500.0,25140.0,589
ALRPR.TA,2026-09-18,25140.0,25140.0,25140.0,25140.0,0
ALRPR.TA,2026-09-21,25140.0,25140.0,25140.0,25140.0,0
ALRPR.TA,2026-09-22,25140.0,25800.0,25180.0,25630.0,986
ALRPR.TA,2026-09-23,25630.0,25800.0,24770.0,25760.0,431
ALRPR.TA,2026-09-24,25760.0,26700.0,25410.0,26200.0,2836
NOFR.TA,2026-07-16,21280.0,21910.0,20880.0,21630.0,60183
NOFR.TA,2026-07-17,21630.0,21630.0,20720.0,21200.0,59384
NOFR.TA,2026-07-20,21200.0,21730.0,20670.0,21120.0,52868
NOFR.TA,2026-07-21,21730.0,22590.0,21400.0,21400.0,70180
NOFR.TA,2026-07-22,21490.0,22000.0,21350.0,21840.0,63181
NOFR.TA,2026-07-24,21160.0,21610.0,20600.0,20600.0,164939
NOFR.TA,2026-07-27,20740.0,21470.0,20120.0,20120.0,70807
NOFR.TA,2026-07-28,20120.0,20150.0,18850.0,18980.0,132826
NOFR.TA,2026-07-29,18710.0,18750.0,17500.0,17900.0,400658
NOFR.TA,2026-07-30,17900.0,18400.0,17550.0,18370.0,142043
NOFR.TA,2026-07-31,18490.0,18660.0,18000.0,18000.0,82929
NOFR.TA,2026-08-03,17900.0,17930.0,17260.0,17520.0,140880
NOFR.TA,2026-08-04,17650.0,18490.0,17300.0,17950.0,180035
NOFR.TA,2026-08-05,18300.0,18300.0,16850.0,16990.0,198200
NOFR.TA,2026-08-06,17210.0,17940.0,16660.0,17330.0,1233195
NOFR.TA,2026-08-07,17350.0,18180.0,17350.0,17750.0,96713
NOFR.TA,2026-08-10,17760.0,18190.0,17380.0,17520.0,135029
NOFR.TA,2026-08-11,17520.0,18290.0,16950.0,18250.0,81192
NOFR.TA,2026-08-12,18500.0,18820.0,18010.0,18700.0,83236
NOFR.TA,2026-08-13,18700.0,20300.0,18560.0,20100.0,221979
NOFR.TA,2026-08-14,20100.0,20100.0,18680.0,19010.0,179473
NOFR.TA,2026-08-17,19010.0,19650.0,18180.0,18280.0,71722
NOFR.TA,2026-08-18,18280.0,18640.0,17400.0,18280.0,80760
NOFR.TA,2026-08-19,18720.0,18720.0,17660.0,17800.0,70992
NOFR.TA,2026-08-20,18000.0,19440.0,18000.0,18800.0,213578
NOFR.TA,2026-08-21,18700.0,19090.0,18010.0,18240.0,107227
NOFR.TA,2026-08-24,18240.0,18240.0,17110.0,17110.0,110257
NOFR.TA,2026-08-25,17110.0,17480.0,16560.0,17060.0,124195
NOFR.TA,2026-08-26,17060.0,17060.0,16040.0,16850.0,135572
NOFR.TA,2026-08-27,17050.0,17420.0,16690.0,17000.0,86452
NOFR.TA,2026-08-28,16800.0,16920.0,16090.0,16600.0,139952
NOFR.TA,2026-08-31,16650.0,16650.0,16140.0,16570.0,102372
NOFR.TA,2026-09-01,16570.0,17000.0,16160.0,16520.0,179229
NOFR.TA,2026-09-02,16380.0,17420.0,16220.0,17160.0,201373
NOFR.TA,2026-09-03,17160.0,17260.0,16710.0,17160.0,113326
NOFR.TA,2026-09-04,17160.0,18430.0,17150.0,18400.0,121589
NOFR.TA,2026-09-07,18590.0,18760.0,17660.0,17900.0,86929
NOFR.TA,2026-09-08,17900.0,17920.0,17090.0,17670.0,122420
NOFR.TA,2026-09-09,17750.0,18180.0,17420.0,17500.0,104198
NOFR.TA,2026-09-10,17620.0,17740.0,17060.0,17250.0,72468
NOFR.TA,2026-09-11,17250.0,17250.0,17250.0,17250.0,0
NOFR.TA,2026-09-14,17000.0,17240.0,16580.0,16750.0,81888
NOFR.TA,2026-09-15,16750.0,16760.0,15200.0,15200.0,199215
NOFR.TA,2026-09-16,15500.0,15960.0,15200.0,15200.0,233510
NOFR.TA,2026-09-17,15450.0,16300.0,15200.0,15940.0,258603
NOFR.TA,2026-09-18,15940.0,15940.0,15940.0,15940.0,0
NOFR.TA,2026-09-21,15940.0,15940.0,15940.0,15940.0,0
NOFR.TA,2026-09-22,16420.0,16500.0,15780.0,15810.0,100207
NOFR.TA,2026-09-23,15200.0,16310.0,14950.0,15630.0,315479
NOFR.TA,2026-09-24,15410.0,15410.0,14460.0,14750.0,234287
FIBI.TA,2026-07-16,23300.0,23310.0,22630.0,22800.0,167381
FIBI.TA,2026-07-17,22800.0,23230.0,22780.0,23070.0,101973
FIBI.TA,2026-07-20,23090.0,23220.0,22830.0,23020.0,657231
FIBI.TA,2026-07-21,23070.0,23460.0,22920.0,23270.0,330003
FIBI.TA,2026-07-22,23270.0,23520.0,23060.0,23160.0,183016
FIBI.TA,2026-07-24,22920.0,23500.0,22590.0,23390.0,166231
FIBI.TA,2026-07-27,23500.0,23810.0,23490.0,23510.0,109473
FIBI.TA,2026-07-28,23650.0,23710.0,23190.0,23340.0,173177
FIBI.TA,2026-07-29,23270.0,23490.0,22710.0,22970.0,155331
FIBI.TA,2026-07-30,22860.0,23390.0,22830.0,23270.0,186416
FIBI.TA,2026-07-31,23160.0,23640.0,23160.0,23640.0,163981
FIBI.TA,2026-08-03,23650.0,23890.0,23370.0,23370.0,184742
FIBI.TA,2026-08-04,23220.0,23610.0,23090.0,23610.0,113326
FIBI.TA,2026-08-05,23690.0,23730.0,23080.0,23130.0,148450
FIBI.TA,2026-08-06,22990.0,23320.0,22980.0,23220.0,654006
FIBI.TA,2026-08-07,23400.0,23730.0,23200.0,23570.0,110184
FIBI.TA,2026-08-10,23680.0,23680.0,23210.0,23230.0,132183
FIBI.TA,2026-08-11,23230.0,23690.0,23190.0,23670.0,131082
FIBI.TA,2026-08-12,24170.0,24370.0,23950.0,24100.0,137476
FIBI.TA,2026-08-13,23930.0,24310.0,23920.0,24150.0,123724
FIBI.TA,2026-08-14,24250.0,24360.0,24120.0,24230.0,48793
FIBI.TA,2026-08-17,24030.0,24190.0,23160.0,23180.0,218195
FIBI.TA,2026-08-18,23190.0,23790.0,22920.0,23790.0,224277
FIBI.TA,2026-08-19,23100.0,23280.0,22800.0,23230.0,270719
FIBI.TA,2026-08-20,23030.0,23280.0,22850.0,22850.0,152770
FIBI.TA,2026-08-21,22850.0,23340.0,22850.0,23280.0,130536
FIBI.TA,2026-08-24,23300.0,23490.0,23140.0,23390.0,92172
FIBI.TA,2026-08-25,23390.0,23660.0,23100.0,23560.0,101751
FIBI.TA,2026-08-26,23470.0,23710.0,23270.0,23580.0,136253
FIBI.TA,2026-08-27,23500.0,23630.0,23440.0,23600.0,53625
FIBI.TA,2026-08-28,23400.0,23730.0,23400.0,23400.0,166109
FIBI.TA,2026-08-31,23400.0,23660.0,23300.0,23520.0,100676
FIBI.TA,2026-09-01,23480.0,24160.0,22960.0,23550.0,198288
FIBI.TA,2026-09-02,23560.0,24000.0,23560.0,24000.0,143851
FIBI.TA,2026-09-03,24050.0,24390.0,23990.0,24390.0,124024
FIBI.TA,2026-09-04,24390.0,24550.0,24200.0,24260.0,104514
FIBI.TA,2026-09-07,24380.0,24490.0,24200.0,24400.0,139608
FIBI.TA,2026-09-08,24380.0,24460.0,23910.0,24010.0,132374
FIBI.TA,2026-09-09,24040.0,24150.0,23860.0,24000.0,155579
FIBI.TA,2026-09-10,24010.0,24140.0,23570.0,23720.0,122589
FIBI.TA,2026-09-11,23720.0,23720.0,23720.0,23720.0,0
FIBI.TA,2026-09-14,23720.0,24060.0,23720.0,23960.0,102317
FIBI.TA,2026-09-15,23960.0,24000.0,23670.0,23750.0,86529
FIBI.TA,2026-09-16,23800.0,24110.0,23790.0,24090.0,111483
FIBI.TA,2026-09-17,24090.0,24250.0,23720.0,23730.0,163979
FIBI.TA,2026-09-18,23730.0,23730.0,23730.0,23730.0,0
FIBI.TA,2026-09-21,23730.0,23730.0,23730.0,23730.0,0
FIBI.TA,2026-09-22,23730.0,23840.0,23380.0,23540.0,180877
FIBI.TA,2026-09-23,23500.0,23580.0,23110.0,23410.0,127657
FIBI.TA,2026-09-24,23170.0,23360.0,23030.0,23170.0,161398
MLSR.TA,2026-07-16,42890.0,43210.0,41420.0,41690.0,33560
MLSR.TA,2026-07-17,41690.0,41690.0,41210.0,41430.0,14166
MLSR.TA,2026-07-20,41480.0,42280.0,41030.0,42130.0,25754
MLSR.TA,2026-07-21,42500.0,42570.0,41000.0,41400.0,30422
MLSR.TA,2026-07-22,42000.0,42820.0,41200.0,41200.0,90016
MLSR.TA,2026-07-24,40620.0,41470.0,40120.0,40770.0,76874
MLSR.TA,2026-07-27,41870.0,42250.0,40710.0,41800.0,100057
MLSR.TA,2026-07-28,42030.0,42030.0,40560.0,40590.0,63202
MLSR.TA,2026-07-29,40500.0,40690.0,39860.0,40260.0,35926
MLSR.TA,2026-07-30,40200.0,40600.0,39650.0,40160.0,28470
MLSR.TA,2026-07-31,40070.0,40650.0,40030.0,40180.0,28303
MLSR.TA,2026-08-03,40160.0,40670.0,39380.0,39680.0,37286
MLSR.TA,2026-08-04,39480.0,39850.0,38670.0,39150.0,34646
MLSR.TA,2026-08-05,39190.0,40050.0,38920.0,40000.0,80339
MLSR.TA,2026-08-06,39720.0,40160.0,39030.0,40000.0,166834
MLSR.TA,2026-08-07,40000.0,40370.0,39990.0,40200.0,44368
MLSR.TA,2026-08-10,39950.0,40390.0,39720.0,40190.0,45483
MLSR.TA,2026-08-11,40190.0,40570.0,39820.0,40400.0,26663
MLSR.TA,2026-08-12,40210.0,40600.0,40000.0,40510.0,157344
MLSR.TA,2026-08-13,39900.0,40660.0,39600.0,40180.0,35108
MLSR.TA,2026-08-14,40590.0,41000.0,40180.0,40500.0,13644
MLSR.TA,2026-08-17,40380.0,40920.0,39170.0,39200.0,74468
MLSR.TA,2026-08-18,39030.0,39300.0,38550.0,39300.0,33513
MLSR.TA,2026-08-19,39360.0,40300.0,39130.0,40300.0,69494
MLSR.TA,2026-08-20,40430.0,41050.0,40170.0,40600.0,82055
MLSR.TA,2026-08-21,40570.0,40970.0,39230.0,40720.0,27266
MLSR.TA,2026-08-24,40780.0,40890.0,40240.0,40560.0,22761
MLSR.TA,2026-08-25,40560.0,41160.0,40480.0,40940.0,18526
MLSR.TA,2026-08-26,40550.0,40980.0,40270.0,40850.0,25185
MLSR.TA,2026-08-27,40990.0,41180.0,40390.0,41180.0,41734
MLSR.TA,2026-08-28,40760.0,41190.0,40430.0,41090.0,50237
MLSR.TA,2026-08-31,41090.0,41090.0,40380.0,40800.0,23910
MLSR.TA,2026-09-01,40620.0,41890.0,40320.0,41830.0,63217
MLSR.TA,2026-09-02,41760.0,42890.0,41440.0,42670.0,93686
MLSR.TA,2026-09-03,42630.0,43830.0,42370.0,43400.0,90650
MLSR.TA,2026-09-04,43580.0,43820.0,43200.0,43380.0,22984
MLSR.TA,2026-09-07,43730.0,43730.0,42080.0,42830.0,28156
MLSR.TA,2026-09-08,42850.0,42850.0,41750.0,42420.0,46992
MLSR.TA,2026-09-09,42630.0,42840.0,41910.0,42270.0,22672
MLSR.TA,2026-09-10,42330.0,42620.0,41030.0,41280.0,58983
MLSR.TA,2026-09-11,41280.0,41280.0,41280.0,41280.0,0
MLSR.TA,2026-09-14,41000.0,41070.0,40380.0,40890.0,45731
MLSR.TA,2026-09-15,40890.0,40920.0,39820.0,40620.0,34467
MLSR.TA,2026-09-16,40540.0,40970.0,40410.0,40760.0,39184
MLSR.TA,2026-09-17,40850.0,41050.0,40330.0,40500.0,58409
MLSR.TA,2026-09-18,40500.0,40500.0,40500.0,40500.0,0
MLSR.TA,2026-09-21,40500.0,40500.0,40500.0,40500.0,0
MLSR.TA,2026-09-22,40410.0,41060.0,40070.0,40460.0,66649
MLSR.TA,2026-09-23,40280.0,40640.0,39600.0,40090.0,43009
MLSR.TA,2026-09-24,39500.0,39960.0,38710.0,38920.0,62993
INRM.TA,2026-07-16,2321.0,2350.0,2272.0,2310.0,200530
INRM.TA,2026-07-17,2310.0,2337.0,2244.0,2314.0,91044
INRM.TA,2026-07-20,2353.0,2354.0,2292.0,2323.0,344690
INRM.TA,2026-07-21,2309.0,2411.0,2309.0,2397.0,172886
INRM.TA,2026-07-22,2374.0,2523.0,2374.0,2483.0,321629
INRM.TA,2026-07-24,2425.0,2540.0,2425.0,2476.0,358792
INRM.TA,2026-07-27,2492.0,2504.0,2406.0,2417.0,119067
INRM.TA,2026-07-28,2420.0,2457.0,2400.0,2400.0,174506
INRM.TA,2026-07-29,2402.0,2465.0,2355.0,2465.0,145499
INRM.TA,2026-07-30,2500.0,2500.0,2362.0,2408.0,264856
INRM.TA,2026-07-31,2455.0,2464.0,2394.0,2444.0,120147
INRM.TA,2026-08-03,2444.0,2460.0,2374.0,2386.0,200898
INRM.TA,2026-08-04,2386.0,2431.0,2322.0,2366.0,231306
INRM.TA,2026-08-05,2384.0,2395.0,2270.0,2293.0,271563
INRM.TA,2026-08-06,2228.0,2313.0,2228.0,2296.0,1051383
INRM.TA,2026-08-07,2296.0,2331.0,2281.0,2320.0,90534
INRM.TA,2026-08-10,2320.0,2332.0,2247.0,2290.0,199977
INRM.TA,2026-08-11,2290.0,2290.0,2239.0,2260.0,80092
INRM.TA,2026-08-12,2277.0,2277.0,2208.0,2231.0,221799
INRM.TA,2026-08-13,2231.0,2265.0,2226.0,2265.0,128972
INRM.TA,2026-08-14,2265.0,2278.0,2233.0,2276.0,46983
INRM.TA,2026-08-17,2276.0,2291.0,2180.0,2180.0,164835
INRM.TA,2026-08-18,2180.0,2222.0,2134.0,2222.0,143560
INRM.TA,2026-08-19,2277.0,2278.0,2203.0,2224.0,107506
INRM.TA,2026-08-20,2231.0,2274.0,2225.0,2253.0,95307
INRM.TA,2026-08-21,2320.0,2411.0,2268.0,2290.0,174487
INRM.TA,2026-08-24,2290.0,2325.0,2210.0,2319.0,196798
INRM.TA,2026-08-25,2319.0,2411.0,2313.0,2377.0,100737
INRM.TA,2026-08-26,2377.0,2461.0,2349.0,2454.0,140042
INRM.TA,2026-08-27,2454.0,2577.0,2454.0,2567.0,172960
INRM.TA,2026-08-28,2546.0,2645.0,2546.0,2624.0,209727
INRM.TA,2026-08-31,2637.0,2651.0,2539.0,2539.0,254540
INRM.TA,2026-09-01,2539.0,2650.0,2539.0,2645.0,188749
INRM.TA,2026-09-02,2645.0,2684.0,2614.0,2674.0,141856
INRM.TA,2026-09-03,2674.0,2710.0,2618.0,2695.0,169812
INRM.TA,2026-09-04,2693.0,2740.0,2681.0,2695.0,109685
INRM.TA,2026-09-07,2700.0,2708.0,2646.0,2675.0,89223
INRM.TA,2026-09-08,2675.0,2675.0,2635.0,2656.0,382521
INRM.TA,2026-09-09,2621.0,2668.0,2606.0,2632.0,77612
INRM.TA,2026-09-10,2603.0,2655.0,2582.0,2612.0,142383
INRM.TA,2026-09-11,2612.0,2612.0,2612.0,2612.0,0
INRM.TA,2026-09-14,2612.0,2654.0,2591.0,2622.0,217223
INRM.TA,2026-09-15,2622.0,2655.0,2591.0,2655.0,90550
INRM.TA,2026-09-16,2655.0,2680.0,2618.0,2638.0,151935
INRM.TA,2026-09-17,2638.0,2679.0,2579.0,2622.0,205028
INRM.TA,2026-09-18,2622.0,2622.0,2622.0,2622.0,0
INRM.TA,2026-09-21,2622.0,2622.0,2622.0,2622.0,0
INRM.TA,2026-09-22,2622.0,2623.0,2534.0,2556.0,88799
INRM.TA,2026-09-23,2580.0,2586.0,2507.0,2562.0,90866
INRM.TA,2026-09-24,2532.0,2562.0,2495.0,2510.0,122456
NVPT.TA,2026-07-16,12770.0,13100.0,12740.0,13000.0,147752
NVPT.TA,2026-07-17,12970.0,13040.0,12770.0,12920.0,53343
NVPT.TA,2026-07-20,13000.0,13240.0,12840.0,13000.0,108165
NVPT.TA,2026-07-21,13000.0,13050.0,12800.0,13050.0,152856
NVPT.TA,2026-07-22,13050.0,13440.0,12980.0,13140.0,121556
NVPT.TA,2026-07-24,13550.0,13660.0,12950.0,12950.0,429429
NVPT.TA,2026-07-27,12840.0,13040.0,12500.0,12630.0,214215
NVPT.TA,2026-07-28,12720.0,12840.0,12300.0,12570.0,146208
NVPT.TA,2026-07-29,12620.0,12920.0,12350.0,12720.0,169864
NVPT.TA,2026-07-30,12730.0,13000.0,12660.0,12780.0,152513
NVPT.TA,2026-07-31,12570.0,12900.0,12570.0,12800.0,97278
NVPT.TA,2026-08-03,12490.0,12750.0,12280.0,12540.0,319956
NVPT.TA,2026-08-04,12480.0,12630.0,12320.0,12530.0,374931
NVPT.TA,2026-08-05,12270.0,12580.0,12270.0,12400.0,148042
NVPT.TA,2026-08-06,12400.0,12500.0,12320.0,12410.0,889709
NVPT.TA,2026-08-07,12520.0,12680.0,12520.0,12550.0,58893
NVPT.TA,2026-08-10,12550.0,12690.0,12450.0,12550.0,137598
NVPT.TA,2026-08-11,12550.0,12990.0,12550.0,12790.0,200984
NVPT.TA,2026-08-12,12710.0,12950.0,12650.0,12690.0,85915
NVPT.TA,2026-08-13,12690.0,12920.0,12690.0,12840.0,115052
NVPT.TA,2026-08-14,12960.0,13120.0,12840.0,12960.0,72951
NVPT.TA,2026-08-17,12960.0,13100.0,12660.0,12780.0,108294
NVPT.TA,2026-08-18,12900.0,13100.0,12860.0,13100.0,272685
NVPT.TA,2026-08-19,13220.0,13700.0,13190.0,13700.0,237369
NVPT.TA,2026-08-20,13960.0,14050.0,13510.0,13510.0,292490
NVPT.TA,2026-08-21,13650.0,13960.0,13570.0,13650.0,275483
NVPT.TA,2026-08-24,14000.0,14450.0,13630.0,13690.0,479741
NVPT.TA,2026-08-25,13680.0,13860.0,13180.0,13490.0,242841
NVPT.TA,2026-08-26,13490.0,13490.0,13020.0,13160.0,294351
NVPT.TA,2026-08-27,13030.0,13400.0,12770.0,13300.0,407747
NVPT.TA,2026-08-28,13100.0,13430.0,13080.0,13210.0,292967
NVPT.TA,2026-08-31,13450.0,13480.0,13040.0,13220.0,243097
NVPT.TA,2026-09-01,13230.0,13500.0,13140.0,13350.0,157185
NVPT.TA,2026-09-02,13500.0,13700.0,13150.0,13280.0,286954
NVPT.TA,2026-09-03,13300.0,13500.0,13090.0,13360.0,255195
NVPT.TA,2026-09-04,13100.0,13190.0,12620.0,13050.0,449335
NVPT.TA,2026-09-07,12810.0,13000.0,12440.0,12780.0,481571
NVPT.TA,2026-09-08,12500.0,12610.0,12150.0,12430.0,884727
NVPT.TA,2026-09-09,12400.0,12700.0,12400.0,12700.0,386520
NVPT.TA,2026-09-10,12730.0,12800.0,12520.0,12650.0,133070
NVPT.TA,2026-09-11,12650.0,12650.0,12650.0,12650.0,0
NVPT.TA,2026-09-14,12620.0,12860.0,12510.0,12630.0,151048
NVPT.TA,2026-09-15,12690.0,12690.0,12390.0,12500.0,138074
NVPT.TA,2026-09-16,12430.0,12840.0,12410.0,12720.0,298814
NVPT.TA,2026-09-17,12720.0,12970.0,12610.0,12860.0,205238
NVPT.TA,2026-09-18,12860.0,12860.0,12860.0,12860.0,0
NVPT.TA,2026-09-21,12860.0,12860.0,12860.0,12860.0,0
NVPT.TA,2026-09-22,12800.0,12990.0,12370.0,12530.0,233326
NVPT.TA,2026-09-23,12470.0,12540.0,12340.0,12420.0,132749
NVPT.TA,2026-09-24,12220.0,12410.0,11930.0,12190.0,472329
SNFL.TA,2026-07-16,1017.0,1053.0,1014.0,1016.0,31679
SNFL.TA,2026-07-17,1016.0,1000.0,995.0,998.0,2508
SNFL.TA,2026-07-20,998.0,1046.0,963.0,1016.0,25650
SNFL.TA,2026-07-21,1020.0,1052.0,1000.0,1016.0,59024
SNFL.TA,2026-07-22,1016.0,1051.0,999.7999877929688,1018.0,11409
SNFL.TA,2026-07-24,1018.0,1055.0,1018.0,1022.0,23684
SNFL.TA,2026-07-27,1022.0,1053.0,1010.0,1029.0,4471
SNFL.TA,2026-07-28,1029.0,1060.0,1010.0,1016.0,8466
SNFL.TA,2026-07-29,1021.0,1021.0,1010.0,1014.0,3699
SNFL.TA,2026-07-30,1014.0,1040.0,1003.0,1005.0,15900
SNFL.TA,2026-07-31,1005.0,1012.0,1005.0,1005.0,11447
SNFL.TA,2026-08-03,1005.0,1060.0,1005.0,1037.0,51604
SNFL.TA,2026-08-04,1060.0,1097.0,1022.0,1073.0,190708
SNFL.TA,2026-08-05,1073.0,1096.0,1027.0,1050.0,11172
SNFL.TA,2026-08-06,1023.0,1050.0,1023.0,1049.0,34114
SNFL.TA,2026-08-07,1049.0,1049.0,1021.0,1035.0,4488
SNFL.TA,2026-08-10,1070.0,1080.0,1020.0,1041.0,51955
SNFL.TA,2026-08-11,1041.0,1059.0,1011.0,1044.0,6948
SNFL.TA,2026-08-12,1050.0,1067.0,1031.0,1054.0,10342
SNFL.TA,2026-08-13,1054.0,1070.0,1036.0,1061.0,14614
SNFL.TA,2026-08-14,1061.0,1085.0,1045.0,1055.0,1557
SNFL.TA,2026-08-17,1055.0,1055.0,1021.0,1034.0,12117
SNFL.TA,2026-08-18,1005.0,1034.0,982.0,1023.0,10379
SNFL.TA,2026-08-19,1023.0,1040.0,1023.0,1029.0,7809
SNFL.TA,2026-08-20,1029.0,1027.0,1000.0,1013.0,14092
SNFL.TA,2026-08-21,1013.0,1045.0,1019.0,1033.0,1844
SNFL.TA,2026-08-24,1033.0,1060.0,1009.0,1043.0,9570
SNFL.TA,2026-08-25,1043.0,1057.0,1043.0,1049.0,8220
SNFL.TA,2026-08-26,1049.0,1063.0,1049.0,1054.0,8420
SNFL.TA,2026-08-27,1054.0,1067.0,1049.0,1057.0,11582
SNFL.TA,2026-08-28,1057.0,1079.0,1051.0,1076.0,7907
SNFL.TA,2026-08-31,1076.0,1076.0,1045.0,1055.0,10401
SNFL.TA,2026-09-01,1055.0,1055.0,1025.0,1035.0,19932
SNFL.TA,2026-09-02,1035.0,1076.0,1035.0,1074.0,7588
SNFL.TA,2026-09-03,1074.0,1077.0,1074.0,1077.0,6696
SNFL.TA,2026-09-04,1077.0,1077.0,1055.0,1061.0,16949
SNFL.TA,2026-09-07,1061.0,1066.0,1028.0,1055.0,122416
SNFL.TA,2026-09-08,1065.0,1078.0,1023.0,1065.0,44885
SNFL.TA,2026-09-09,1070.0,1079.0,1053.0,1057.0,28205
SNFL.TA,2026-09-10,1057.0,1070.0,1043.0,1048.0,9500
SNFL.TA,2026-09-11,1048.0,1048.0,1048.0,1048.0,0
SNFL.TA,2026-09-14,1048.0,1041.0,999.5,1012.0,16127
SNFL.TA,2026-09-15,1012.0,1045.0,963.0,978.9000244140625,16166
SNFL.TA,2026-09-16,978.9000244140625,974.0,932.7999877929688,946.2000122070312,30611
SNFL.TA,2026-09-17,946.2000122070312,935.0,912.4000244140625,919.7000122070312,55188
SNFL.TA,2026-09-18,919.7000122070312,919.7000122070312,919.7000122070312,919.7000122070312,0
SNFL.TA,2026-09-21,919.7000122070312,919.7000122070312,919.7000122070312,919.7000122070312,0
SNFL.TA,2026-09-22,943.9000244140625,944.2000122070312,886.0,888.9000244140625,159455
SNFL.TA,2026-09-23,880.0,967.9000244140625,859.9000244140625,944.0999755859375,66262
SNFL.TA,2026-09-24,944.0999755859375,970.0,935.2000122070312,950.2999877929688,10039
PLSN.TA,2026-07-16,15370.0,15960.0,15230.0,15960.0,7292
PLSN.TA,2026-07-17,15960.0,15990.0,15760.0,15780.0,3258
PLSN.TA,2026-07-20,15650.0,15930.0,15610.0,15780.0,1399
PLSN.TA,2026-07-21,15780.0,16090.0,15600.0,15730.0,4055
PLSN.TA,2026-07-22,15790.0,16200.0,15790.0,15940.0,3394
PLSN.TA,2026-07-24,15940.0,16490.0,15860.0,16310.0,4638
PLSN.TA,2026-07-27,16310.0,16470.0,15950.0,16000.0,3595
PLSN.TA,2026-07-28,16000.0,16270.0,15940.0,16220.0,2151
PLSN.TA,2026-07-29,16220.0,16240.0,15830.0,15850.0,3421
PLSN.TA,2026-07-30,15850.0,16080.0,15710.0,15950.0,4001
PLSN.TA,2026-07-31,15950.0,16170.0,15830.0,16050.0,590
PLSN.TA,2026-08-03,16050.0,16300.0,15900.0,15970.0,2811
PLSN.TA,2026-08-04,15970.0,16170.0,15420.0,15420.0,8500
PLSN.TA,2026-08-05,15420.0,15600.0,14850.0,14850.0,9184
PLSN.TA,2026-08-06,14850.0,15080.0,14740.0,14850.0,77904
PLSN.TA,2026-08-07,15000.0,15250.0,15000.0,15130.0,1906
PLSN.TA,2026-08-10,15130.0,15370.0,15120.0,15140.0,4332
PLSN.TA,2026-08-11,15140.0,15380.0,15000.0,15280.0,8908
PLSN.TA,2026-08-12,15280.0,15460.0,15280.0,15450.0,9585
PLSN.TA,2026-08-13,15450.0,15670.0,15420.0,15520.0,1427
PLSN.TA,2026-08-14,15520.0,15660.0,15370.0,15450.0,425
PLSN.TA,2026-08-17,15450.0,15450.0,15280.0,15330.0,1402
PLSN.TA,2026-08-18,15330.0,15420.0,15230.0,15290.0,10336
PLSN.TA,2026-08-19,15290.0,15700.0,15400.0,15490.0,1826
PLSN.TA,2026-08-20,15490.0,15690.0,15330.0,15420.0,618
PLSN.TA,2026-08-21,15420.0,15550.0,14860.0,15050.0,22163
PLSN.TA,2026-08-24,15050.0,15370.0,15050.0,15130.0,3701
PLSN.TA,2026-08-25,15130.0,15370.0,14990.0,15030.0,12262
PLSN.TA,2026-08-26,15030.0,15030.0,14690.0,15000.0,19620
PLSN.TA,2026-08-27,15000.0,15070.0,14840.0,14940.0,4337
PLSN.TA,2026-08-28,14540.0,14800.0,14390.0,14750.0,3526
PLSN.TA,2026-08-31,14750.0,14750.0,14400.0,14460.0,2695
PLSN.TA,2026-09-01,14460.0,14990.0,14460.0,14820.0,4856
PLSN.TA,2026-09-02,14720.0,15240.0,14720.0,15090.0,2994
PLSN.TA,2026-09-03,15090.0,15190.0,14850.0,14980.0,2623
PLSN.TA,2026-09-04,14980.0,15030.0,14530.0,14580.0,10900
PLSN.TA,2026-09-07,14580.0,14730.0,14290.0,14560.0,13099
PLSN.TA,2026-09-08,14560.0,14640.0,14430.0,14480.0,2549
PLSN.TA,2026-09-09,14480.0,14590.0,14350.0,14390.0,2891
PLSN.TA,2026-09-10,14390.0,14490.0,14160.0,14230.0,3412
PLSN.TA,2026-09-11,14230.0,14230.0,14230.0,14230.0,0
PLSN.TA,2026-09-14,14230.0,14260.0,14050.0,14180.0,2376
PLSN.TA,2026-09-15,14180.0,14220.0,13850.0,13920.0,9810
PLSN.TA,2026-09-16,13920.0,14050.0,13710.0,13720.0,4967
PLSN.TA,2026-09-17,13670.0,13860.0,13650.0,13800.0,3422
PLSN.TA,2026-09-18,13800.0,13800.0,13800.0,13800.0,0
PLSN.TA,2026-09-21,13800.0,13800.0,13800.0,13800.0,0
PLSN.TA,2026-09-22,13800.0,14140.0,13650.0,13700.0,10614
PLSN.TA,2026-09-23,13730.0,13810.0,13580.0,13660.0,3201
PLSN.TA,2026-09-24,13660.0,13810.0,13490.0,13750.0,9422
ISRO.TA,2026-07-16,13010.0,13230.0,12720.0,13220.0,40764
ISRO.TA,2026-07-17,12690.0,13170.0,12690.0,12770.0,20040
ISRO.TA,2026-07-20,12770.0,12990.0,12540.0,12660.0,45619
ISRO.TA,2026-07-21,12660.0,12740.0,12570.0,12600.0,24589
ISRO.TA,2026-07-22,12550.0,12650.0,12320.0,12450.0,16746
ISRO.TA,2026-07-24,12160.0,12690.0,12150.0,12550.0,44895
ISRO.TA,2026-07-27,12550.0,12820.0,12320.0,12360.0,27292
ISRO.TA,2026-07-28,12360.0,12550.0,12280.0,12360.0,13008
ISRO.TA,2026-07-29,12440.0,12550.0,12170.0,12300.0,23818
ISRO.TA,2026-07-30,12300.0,12420.0,12000.0,12300.0,51642
ISRO.TA,2026-07-31,12300.0,12910.0,12270.0,12630.0,23540
ISRO.TA,2026-08-03,12640.0,12770.0,12440.0,12590.0,37005
ISRO.TA,2026-08-04,12590.0,12590.0,11980.0,12210.0,38149
ISRO.TA,2026-08-05,12300.0,12420.0,11960.0,11960.0,40399
ISRO.TA,2026-08-06,12890.0,12890.0,11920.0,12320.0,196032
ISRO.TA,2026-08-07,12360.0,12550.0,12220.0,12340.0,9607
ISRO.TA,2026-08-10,12060.0,12460.0,12050.0,12080.0,21638
ISRO.TA,2026-08-11,12080.0,12190.0,11680.0,12060.0,29661
ISRO.TA,2026-08-12,12060.0,12130.0,11820.0,12060.0,52911
ISRO.TA,2026-08-13,12060.0,12210.0,11920.0,12060.0,28471
ISRO.TA,2026-08-14,12150.0,12360.0,11980.0,12150.0,17821
ISRO.TA,2026-08-17,12150.0,12380.0,11910.0,11910.0,24281
ISRO.TA,2026-08-18,11910.0,12390.0,11740.0,12390.0,21879
ISRO.TA,2026-08-19,12000.0,12560.0,11820.0,11880.0,31945
ISRO.TA,2026-08-20,11920.0,11950.0,11880.0,11940.0,13382
ISRO.TA,2026-08-21,11940.0,12050.0,11650.0,11850.0,44804
ISRO.TA,2026-08-24,11850.0,11860.0,11460.0,11540.0,25585
ISRO.TA,2026-08-25,11540.0,11950.0,11340.0,11950.0,27758
ISRO.TA,2026-08-26,11950.0,12220.0,11780.0,12100.0,38285
ISRO.TA,2026-08-27,12540.0,12550.0,12050.0,12300.0,39193
ISRO.TA,2026-08-28,12120.0,12820.0,12120.0,12800.0,32977
ISRO.TA,2026-08-31,12800.0,13350.0,12730.0,13350.0,132156
ISRO.TA,2026-09-01,13330.0,13370.0,13020.0,13350.0,45200
ISRO.TA,2026-09-02,13350.0,13500.0,13250.0,13310.0,37427
ISRO.TA,2026-09-03,12940.0,13580.0,12910.0,13390.0,28853
ISRO.TA,2026-09-04,13370.0,13720.0,13370.0,13640.0,12195
ISRO.TA,2026-09-07,13600.0,13800.0,13480.0,13700.0,18668
ISRO.TA,2026-09-08,13700.0,13700.0,13490.0,13500.0,12588
ISRO.TA,2026-09-09,13500.0,13580.0,13330.0,13440.0,13430
ISRO.TA,2026-09-10,13790.0,13790.0,13030.0,13160.0,19948
ISRO.TA,2026-09-11,13160.0,13160.0,13160.0,13160.0,0
ISRO.TA,2026-09-14,13160.0,13450.0,13120.0,13420.0,22538
ISRO.TA,2026-09-15,13420.0,13520.0,13230.0,13360.0,20226
ISRO.TA,2026-09-16,13360.0,13530.0,13180.0,13330.0,23876
ISRO.TA,2026-09-17,13330.0,13550.0,12820.0,13200.0,26079
ISRO.TA,2026-09-18,13200.0,13200.0,13200.0,13200.0,0
ISRO.TA,2026-09-21,13200.0,13200.0,13200.0,13200.0,0
ISRO.TA,2026-09-22,13220.0,13700.0,13220.0,13700.0,20326
ISRO.TA,2026-09-23,13700.0,13940.0,13400.0,13550.0,18999
ISRO.TA,2026-09-24,13420.0,13500.0,13130.0,13490.0,29539
NICE.TA,2026-07-16,30540.0,30910.0,29990.0,30190.0,130144
NICE.TA,2026-07-17,30300.0,30580.0,29830.0,30060.0,72643
NICE.TA,2026-07-20,30380.0,30650.0,29910.0,30100.0,102032
NICE.TA,2026-07-21,30610.0,30870.0,29180.0,29180.0,187554
NICE.TA,2026-07-22,28610.0,28790.0,27070.0,27340.0,234453
NICE.TA,2026-07-24,26300.0,26700.0,26300.0,26600.0,180449
NICE.TA,2026-07-27,27850.0,28510.0,27550.0,28510.0,295027
NICE.TA,2026-07-28,29090.0,30550.0,28830.0,30550.0,173757
NICE.TA,2026-07-29,30800.0,32320.0,30480.0,32320.0,291961
NICE.TA,2026-07-30,32450.0,32450.0,29670.0,29670.0,181567
NICE.TA,2026-07-31,29730.0,29970.0,29340.0,29750.0,128554
NICE.TA,2026-08-03,30030.0,31530.0,30030.0,30790.0,188909
NICE.TA,2026-08-04,30460.0,30750.0,29570.0,30720.0,231978
NICE.TA,2026-08-05,30300.0,31790.0,28040.0,28930.0,470516
NICE.TA,2026-08-06,29650.0,30040.0,28790.0,29540.0,726429
NICE.TA,2026-08-07,29410.0,29680.0,29240.0,29300.0,69933
NICE.TA,2026-08-10,30370.0,30800.0,29950.0,30670.0,176962
NICE.TA,2026-08-11,30450.0,30810.0,30150.0,30810.0,97009
NICE.TA,2026-08-12,30120.0,30490.0,29090.0,29090.0,112377
NICE.TA,2026-08-13,29330.0,30320.0,29270.0,29650.0,106009
NICE.TA,2026-08-14,31170.0,31650.0,31100.0,31570.0,86229
NICE.TA,2026-08-17,30300.0,30300.0,29230.0,29640.0,117594
NICE.TA,2026-08-18,29050.0,30060.0,28920.0,30060.0,97093
NICE.TA,2026-08-19,29690.0,30130.0,29130.0,30060.0,121857
NICE.TA,2026-08-20,29750.0,30180.0,29580.0,29900.0,164756
NICE.TA,2026-08-21,29980.0,29980.0,29540.0,29930.0,80519
NICE.TA,2026-08-24,29930.0,30520.0,29810.0,30450.0,101566
NICE.TA,2026-08-25,30120.0,30300.0,29260.0,29600.0,52970
NICE.TA,2026-08-26,29760.0,30220.0,29310.0,29950.0,81092
NICE.TA,2026-08-27,30500.0,31640.0,30500.0,31410.0,120966
NICE.TA,2026-08-28,30840.0,31350.0,30830.0,31050.0,153413
NICE.TA,2026-08-31,32250.0,33050.0,32100.0,32680.0,212176
NICE.TA,2026-09-01,32470.0,33240.0,32000.0,32830.0,100368
NICE.TA,2026-09-02,32140.0,32780.0,31610.0,32260.0,84705
NICE.TA,2026-09-03,32260.0,33470.0,32260.0,33100.0,84967
NICE.TA,2026-09-04,32600.0,32790.0,32320.0,32450.0,34989
NICE.TA,2026-09-07,31550.0,31710.0,30910.0,31200.0,103524
NICE.TA,2026-09-08,31300.0,31540.0,30420.0,30510.0,102743
NICE.TA,2026-09-09,30350.0,30980.0,30100.0,30560.0,86790
NICE.TA,2026-09-10,30100.0,30250.0,29710.0,30060.0,71157
NICE.TA,2026-09-11,30060.0,30060.0,30060.0,30060.0,0
NICE.TA,2026-09-14,30320.0,31750.0,30320.0,31750.0,168281
NICE.TA,2026-09-15,32120.0,32650.0,31560.0,31560.0,146758
NICE.TA,2026-09-16,31430.0,31520.0,30800.0,30860.0,86048
NICE.TA,2026-09-17,32100.0,33020.0,31920.0,32710.0,215304
NICE.TA,2026-09-18,32710.0,32710.0,32710.0,32710.0,0
NICE.TA,2026-09-21,32710.0,32710.0,32710.0,32710.0,0
NICE.TA,2026-09-22,34370.0,35940.0,33930.0,35710.0,214432
NICE.TA,2026-09-23,35640.0,38720.0,34950.0,36310.0,446873
NICE.TA,2026-09-24,35460.0,36000.0,34640.0,35170.0,205957
ENOG.TA,2026-07-16,2985.0,3013.0,2935.0,3013.0,284359
ENOG.TA,2026-07-17,2984.0,3053.0,2984.0,3034.0,88338
ENOG.TA,2026-07-20,3001.0,3152.0,3001.0,3070.0,404075
ENOG.TA,2026-07-21,3070.0,3162.0,3079.0,3162.0,88499
ENOG.TA,2026-07-22,3186.0,3304.0,3182.0,3267.0,352692
ENOG.TA,2026-07-24,3207.0,3342.0,3207.0,3302.0,346333
ENOG.TA,2026-07-27,3318.0,3319.0,3114.0,3119.0,191125
ENOG.TA,2026-07-28,3115.0,3119.0,3055.0,3092.0,380725
ENOG.TA,2026-07-29,3092.0,3109.0,3016.0,3068.0,143453
ENOG.TA,2026-07-30,3067.0,3135.0,3045.0,3081.0,1392071
ENOG.TA,2026-07-31,3081.0,3093.0,3001.0,3060.0,267234
ENOG.TA,2026-08-03,3053.0,3107.0,3031.0,3044.0,1221255
ENOG.TA,2026-08-04,3083.0,3103.0,3005.0,3036.0,1361068
ENOG.TA,2026-08-05,3036.0,3036.0,2907.0,2924.0,872722
ENOG.TA,2026-08-06,2924.0,3014.0,2923.0,2950.0,1038917
ENOG.TA,2026-08-07,2950.0,3006.0,2921.0,2922.0,63121
ENOG.TA,2026-08-10,2922.0,3017.0,2921.0,2980.0,244758
ENOG.TA,2026-08-11,3011.0,3092.0,3006.0,3040.0,162632
ENOG.TA,2026-08-12,3109.0,3109.0,2918.0,2921.0,285030
ENOG.TA,2026-08-13,2921.0,2998.0,2920.0,2954.0,146608
ENOG.TA,2026-08-14,2954.0,3009.0,2953.0,3006.0,47408
ENOG.TA,2026-08-17,3013.0,3057.0,2949.0,2968.0,197347
ENOG.TA,2026-08-18,2968.0,3041.0,2960.0,3038.0,174373
ENOG.TA,2026-08-19,3038.0,3065.0,3002.0,3049.0,207568
ENOG.TA,2026-08-20,3060.0,3209.0,3025.0,3166.0,377005
ENOG.TA,2026-08-21,3166.0,3190.0,3141.0,3190.0,92457
ENOG.TA,2026-08-24,3190.0,3194.0,3138.0,3160.0,133446
ENOG.TA,2026-08-25,3160.0,3182.0,3070.0,3091.0,114223
ENOG.TA,2026-08-26,3091.0,3095.0,2965.0,3049.0,226494
ENOG.TA,2026-08-27,3049.0,3049.0,2950.0,2969.0,193510
ENOG.TA,2026-08-28,2928.0,3002.0,2920.0,2997.0,933223
ENOG.TA,2026-08-31,2997.0,3017.0,2962.0,2979.0,100228
ENOG.TA,2026-09-01,2979.0,3159.0,2979.0,3138.0,958813
ENOG.TA,2026-09-02,3150.0,3204.0,3120.0,3145.0,580548
ENOG.TA,2026-09-03,3123.0,3193.0,3104.0,3147.0,189677
ENOG.TA,2026-09-04,3147.0,3185.0,3105.0,3169.0,138869
ENOG.TA,2026-09-07,3169.0,3259.0,3135.0,3205.0,299543
ENOG.TA,2026-09-08,3205.0,3312.0,3205.0,3220.0,677240
ENOG.TA,2026-09-09,3220.0,3535.0,3235.0,3510.0,1012107
ENOG.TA,2026-09-10,3510.0,3565.0,3314.0,3333.0,258618
ENOG.TA,2026-09-11,3333.0,3333.0,3333.0,3333.0,0
ENOG.TA,2026-09-14,3338.0,3375.0,3258.0,3276.0,194690
ENOG.TA,2026-09-15,3276.0,3295.0,3223.0,3295.0,119132
ENOG.TA,2026-09-16,3295.0,3310.0,3229.0,3229.0,175638
ENOG.TA,2026-09-17,3220.0,3229.0,3172.0,3221.0,174424
ENOG.TA,2026-09-18,3221.0,3221.0,3221.0,3221.0,0
ENOG.TA,2026-09-21,3221.0,3221.0,3221.0,3221.0,0
ENOG.TA,2026-09-22,3191.0,3191.0,3012.0,3060.0,187292
ENOG.TA,2026-09-23,3060.0,3079.0,3010.0,3071.0,116660
ENOG.TA,2026-09-24,3071.0,3153.0,3041.0,3041.0,251365
CDEV.TA,2026-07-16,16930.0,17300.0,16650.0,17050.0,661
CDEV.TA,2026-07-17,17000.0,17020.0,16700.0,16870.0,399
CDEV.TA,2026-07-20,16870.0,17050.0,16000.0,16840.0,1777
CDEV.TA,2026-07-21,16300.0,17140.0,16300.0,16910.0,982
CDEV.TA,2026-07-22,16910.0,17480.0,16790.0,17250.0,602
CDEV.TA,2026-07-24,17250.0,17400.0,16980.0,17320.0,234
CDEV.TA,2026-07-27,17490.0,17580.0,16910.0,17170.0,1350
CDEV.TA,2026-07-28,17170.0,17590.0,17020.0,17290.0,653
CDEV.TA,2026-07-29,17290.0,17180.0,16730.0,16970.0,1972
CDEV.TA,2026-07-30,17670.0,17670.0,16160.0,16510.0,1809
CDEV.TA,2026-07-31,16510.0,16680.0,16270.0,16590.0,547
CDEV.TA,2026-08-03,16590.0,16670.0,15970.0,16460.0,1411
CDEV.TA,2026-08-04,16460.0,16530.0,15700.0,16010.0,1605
CDEV.TA,2026-08-05,16010.0,16080.0,15650.0,15940.0,934
CDEV.TA,2026-08-06,15940.0,16380.0,14710.0,15520.0,13015
CDEV.TA,2026-08-07,15520.0,16140.0,15430.0,15520.0,348
CDEV.TA,2026-08-10,15520.0,15610.0,15260.0,15470.0,992
CDEV.TA,2026-08-11,15470.0,15840.0,15380.0,15540.0,440
CDEV.TA,2026-08-12,15540.0,16590.0,15660.0,15950.0,3243
CDEV.TA,2026-08-13,15210.0,16000.0,15210.0,15820.0,1288
CDEV.TA,2026-08-14,15820.0,16500.0,15470.0,15970.0,1009
CDEV.TA,2026-08-17,15970.0,15910.0,15190.0,15610.0,1715
CDEV.TA,2026-08-18,15500.0,15500.0,15330.0,15400.0,1635
CDEV.TA,2026-08-19,15400.0,15740.0,15290.0,15630.0,989
CDEV.TA,2026-08-20,15630.0,15740.0,15000.0,15370.0,1910
CDEV.TA,2026-08-21,15370.0,15550.0,15200.0,15240.0,610
CDEV.TA,2026-08-24,15240.0,15620.0,14520.0,14820.0,1764
CDEV.TA,2026-08-25,14820.0,15180.0,14580.0,14970.0,1687
CDEV.TA,2026-08-26,14970.0,16100.0,14970.0,15850.0,562
CDEV.TA,2026-08-27,15850.0,16140.0,15150.0,15510.0,1333
CDEV.TA,2026-08-28,15510.0,16020.0,15510.0,15760.0,351
CDEV.TA,2026-08-31,15760.0,16070.0,15360.0,15760.0,1025
CDEV.TA,2026-09-01,15760.0,16270.0,15690.0,16140.0,1527
CDEV.TA,2026-09-02,16140.0,16850.0,15500.0,16400.0,3196
CDEV.TA,2026-09-03,16840.0,16840.0,15990.0,16130.0,1282
CDEV.TA,2026-09-04,16130.0,16250.0,15680.0,15820.0,2753
CDEV.TA,2026-09-07,15820.0,16880.0,15520.0,15960.0,939
CDEV.TA,2026-09-08,15960.0,16300.0,15600.0,15900.0,1068
CDEV.TA,2026-09-09,15980.0,15980.0,15600.0,15690.0,1758
CDEV.TA,2026-09-10,15690.0,16060.0,14880.0,15400.0,809
CDEV.TA,2026-09-11,15400.0,15400.0,15400.0,15400.0,0
CDEV.TA,2026-09-14,15400.0,15760.0,15260.0,15300.0,484
CDEV.TA,2026-09-15,15230.0,15820.0,15230.0,15470.0,711
CDEV.TA,2026-09-16,15470.0,15780.0,14860.0,15160.0,1887
CDEV.TA,2026-09-17,15160.0,15500.0,14850.0,15220.0,2070
CDEV.TA,2026-09-18,15220.0,15220.0,15220.0,15220.0,0
CDEV.TA,2026-09-21,15220.0,15220.0,15220.0,15220.0,0
CDEV.TA,2026-09-22,15200.0,15200.0,14920.0,15050.0,611
CDEV.TA,2026-09-23,15050.0,15310.0,14780.0,15170.0,791
CDEV.TA,2026-09-24,14800.0,15180.0,14800.0,15050.0,875
PCBT.TA,2026-07-16,1214.0,1227.0,1208.0,1208.0,169079
PCBT.TA,2026-07-17,1231.0,1231.0,1140.0,1170.0,56724
PCBT.TA,2026-07-20,1170.0,1200.0,1130.0,1160.0,121656
PCBT.TA,2026-07-21,1160.0,1260.0,1157.0,1260.0,280284
PCBT.TA,2026-07-22,1260.0,1334.0,1252.0,1300.0,190526
PCBT.TA,2026-07-24,1300.0,1342.0,1300.0,1328.0,55965
PCBT.TA,2026-07-27,1328.0,1350.0,1301.0,1320.0,53732
PCBT.TA,2026-07-28,1320.0,1320.0,1283.0,1291.0,19503
PCBT.TA,2026-07-29,1291.0,1291.0,1260.0,1270.0,34407
PCBT.TA,2026-07-30,1270.0,1299.0,1259.0,1290.0,29366
PCBT.TA,2026-07-31,1290.0,1315.0,1272.0,1315.0,52938
PCBT.TA,2026-08-03,1315.0,1330.0,1270.0,1275.0,61373
PCBT.TA,2026-08-04,1250.0,1294.0,1245.0,1254.0,55008
PCBT.TA,2026-08-05,1263.0,1279.0,1218.0,1257.0,51571
PCBT.TA,2026-08-06,1257.0,1285.0,1265.0,1285.0,754198
PCBT.TA,2026-08-07,1245.0,1311.0,1245.0,1250.0,28613
PCBT.TA,2026-08-10,1195.0,1210.0,1133.0,1183.0,227883
PCBT.TA,2026-08-11,1183.0,1183.0,1137.0,1151.0,48579
PCBT.TA,2026-08-12,1151.0,1207.0,1152.0,1155.0,60831
PCBT.TA,2026-08-13,1155.0,1211.0,1132.0,1203.0,71998
PCBT.TA,2026-08-14,1203.0,1203.0,1173.0,1194.0,17664
PCBT.TA,2026-08-17,1194.0,1194.0,1150.0,1192.0,38924
PCBT.TA,2026-08-18,1192.0,1192.0,1141.0,1158.0,61577
PCBT.TA,2026-08-19,1158.0,1173.0,1126.0,1151.0,76411
PCBT.TA,2026-08-20,1151.0,1187.0,1140.0,1176.0,507099
PCBT.TA,2026-08-21,1150.0,1230.0,1150.0,1190.0,382674
PCBT.TA,2026-08-24,1250.0,1293.0,1206.0,1206.0,153815
PCBT.TA,2026-08-25,1206.0,1214.0,1171.0,1182.0,70739
PCBT.TA,2026-08-26,1182.0,1214.0,1139.0,1197.0,50898
PCBT.TA,2026-08-27,1197.0,1211.0,1170.0,1211.0,138667
PCBT.TA,2026-08-28,1217.0,1266.0,1212.0,1245.0,88361
PCBT.TA,2026-08-31,1245.0,1275.0,1205.0,1259.0,68924
PCBT.TA,2026-09-01,1259.0,1272.0,1236.0,1246.0,96028
PCBT.TA,2026-09-02,1246.0,1272.0,1237.0,1269.0,116741
PCBT.TA,2026-09-03,1269.0,1292.0,1258.0,1277.0,72597
PCBT.TA,2026-09-04,1283.0,1316.0,1274.0,1300.0,39799
PCBT.TA,2026-09-07,1300.0,1346.0,1267.0,1346.0,122310
PCBT.TA,2026-09-08,1346.0,1373.0,1322.0,1351.0,63884
PCBT.TA,2026-09-09,1351.0,1382.0,1338.0,1361.0,123956
PCBT.TA,2026-09-10,1361.0,1376.0,1314.0,1332.0,56267
PCBT.TA,2026-09-11,1332.0,1332.0,1332.0,1332.0,0
PCBT.TA,2026-09-14,1332.0,1332.0,1264.0,1280.0,87158
PCBT.TA,2026-09-15,1280.0,1282.0,1216.0,1222.0,116744
PCBT.TA,2026-09-16,1222.0,1255.0,1202.0,1246.0,75204
PCBT.TA,2026-09-17,1261.0,1301.0,1237.0,1260.0,146090
PCBT.TA,2026-09-18,1260.0,1260.0,1260.0,1260.0,0
PCBT.TA,2026-09-21,1260.0,1260.0,1260.0,1260.0,0
PCBT.TA,2026-09-22,1260.0,1276.0,1246.0,1261.0,35683
PCBT.TA,2026-09-23,1273.0,1274.0,1254.0,1267.0,28469
PCBT.TA,2026-09-24,1267.0,1287.0,1230.0,1268.0,387558
PTNR.TA,2026-07-16,3776.0,3809.0,3707.0,3784.0,243219
PTNR.TA,2026-07-17,3784.0,3794.0,3724.0,3789.0,123017
PTNR.TA,2026-07-20,3789.0,3874.0,3718.0,3763.0,234947
PTNR.TA,2026-07-21,3763.0,3918.0,3763.0,3852.0,206689
PTNR.TA,2026-07-22,3768.0,3917.0,3768.0,3885.0,243133
PTNR.TA,2026-07-24,3885.0,3976.0,3859.0,3936.0,506118
PTNR.TA,2026-07-27,3936.0,4082.0,3936.0,4054.0,712925
PTNR.TA,2026-07-28,4054.0,4083.0,3850.0,3859.0,353500
PTNR.TA,2026-07-29,3840.0,3900.0,3700.0,3792.0,257410
PTNR.TA,2026-07-30,3812.0,3824.0,3735.0,3774.0,284864
PTNR.TA,2026-07-31,3774.0,3827.0,3761.0,3772.0,118726
PTNR.TA,2026-08-03,3772.0,3836.0,3730.0,3767.0,322820
PTNR.TA,2026-08-04,3767.0,3805.0,3669.0,3701.0,555179
PTNR.TA,2026-08-05,3760.0,3760.0,3646.0,3740.0,401183
PTNR.TA,2026-08-06,3700.0,3746.0,3620.0,3681.0,1344123
PTNR.TA,2026-08-07,3681.0,3718.0,3634.0,3660.0,96197
PTNR.TA,2026-08-10,3620.0,3680.0,3550.0,3622.0,463601
PTNR.TA,2026-08-11,3622.0,3687.0,3574.0,3600.0,220776
PTNR.TA,2026-08-12,3600.0,3755.0,3600.0,3696.0,241377
PTNR.TA,2026-08-13,3696.0,3704.0,3622.0,3638.0,113096
PTNR.TA,2026-08-14,3638.0,3662.0,3580.0,3606.0,93933
PTNR.TA,2026-08-17,3593.0,3620.0,3427.0,3531.0,262884
PTNR.TA,2026-08-18,3531.0,3562.0,3455.0,3562.0,170338
PTNR.TA,2026-08-19,3562.0,3591.0,3501.0,3581.0,143201
PTNR.TA,2026-08-20,3594.0,3682.0,3591.0,3634.0,139117
PTNR.TA,2026-08-21,3634.0,3805.0,3634.0,3765.0,188502
PTNR.TA,2026-08-24,3765.0,3776.0,3720.0,3732.0,308228
PTNR.TA,2026-08-25,3732.0,3732.0,3647.0,3672.0,150961
PTNR.TA,2026-08-26,3672.0,3742.0,3616.0,3705.0,186500
PTNR.TA,2026-08-27,3749.0,3749.0,3658.0,3715.0,144798
PTNR.TA,2026-08-28,3665.0,3734.0,3665.0,3723.0,107125
PTNR.TA,2026-08-31,3723.0,3770.0,3630.0,3693.0,285461
PTNR.TA,2026-09-01,3693.0,3922.0,3693.0,3891.0,306607
PTNR.TA,2026-09-02,3852.0,3936.0,3842.0,3928.0,178326
PTNR.TA,2026-09-03,3894.0,3947.0,3884.0,3940.0,205731
PTNR.TA,2026-09-04,3940.0,4007.0,3911.0,3960.0,152361
PTNR.TA,2026-09-07,3960.0,3963.0,3906.0,3915.0,93862
PTNR.TA,2026-09-08,3915.0,3941.0,3880.0,3905.0,109445
PTNR.TA,2026-09-09,3905.0,3949.0,3870.0,3888.0,125528
PTNR.TA,2026-09-10,3848.0,3877.0,3742.0,3797.0,183400
PTNR.TA,2026-09-11,3797.0,3797.0,3797.0,3797.0,0
PTNR.TA,2026-09-14,3797.0,3871.0,3782.0,3838.0,84874
PTNR.TA,2026-09-15,3817.0,3876.0,3766.0,3866.0,117363
PTNR.TA,2026-09-16,3878.0,3926.0,3826.0,3857.0,252017
PTNR.TA,2026-09-17,3857.0,3952.0,3856.0,3913.0,551695
PTNR.TA,2026-09-18,3913.0,3913.0,3913.0,3913.0,0
PTNR.TA,2026-09-21,3913.0,3913.0,3913.0,3913.0,0
PTNR.TA,2026-09-22,3906.0,3906.0,3766.0,3788.0,126816
PTNR.TA,2026-09-23,3751.0,3812.0,3680.0,3752.0,236492
PTNR.TA,2026-09-24,3752.0,3752.0,3670.0,3714.0,203963
NTO.TA,2026-07-16,21740.0,21720.0,21060.0,21130.0,1427
NTO.TA,2026-07-17,21010.0,21460.0,20610.0,20760.0,2576
NTO.TA,2026-07-20,20550.0,21210.0,20140.0,21070.0,4929
NTO.TA,2026-07-21,21070.0,21150.0,20500.0,20970.0,1188
NTO.TA,2026-07-22,20970.0,21510.0,20730.0,21340.0,807
NTO.TA,2026-07-24,21340.0,21990.0,20930.0,21360.0,441
NTO.TA,2026-07-27,21360.0,21990.0,20980.0,21770.0,1694
NTO.TA,2026-07-28,21770.0,22480.0,21660.0,21810.0,977
NTO.TA,2026-07-29,21810.0,22470.0,21630.0,21820.0,1785
NTO.TA,2026-07-30,21820.0,22030.0,21360.0,21760.0,422
NTO.TA,2026-07-31,21760.0,22090.0,21350.0,22000.0,1706
NTO.TA,2026-08-03,22000.0,22390.0,21500.0,21710.0,500
NTO.TA,2026-08-04,21710.0,21710.0,21210.0,21660.0,2732
NTO.TA,2026-08-05,21660.0,21660.0,21300.0,21390.0,1367
NTO.TA,2026-08-06,21390.0,21950.0,21530.0,21870.0,1041
NTO.TA,2026-08-07,21870.0,21930.0,21480.0,21700.0,1120
NTO.TA,2026-08-10,21700.0,21700.0,21260.0,21330.0,1293
NTO.TA,2026-08-11,21330.0,21180.0,20690.0,20860.0,1758
NTO.TA,2026-08-12,20860.0,20860.0,20390.0,20590.0,1132
NTO.TA,2026-08-13,20590.0,20800.0,20000.0,20450.0,4755
NTO.TA,2026-08-14,20450.0,20460.0,20110.0,20280.0,1028
NTO.TA,2026-08-17,20280.0,20670.0,20540.0,20580.0,2643
NTO.TA,2026-08-18,20580.0,20550.0,20160.0,20500.0,1117
NTO.TA,2026-08-19,20500.0,20400.0,19920.0,20270.0,3692
NTO.TA,2026-08-20,20550.0,20550.0,17800.0,17840.0,38507
NTO.TA,2026-08-21,17840.0,18610.0,17460.0,18390.0,4289
NTO.TA,2026-08-24,18390.0,18460.0,18100.0,18130.0,6934
NTO.TA,2026-08-25,18130.0,18270.0,17510.0,18230.0,11235
NTO.TA,2026-08-26,18230.0,18460.0,17740.0,18380.0,5329
NTO.TA,2026-08-27,18380.0,18750.0,18170.0,18610.0,3854
NTO.TA,2026-08-28,18610.0,19190.0,18530.0,19040.0,1765
NTO.TA,2026-08-31,19040.0,19100.0,18070.0,19100.0,3890
NTO.TA,2026-09-01,19100.0,19120.0,18360.0,18460.0,7848
NTO.TA,2026-09-02,18870.0,19090.0,18650.0,18860.0,5355
NTO.TA,2026-09-03,18860.0,19100.0,18140.0,18420.0,1633
NTO.TA,2026-09-04,18420.0,18450.0,17540.0,18050.0,5501
NTO.TA,2026-09-07,18050.0,18180.0,17760.0,17800.0,2638
NTO.TA,2026-09-08,17800.0,18150.0,17670.0,18120.0,3540
NTO.TA,2026-09-09,18120.0,18120.0,17620.0,17860.0,5069
NTO.TA,2026-09-10,17860.0,17720.0,17250.0,17330.0,5271
NTO.TA,2026-09-11,17330.0,17330.0,17330.0,17330.0,0
NTO.TA,2026-09-14,17330.0,17460.0,16790.0,16880.0,7547
NTO.TA,2026-09-15,16880.0,17250.0,16500.0,16820.0,8349
NTO.TA,2026-09-16,16820.0,17810.0,17050.0,17550.0,6081
NTO.TA,2026-09-17,17550.0,17950.0,17510.0,17700.0,8728
NTO.TA,2026-09-18,17700.0,17700.0,17700.0,17700.0,0
NTO.TA,2026-09-21,17700.0,17700.0,17700.0,17700.0,0
NTO.TA,2026-09-22,17700.0,17980.0,17300.0,17330.0,3077
NTO.TA,2026-09-23,17330.0,17630.0,17090.0,17200.0,711
NTO.TA,2026-09-24,17200.0,17150.0,16340.0,16650.0,10614
WLFD.TA,2026-07-16,5496.0,5765.0,5682.0,5708.0,63
WLFD.TA,2026-07-17,5708.0,5987.0,5939.0,5896.0,26
WLFD.TA,2026-07-20,5896.0,6299.0,5607.0,5983.0,2736
WLFD.TA,2026-07-21,5983.0,6298.0,5970.0,6141.0,1004
WLFD.TA,2026-07-22,6141.0,6141.0,5844.0,6114.0,1898
WLFD.TA,2026-07-24,6114.0,6114.0,6114.0,6114.0,16
WLFD.TA,2026-07-27,6114.0,6113.0,5899.0,6101.0,2185
WLFD.TA,2026-07-28,6101.0,6050.0,5914.0,5967.0,534
WLFD.TA,2026-07-29,5967.0,6110.0,5864.0,5993.0,744
WLFD.TA,2026-07-30,6114.0,6114.0,5854.0,5999.0,1160
WLFD.TA,2026-07-31,5999.0,6049.0,5999.0,6047.0,393
WLFD.TA,2026-08-03,6047.0,6047.0,5504.0,6047.0,5185
WLFD.TA,2026-08-04,6005.0,6047.0,6005.0,6024.0,1197
WLFD.TA,2026-08-05,6024.0,6023.0,5757.0,5844.0,51870
WLFD.TA,2026-08-06,5844.0,6325.0,5889.0,5985.0,6574
WLFD.TA,2026-08-07,5985.0,6049.0,5752.0,6027.0,666
WLFD.TA,2026-08-10,6027.0,6265.0,5993.0,6183.0,5107
WLFD.TA,2026-08-11,6183.0,6120.0,5991.0,6118.0,729
WLFD.TA,2026-08-12,6118.0,6118.0,6116.0,6117.0,2846
WLFD.TA,2026-08-13,6117.0,6117.0,5933.0,6064.0,595
WLFD.TA,2026-08-14,6155.0,6155.0,6000.0,6016.0,3411
WLFD.TA,2026-08-17,6016.0,6162.0,5875.0,5950.0,1180
WLFD.TA,2026-08-18,5950.0,5956.0,5900.0,5900.0,1820
WLFD.TA,2026-08-19,5900.0,5999.0,5830.0,5900.0,426
WLFD.TA,2026-08-20,5900.0,5981.0,5980.0,5980.0,457
WLFD.TA,2026-08-21,5980.0,5980.0,5830.0,5980.0,2537
WLFD.TA,2026-08-24,5980.0,5950.0,5444.0,5925.0,2221
WLFD.TA,2026-08-25,5925.0,5763.0,5410.0,5590.0,205
WLFD.TA,2026-08-26,5590.0,5650.0,5400.0,5410.0,210
WLFD.TA,2026-08-27,5410.0,5680.0,5678.0,5680.0,958
WLFD.TA,2026-08-28,5680.0,5667.0,5440.0,5615.0,754
WLFD.TA,2026-08-31,5615.0,5614.0,5578.0,5591.0,1392
WLFD.TA,2026-09-01,5591.0,5800.0,5500.0,5757.0,5780
WLFD.TA,2026-09-02,5757.0,5703.0,5674.0,5703.0,2168
WLFD.TA,2026-09-03,5703.0,5701.0,5396.0,5698.0,24894
WLFD.TA,2026-09-04,5698.0,5584.0,5584.0,5584.0,947
WLFD.TA,2026-09-07,5584.0,5720.0,5574.0,5682.0,1555
WLFD.TA,2026-09-08,5682.0,5682.0,5536.0,5635.0,2647
WLFD.TA,2026-09-09,5635.0,5720.0,5520.0,5606.0,390
WLFD.TA,2026-09-10,5689.0,5689.0,5575.0,5600.0,1907
WLFD.TA,2026-09-11,5600.0,5600.0,5600.0,5600.0,0
WLFD.TA,2026-09-14,5600.0,5600.0,5600.0,5600.0,357
WLFD.TA,2026-09-15,5600.0,5600.0,5516.0,5598.0,1629
WLFD.TA,2026-09-16,5598.0,5320.0,5320.0,5320.0,287
WLFD.TA,2026-09-17,5320.0,5579.0,5211.0,5296.0,9606
WLFD.TA,2026-09-18,5296.0,5296.0,5296.0,5296.0,0
WLFD.TA,2026-09-21,5296.0,5296.0,5296.0,5296.0,0
WLFD.TA,2026-09-22,5296.0,5551.0,5185.0,5528.0,7284
WLFD.TA,2026-09-23,5528.0,5502.0,5233.0,5245.0,465
WLFD.TA,2026-09-24,5245.0,5500.0,5245.0,5423.0,3491
DLEKG.TA,2026-07-16,7764.0,7909.0,7586.0,7819.0,467580
DLEKG.TA,2026-07-17,7819.0,7844.0,7666.0,7844.0,200320
DLEKG.TA,2026-07-20,7979.0,8202.0,7731.0,7825.0,510266
DLEKG.TA,2026-07-21,7836.0,8113.0,7780.0,8050.0,376225
DLEKG.TA,2026-07-22,8050.0,8345.0,7983.0,8173.0,500197
DLEKG.TA,2026-07-24,8299.0,8507.0,8219.0,8445.0,638217
DLEKG.TA,2026-07-27,8377.0,8694.0,8151.0,8428.0,636418
DLEKG.TA,2026-07-28,8330.0,8436.0,8227.0,8351.0,205434
DLEKG.TA,2026-07-29,8213.0,8408.0,8091.0,8350.0,342671
DLEKG.TA,2026-07-30,8350.0,8480.0,8008.0,8127.0,264209
DLEKG.TA,2026-07-31,8050.0,8119.0,7901.0,8012.0,254005
DLEKG.TA,2026-08-03,7914.0,8165.0,7865.0,8045.0,306706
DLEKG.TA,2026-08-04,8050.0,8200.0,7880.0,7991.0,348423
DLEKG.TA,2026-08-05,7950.0,8070.0,7870.0,7991.0,366798
DLEKG.TA,2026-08-06,7956.0,7976.0,7803.0,7908.0,1034356
DLEKG.TA,2026-08-07,8020.0,8145.0,7850.0,7988.0,254615
DLEKG.TA,2026-08-10,7986.0,7988.0,7667.0,7708.0,382085
DLEKG.TA,2026-08-11,7816.0,8147.0,7766.0,8035.0,319548
DLEKG.TA,2026-08-12,8056.0,8277.0,7988.0,8265.0,268134
DLEKG.TA,2026-08-13,8265.0,8598.0,8221.0,8278.0,237130
DLEKG.TA,2026-08-14,8319.0,8328.0,8180.0,8238.0,89674
DLEKG.TA,2026-08-17,8200.0,8274.0,8001.0,8001.0,166902
DLEKG.TA,2026-08-18,8040.0,8160.0,8005.0,8160.0,230164
DLEKG.TA,2026-08-19,8360.0,8750.0,8306.0,8615.0,646169
DLEKG.TA,2026-08-20,8650.0,8767.0,8520.0,8670.0,310982
DLEKG.TA,2026-08-21,8670.0,8745.0,8439.0,8508.0,257683
DLEKG.TA,2026-08-24,8508.0,8730.0,8300.0,8674.0,302055
DLEKG.TA,2026-08-25,8671.0,8687.0,8434.0,8434.0,228376
DLEKG.TA,2026-08-26,8324.0,8470.0,8217.0,8426.0,311348
DLEKG.TA,2026-08-27,8321.0,8371.0,8203.0,8264.0,223623
DLEKG.TA,2026-08-28,8200.0,8360.0,8200.0,8222.0,274401
DLEKG.TA,2026-08-31,8222.0,8506.0,8222.0,8435.0,268267
DLEKG.TA,2026-09-01,8435.0,8718.0,8435.0,8705.0,258587
DLEKG.TA,2026-09-02,8796.0,8958.0,8745.0,8778.0,310973
DLEKG.TA,2026-09-03,8825.0,8928.0,8725.0,8862.0,250373
DLEKG.TA,2026-09-04,8886.0,8970.0,8828.0,8928.0,149318
DLEKG.TA,2026-09-07,8928.0,9000.0,8803.0,8922.0,193679
DLEKG.TA,2026-09-08,8990.0,9100.0,8823.0,8917.0,272679
DLEKG.TA,2026-09-09,9019.0,9119.0,8984.0,9099.0,229321
DLEKG.TA,2026-09-10,9150.0,9195.0,9052.0,9118.0,231741
DLEKG.TA,2026-09-11,9118.0,9118.0,9118.0,9118.0,0
DLEKG.TA,2026-09-14,9118.0,9275.0,9033.0,9070.0,227028
DLEKG.TA,2026-09-15,9114.0,9114.0,8863.0,8953.0,203560
DLEKG.TA,2026-09-16,8960.0,9075.0,8870.0,8870.0,156982
DLEKG.TA,2026-09-17,8800.0,8981.0,8737.0,8879.0,314402
DLEKG.TA,2026-09-18,8879.0,8879.0,8879.0,8879.0,0
DLEKG.TA,2026-09-21,8879.0,8879.0,8879.0,8879.0,0
DLEKG.TA,2026-09-22,8870.0,8879.0,8587.0,8724.0,375780
DLEKG.TA,2026-09-23,8724.0,8780.0,8666.0,8732.0,155290
DLEKG.TA,2026-09-24,8701.0,8920.0,8650.0,8701.0,279917
NTNB.TA,2026-07-16,241.60000610351562,240.1999969482422,236.3000030517578,236.60000610351562,3301
NTNB.TA,2026-07-17,236.60000610351562,231.39999389648438,231.39999389648438,236.60000610351562,6
NTNB.TA,2026-07-20,236.60000610351562,236.8000030517578,224.8000030517578,234.0,5439
NTNB.TA,2026-07-21,234.0,244.89999389648438,235.60000610351562,241.60000610351562,5271
NTNB.TA,2026-07-22,241.60000610351562,244.89999389648438,239.5,244.3000030517578,1373
NTNB.TA,2026-07-24,244.3000030517578,244.3000030517578,244.3000030517578,244.3000030517578,40
NTNB.TA,2026-07-27,245.0,245.0,229.60000610351562,235.6999969482422,2029
NTNB.TA,2026-07-28,235.6999969482422,230.60000610351562,230.60000610351562,234.6999969482422,197
NTNB.TA,2026-07-29,234.6999969482422,248.8000030517578,232.0,245.89999389648438,31512
NTNB.TA,2026-07-30,246.89999389648438,246.89999389648438,236.10000610351562,246.6999969482422,3564
NTNB.TA,2026-07-31,246.6999969482422,246.6999969482422,246.6999969482422,246.6999969482422,27
NTNB.TA,2026-08-03,246.6999969482422,241.3000030517578,234.6999969482422,241.10000610351562,1348
NTNB.TA,2026-08-04,241.10000610351562,235.8000030517578,235.8000030517578,235.8000030517578,2511
NTNB.TA,2026-08-05,235.8000030517578,235.8000030517578,235.8000030517578,235.8000030517578,132
NTNB.TA,2026-08-06,235.8000030517578,238.0,230.6999969482422,231.3000030517578,21693
NTNB.TA,2026-08-07,231.3000030517578,231.3000030517578,218.0,231.0,17
NTNB.TA,2026-08-10,231.0,231.0,219.60000610351562,225.89999389648438,1898
NTNB.TA,2026-08-11,225.89999389648438,225.89999389648438,221.0,225.60000610351562,49
NTNB.TA,2026-08-12,225.60000610351562,225.60000610351562,220.6999969482422,224.39999389648438,196
NTNB.TA,2026-08-13,224.39999389648438,224.39999389648438,224.39999389648438,224.39999389648438,87
NTNB.TA,2026-08-14,224.39999389648438,229.3000030517578,224.39999389648438,224.8000030517578,310
NTNB.TA,2026-08-17,224.8000030517578,224.8000030517578,224.8000030517578,224.8000030517578,674
NTNB.TA,2026-08-18,224.8000030517578,218.5,218.5,223.3000030517578,193
NTNB.TA,2026-08-19,223.3000030517578,234.8000030517578,218.39999389648438,228.1999969482422,59035
NTNB.TA,2026-08-20,228.1999969482422,218.39999389648438,218.39999389648438,227.6999969482422,40
NTNB.TA,2026-08-21,227.6999969482422,222.8000030517578,217.5,222.5,4088
NTNB.TA,2026-08-24,222.5,222.5,217.0,219.89999389648438,22124
NTNB.TA,2026-08-25,219.89999389648438,216.6999969482422,210.39999389648438,215.1999969482422,7253
NTNB.TA,2026-08-26,215.1999969482422,215.1999969482422,201.0,208.39999389648438,5831
NTNB.TA,2026-08-27,208.39999389648438,210.89999389648438,204.8000030517578,210.89999389648438,41947
NTNB.TA,2026-08-28,210.89999389648438,215.10000610351562,215.10000610351562,211.3000030517578,83
NTNB.TA,2026-08-31,211.3000030517578,211.3000030517578,202.89999389648438,204.39999389648438,3018
NTNB.TA,2026-09-01,204.39999389648438,216.6999969482422,204.3000030517578,204.8000030517578,8527
NTNB.TA,2026-09-02,209.3000030517578,209.3000030517578,206.10000610351562,208.39999389648438,5242
NTNB.TA,2026-09-03,208.39999389648438,214.1999969482422,202.39999389648438,208.6999969482422,14739
NTNB.TA,2026-09-04,208.6999969482422,209.6999969482422,209.3000030517578,209.6999969482422,9093
NTNB.TA,2026-09-07,209.6999969482422,209.6999969482422,205.3000030517578,205.3000030517578,1797
NTNB.TA,2026-09-08,205.3000030517578,220.0,200.8000030517578,208.8000030517578,14985
NTNB.TA,2026-09-09,208.8000030517578,227.60000610351562,211.3000030517578,218.10000610351562,6653
NTNB.TA,2026-09-10,218.10000610351562,225.0,218.10000610351562,220.8000030517578,6041
NTNB.TA,2026-09-11,220.8000030517578,220.8000030517578,220.8000030517578,220.8000030517578,0
NTNB.TA,2026-09-14,220.8000030517578,230.0,218.5,224.10000610351562,4580
NTNB.TA,2026-09-15,224.10000610351562,224.10000610351562,219.1999969482422,223.6999969482422,106
NTNB.TA,2026-09-16,223.6999969482422,221.10000610351562,216.3000030517578,219.5,18615
NTNB.TA,2026-09-17,219.5,232.60000610351562,210.0,223.3000030517578,17582
NTNB.TA,2026-09-18,223.3000030517578,223.3000030517578,223.3000030517578,223.3000030517578,0
NTNB.TA,2026-09-21,223.3000030517578,223.3000030517578,223.3000030517578,223.3000030517578,0
NTNB.TA,2026-09-22,223.3000030517578,233.0,218.5,229.5,26692
NTNB.TA,2026-09-23,229.5,233.0,222.10000610351562,231.3000030517578,45024
NTNB.TA,2026-09-24,231.3000030517578,233.0,219.6999969482422,227.3000030517578,14929
WESR.TA,2026-07-16,1397.0,1420.0,1383.0,1400.0,103648
WESR.TA,2026-07-17,1390.0,1420.0,1374.0,1420.0,51751
WESR.TA,2026-07-20,1420.0,1462.0,1399.0,1459.0,103261
WESR.TA,2026-07-21,1414.0,1500.0,1414.0,1484.0,118386
WESR.TA,2026-07-22,1484.0,1521.0,1450.0,1457.0,168298
WESR.TA,2026-07-24,1421.0,1491.0,1419.0,1491.0,125268
WESR.TA,2026-07-27,1498.0,1545.0,1476.0,1501.0,230279
WESR.TA,2026-07-28,1501.0,1518.0,1477.0,1487.0,103177
WESR.TA,2026-07-29,1487.0,1487.0,1404.0,1413.0,132478
WESR.TA,2026-07-30,1413.0,1434.0,1380.0,1418.0,121030
WESR.TA,2026-07-31,1418.0,1531.0,1418.0,1520.0,219815
WESR.TA,2026-08-03,1520.0,1622.0,1520.0,1605.0,318852
WESR.TA,2026-08-04,1608.0,1656.0,1601.0,1602.0,220162
WESR.TA,2026-08-05,1602.0,1627.0,1553.0,1581.0,198966
WESR.TA,2026-08-06,1581.0,1604.0,1509.0,1509.0,2551142
WESR.TA,2026-08-07,1518.0,1532.0,1430.0,1445.0,400675
WESR.TA,2026-08-10,1477.0,1486.0,1374.0,1374.0,212682
WESR.TA,2026-08-11,1374.0,1374.0,1296.0,1306.0,182204
WESR.TA,2026-08-12,1311.0,1327.0,1272.0,1292.0,175557
WESR.TA,2026-08-13,1292.0,1352.0,1260.0,1346.0,165115
WESR.TA,2026-08-14,1355.0,1355.0,1312.0,1316.0,102735
WESR.TA,2026-08-17,1302.0,1399.0,1302.0,1323.0,267656
WESR.TA,2026-08-18,1323.0,1323.0,1243.0,1293.0,239991
WESR.TA,2026-08-19,1293.0,1345.0,1284.0,1292.0,205048
WESR.TA,2026-08-20,1297.0,1339.0,1267.0,1288.0,160909
WESR.TA,2026-08-21,1288.0,1322.0,1280.0,1304.0,88277
WESR.TA,2026-08-24,1304.0,1337.0,1248.0,1254.0,235396
WESR.TA,2026-08-25,1254.0,1353.0,1250.0,1316.0,280295
WESR.TA,2026-08-26,1316.0,1370.0,1303.0,1370.0,365123
WESR.TA,2026-08-27,1370.0,1444.0,1319.0,1392.0,140751
WESR.TA,2026-08-28,1356.0,1407.0,1356.0,1373.0,87666
WESR.TA,2026-08-31,1373.0,1399.0,1360.0,1372.0,189426
WESR.TA,2026-09-01,1388.0,1423.0,1363.0,1406.0,242295
WESR.TA,2026-09-02,1426.0,1506.0,1400.0,1506.0,290253
WESR.TA,2026-09-03,1511.0,1630.0,1473.0,1630.0,775424
WESR.TA,2026-09-04,1616.0,1630.0,1568.0,1608.0,149121
WESR.TA,2026-09-07,1608.0,1702.0,1608.0,1692.0,359203
WESR.TA,2026-09-08,1692.0,1692.0,1604.0,1652.0,188864
WESR.TA,2026-09-09,1659.0,1670.0,1611.0,1643.0,119490
WESR.TA,2026-09-10,1729.0,1729.0,1564.0,1606.0,167724
WESR.TA,2026-09-11,1606.0,1606.0,1606.0,1606.0,0
WESR.TA,2026-09-14,1642.0,1754.0,1580.0,1670.0,696776
WESR.TA,2026-09-15,1679.0,1679.0,1569.0,1600.0,593537
WESR.TA,2026-09-16,1630.0,1649.0,1530.0,1610.0,405719
WESR.TA,2026-09-17,1601.0,1643.0,1591.0,1613.0,262555
WESR.TA,2026-09-18,1613.0,1613.0,1613.0,1613.0,0
WESR.TA,2026-09-21,1613.0,1613.0,1613.0,1613.0,0
WESR.TA,2026-09-22,1652.0,1677.0,1596.0,1649.0,287573
WESR.TA,2026-09-23,1561.0,1743.0,1561.0,1716.0,317092
WESR.TA,2026-09-24,1692.0,1720.0,1652.0,1702.0,222502
BLRN.TA,2026-07-16,41.900001525878906,41.900001525878906,41.900001525878906,40.400001525878906,10
BLRN.TA,2026-07-17,41.29999923706055,41.29999923706055,41.29999923706055,40.400001525878906,12
BLRN.TA,2026-07-20,40.400001525878906,40.400001525878906,40.400001525878906,40.400001525878906,0
BLRN.TA,2026-07-21,40.400001525878906,40.400001525878906,39.79999923706055,40.29999923706055,61301
BLRN.TA,2026-07-22,41.20000076293945,41.20000076293945,41.20000076293945,40.29999923706055,1
BLRN.TA,2026-07-24,41.20000076293945,41.79999923706055,40.0,40.400001525878906,13002
BLRN.TA,2026-07-27,41.29999923706055,41.29999923706055,40.0,40.400001525878906,57945
BLRN.TA,2026-07-28,40.400001525878906,40.400001525878906,37.0,38.099998474121094,62207
BLRN.TA,2026-07-29,38.099998474121094,38.099998474121094,36.099998474121094,36.70000076293945,214667
BLRN.TA,2026-07-30,36.70000076293945,36.70000076293945,36.70000076293945,36.70000076293945,0
BLRN.TA,2026-07-31,36.70000076293945,36.20000076293945,35.900001525878906,36.0,18800
BLRN.TA,2026-08-03,36.0,36.0,35.5,35.79999923706055,49544
BLRN.TA,2026-08-04,36.599998474121094,36.599998474121094,36.099998474121094,36.5,67596
BLRN.TA,2026-08-05,37.0,37.0,35.70000076293945,36.0,66704
BLRN.TA,2026-08-06,36.0,40.29999923706055,36.70000076293945,37.599998474121094,79807
BLRN.TA,2026-08-07,37.599998474121094,41.0,37.599998474121094,38.0,29036
BLRN.TA,2026-08-10,38.900001525878906,40.900001525878906,38.79999923706055,39.79999923706055,49660
BLRN.TA,2026-08-11,39.400001525878906,39.79999923706055,38.599998474121094,39.5,57119
BLRN.TA,2026-08-12,39.5,39.5,36.0,37.79999923706055,72696
BLRN.TA,2026-08-13,37.79999923706055,37.79999923706055,35.0,36.900001525878906,24651
BLRN.TA,2026-08-14,36.900001525878906,36.900001525878906,36.900001525878906,36.900001525878906,10000
BLRN.TA,2026-08-17,36.900001525878906,41.0,36.099998474121094,38.599998474121094,168504
BLRN.TA,2026-08-18,38.599998474121094,40.400001525878906,38.599998474121094,39.70000076293945,165756
BLRN.TA,2026-08-19,39.70000076293945,39.20000076293945,38.79999923706055,38.900001525878906,22000
BLRN.TA,2026-08-20,38.900001525878906,39.099998474121094,38.0,38.099998474121094,20085
BLRN.TA,2026-08-21,38.099998474121094,40.0,38.0,38.900001525878906,139129
BLRN.TA,2026-08-24,38.900001525878906,41.400001525878906,39.0,39.599998474121094,120704
BLRN.TA,2026-08-25,39.599998474121094,42.0,39.20000076293945,40.70000076293945,57385
BLRN.TA,2026-08-26,40.70000076293945,40.70000076293945,38.0,38.0,323147
BLRN.TA,2026-08-27,38.0,39.0,38.0,38.79999923706055,108964
BLRN.TA,2026-08-28,38.79999923706055,39.0,38.79999923706055,38.900001525878906,227447
BLRN.TA,2026-08-31,40.0,43.29999923706055,38.900001525878906,39.0,295235
BLRN.TA,2026-09-01,37.20000076293945,40.099998474121094,37.0,39.5,499678
BLRN.TA,2026-09-02,40.29999923706055,40.29999923706055,38.0,39.0,388599
BLRN.TA,2026-09-03,39.0,40.400001525878906,38.099998474121094,38.79999923706055,69076
BLRN.TA,2026-09-04,38.79999923706055,40.099998474121094,39.0,40.0,421379
BLRN.TA,2026-09-07,40.0,39.29999923706055,39.0,39.099998474121094,75432
BLRN.TA,2026-09-08,39.099998474121094,39.099998474121094,37.599998474121094,38.29999923706055,37651
BLRN.TA,2026-09-09,38.29999923706055,39.0,38.0,38.5,135312
BLRN.TA,2026-09-10,38.5,39.0,38.099998474121094,38.400001525878906,88389
BLRN.TA,2026-09-11,38.400001525878906,38.400001525878906,38.400001525878906,38.400001525878906,0
BLRN.TA,2026-09-14,38.400001525878906,39.5,37.0,39.0,767761
BLRN.TA,2026-09-15,39.0,49.70000076293945,39.099998474121094,41.29999923706055,1210081
BLRN.TA,2026-09-16,46.0,46.0,38.099998474121094,41.29999923706055,301605
BLRN.TA,2026-09-17,41.29999923706055,42.0,38.400001525878906,41.29999923706055,259533
BLRN.TA,2026-09-18,41.29999923706055,41.29999923706055,41.29999923706055,41.29999923706055,0
BLRN.TA,2026-09-21,41.29999923706055,41.29999923706055,41.29999923706055,41.29999923706055,0
BLRN.TA,2026-09-22,40.400001525878906,40.400001525878906,39.599998474121094,40.20000076293945,36504
BLRN.TA,2026-09-23,39.29999923706055,39.70000076293945,38.5,38.79999923706055,68747
BLRN.TA,2026-09-24,38.79999923706055,39.900001525878906,37.900001525878906,38.599998474121094,79496
RVL.TA,2026-07-16,158.6999969482422,159.8000030517578,152.0,154.0,8006
RVL.TA,2026-07-17,154.0,153.10000610351562,153.0,153.10000610351562,6269
RVL.TA,2026-07-20,153.10000610351562,159.1999969482422,151.39999389648438,153.0,4659
RVL.TA,2026-07-21,153.0,159.0,158.39999389648438,158.60000610351562,2011
RVL.TA,2026-07-22,158.60000610351562,159.60000610351562,159.60000610351562,159.60000610351562,1274
RVL.TA,2026-07-24,159.60000610351562,159.6999969482422,159.6999969482422,159.60000610351562,86
RVL.TA,2026-07-27,159.60000610351562,159.60000610351562,159.60000610351562,159.60000610351562,725
RVL.TA,2026-07-28,159.60000610351562,159.6999969482422,151.5,158.0,10549
RVL.TA,2026-07-29,158.0,158.5,152.1999969482422,154.8000030517578,6702
RVL.TA,2026-07-30,154.8000030517578,157.0,150.0,153.60000610351562,19804
RVL.TA,2026-07-31,153.60000610351562,157.89999389648438,157.10000610351562,157.1999969482422,1404
RVL.TA,2026-08-03,157.1999969482422,158.0,151.60000610351562,157.3000030517578,543
RVL.TA,2026-08-04,157.3000030517578,159.60000610351562,152.0,159.39999389648438,16328
RVL.TA,2026-08-05,159.39999389648438,162.89999389648438,152.10000610351562,159.0,97190
RVL.TA,2026-08-06,159.0,164.8000030517578,154.0,156.0,6594
RVL.TA,2026-08-07,156.0,162.10000610351562,156.0,161.8000030517578,1259
RVL.TA,2026-08-10,161.8000030517578,162.0,157.0,161.6999969482422,14675
RVL.TA,2026-08-11,161.6999969482422,161.6999969482422,152.39999389648438,154.1999969482422,8221
RVL.TA,2026-08-12,154.1999969482422,160.6999969482422,160.6999969482422,159.3000030517578,1020
RVL.TA,2026-08-13,159.3000030517578,159.3000030517578,159.3000030517578,159.3000030517578,65
RVL.TA,2026-08-14,159.3000030517578,159.3000030517578,153.1999969482422,159.3000030517578,3
RVL.TA,2026-08-17,159.3000030517578,160.89999389648438,155.6999969482422,159.3000030517578,94508
RVL.TA,2026-08-18,159.3000030517578,162.0,155.10000610351562,160.3000030517578,682
RVL.TA,2026-08-19,160.3000030517578,161.89999389648438,155.5,160.39999389648438,13123
RVL.TA,2026-08-20,160.39999389648438,161.0,161.0,160.39999389648438,16
RVL.TA,2026-08-21,160.39999389648438,165.0,161.60000610351562,162.39999389648438,18735
RVL.TA,2026-08-24,164.89999389648438,165.39999389648438,160.3000030517578,162.8000030517578,31943
RVL.TA,2026-08-25,162.8000030517578,166.0,160.0,160.5,11621
RVL.TA,2026-08-26,160.5,164.3000030517578,163.0,163.3000030517578,2064
RVL.TA,2026-08-27,163.3000030517578,164.0,163.3000030517578,164.0,6429
RVL.TA,2026-08-28,164.0,168.60000610351562,165.89999389648438,168.3000030517578,3314
RVL.TA,2026-08-31,168.3000030517578,168.0,160.0,161.6999969482422,15574
RVL.TA,2026-09-01,161.6999969482422,168.0,161.60000610351562,163.1999969482422,6094
RVL.TA,2026-09-02,163.1999969482422,169.3000030517578,169.3000030517578,165.8000030517578,515
RVL.TA,2026-09-03,165.8000030517578,168.89999389648438,157.1999969482422,158.3000030517578,42899
RVL.TA,2026-09-04,158.3000030517578,156.10000610351562,156.10000610351562,158.10000610351562,97
RVL.TA,2026-09-07,158.10000610351562,164.8000030517578,151.0,154.3000030517578,16934
RVL.TA,2026-09-08,154.3000030517578,155.5,150.0,150.3000030517578,29936
RVL.TA,2026-09-09,150.3000030517578,155.0,150.0,150.1999969482422,25249
RVL.TA,2026-09-10,150.1999969482422,151.0,151.0,151.0,1779
RVL.TA,2026-09-11,151.0,151.0,151.0,151.0,0
RVL.TA,2026-09-14,151.0,150.0,147.10000610351562,147.6999969482422,36576
RVL.TA,2026-09-15,147.6999969482422,147.0,147.0,147.0,10602
RVL.TA,2026-09-16,147.0,146.8000030517578,146.0,146.1999969482422,1332
RVL.TA,2026-09-17,146.1999969482422,151.60000610351562,145.5,147.3000030517578,19975
RVL.TA,2026-09-18,147.3000030517578,147.3000030517578,147.3000030517578,147.3000030517578,0
RVL.TA,2026-09-21,147.3000030517578,147.3000030517578,147.3000030517578,147.3000030517578,0
RVL.TA,2026-09-22,147.3000030517578,152.0,141.5,145.8000030517578,11341
RVL.TA,2026-09-23,145.8000030517578,149.5,144.0,145.3000030517578,14607
RVL.TA,2026-09-24,145.3000030517578,150.1999969482422,144.0,147.89999389648438,742
MVNE.TA,2026-07-16,1305.0,1319.0,1291.0,1304.0,1930428
MVNE.TA,2026-07-17,1304.0,1309.0,1290.0,1307.0,248422
MVNE.TA,2026-07-20,1307.0,1331.0,1286.0,1331.0,873167
MVNE.TA,2026-07-21,1331.0,1350.0,1307.0,1315.0,2243227
MVNE.TA,2026-07-22,1315.0,1336.0,1292.0,1322.0,955855
MVNE.TA,2026-07-24,1322.0,1353.0,1307.0,1353.0,1172860
MVNE.TA,2026-07-27,1339.0,1393.0,1317.0,1317.0,644902
MVNE.TA,2026-07-28,1317.0,1333.0,1312.0,1315.0,328058
MVNE.TA,2026-07-29,1315.0,1326.0,1290.0,1297.0,412981
MVNE.TA,2026-07-30,1297.0,1330.0,1278.0,1330.0,1134071
MVNE.TA,2026-07-31,1335.0,1350.0,1326.0,1350.0,1100198
MVNE.TA,2026-08-03,1336.0,1356.0,1292.0,1292.0,718717
MVNE.TA,2026-08-04,1292.0,1308.0,1268.0,1277.0,1015746
MVNE.TA,2026-08-05,1287.0,1296.0,1266.0,1291.0,1137125
MVNE.TA,2026-08-06,1300.0,1300.0,1256.0,1275.0,4444578
MVNE.TA,2026-08-07,1287.0,1294.0,1279.0,1290.0,406131
MVNE.TA,2026-08-10,1271.0,1287.0,1243.0,1244.0,1436136
MVNE.TA,2026-08-11,1243.0,1263.0,1232.0,1237.0,579117
MVNE.TA,2026-08-12,1246.0,1256.0,1224.0,1224.0,1280585
MVNE.TA,2026-08-13,1221.0,1237.0,1218.0,1230.0,881013
MVNE.TA,2026-08-14,1250.0,1291.0,1220.0,1233.0,454821
MVNE.TA,2026-08-17,1233.0,1239.0,1210.0,1214.0,661565
MVNE.TA,2026-08-18,1214.0,1230.0,1196.0,1226.0,1048312
MVNE.TA,2026-08-19,1233.0,1262.0,1222.0,1262.0,615461
MVNE.TA,2026-08-20,1266.0,1281.0,1254.0,1281.0,526067
MVNE.TA,2026-08-21,1281.0,1283.0,1252.0,1259.0,410433
MVNE.TA,2026-08-24,1259.0,1267.0,1241.0,1259.0,315604
MVNE.TA,2026-08-25,1259.0,1303.0,1257.0,1295.0,628849
MVNE.TA,2026-08-26,1285.0,1288.0,1259.0,1269.0,572119
MVNE.TA,2026-08-27,1308.0,1308.0,1278.0,1285.0,540257
MVNE.TA,2026-08-28,1276.0,1296.0,1271.0,1286.0,430396
MVNE.TA,2026-08-31,1286.0,1287.0,1265.0,1287.0,1154580
MVNE.TA,2026-09-01,1287.0,1313.0,1259.0,1313.0,1547935
MVNE.TA,2026-09-02,1311.0,1370.0,1307.0,1370.0,774483
MVNE.TA,2026-09-03,1362.0,1387.0,1358.0,1379.0,523326
MVNE.TA,2026-09-04,1379.0,1396.0,1378.0,1393.0,319219
MVNE.TA,2026-09-07,1393.0,1393.0,1370.0,1373.0,280832
MVNE.TA,2026-09-08,1373.0,1382.0,1342.0,1342.0,466453
MVNE.TA,2026-09-09,1342.0,1349.0,1319.0,1336.0,306753
MVNE.TA,2026-09-10,1349.0,1349.0,1320.0,1324.0,927727
MVNE.TA,2026-09-11,1324.0,1324.0,1324.0,1324.0,0
MVNE.TA,2026-09-14,1324.0,1327.0,1298.0,1322.0,297055
MVNE.TA,2026-09-15,1322.0,1324.0,1297.0,1305.0,241570
MVNE.TA,2026-09-16,1311.0,1317.0,1288.0,1303.0,474919
MVNE.TA,2026-09-17,1313.0,1322.0,1263.0,1274.0,1445223
MVNE.TA,2026-09-18,1274.0,1274.0,1274.0,1274.0,0
MVNE.TA,2026-09-21,1274.0,1274.0,1274.0,1274.0,0
MVNE.TA,2026-09-22,1280.0,1293.0,1262.0,1269.0,690007
MVNE.TA,2026-09-23,1269.0,1272.0,1236.0,1243.0,608945
MVNE.TA,2026-09-24,1228.0,1239.0,1211.0,1221.0,910633
MTAV.TA,2026-07-16,14190.0,14290.0,13850.0,13860.0,95840
MTAV.TA,2026-07-17,13800.0,13840.0,13560.0,13610.0,74717
MTAV.TA,2026-07-20,13610.0,13730.0,13250.0,13280.0,83433
MTAV.TA,2026-07-21,13320.0,13520.0,13190.0,13450.0,100089
MTAV.TA,2026-07-22,13500.0,13890.0,13400.0,13720.0,72700
MTAV.TA,2026-07-24,13430.0,13720.0,13230.0,13400.0,139609
MTAV.TA,2026-07-27,13400.0,13780.0,13370.0,13370.0,148945
MTAV.TA,2026-07-28,13370.0,13370.0,12540.0,12540.0,160865
MTAV.TA,2026-07-29,12540.0,13320.0,12320.0,13190.0,222024
MTAV.TA,2026-07-30,13190.0,13190.0,12690.0,12860.0,112627
MTAV.TA,2026-07-31,12940.0,13380.0,12900.0,13240.0,95011
MTAV.TA,2026-08-03,13240.0,13490.0,13130.0,13210.0,132883
MTAV.TA,2026-08-04,13300.0,13650.0,13300.0,13610.0,155383
MTAV.TA,2026-08-05,13770.0,14190.0,13710.0,13970.0,221185
MTAV.TA,2026-08-06,14020.0,14050.0,13610.0,13830.0,651053
MTAV.TA,2026-08-07,13840.0,14280.0,13840.0,14050.0,112501
MTAV.TA,2026-08-10,14050.0,14130.0,13670.0,13810.0,136607
MTAV.TA,2026-08-11,13870.0,13920.0,13420.0,13480.0,101627
MTAV.TA,2026-08-12,13480.0,13650.0,13200.0,13420.0,77788
MTAV.TA,2026-08-13,13420.0,13520.0,13250.0,13450.0,59004
MTAV.TA,2026-08-14,13450.0,13900.0,12950.0,13100.0,136848
MTAV.TA,2026-08-17,13350.0,13520.0,12660.0,12660.0,289993
MTAV.TA,2026-08-18,12660.0,12810.0,11960.0,12050.0,319559
MTAV.TA,2026-08-19,12100.0,12290.0,11500.0,11630.0,219895
MTAV.TA,2026-08-20,11680.0,11830.0,11410.0,11500.0,201206
MTAV.TA,2026-08-21,11550.0,11800.0,11280.0,11600.0,113767
MTAV.TA,2026-08-24,11460.0,11500.0,10990.0,11040.0,163554
MTAV.TA,2026-08-25,11110.0,11270.0,10920.0,11150.0,178781
MTAV.TA,2026-08-26,11150.0,11550.0,11100.0,11460.0,90634
MTAV.TA,2026-08-27,11460.0,11650.0,11330.0,11600.0,66564
MTAV.TA,2026-08-28,11560.0,11890.0,11520.0,11850.0,89000
MTAV.TA,2026-08-31,11860.0,12200.0,11700.0,11900.0,255453
MTAV.TA,2026-09-01,11900.0,12540.0,11900.0,12420.0,425881
MTAV.TA,2026-09-02,12380.0,12620.0,12130.0,12500.0,181823
MTAV.TA,2026-09-03,12500.0,12620.0,12350.0,12550.0,104357
MTAV.TA,2026-09-04,12600.0,12700.0,12500.0,12520.0,77097
MTAV.TA,2026-09-07,12520.0,12760.0,12520.0,12620.0,74601
MTAV.TA,2026-09-08,12680.0,12790.0,12420.0,12630.0,87052
MTAV.TA,2026-09-09,12650.0,12790.0,12440.0,12470.0,144181
MTAV.TA,2026-09-10,12450.0,12510.0,12220.0,12330.0,76746
MTAV.TA,2026-09-11,12330.0,12330.0,12330.0,12330.0,0
MTAV.TA,2026-09-14,12200.0,12520.0,12190.0,12470.0,56591
MTAV.TA,2026-09-15,12390.0,12390.0,12030.0,12050.0,84951
MTAV.TA,2026-09-16,12050.0,12230.0,11820.0,12000.0,126800
MTAV.TA,2026-09-17,12000.0,12260.0,11950.0,11970.0,178249
MTAV.TA,2026-09-18,11970.0,11970.0,11970.0,11970.0,0
MTAV.TA,2026-09-21,11970.0,11970.0,11970.0,11970.0,0
MTAV.TA,2026-09-22,12100.0,12360.0,12040.0,12250.0,194424
MTAV.TA,2026-09-23,12230.0,12350.0,12050.0,12190.0,109559
MTAV.TA,2026-09-24,12010.0,12090.0,11390.0,11930.0,284523
CNGL.TA,2026-07-16,746.0999755859375,747.5,728.0999755859375,743.7000122070312,105
CNGL.TA,2026-07-17,743.7000122070312,743.7000122070312,730.0,743.0,15
CNGL.TA,2026-07-20,743.0,728.0,728.0,741.2000122070312,32
CNGL.TA,2026-07-21,741.2000122070312,741.2000122070312,732.0,732.7000122070312,240
CNGL.TA,2026-07-22,732.7000122070312,728.0,703.0,707.0999755859375,267
CNGL.TA,2026-07-24,707.0999755859375,707.0999755859375,703.0,704.0,200
CNGL.TA,2026-07-27,739.2999877929688,751.2000122070312,721.9000244140625,738.2999877929688,4451
CNGL.TA,2026-07-28,738.2999877929688,730.0,713.5999755859375,719.4000244140625,1709
CNGL.TA,2026-07-29,719.4000244140625,719.4000244140625,713.5999755859375,715.7000122070312,167
CNGL.TA,2026-07-30,751.2000122070312,751.2000122070312,723.2000122070312,731.2000122070312,1843
CNGL.TA,2026-07-31,731.2000122070312,751.0,751.0,750.2999877929688,251
CNGL.TA,2026-08-03,750.2999877929688,755.4000244140625,704.0999755859375,734.4000244140625,1183
CNGL.TA,2026-08-04,700.0,759.5,700.0,746.7999877929688,242
CNGL.TA,2026-08-05,746.7999877929688,747.5999755859375,747.5999755859375,747.4000244140625,217
CNGL.TA,2026-08-06,700.0,750.0,700.0,709.7000122070312,3946
CNGL.TA,2026-08-07,709.7000122070312,709.7000122070312,674.2000122070312,686.7999877929688,176
CNGL.TA,2026-08-10,686.7999877929688,674.2999877929688,674.2999877929688,683.0,83
CNGL.TA,2026-08-11,683.0,683.0,650.2999877929688,664.2000122070312,2128
CNGL.TA,2026-08-12,664.2000122070312,674.9000244140625,663.9000244140625,666.2000122070312,10216
CNGL.TA,2026-08-13,666.2000122070312,673.5999755859375,655.5,664.2999877929688,538
CNGL.TA,2026-08-14,664.2999877929688,675.0,664.2999877929688,674.0999755859375,597
CNGL.TA,2026-08-17,674.0999755859375,682.7999877929688,674.0999755859375,674.0999755859375,6519
CNGL.TA,2026-08-18,649.7999877929688,674.0999755859375,649.7999877929688,656.0,319
CNGL.TA,2026-08-19,656.0,666.7000122070312,650.0999755859375,655.2999877929688,352
CNGL.TA,2026-08-20,655.2999877929688,655.2999877929688,642.0,645.9000244140625,661
CNGL.TA,2026-08-21,645.9000244140625,651.2000122070312,651.2000122070312,647.2000122070312,64
CNGL.TA,2026-08-24,647.2000122070312,662.5999755859375,662.5999755859375,650.4000244140625,56
CNGL.TA,2026-08-25,650.4000244140625,656.9000244140625,656.9000244140625,656.9000244140625,311
CNGL.TA,2026-08-26,656.9000244140625,656.9000244140625,646.2000122070312,646.2000122070312,429
CNGL.TA,2026-08-27,646.2000122070312,652.7000122070312,645.0,648.2999877929688,471
CNGL.TA,2026-08-28,648.2999877929688,652.7000122070312,648.2999877929688,652.7000122070312,307
CNGL.TA,2026-08-31,652.7000122070312,727.2000122070312,662.5999755859375,678.2999877929688,1598
CNGL.TA,2026-09-01,652.0,696.2000122070312,652.0,680.0999755859375,1889
CNGL.TA,2026-09-02,680.0999755859375,745.7000122070312,680.0999755859375,730.2000122070312,1391
CNGL.TA,2026-09-03,730.2000122070312,800.0,730.2000122070312,775.9000244140625,2929
CNGL.TA,2026-09-04,744.9000244140625,850.0,744.9000244140625,826.0999755859375,650
CNGL.TA,2026-09-07,859.2000122070312,949.9000244140625,859.2000122070312,898.9000244140625,5019
CNGL.TA,2026-09-08,898.9000244140625,1000.0,898.9000244140625,956.4000244140625,14567
CNGL.TA,2026-09-09,956.4000244140625,1025.0,956.4000244140625,1013.0,15676
CNGL.TA,2026-09-10,1013.0,1046.0,980.4000244140625,1025.0,9844
CNGL.TA,2026-09-11,1025.0,1025.0,1025.0,1025.0,0
CNGL.TA,2026-09-14,1025.0,1052.0,995.0,1026.0,184
CNGL.TA,2026-09-15,1026.0,1012.0,986.0,1002.0,2568
CNGL.TA,2026-09-16,1002.0,1002.0,910.0,993.7000122070312,2153
CNGL.TA,2026-09-17,993.7000122070312,973.0,933.7000122070312,969.9000244140625,1114
CNGL.TA,2026-09-18,969.9000244140625,969.9000244140625,969.9000244140625,969.9000244140625,0
CNGL.TA,2026-09-21,969.9000244140625,969.9000244140625,969.9000244140625,969.9000244140625,0
CNGL.TA,2026-09-22,969.9000244140625,851.0999755859375,851.0999755859375,968.2999877929688,4
CNGL.TA,2026-09-23,968.2999877929688,968.0,968.0,968.0,872
CNGL.TA,2026-09-24,968.0,890.7000122070312,872.2000122070312,889.2999877929688,2776
IBI.TA,2026-07-16,49670.0,49780.0,48090.0,48420.0,5499
IBI.TA,2026-07-17,48420.0,48420.0,46250.0,46980.0,5475
IBI.TA,2026-07-20,46980.0,47310.0,45340.0,45400.0,7802
IBI.TA,2026-07-21,45540.0,46390.0,45270.0,45430.0,8474
IBI.TA,2026-07-22,45430.0,46200.0,44220.0,45810.0,12804
IBI.TA,2026-07-24,44730.0,45490.0,44400.0,44630.0,11984
IBI.TA,2026-07-27,44630.0,45280.0,43720.0,44000.0,7617
IBI.TA,2026-07-28,43580.0,44620.0,42500.0,42600.0,14098
IBI.TA,2026-07-29,42600.0,45080.0,41990.0,44500.0,31478
IBI.TA,2026-07-30,44500.0,45900.0,43700.0,45340.0,9924
IBI.TA,2026-07-31,45630.0,47760.0,45630.0,47600.0,8480
IBI.TA,2026-08-03,47600.0,48600.0,46640.0,46640.0,13451
IBI.TA,2026-08-04,46990.0,47700.0,45010.0,45300.0,10164
IBI.TA,2026-08-05,45300.0,47020.0,45160.0,46000.0,16618
IBI.TA,2026-08-06,46200.0,46450.0,44000.0,44050.0,74179
IBI.TA,2026-08-07,44050.0,45490.0,44050.0,44880.0,6379
IBI.TA,2026-08-10,44880.0,45780.0,43460.0,43860.0,8335
IBI.TA,2026-08-11,43860.0,44410.0,42420.0,42500.0,7015
IBI.TA,2026-08-12,42500.0,43000.0,41270.0,41800.0,9015
IBI.TA,2026-08-13,41800.0,43000.0,41800.0,42640.0,8071
IBI.TA,2026-08-14,42650.0,43470.0,42000.0,42270.0,2113
IBI.TA,2026-08-17,42270.0,43420.0,41540.0,41540.0,7635
IBI.TA,2026-08-18,41540.0,43660.0,40300.0,43030.0,10095
IBI.TA,2026-08-19,43500.0,43670.0,42150.0,42580.0,9282
IBI.TA,2026-08-20,44700.0,45000.0,40180.0,41500.0,23690
IBI.TA,2026-08-21,41500.0,42500.0,41290.0,42140.0,3492
IBI.TA,2026-08-24,42140.0,42900.0,41620.0,41800.0,6805
IBI.TA,2026-08-25,41800.0,42260.0,41190.0,41400.0,7478
IBI.TA,2026-08-26,41400.0,42100.0,40300.0,41560.0,10146
IBI.TA,2026-08-27,41400.0,42690.0,40910.0,42690.0,7912
IBI.TA,2026-08-28,41680.0,42300.0,41600.0,42250.0,8470
IBI.TA,2026-08-31,42250.0,42250.0,40120.0,42110.0,7374
IBI.TA,2026-09-01,42110.0,44330.0,41970.0,43750.0,34877
IBI.TA,2026-09-02,43600.0,46050.0,42990.0,46050.0,29495
IBI.TA,2026-09-03,45290.0,47000.0,45130.0,46500.0,16932
IBI.TA,2026-09-04,45810.0,47490.0,45790.0,46990.0,15665
IBI.TA,2026-09-07,46500.0,47600.0,46000.0,47460.0,16143
IBI.TA,2026-09-08,47000.0,47770.0,46500.0,47520.0,10474
IBI.TA,2026-09-09,47520.0,48470.0,46300.0,46690.0,8357
IBI.TA,2026-09-10,46230.0,46430.0,44090.0,44860.0,10732
IBI.TA,2026-09-11,44860.0,44860.0,44860.0,44860.0,0
IBI.TA,2026-09-14,44960.0,45890.0,44300.0,45500.0,6956
IBI.TA,2026-09-15,45500.0,46770.0,44210.0,44380.0,6288
IBI.TA,2026-09-16,44380.0,45070.0,44200.0,44500.0,5308
IBI.TA,2026-09-17,44500.0,46970.0,44230.0,45750.0,15993
IBI.TA,2026-09-18,45750.0,45750.0,45750.0,45750.0,0
IBI.TA,2026-09-21,45750.0,45750.0,45750.0,45750.0,0
IBI.TA,2026-09-22,45820.0,46330.0,44700.0,45010.0,12319
IBI.TA,2026-09-23,45310.0,46310.0,43900.0,45690.0,9635
IBI.TA,2026-09-24,45010.0,45010.0,42200.0,43630.0,27793
ISI.TA,2026-07-16,1319.0,1319.0,1218.0,1238.0,36025
ISI.TA,2026-07-17,1229.0,1229.0,1200.0,1212.0,5997
ISI.TA,2026-07-20,1212.0,1262.0,1199.0,1218.0,20555
ISI.TA,2026-07-21,1218.0,1250.0,1218.0,1238.0,21231
ISI.TA,2026-07-22,1235.0,1270.0,1185.0,1206.0,25474
ISI.TA,2026-07-24,1206.0,1260.0,1196.0,1230.0,34784
ISI.TA,2026-07-27,1230.0,1260.0,1191.0,1205.0,14542
ISI.TA,2026-07-28,1205.0,1218.0,1170.0,1178.0,26576
ISI.TA,2026-07-29,1178.0,1239.0,1160.0,1176.0,33411
ISI.TA,2026-07-30,1176.0,1202.0,1167.0,1182.0,17900
ISI.TA,2026-07-31,1182.0,1190.0,1169.0,1177.0,5485
ISI.TA,2026-08-03,1177.0,1210.0,1152.0,1172.0,14259
ISI.TA,2026-08-04,1172.0,1204.0,1152.0,1163.0,20311
ISI.TA,2026-08-05,1163.0,1193.0,1140.0,1159.0,14119
ISI.TA,2026-08-06,1159.0,1226.0,1150.0,1226.0,179838
ISI.TA,2026-08-07,1173.0,1260.0,1170.0,1242.0,36910
ISI.TA,2026-08-10,1254.0,1281.0,1220.0,1232.0,18520
ISI.TA,2026-08-11,1232.0,1232.0,1217.0,1220.0,7834
ISI.TA,2026-08-12,1220.0,1237.0,1202.0,1215.0,15648
ISI.TA,2026-08-13,1215.0,1215.0,1198.0,1204.0,7606
ISI.TA,2026-08-14,1204.0,1225.0,1204.0,1214.0,2610
ISI.TA,2026-08-17,1214.0,1214.0,1161.0,1172.0,13480
ISI.TA,2026-08-18,1172.0,1172.0,1067.0,1086.0,66291
ISI.TA,2026-08-19,1080.0,1080.0,1042.0,1059.0,127492
ISI.TA,2026-08-20,1066.0,1088.0,1037.0,1075.0,34755
ISI.TA,2026-08-21,1080.0,1083.0,1055.0,1075.0,16810
ISI.TA,2026-08-24,1075.0,1088.0,1027.0,1043.0,26952
ISI.TA,2026-08-25,1043.0,1048.0,1014.0,1018.0,20437
ISI.TA,2026-08-26,1008.0,1041.0,988.0,1001.0,57681
ISI.TA,2026-08-27,1001.0,1021.0,980.0,1002.0,35422
ISI.TA,2026-08-28,1002.0,1002.0,968.0,989.7999877929688,39945
ISI.TA,2026-08-31,989.7999877929688,989.9000244140625,958.5,965.4000244140625,68069
ISI.TA,2026-09-01,965.4000244140625,995.9000244140625,950.2000122070312,974.5999755859375,14555
ISI.TA,2026-09-02,974.5999755859375,1023.0,974.5999755859375,1017.0,34535
ISI.TA,2026-09-03,1017.0,1096.0,1017.0,1037.0,14231
ISI.TA,2026-09-04,1037.0,1078.0,990.0,1041.0,12185
ISI.TA,2026-09-07,1041.0,1095.0,1034.0,1086.0,24378
ISI.TA,2026-09-08,1086.0,1107.0,1066.0,1087.0,22166
ISI.TA,2026-09-09,1087.0,1105.0,1077.0,1090.0,15168
ISI.TA,2026-09-10,1090.0,1090.0,1041.0,1071.0,15598
ISI.TA,2026-09-11,1071.0,1071.0,1071.0,1071.0,0
ISI.TA,2026-09-14,1071.0,1085.0,1034.0,1063.0,21995
ISI.TA,2026-09-15,1063.0,1064.0,1045.0,1052.0,11600
ISI.TA,2026-09-16,1052.0,1073.0,1025.0,1060.0,29775
ISI.TA,2026-09-17,1060.0,1113.0,1060.0,1113.0,51702
ISI.TA,2026-09-18,1113.0,1113.0,1113.0,1113.0,0
ISI.TA,2026-09-21,1113.0,1113.0,1113.0,1113.0,0
ISI.TA,2026-09-22,1113.0,1115.0,1068.0,1080.0,23151
ISI.TA,2026-09-23,1080.0,1120.0,1060.0,1071.0,7476
ISI.TA,2026-09-24,1071.0,1120.0,1032.0,1099.0,18249
ENLT.TA,2026-07-16,27620.0,28540.0,27430.0,27620.0,343858
ENLT.TA,2026-07-17,27000.0,27450.0,26750.0,27210.0,641999
ENLT.TA,2026-07-20,27360.0,28090.0,26850.0,27400.0,214673
ENLT.TA,2026-07-21,27590.0,27840.0,26620.0,27150.0,237191
ENLT.TA,2026-07-22,27100.0,28380.0,27040.0,28240.0,200296
ENLT.TA,2026-07-24,27430.0,28110.0,26250.0,27380.0,429999
ENLT.TA,2026-07-27,27520.0,28520.0,27400.0,27740.0,343815
ENLT.TA,2026-07-28,27740.0,27740.0,26380.0,26500.0,186370
ENLT.TA,2026-07-29,26480.0,26690.0,25050.0,25230.0,313441
ENLT.TA,2026-07-30,25150.0,26360.0,24110.0,26360.0,439219
ENLT.TA,2026-07-31,26400.0,26400.0,25380.0,26000.0,307099
ENLT.TA,2026-08-03,25940.0,25940.0,24950.0,25090.0,343896
ENLT.TA,2026-08-04,26300.0,27960.0,26300.0,26860.0,751578
ENLT.TA,2026-08-05,27130.0,27440.0,25110.0,25110.0,528172
ENLT.TA,2026-08-06,24710.0,25890.0,24640.0,25590.0,1127700
ENLT.TA,2026-08-07,25590.0,25680.0,25120.0,25670.0,190728
ENLT.TA,2026-08-10,25380.0,26300.0,24340.0,24520.0,360050
ENLT.TA,2026-08-11,24640.0,25480.0,23800.0,24890.0,359320
ENLT.TA,2026-08-12,25030.0,25800.0,24640.0,25780.0,229911
ENLT.TA,2026-08-13,25420.0,25930.0,25000.0,25460.0,234922
ENLT.TA,2026-08-14,25590.0,25720.0,24950.0,25320.0,165636
ENLT.TA,2026-08-17,25290.0,26110.0,24670.0,24820.0,229592
ENLT.TA,2026-08-18,24530.0,25190.0,24030.0,25060.0,228311
ENLT.TA,2026-08-19,25060.0,25070.0,23800.0,24050.0,261881
ENLT.TA,2026-08-20,24420.0,25020.0,24030.0,24190.0,251523
ENLT.TA,2026-08-21,25000.0,25000.0,24060.0,24400.0,184382
ENLT.TA,2026-08-24,24410.0,24690.0,23380.0,23420.0,328454
ENLT.TA,2026-08-25,23850.0,24180.0,23390.0,24090.0,311742
ENLT.TA,2026-08-26,24000.0,24110.0,22800.0,23410.0,331366
ENLT.TA,2026-08-27,23680.0,24440.0,23280.0,23990.0,282816
ENLT.TA,2026-08-28,23760.0,23920.0,23260.0,23500.0,403376
ENLT.TA,2026-08-31,23260.0,23340.0,22450.0,23340.0,847214
ENLT.TA,2026-09-01,23060.0,23310.0,22440.0,22630.0,641818
ENLT.TA,2026-09-02,22900.0,23240.0,22200.0,23000.0,369912
ENLT.TA,2026-09-03,23500.0,23500.0,22700.0,23180.0,231098
ENLT.TA,2026-09-04,23800.0,24100.0,23260.0,23790.0,220605
ENLT.TA,2026-09-07,23700.0,24150.0,23320.0,23790.0,143277
ENLT.TA,2026-09-08,23790.0,23790.0,22600.0,23420.0,517819
ENLT.TA,2026-09-09,23300.0,23600.0,22950.0,23390.0,391677
ENLT.TA,2026-09-10,23480.0,23510.0,22310.0,22500.0,303418
ENLT.TA,2026-09-11,22500.0,22500.0,22500.0,22500.0,0
ENLT.TA,2026-09-14,21970.0,22780.0,21910.0,22500.0,279234
ENLT.TA,2026-09-15,22500.0,22500.0,21130.0,21260.0,388728
ENLT.TA,2026-09-16,21520.0,22100.0,21310.0,21930.0,350987
ENLT.TA,2026-09-17,22000.0,23040.0,21780.0,22900.0,728606
ENLT.TA,2026-09-18,22900.0,22900.0,22900.0,22900.0,0
ENLT.TA,2026-09-21,22900.0,22900.0,22900.0,22900.0,0
ENLT.TA,2026-09-22,23200.0,23290.0,22040.0,22290.0,462874
ENLT.TA,2026-09-23,22500.0,22900.0,21970.0,22110.0,349046
ENLT.TA,2026-09-24,21530.0,21630.0,20620.0,20990.0,692919
PHOE.TA,2026-07-16,17370.0,17560.0,17060.0,17100.0,546938
PHOE.TA,2026-07-17,17000.0,17340.0,16940.0,17140.0,301757
PHOE.TA,2026-07-20,17210.0,17370.0,16900.0,17060.0,246945
PHOE.TA,2026-07-21,17280.0,17640.0,17130.0,17480.0,416302
PHOE.TA,2026-07-22,17630.0,18110.0,17460.0,17780.0,459661
PHOE.TA,2026-07-24,17490.0,17730.0,17320.0,17580.0,2357661
PHOE.TA,2026-07-27,17830.0,18190.0,17500.0,17550.0,465265
PHOE.TA,2026-07-28,17140.0,17550.0,16930.0,17200.0,898710
PHOE.TA,2026-07-29,17080.0,17340.0,16760.0,16980.0,403311
PHOE.TA,2026-07-30,16900.0,17170.0,16810.0,17010.0,372396
PHOE.TA,2026-07-31,17120.0,17450.0,17120.0,17200.0,542117
PHOE.TA,2026-08-03,17290.0,17450.0,17070.0,17440.0,410607
PHOE.TA,2026-08-04,17370.0,17560.0,16950.0,17330.0,468322
PHOE.TA,2026-08-05,17310.0,17550.0,16890.0,17150.0,475835
PHOE.TA,2026-08-06,16970.0,17220.0,16740.0,17220.0,1748566
PHOE.TA,2026-08-07,17400.0,17440.0,17060.0,17220.0,277109
PHOE.TA,2026-08-10,17220.0,17220.0,16930.0,17010.0,472395
PHOE.TA,2026-08-11,16910.0,17050.0,16660.0,16800.0,427667
PHOE.TA,2026-08-12,16830.0,17060.0,16710.0,16850.0,385651
PHOE.TA,2026-08-13,16810.0,17050.0,16670.0,16990.0,248965
PHOE.TA,2026-08-14,17200.0,17210.0,16880.0,17060.0,156129
PHOE.TA,2026-08-17,16990.0,17680.0,16990.0,17140.0,344093
PHOE.TA,2026-08-18,17030.0,17230.0,16670.0,17210.0,379656
PHOE.TA,2026-08-19,17390.0,18140.0,17290.0,17890.0,507454
PHOE.TA,2026-08-20,17860.0,18170.0,17650.0,17780.0,382938
PHOE.TA,2026-08-21,17820.0,18050.0,17730.0,17810.0,265907
PHOE.TA,2026-08-24,17810.0,18170.0,17690.0,17950.0,446279
PHOE.TA,2026-08-25,17950.0,18600.0,17930.0,18510.0,480997
PHOE.TA,2026-08-26,18340.0,18800.0,18300.0,18660.0,430675
PHOE.TA,2026-08-27,18700.0,18850.0,18570.0,18730.0,386595
PHOE.TA,2026-08-28,18500.0,18950.0,18500.0,18810.0,569365
PHOE.TA,2026-08-31,18810.0,18970.0,18580.0,18780.0,537282
PHOE.TA,2026-09-01,18780.0,18880.0,18250.0,18510.0,625721
PHOE.TA,2026-09-02,18500.0,18780.0,18290.0,18670.0,1022037
PHOE.TA,2026-09-03,18940.0,19260.0,18510.0,19260.0,825080
PHOE.TA,2026-09-04,19200.0,19200.0,18800.0,19050.0,190574
PHOE.TA,2026-09-07,19100.0,19390.0,18980.0,19180.0,277584
PHOE.TA,2026-09-08,19180.0,19310.0,18870.0,19000.0,697675
PHOE.TA,2026-09-09,19000.0,19130.0,18620.0,18680.0,430956
PHOE.TA,2026-09-10,18850.0,18850.0,18300.0,18480.0,502373
PHOE.TA,2026-09-11,18480.0,18480.0,18480.0,18480.0,0
PHOE.TA,2026-09-14,18110.0,18690.0,18030.0,18670.0,397081
PHOE.TA,2026-09-15,18670.0,18760.0,18100.0,18660.0,493355
PHOE.TA,2026-09-16,18590.0,18810.0,18400.0,18800.0,450382
PHOE.TA,2026-09-17,18860.0,19180.0,18540.0,18640.0,941722
PHOE.TA,2026-09-18,18640.0,18640.0,18640.0,18640.0,0
PHOE.TA,2026-09-21,18640.0,18640.0,18640.0,18640.0,0
PHOE.TA,2026-09-22,18770.0,19110.0,18620.0,19050.0,701014
PHOE.TA,2026-09-23,19050.0,19220.0,18570.0,18640.0,1051743
PHOE.TA,2026-09-24,18370.0,18670.0,18100.0,18410.0,866440
ALAR.TA,2026-07-16,69.0,70.0,66.80000305175781,67.9000015258789,893520
ALAR.TA,2026-07-17,67.0,67.19999694824219,64.9000015258789,66.5,290407
ALAR.TA,2026-07-20,67.19999694824219,68.19999694824219,64.69999694824219,67.4000015258789,389087
ALAR.TA,2026-07-21,67.4000015258789,67.4000015258789,63.29999923706055,65.5999984741211,902158
ALAR.TA,2026-07-22,67.19999694824219,67.19999694824219,63.0,63.5,627503
ALAR.TA,2026-07-24,62.0,62.0,60.5,61.400001525878906,469461
ALAR.TA,2026-07-27,60.0,61.099998474121094,56.400001525878906,57.900001525878906,840176
ALAR.TA,2026-07-28,57.900001525878906,57.900001525878906,56.29999923706055,56.900001525878906,360698
ALAR.TA,2026-07-29,56.0,56.0,52.29999923706055,53.79999923706055,1232778
ALAR.TA,2026-07-30,53.79999923706055,53.79999923706055,51.400001525878906,52.0,446845
ALAR.TA,2026-07-31,52.0,53.70000076293945,51.400001525878906,51.79999923706055,194917
ALAR.TA,2026-08-03,51.79999923706055,63.0,51.79999923706055,58.79999923706055,4450401
ALAR.TA,2026-08-04,60.0,61.20000076293945,56.599998474121094,58.0,780633
ALAR.TA,2026-08-05,58.0,66.19999694824219,58.0,60.79999923706055,1944228
ALAR.TA,2026-08-06,60.79999923706055,63.599998474121094,57.400001525878906,57.900001525878906,756253
ALAR.TA,2026-08-07,57.900001525878906,60.900001525878906,57.900001525878906,59.5,335611
ALAR.TA,2026-08-10,59.5,60.400001525878906,55.400001525878906,56.29999923706055,855638
ALAR.TA,2026-08-11,56.29999923706055,56.29999923706055,54.20000076293945,55.29999923706055,520128
ALAR.TA,2026-08-12,55.29999923706055,55.29999923706055,53.0,53.599998474121094,547054
ALAR.TA,2026-08-13,53.0,54.5,53.0,54.0,248986
ALAR.TA,2026-08-14,54.0,54.400001525878906,53.0,53.79999923706055,168142
ALAR.TA,2026-08-17,53.79999923706055,53.79999923706055,51.79999923706055,52.29999923706055,571301
ALAR.TA,2026-08-18,51.0,53.5,51.0,51.79999923706055,578824
ALAR.TA,2026-08-19,51.79999923706055,53.099998474121094,51.79999923706055,52.29999923706055,153856
ALAR.TA,2026-08-20,52.29999923706055,52.5,50.599998474121094,50.900001525878906,275081
ALAR.TA,2026-08-21,50.900001525878906,51.400001525878906,50.29999923706055,50.900001525878906,83045
ALAR.TA,2026-08-24,50.900001525878906,50.79999923706055,48.79999923706055,49.900001525878906,560069
ALAR.TA,2026-08-25,49.900001525878906,50.20000076293945,49.5,49.900001525878906,91955
ALAR.TA,2026-08-26,49.900001525878906,49.20000076293945,47.29999923706055,48.20000076293945,531503
ALAR.TA,2026-08-27,48.20000076293945,50.099998474121094,47.20000076293945,48.29999923706055,638551
ALAR.TA,2026-08-28,48.0,48.099998474121094,47.0,47.70000076293945,262584
ALAR.TA,2026-08-31,47.70000076293945,48.599998474121094,47.0,48.099998474121094,364312
ALAR.TA,2026-09-01,48.099998474121094,49.5,47.0,47.400001525878906,407043
ALAR.TA,2026-09-02,47.400001525878906,47.099998474121094,45.29999923706055,45.70000076293945,579028
ALAR.TA,2026-09-03,38.5,42.29999923706055,38.400001525878906,41.400001525878906,2071639
ALAR.TA,2026-09-04,41.0,43.79999923706055,40.0,42.5,272462
ALAR.TA,2026-09-07,42.5,45.70000076293945,42.5,45.0,653719
ALAR.TA,2026-09-08,45.0,50.29999923706055,45.0,49.5,1618333
ALAR.TA,2026-09-09,51.0,51.0,47.0,48.0,640786
ALAR.TA,2026-09-10,48.0,58.0,47.29999923706055,56.599998474121094,4369229
ALAR.TA,2026-09-11,56.599998474121094,56.599998474121094,56.599998474121094,56.599998474121094,0
ALAR.TA,2026-09-14,56.599998474121094,67.19999694824219,56.599998474121094,65.5,2871877
ALAR.TA,2026-09-15,69.80000305175781,76.5,67.0,71.9000015258789,3815624
ALAR.TA,2026-09-16,71.5,74.0,63.29999923706055,65.4000015258789,1653166
ALAR.TA,2026-09-17,65.4000015258789,70.9000015258789,65.0,65.80000305175781,1269059
ALAR.TA,2026-09-18,65.80000305175781,65.80000305175781,65.80000305175781,65.80000305175781,0
ALAR.TA,2026-09-21,65.80000305175781,65.80000305175781,65.80000305175781,65.80000305175781,0
ALAR.TA,2026-09-22,66.0,66.0,60.5,61.0,1367468
ALAR.TA,2026-09-23,61.20000076293945,61.900001525878906,56.79999923706055,59.900001525878906,1361995
ALAR.TA,2026-09-24,59.0,59.0,52.0,52.599998474121094,1849573
GCT.TA,2026-07-16,1338.0,1350.0,1329.0,1335.0,318082
GCT.TA,2026-07-17,1335.0,1337.0,1282.0,1312.0,298325
GCT.TA,2026-07-20,1312.0,1313.0,1277.0,1286.0,384229
GCT.TA,2026-07-21,1317.0,1409.0,1316.0,1402.0,1247669
GCT.TA,2026-07-22,1402.0,1402.0,1355.0,1365.0,1116827
GCT.TA,2026-07-24,1341.0,1372.0,1321.0,1321.0,381799
GCT.TA,2026-07-27,1350.0,1361.0,1271.0,1271.0,467175
GCT.TA,2026-07-28,1271.0,1291.0,1247.0,1247.0,483204
GCT.TA,2026-07-29,1245.0,1260.0,1218.0,1225.0,643803
GCT.TA,2026-07-30,1240.0,1240.0,1161.0,1176.0,848153
GCT.TA,2026-07-31,1188.0,1188.0,1148.0,1163.0,339950
GCT.TA,2026-08-03,1182.0,1182.0,1110.0,1128.0,802831
GCT.TA,2026-08-04,1094.0,1115.0,1050.0,1082.0,2977123
GCT.TA,2026-08-05,1090.0,1120.0,1065.0,1100.0,731124
GCT.TA,2026-08-06,1100.0,1100.0,1067.0,1081.0,1930798
GCT.TA,2026-08-07,1081.0,1093.0,1071.0,1073.0,179288
GCT.TA,2026-08-10,1073.0,1125.0,1055.0,1060.0,378390
GCT.TA,2026-08-11,1060.0,1069.0,1036.0,1036.0,340359
GCT.TA,2026-08-12,1049.0,1049.0,1003.0,1003.0,467151
GCT.TA,2026-08-13,1016.0,1042.0,1001.0,1026.0,363544
GCT.TA,2026-08-14,1049.0,1049.0,1001.0,1018.0,442988
GCT.TA,2026-08-17,1029.0,1029.0,1003.0,1014.0,173622
GCT.TA,2026-08-18,1005.0,1025.0,986.2000122070312,1015.0,516266
GCT.TA,2026-08-19,1004.0,1037.0,1004.0,1037.0,404065
GCT.TA,2026-08-20,1082.0,1112.0,1065.0,1088.0,906986
GCT.TA,2026-08-21,1089.0,1122.0,1075.0,1120.0,489890
GCT.TA,2026-08-24,1120.0,1123.0,1084.0,1110.0,587900
GCT.TA,2026-08-25,1102.0,1128.0,1100.0,1119.0,271143
GCT.TA,2026-08-26,1111.0,1126.0,1111.0,1120.0,760981
GCT.TA,2026-08-27,1120.0,1142.0,1112.0,1140.0,188917
GCT.TA,2026-08-28,1140.0,1140.0,1125.0,1140.0,68940
GCT.TA,2026-08-31,1130.0,1148.0,1121.0,1131.0,535317
GCT.TA,2026-09-01,1131.0,1157.0,1128.0,1150.0,279105
GCT.TA,2026-09-02,1153.0,1153.0,1136.0,1151.0,324682
GCT.TA,2026-09-03,1142.0,1191.0,1142.0,1191.0,444906
GCT.TA,2026-09-04,1191.0,1195.0,1179.0,1190.0,142871
GCT.TA,2026-09-07,1181.0,1190.0,1165.0,1171.0,191322
GCT.TA,2026-09-08,1187.0,1187.0,1163.0,1164.0,189685
GCT.TA,2026-09-09,1157.0,1170.0,1087.0,1125.0,745308
GCT.TA,2026-09-10,1125.0,1136.0,1099.0,1102.0,312039
GCT.TA,2026-09-11,1102.0,1102.0,1102.0,1102.0,0
GCT.TA,2026-09-14,1110.0,1110.0,1081.0,1104.0,199920
GCT.TA,2026-09-15,1104.0,1118.0,1084.0,1118.0,667152
GCT.TA,2026-09-16,1115.0,1123.0,1094.0,1110.0,173745
GCT.TA,2026-09-17,1110.0,1140.0,1094.0,1131.0,2168129
GCT.TA,2026-09-18,1131.0,1131.0,1131.0,1131.0,0
GCT.TA,2026-09-21,1131.0,1131.0,1131.0,1131.0,0
GCT.TA,2026-09-22,1133.0,1189.0,1132.0,1166.0,568015
GCT.TA,2026-09-23,1170.0,1176.0,1131.0,1131.0,313880
GCT.TA,2026-09-24,1131.0,1131.0,1096.0,1122.0,229699
BLDI.TA,2026-07-16,5329.0,5443.0,5226.0,5347.0,11382
BLDI.TA,2026-07-17,5367.0,5775.0,5249.0,5450.0,27946
BLDI.TA,2026-07-20,5450.0,5900.0,5442.0,5686.0,10648
BLDI.TA,2026-07-21,5642.0,5825.0,5600.0,5670.0,10490
BLDI.TA,2026-07-22,5670.0,5888.0,5642.0,5709.0,12304
BLDI.TA,2026-07-24,5709.0,5669.0,5507.0,5647.0,5957
BLDI.TA,2026-07-27,5647.0,5789.0,5491.0,5566.0,31761
BLDI.TA,2026-07-28,5555.0,5700.0,5521.0,5590.0,16147
BLDI.TA,2026-07-29,5590.0,5999.0,5566.0,5899.0,21291
BLDI.TA,2026-07-30,5899.0,6399.0,5850.0,6225.0,472027
BLDI.TA,2026-07-31,6225.0,6271.0,5900.0,6034.0,61505
BLDI.TA,2026-08-03,6034.0,6200.0,5900.0,6038.0,22786
BLDI.TA,2026-08-04,6083.0,6293.0,6069.0,6236.0,10173
BLDI.TA,2026-08-05,6236.0,6378.0,6103.0,6167.0,11273
BLDI.TA,2026-08-06,6167.0,6300.0,5957.0,5957.0,123222
BLDI.TA,2026-08-07,5957.0,6132.0,5800.0,5829.0,11231
BLDI.TA,2026-08-10,5829.0,5935.0,5614.0,5729.0,8972
BLDI.TA,2026-08-11,5729.0,5973.0,5328.0,5705.0,24614
BLDI.TA,2026-08-12,5705.0,5900.0,5430.0,5430.0,16689
BLDI.TA,2026-08-13,5430.0,5800.0,5236.0,5700.0,22050
BLDI.TA,2026-08-14,5700.0,5888.0,5351.0,5472.0,29314
BLDI.TA,2026-08-17,4700.0,4900.0,4547.0,4830.0,328823
BLDI.TA,2026-08-18,4865.0,5000.0,4822.0,4910.0,37067
BLDI.TA,2026-08-19,4910.0,4959.0,4750.0,4765.0,13308
BLDI.TA,2026-08-20,4782.0,4952.0,4678.0,4877.0,14015
BLDI.TA,2026-08-21,4877.0,5057.0,4877.0,4978.0,9347
BLDI.TA,2026-08-24,5126.0,5360.0,5021.0,5056.0,152541
BLDI.TA,2026-08-25,5056.0,5322.0,5056.0,5279.0,70047
BLDI.TA,2026-08-26,5279.0,5559.0,5279.0,5482.0,27633
BLDI.TA,2026-08-27,5753.0,5820.0,5550.0,5709.0,27446
BLDI.TA,2026-08-28,5709.0,6105.0,5709.0,6010.0,624552
BLDI.TA,2026-08-31,6000.0,6100.0,5790.0,6050.0,40321
BLDI.TA,2026-09-01,6050.0,6261.0,6005.0,6050.0,18820
BLDI.TA,2026-09-02,6050.0,6321.0,6099.0,6290.0,11679
BLDI.TA,2026-09-03,6300.0,6451.0,6206.0,6389.0,21628
BLDI.TA,2026-09-04,6485.0,6734.0,6316.0,6699.0,24766
BLDI.TA,2026-09-07,6757.0,7000.0,6550.0,6899.0,28664
BLDI.TA,2026-09-08,6899.0,6972.0,6751.0,6856.0,31471
BLDI.TA,2026-09-09,6890.0,7003.0,6501.0,6501.0,97344
BLDI.TA,2026-09-10,6512.0,6715.0,6501.0,6566.0,42304
BLDI.TA,2026-09-11,6566.0,6566.0,6566.0,6566.0,0
BLDI.TA,2026-09-14,6566.0,6700.0,6355.0,6390.0,58188
BLDI.TA,2026-09-15,6390.0,6499.0,6343.0,6406.0,70136
BLDI.TA,2026-09-16,6455.0,6548.0,6300.0,6300.0,110275
BLDI.TA,2026-09-17,6300.0,6635.0,6300.0,6521.0,55717
BLDI.TA,2026-09-18,6521.0,6521.0,6521.0,6521.0,0
BLDI.TA,2026-09-21,6521.0,6521.0,6521.0,6521.0,0
BLDI.TA,2026-09-22,6555.0,6677.0,6427.0,6460.0,27176
BLDI.TA,2026-09-23,6667.0,6667.0,6399.0,6639.0,99965
BLDI.TA,2026-09-24,6639.0,6888.0,6440.0,6888.0,23044
RLRE.TA,2026-07-16,3676.0,3753.0,3620.0,3720.0,6683
RLRE.TA,2026-07-17,3720.0,3700.0,3650.0,3679.0,5988
RLRE.TA,2026-07-20,3679.0,3691.0,3625.0,3642.0,4698
RLRE.TA,2026-07-21,3642.0,3669.0,3587.0,3597.0,17363
RLRE.TA,2026-07-22,3597.0,3665.0,3602.0,3640.0,9657
RLRE.TA,2026-07-24,3640.0,3666.0,3585.0,3641.0,4853
RLRE.TA,2026-07-27,3666.0,3702.0,3626.0,3668.0,1529
RLRE.TA,2026-07-28,3668.0,3754.0,3567.0,3667.0,7358
RLRE.TA,2026-07-29,3667.0,3667.0,3555.0,3575.0,12515
RLRE.TA,2026-07-30,3575.0,3520.0,3348.0,3483.0,35759
RLRE.TA,2026-07-31,3483.0,3521.0,3323.0,3362.0,53669
RLRE.TA,2026-08-03,3362.0,3396.0,3346.0,3374.0,4992
RLRE.TA,2026-08-04,3399.0,3430.0,3359.0,3370.0,6150
RLRE.TA,2026-08-05,3370.0,3458.0,3347.0,3397.0,6427
RLRE.TA,2026-08-06,3397.0,3381.0,3297.0,3297.0,224865
RLRE.TA,2026-08-07,3297.0,3370.0,3297.0,3330.0,6484
RLRE.TA,2026-08-10,3330.0,3335.0,3299.0,3322.0,10070
RLRE.TA,2026-08-11,3322.0,3322.0,3250.0,3305.0,13709
RLRE.TA,2026-08-12,3305.0,3303.0,3255.0,3282.0,1767
RLRE.TA,2026-08-13,3282.0,3331.0,3278.0,3323.0,5174
RLRE.TA,2026-08-14,3323.0,3440.0,3323.0,3428.0,10672
RLRE.TA,2026-08-17,3428.0,3429.0,3368.0,3396.0,6470
RLRE.TA,2026-08-18,3242.0,3498.0,3242.0,3456.0,11508
RLRE.TA,2026-08-19,3456.0,3446.0,3380.0,3412.0,3465
RLRE.TA,2026-08-20,3412.0,3392.0,3350.0,3374.0,1109
RLRE.TA,2026-08-21,3374.0,3426.0,3310.0,3379.0,5734
RLRE.TA,2026-08-24,3379.0,3403.0,3369.0,3389.0,5437
RLRE.TA,2026-08-25,3389.0,3430.0,3345.0,3360.0,6044
RLRE.TA,2026-08-26,3360.0,3360.0,3310.0,3319.0,3514
RLRE.TA,2026-08-27,3319.0,3429.0,3281.0,3390.0,10844
RLRE.TA,2026-08-28,3390.0,3550.0,3414.0,3544.0,12357
RLRE.TA,2026-08-31,3670.0,3670.0,3480.0,3539.0,20450
RLRE.TA,2026-09-01,3539.0,3631.0,3400.0,3630.0,619666
RLRE.TA,2026-09-02,3700.0,3700.0,3535.0,3589.0,22316
RLRE.TA,2026-09-03,3589.0,3589.0,3479.0,3520.0,27781
RLRE.TA,2026-09-04,3520.0,3646.0,3510.0,3641.0,64673
RLRE.TA,2026-09-07,3641.0,3789.0,3605.0,3744.0,16620
RLRE.TA,2026-09-08,3744.0,3769.0,3699.0,3732.0,9773
RLRE.TA,2026-09-09,3713.0,3799.0,3700.0,3757.0,10216
RLRE.TA,2026-09-10,3757.0,3737.0,3656.0,3710.0,13649
RLRE.TA,2026-09-11,3710.0,3710.0,3710.0,3710.0,0
RLRE.TA,2026-09-14,3710.0,3710.0,3651.0,3687.0,12109
RLRE.TA,2026-09-15,3687.0,3659.0,3600.0,3635.0,5786
RLRE.TA,2026-09-16,3635.0,3677.0,3632.0,3663.0,7588
RLRE.TA,2026-09-17,3663.0,3708.0,3653.0,3676.0,8360
RLRE.TA,2026-09-18,3676.0,3676.0,3676.0,3676.0,0
RLRE.TA,2026-09-21,3676.0,3676.0,3676.0,3676.0,0
RLRE.TA,2026-09-22,3676.0,3722.0,3644.0,3691.0,7912
RLRE.TA,2026-09-23,3691.0,3698.0,3611.0,3620.0,24319
RLRE.TA,2026-09-24,3620.0,3850.0,3501.0,3639.0,25708
FIBIH.TA,2026-07-16,29220.0,29230.0,28590.0,28900.0,29261
FIBIH.TA,2026-07-17,28900.0,29170.0,28690.0,29170.0,12043
FIBIH.TA,2026-07-20,28440.0,29310.0,28430.0,29170.0,18734
FIBIH.TA,2026-07-21,29170.0,29670.0,29070.0,29230.0,28681
FIBIH.TA,2026-07-22,29450.0,29920.0,29080.0,29730.0,46345
FIBIH.TA,2026-07-24,28970.0,30240.0,28970.0,30180.0,49787
FIBIH.TA,2026-07-27,30320.0,30670.0,29880.0,29960.0,28820
FIBIH.TA,2026-07-28,29960.0,30060.0,29520.0,29720.0,20796
FIBIH.TA,2026-07-29,29760.0,29920.0,28970.0,29480.0,22903
FIBIH.TA,2026-07-30,29340.0,29740.0,29170.0,29610.0,31417
FIBIH.TA,2026-07-31,29790.0,30020.0,29610.0,29990.0,16830
FIBIH.TA,2026-08-03,29990.0,30550.0,29910.0,30510.0,66099
FIBIH.TA,2026-08-04,30550.0,30720.0,30190.0,30380.0,70320
FIBIH.TA,2026-08-05,30490.0,30680.0,29770.0,29930.0,37488
FIBIH.TA,2026-08-06,29650.0,30820.0,29650.0,30820.0,516839
FIBIH.TA,2026-08-07,30820.0,31150.0,30370.0,30880.0,78771
FIBIH.TA,2026-08-10,30990.0,30990.0,30240.0,30450.0,42911
FIBIH.TA,2026-08-11,30610.0,30840.0,30370.0,30780.0,73499
FIBIH.TA,2026-08-12,30780.0,31640.0,30780.0,31620.0,34195
FIBIH.TA,2026-08-13,31680.0,31870.0,31310.0,31540.0,24129
FIBIH.TA,2026-08-14,31540.0,31910.0,31500.0,31730.0,9754
FIBIH.TA,2026-08-17,31750.0,31760.0,30450.0,30450.0,31164
FIBIH.TA,2026-08-18,30450.0,30930.0,29940.0,30890.0,28857
FIBIH.TA,2026-08-19,30890.0,30900.0,30300.0,30730.0,35240
FIBIH.TA,2026-08-20,30760.0,30850.0,30320.0,30380.0,29387
FIBIH.TA,2026-08-21,30350.0,30990.0,30340.0,30910.0,19854
FIBIH.TA,2026-08-24,30910.0,31360.0,30680.0,30980.0,16430
FIBIH.TA,2026-08-25,30980.0,30980.0,30560.0,30880.0,51742
FIBIH.TA,2026-08-26,30880.0,31210.0,30520.0,30950.0,31444
FIBIH.TA,2026-08-27,30950.0,31280.0,30740.0,31280.0,22851
FIBIH.TA,2026-08-28,30900.0,31350.0,30900.0,31100.0,13834
FIBIH.TA,2026-08-31,31100.0,31380.0,30970.0,31080.0,27660
FIBIH.TA,2026-09-01,31080.0,31990.0,30670.0,31050.0,41002
FIBIH.TA,2026-09-02,31050.0,31950.0,31050.0,31790.0,43982
FIBIH.TA,2026-09-03,31890.0,32410.0,31690.0,32400.0,43378
FIBIH.TA,2026-09-04,31960.0,32490.0,31960.0,32490.0,27540
FIBIH.TA,2026-09-07,32550.0,32640.0,32060.0,32220.0,23164
FIBIH.TA,2026-09-08,32220.0,32260.0,31660.0,31660.0,28917
FIBIH.TA,2026-09-09,31660.0,31970.0,31300.0,31510.0,26416
FIBIH.TA,2026-09-10,31790.0,31800.0,30510.0,31160.0,25480
FIBIH.TA,2026-09-11,31160.0,31160.0,31160.0,31160.0,0
FIBIH.TA,2026-09-14,30910.0,31560.0,30910.0,31450.0,12331
FIBIH.TA,2026-09-15,31450.0,31550.0,30950.0,31350.0,13208
FIBIH.TA,2026-09-16,31190.0,31670.0,31190.0,31470.0,20962
FIBIH.TA,2026-09-17,31570.0,31710.0,30220.0,30370.0,78676
FIBIH.TA,2026-09-18,30370.0,30370.0,30370.0,30370.0,0
FIBIH.TA,2026-09-21,30370.0,30370.0,30370.0,30370.0,0
FIBIH.TA,2026-09-22,30370.0,30560.0,30000.0,30200.0,41640
FIBIH.TA,2026-09-23,30200.0,30310.0,29620.0,29990.0,26152
FIBIH.TA,2026-09-24,29770.0,30130.0,29590.0,29950.0,36196
STG.TA,2026-07-16,4636.0,4860.0,4595.0,4644.0,3123
STG.TA,2026-07-17,4644.0,5016.0,4653.0,4715.0,971
STG.TA,2026-07-20,4715.0,4699.0,4579.0,4613.0,3664
STG.TA,2026-07-21,4613.0,4726.0,4299.0,4356.0,6530
STG.TA,2026-07-22,4356.0,4355.0,4200.0,4249.0,931
STG.TA,2026-07-24,4249.0,4392.0,4245.0,4278.0,1952
STG.TA,2026-07-27,4278.0,4405.0,4278.0,4338.0,2257
STG.TA,2026-07-28,4338.0,4534.0,4363.0,4426.0,2349
STG.TA,2026-07-29,4426.0,4458.0,4354.0,4428.0,1942
STG.TA,2026-07-30,4428.0,4368.0,4251.0,4313.0,772
STG.TA,2026-07-31,4313.0,4373.0,4280.0,4311.0,1633
STG.TA,2026-08-03,4311.0,4378.0,4311.0,4338.0,855
STG.TA,2026-08-04,4338.0,4338.0,4186.0,4292.0,703
STG.TA,2026-08-05,4292.0,4335.0,4111.0,4225.0,1984
STG.TA,2026-08-06,4221.0,4221.0,4150.0,4180.0,1306
STG.TA,2026-08-07,4180.0,4219.0,4219.0,4219.0,122
STG.TA,2026-08-10,4219.0,4219.0,4160.0,4178.0,1088
STG.TA,2026-08-11,4178.0,4187.0,4120.0,4135.0,1140
STG.TA,2026-08-12,4135.0,4108.0,4001.0,4060.0,848
STG.TA,2026-08-13,4060.0,4105.0,4033.0,4078.0,554
STG.TA,2026-08-14,4078.0,4142.0,4078.0,4086.0,154
STG.TA,2026-08-17,4086.0,4140.0,4003.0,4027.0,1661
STG.TA,2026-08-18,4027.0,4164.0,4054.0,4078.0,684
STG.TA,2026-08-19,4078.0,4219.0,4097.0,4138.0,756
STG.TA,2026-08-20,4138.0,4201.0,4138.0,4150.0,370
STG.TA,2026-08-21,4150.0,4189.0,4148.0,4153.0,777
STG.TA,2026-08-24,4153.0,4259.0,4145.0,4146.0,3221
STG.TA,2026-08-25,4146.0,4100.0,3775.0,3852.0,5416
STG.TA,2026-08-26,3852.0,4100.0,3799.0,3821.0,1773
STG.TA,2026-08-27,3821.0,3821.0,3600.0,3708.0,5573
STG.TA,2026-08-28,3708.0,3685.0,3545.0,3575.0,1345
STG.TA,2026-08-31,3575.0,3508.0,3292.0,3341.0,9443
STG.TA,2026-09-01,3341.0,3381.0,3220.0,3240.0,4498
STG.TA,2026-09-02,3250.0,3751.0,3249.0,3500.0,23177
STG.TA,2026-09-03,3500.0,3605.0,3500.0,3558.0,7854
STG.TA,2026-09-04,3558.0,3508.0,3403.0,3450.0,2880
STG.TA,2026-09-07,3450.0,3533.0,3380.0,3505.0,2747
STG.TA,2026-09-08,3442.0,3665.0,3378.0,3405.0,1277
STG.TA,2026-09-09,3405.0,3412.0,3380.0,3387.0,3292
STG.TA,2026-09-10,3387.0,3370.0,3340.0,3354.0,1371
STG.TA,2026-09-11,3354.0,3354.0,3354.0,3354.0,0
STG.TA,2026-09-14,3354.0,3354.0,3270.0,3301.0,703
STG.TA,2026-09-15,3301.0,3389.0,3265.0,3311.0,1434
STG.TA,2026-09-16,3311.0,3494.0,3296.0,3438.0,2858
STG.TA,2026-09-17,3438.0,3568.0,3310.0,3310.0,5802
STG.TA,2026-09-18,3310.0,3310.0,3310.0,3310.0,0
STG.TA,2026-09-21,3310.0,3310.0,3310.0,3310.0,0
STG.TA,2026-09-22,3310.0,3446.0,3300.0,3388.0,1197
STG.TA,2026-09-23,3388.0,3373.0,3334.0,3354.0,1552
STG.TA,2026-09-24,3354.0,3304.0,3251.0,3298.0,870
THES.TA,2026-07-16,465.0,472.0,447.0,449.1000061035156,67417
THES.TA,2026-07-17,469.8999938964844,469.8999938964844,440.0,444.8999938964844,72003
THES.TA,2026-07-20,445.0,505.0,441.5,477.29998779296875,331406
THES.TA,2026-07-21,478.70001220703125,555.0,468.20001220703125,550.2000122070312,687889
THES.TA,2026-07-22,550.2000122070312,602.7999877929688,535.0,594.0,556858
THES.TA,2026-07-24,594.0,667.0,594.0,667.0,418345
THES.TA,2026-07-27,660.0,660.0,581.0999755859375,592.7999877929688,599997
THES.TA,2026-07-28,592.0,621.7000122070312,565.0,566.0,479862
THES.TA,2026-07-29,566.0,579.0999755859375,545.2000122070312,552.4000244140625,165277
THES.TA,2026-07-30,552.4000244140625,564.0,520.0,536.0999755859375,139701
THES.TA,2026-07-31,549.0,549.0,525.7999877929688,538.5,101699
THES.TA,2026-08-03,538.5,540.5,500.29998779296875,510.79998779296875,248688
THES.TA,2026-08-04,514.5999755859375,536.5999755859375,500.0,502.0,90612
THES.TA,2026-08-05,500.0,505.79998779296875,491.1000061035156,497.8999938964844,108853
THES.TA,2026-08-06,497.8999938964844,550.0,495.0,550.0,709316
THES.TA,2026-08-07,526.0,574.7999877929688,522.0,560.4000244140625,205899
THES.TA,2026-08-10,560.4000244140625,610.0,541.0,569.7000122070312,422973
THES.TA,2026-08-11,569.7000122070312,569.7000122070312,526.0,553.2999877929688,122340
THES.TA,2026-08-12,553.2999877929688,553.5999755859375,530.4000244140625,533.2000122070312,64114
THES.TA,2026-08-13,533.2000122070312,550.0,519.0,532.7000122070312,66015
THES.TA,2026-08-14,532.0,535.5,506.1000061035156,509.29998779296875,78225
THES.TA,2026-08-17,509.29998779296875,525.0,488.0,513.0,119488
THES.TA,2026-08-18,513.0,509.8999938964844,490.5,494.5,92114
THES.TA,2026-08-19,490.5,505.0,490.5,493.1000061035156,62982
THES.TA,2026-08-20,494.79998779296875,500.0,480.0,485.20001220703125,112676
THES.TA,2026-08-21,485.20001220703125,500.0,485.20001220703125,490.1000061035156,28535
THES.TA,2026-08-24,490.1000061035156,495.6000061035156,467.0,468.8999938964844,81877
THES.TA,2026-08-25,468.8999938964844,475.0,454.20001220703125,461.5,81820
THES.TA,2026-08-26,461.5,478.29998779296875,448.0,462.6000061035156,159579
THES.TA,2026-08-27,465.5,477.0,460.1000061035156,477.0,104495
THES.TA,2026-08-28,488.0,519.0,480.0,494.1000061035156,239200
THES.TA,2026-08-31,494.1000061035156,494.1000061035156,469.8999938964844,473.1000061035156,108611
THES.TA,2026-09-01,473.1000061035156,490.0,455.0,487.79998779296875,180748
THES.TA,2026-09-02,487.79998779296875,506.0,487.79998779296875,502.6000061035156,134572
THES.TA,2026-09-03,502.6000061035156,510.0,484.6000061035156,489.6000061035156,95622
THES.TA,2026-09-04,489.6000061035156,506.70001220703125,489.29998779296875,502.20001220703125,43885
THES.TA,2026-09-07,510.0,545.0,509.8999938964844,525.5999755859375,187678
THES.TA,2026-09-08,525.5999755859375,547.0,505.6000061035156,511.1000061035156,92695
THES.TA,2026-09-09,513.7000122070312,517.0,493.6000061035156,497.0,107734
THES.TA,2026-09-10,496.0,505.0,469.5,484.1000061035156,160773
THES.TA,2026-09-11,484.1000061035156,484.1000061035156,484.1000061035156,484.1000061035156,0
THES.TA,2026-09-14,484.1000061035156,490.0,469.0,482.3999938964844,112155
THES.TA,2026-09-15,485.0,505.0,480.0,491.5,160897
THES.TA,2026-09-16,491.5,503.0,470.3999938964844,472.3999938964844,152544
THES.TA,2026-09-17,484.0,484.0,447.0,447.0,376107
THES.TA,2026-09-18,447.0,447.0,447.0,447.0,0
THES.TA,2026-09-21,447.0,447.0,447.0,447.0,0
THES.TA,2026-09-22,448.0,471.20001220703125,448.0,466.29998779296875,181420
THES.TA,2026-09-23,463.70001220703125,466.29998779296875,451.0,456.29998779296875,90059
THES.TA,2026-09-24,456.29998779296875,456.3999938964844,442.0,446.70001220703125,78880
ARD.TA,2026-07-16,5344.0,5390.0,5256.0,5338.0,16117
ARD.TA,2026-07-17,5222.0,5338.0,5222.0,5282.0,5276
ARD.TA,2026-07-20,5282.0,5328.0,5280.0,5290.0,6901
ARD.TA,2026-07-21,5216.0,5398.0,5216.0,5354.0,6258
ARD.TA,2026-07-22,5354.0,5450.0,5355.0,5431.0,8296
ARD.TA,2026-07-24,5431.0,5431.0,5355.0,5383.0,3837
ARD.TA,2026-07-27,5421.0,5451.0,5170.0,5170.0,6486
ARD.TA,2026-07-28,5170.0,5297.0,5100.0,5120.0,9219
ARD.TA,2026-07-29,5120.0,5228.0,5050.0,5090.0,40019
ARD.TA,2026-07-30,5499.0,5499.0,5050.0,5083.0,3917
ARD.TA,2026-07-31,5083.0,5216.0,5108.0,5163.0,8985
ARD.TA,2026-08-03,5163.0,5362.0,5163.0,5277.0,25333
ARD.TA,2026-08-04,5170.0,5429.0,5170.0,5358.0,56859
ARD.TA,2026-08-05,5358.0,5386.0,5324.0,5331.0,41440
ARD.TA,2026-08-06,5331.0,5312.0,5151.0,5161.0,52665
ARD.TA,2026-08-07,5161.0,5244.0,5161.0,5173.0,896
ARD.TA,2026-08-10,5173.0,5279.0,5110.0,5133.0,8876
ARD.TA,2026-08-11,5133.0,5220.0,5068.0,5180.0,16625
ARD.TA,2026-08-12,5180.0,5231.0,5080.0,5154.0,8716
ARD.TA,2026-08-13,5154.0,5230.0,5154.0,5199.0,5032
ARD.TA,2026-08-14,5199.0,5293.0,5176.0,5224.0,3869
ARD.TA,2026-08-17,5250.0,5275.0,5086.0,5140.0,13556
ARD.TA,2026-08-18,5140.0,5135.0,5019.0,5097.0,6552
ARD.TA,2026-08-19,5097.0,5097.0,4950.0,4987.0,16673
ARD.TA,2026-08-20,4987.0,5020.0,4950.0,4956.0,6699
ARD.TA,2026-08-21,4956.0,4956.0,4914.0,4927.0,3502
ARD.TA,2026-08-24,4927.0,4928.0,4800.0,4811.0,16306
ARD.TA,2026-08-25,4811.0,4811.0,4727.0,4744.0,16219
ARD.TA,2026-08-26,4744.0,4784.0,4743.0,4772.0,22907
ARD.TA,2026-08-27,4772.0,4856.0,4742.0,4759.0,7575
ARD.TA,2026-08-28,4759.0,4998.0,4737.0,4998.0,10936
ARD.TA,2026-08-31,4998.0,5050.0,4877.0,5050.0,34309
ARD.TA,2026-09-01,5050.0,5085.0,4901.0,4935.0,4584
ARD.TA,2026-09-02,4935.0,5021.0,4900.0,4998.0,8456
ARD.TA,2026-09-03,4998.0,5112.0,4998.0,5052.0,6585
ARD.TA,2026-09-04,5052.0,5079.0,5002.0,5015.0,4353
ARD.TA,2026-09-07,5015.0,5044.0,4876.0,4886.0,7161
ARD.TA,2026-09-08,4886.0,4922.0,4825.0,4846.0,5374
ARD.TA,2026-09-09,4846.0,4887.0,4764.0,4786.0,8491
ARD.TA,2026-09-10,4786.0,4760.0,4670.0,4691.0,10138
ARD.TA,2026-09-11,4691.0,4691.0,4691.0,4691.0,0
ARD.TA,2026-09-14,4660.0,4730.0,4565.0,4608.0,20117
ARD.TA,2026-09-15,4608.0,4733.0,4549.0,4679.0,9944
ARD.TA,2026-09-16,4679.0,4778.0,4644.0,4687.0,14324
ARD.TA,2026-09-17,4687.0,4766.0,4687.0,4766.0,8248
ARD.TA,2026-09-18,4766.0,4766.0,4766.0,4766.0,0
ARD.TA,2026-09-21,4766.0,4766.0,4766.0,4766.0,0
ARD.TA,2026-09-22,4766.0,4820.0,4707.0,4758.0,18791
ARD.TA,2026-09-23,4758.0,4818.0,4731.0,4794.0,5813
ARD.TA,2026-09-24,4794.0,4794.0,4711.0,4724.0,2368
DUNI.TA,2026-07-16,26740.0,27390.0,26070.0,26720.0,2247
DUNI.TA,2026-07-17,26720.0,27780.0,26470.0,26600.0,2114
DUNI.TA,2026-07-20,26600.0,27570.0,26510.0,26530.0,2731
DUNI.TA,2026-07-21,26500.0,27000.0,26010.0,26560.0,5516
DUNI.TA,2026-07-22,27330.0,27330.0,25480.0,25730.0,4640
DUNI.TA,2026-07-24,25460.0,25730.0,24560.0,25090.0,9121
DUNI.TA,2026-07-27,25260.0,26300.0,24690.0,24970.0,60046
DUNI.TA,2026-07-28,24970.0,25570.0,24400.0,24400.0,7201
DUNI.TA,2026-07-29,24400.0,24700.0,23710.0,24220.0,3846
DUNI.TA,2026-07-30,25000.0,25000.0,23780.0,24690.0,3040
DUNI.TA,2026-07-31,24690.0,26170.0,24590.0,25220.0,4633
DUNI.TA,2026-08-03,26260.0,26260.0,24580.0,24580.0,4325
DUNI.TA,2026-08-04,24580.0,26000.0,24390.0,24480.0,3291
DUNI.TA,2026-08-05,24480.0,25890.0,24150.0,24470.0,3663
DUNI.TA,2026-08-06,23920.0,24730.0,22750.0,22750.0,89853
DUNI.TA,2026-08-07,22780.0,23010.0,20830.0,21100.0,48854
DUNI.TA,2026-08-10,21030.0,22270.0,20210.0,21350.0,12998
DUNI.TA,2026-08-11,21350.0,21820.0,20960.0,20960.0,4247
DUNI.TA,2026-08-12,20960.0,22040.0,20830.0,21570.0,4598
DUNI.TA,2026-08-13,21570.0,22490.0,21450.0,21800.0,4296
DUNI.TA,2026-08-14,21800.0,22960.0,21550.0,22290.0,1896
DUNI.TA,2026-08-17,22500.0,22510.0,21560.0,22290.0,6189
DUNI.TA,2026-08-18,22290.0,22900.0,21750.0,22900.0,7951
DUNI.TA,2026-08-19,22900.0,23500.0,22400.0,23150.0,11439
DUNI.TA,2026-08-20,23150.0,23270.0,21620.0,21890.0,17610
DUNI.TA,2026-08-21,22190.0,23000.0,21770.0,22540.0,3198
DUNI.TA,2026-08-24,22540.0,22360.0,20930.0,21670.0,5641
DUNI.TA,2026-08-25,21200.0,22250.0,21200.0,22180.0,2190
DUNI.TA,2026-08-26,22180.0,22490.0,21690.0,22210.0,3242
DUNI.TA,2026-08-27,23320.0,23550.0,22520.0,22880.0,3817
DUNI.TA,2026-08-28,22880.0,23590.0,22580.0,23440.0,3908
DUNI.TA,2026-08-31,23440.0,23990.0,23010.0,23380.0,5531
DUNI.TA,2026-09-01,23140.0,24600.0,23140.0,23830.0,26339
DUNI.TA,2026-09-02,23610.0,24380.0,23410.0,24100.0,9185
DUNI.TA,2026-09-03,24100.0,25290.0,24100.0,24590.0,4421
DUNI.TA,2026-09-04,23660.0,25540.0,23660.0,25100.0,2698
DUNI.TA,2026-09-07,26280.0,26280.0,25040.0,25200.0,4172
DUNI.TA,2026-09-08,25200.0,25660.0,24670.0,25550.0,5403
DUNI.TA,2026-09-09,25990.0,25990.0,25210.0,25300.0,4275
DUNI.TA,2026-09-10,25380.0,25380.0,23600.0,24040.0,5155
DUNI.TA,2026-09-11,24040.0,24040.0,24040.0,24040.0,0
DUNI.TA,2026-09-14,24710.0,24710.0,23260.0,23420.0,6389
DUNI.TA,2026-09-15,23420.0,24050.0,22670.0,23420.0,2303
DUNI.TA,2026-09-16,24130.0,24130.0,23440.0,23500.0,4499
DUNI.TA,2026-09-17,24290.0,24290.0,23420.0,23560.0,7925
DUNI.TA,2026-09-18,23560.0,23560.0,23560.0,23560.0,0
DUNI.TA,2026-09-21,23560.0,23560.0,23560.0,23560.0,0
DUNI.TA,2026-09-22,24080.0,24080.0,23540.0,23880.0,5464
DUNI.TA,2026-09-23,23670.0,24500.0,23530.0,23970.0,3234
DUNI.TA,2026-09-24,23970.0,24620.0,23530.0,23900.0,3885
OPCE.TA,2026-07-16,10020.0,10050.0,9738.0,9780.0,409572
OPCE.TA,2026-07-17,9631.0,9631.0,9425.0,9605.0,268015
OPCE.TA,2026-07-20,9634.0,9816.0,9537.0,9742.0,205319
OPCE.TA,2026-07-21,9889.0,10060.0,9745.0,10040.0,286414
OPCE.TA,2026-07-22,9878.0,10100.0,9853.0,9990.0,418721
OPCE.TA,2026-07-24,9772.0,10070.0,9628.0,9996.0,404008
OPCE.TA,2026-07-27,10220.0,10370.0,9980.0,9980.0,269200
OPCE.TA,2026-07-28,9739.0,9980.0,9682.0,9716.0,246164
OPCE.TA,2026-07-29,9628.0,9880.0,9340.0,9355.0,302467
OPCE.TA,2026-07-30,9308.0,9452.0,9110.0,9310.0,514766
OPCE.TA,2026-07-31,9445.0,9695.0,9250.0,9593.0,268579
OPCE.TA,2026-08-03,9635.0,9680.0,9334.0,9388.0,377415
OPCE.TA,2026-08-04,9402.0,9886.0,9402.0,9582.0,282205
OPCE.TA,2026-08-05,9700.0,9700.0,9060.0,9126.0,348002
OPCE.TA,2026-08-06,9021.0,9200.0,8852.0,9200.0,800486
OPCE.TA,2026-08-07,9190.0,9309.0,8990.0,9283.0,361336
OPCE.TA,2026-08-10,9255.0,9332.0,9100.0,9141.0,428939
OPCE.TA,2026-08-11,9141.0,9160.0,8905.0,9004.0,284418
OPCE.TA,2026-08-12,9167.0,9943.0,9167.0,9943.0,665120
OPCE.TA,2026-08-13,9898.0,9907.0,9613.0,9839.0,338326
OPCE.TA,2026-08-14,9839.0,9839.0,9475.0,9599.0,211908
OPCE.TA,2026-08-17,9552.0,9878.0,9330.0,9330.0,227007
OPCE.TA,2026-08-18,9253.0,9360.0,9120.0,9347.0,231637
OPCE.TA,2026-08-19,9299.0,9523.0,9200.0,9286.0,348708
OPCE.TA,2026-08-20,9365.0,9624.0,9319.0,9550.0,312984
OPCE.TA,2026-08-21,9532.0,9762.0,9484.0,9686.0,322356
OPCE.TA,2026-08-24,9686.0,9692.0,9481.0,9489.0,266511
OPCE.TA,2026-08-25,9496.0,9553.0,9268.0,9456.0,275375
OPCE.TA,2026-08-26,9409.0,9461.0,9200.0,9382.0,320345
OPCE.TA,2026-08-27,9425.0,9923.0,9339.0,9840.0,359566
OPCE.TA,2026-08-28,9750.0,9826.0,9530.0,9826.0,518847
OPCE.TA,2026-08-31,9800.0,9950.0,9566.0,9939.0,894922
OPCE.TA,2026-09-01,9850.0,9898.0,9415.0,9475.0,540682
OPCE.TA,2026-09-02,9352.0,9649.0,9260.0,9551.0,550595
OPCE.TA,2026-09-03,9647.0,9800.0,9400.0,9661.0,261955
OPCE.TA,2026-09-04,9803.0,10180.0,9684.0,10120.0,270830
OPCE.TA,2026-09-07,10120.0,10180.0,9915.0,9951.0,145554
OPCE.TA,2026-09-08,10060.0,10110.0,9767.0,9920.0,192980
OPCE.TA,2026-09-09,9955.0,10150.0,9921.0,10130.0,284964
OPCE.TA,2026-09-10,10180.0,10180.0,9550.0,9550.0,237602
OPCE.TA,2026-09-11,9550.0,9550.0,9550.0,9550.0,0
OPCE.TA,2026-09-14,9550.0,9550.0,9220.0,9374.0,236126
OPCE.TA,2026-09-15,9374.0,9388.0,8895.0,9100.0,430655
OPCE.TA,2026-09-16,9040.0,9215.0,9000.0,9128.0,218929
OPCE.TA,2026-09-17,9130.0,9500.0,9063.0,9428.0,450906
OPCE.TA,2026-09-18,9428.0,9428.0,9428.0,9428.0,0
OPCE.TA,2026-09-21,9428.0,9428.0,9428.0,9428.0,0
OPCE.TA,2026-09-22,9620.0,9721.0,9153.0,9206.0,315403
OPCE.TA,2026-09-23,9231.0,9430.0,9089.0,9359.0,225368
OPCE.TA,2026-09-24,9184.0,9298.0,8873.0,8949.0,634627
SCOP.TA,2026-07-16,28710.0,29040.0,28510.0,28700.0,20611
SCOP.TA,2026-07-17,28700.0,29300.0,28100.0,29200.0,9751
SCOP.TA,2026-07-20,29200.0,29530.0,28800.0,29300.0,16474
SCOP.TA,2026-07-21,29200.0,29690.0,29010.0,29150.0,18052
SCOP.TA,2026-07-22,29150.0,29250.0,28940.0,29200.0,21820
SCOP.TA,2026-07-24,28900.0,30860.0,28900.0,30430.0,25176
SCOP.TA,2026-07-27,30430.0,30930.0,30290.0,30580.0,13367
SCOP.TA,2026-07-28,30580.0,30650.0,30000.0,30160.0,5916
SCOP.TA,2026-07-29,30160.0,30230.0,28620.0,28800.0,11990
SCOP.TA,2026-07-30,28800.0,29090.0,27900.0,28880.0,14440
SCOP.TA,2026-07-31,28880.0,29190.0,28290.0,29100.0,31042
SCOP.TA,2026-08-03,29100.0,29520.0,28680.0,28680.0,11769
SCOP.TA,2026-08-04,28900.0,28900.0,27870.0,28160.0,32645
SCOP.TA,2026-08-05,28430.0,28480.0,27740.0,28330.0,29937
SCOP.TA,2026-08-06,28330.0,28330.0,27720.0,27720.0,241533
SCOP.TA,2026-08-07,27720.0,28410.0,27460.0,27850.0,12151
SCOP.TA,2026-08-10,27850.0,28130.0,27440.0,27800.0,22901
SCOP.TA,2026-08-11,27800.0,27850.0,27210.0,27690.0,13404
SCOP.TA,2026-08-12,27690.0,28460.0,27080.0,27120.0,52225
SCOP.TA,2026-08-13,27120.0,28730.0,27140.0,28240.0,29464
SCOP.TA,2026-08-14,28240.0,28570.0,27860.0,28000.0,10145
SCOP.TA,2026-08-17,28000.0,29270.0,27910.0,28620.0,22625
SCOP.TA,2026-08-18,28620.0,28700.0,27980.0,28550.0,41175
SCOP.TA,2026-08-19,28220.0,28600.0,27610.0,27850.0,35936
SCOP.TA,2026-08-20,27850.0,28240.0,27390.0,27510.0,11528
SCOP.TA,2026-08-21,27510.0,27860.0,27300.0,27650.0,7967
SCOP.TA,2026-08-24,27650.0,28230.0,27370.0,28010.0,13164
SCOP.TA,2026-08-25,28010.0,29510.0,28010.0,28250.0,29037
SCOP.TA,2026-08-26,28250.0,29440.0,28250.0,29370.0,21280
SCOP.TA,2026-08-27,29960.0,31090.0,29690.0,30550.0,25303
SCOP.TA,2026-08-28,30170.0,30550.0,29790.0,29870.0,19021
SCOP.TA,2026-08-31,29870.0,30310.0,29050.0,29400.0,19137
SCOP.TA,2026-09-01,29400.0,30000.0,28840.0,29110.0,28961
SCOP.TA,2026-09-02,29200.0,30000.0,29110.0,29400.0,51026
SCOP.TA,2026-09-03,29570.0,29570.0,29020.0,29400.0,13711
SCOP.TA,2026-09-04,29890.0,30210.0,29500.0,29530.0,23426
SCOP.TA,2026-09-07,29530.0,30200.0,29530.0,29990.0,16778
SCOP.TA,2026-09-08,29990.0,30590.0,29120.0,29120.0,14285
SCOP.TA,2026-09-09,29500.0,29730.0,29300.0,29400.0,20716
SCOP.TA,2026-09-10,29990.0,29990.0,28000.0,28050.0,19195
SCOP.TA,2026-09-11,28050.0,28050.0,28050.0,28050.0,0
SCOP.TA,2026-09-14,28280.0,28900.0,27920.0,28380.0,17205
SCOP.TA,2026-09-15,28380.0,28800.0,27100.0,27100.0,31070
SCOP.TA,2026-09-16,27100.0,27850.0,27040.0,27340.0,39331
SCOP.TA,2026-09-17,27640.0,28620.0,27630.0,28170.0,277366
SCOP.TA,2026-09-18,28170.0,28170.0,28170.0,28170.0,0
SCOP.TA,2026-09-21,28170.0,28170.0,28170.0,28170.0,0
SCOP.TA,2026-09-22,28500.0,29830.0,28430.0,29580.0,16957
SCOP.TA,2026-09-23,29820.0,29910.0,28990.0,29820.0,16638
SCOP.TA,2026-09-24,29690.0,29990.0,28550.0,28700.0,29018
CEL.TA,2026-07-16,3301.0,3350.0,3263.0,3307.0,226322
CEL.TA,2026-07-17,3307.0,3329.0,3276.0,3305.0,109747
CEL.TA,2026-07-20,3269.0,3366.0,3255.0,3337.0,208750
CEL.TA,2026-07-21,3347.0,3450.0,3346.0,3387.0,217356
CEL.TA,2026-07-22,3330.0,3450.0,3330.0,3358.0,195917
CEL.TA,2026-07-24,3251.0,3371.0,3251.0,3330.0,284847
CEL.TA,2026-07-27,3353.0,3448.0,3353.0,3393.0,218044
CEL.TA,2026-07-28,3393.0,3411.0,3294.0,3328.0,105896
CEL.TA,2026-07-29,3328.0,3367.0,3273.0,3284.0,100139
CEL.TA,2026-07-30,3226.0,3320.0,3220.0,3304.0,114361
CEL.TA,2026-07-31,3304.0,3359.0,3282.0,3304.0,112908
CEL.TA,2026-08-03,3243.0,3335.0,3243.0,3272.0,285990
CEL.TA,2026-08-04,3243.0,3283.0,3178.0,3194.0,210453
CEL.TA,2026-08-05,3190.0,3288.0,3164.0,3188.0,389561
CEL.TA,2026-08-06,3188.0,3228.0,3135.0,3157.0,1165842
CEL.TA,2026-08-07,3157.0,3210.0,3157.0,3182.0,70501
CEL.TA,2026-08-10,3182.0,3228.0,3155.0,3157.0,253545
CEL.TA,2026-08-11,3157.0,3215.0,3135.0,3193.0,170083
CEL.TA,2026-08-12,3290.0,3355.0,3216.0,3254.0,326929
CEL.TA,2026-08-13,3189.0,3352.0,3189.0,3253.0,228053
CEL.TA,2026-08-14,3253.0,3352.0,3217.0,3247.0,63722
CEL.TA,2026-08-17,3211.0,3305.0,3211.0,3233.0,194118
CEL.TA,2026-08-18,3233.0,3303.0,3203.0,3288.0,175685
CEL.TA,2026-08-19,3299.0,3327.0,3239.0,3325.0,260078
CEL.TA,2026-08-20,3325.0,3466.0,3324.0,3435.0,183301
CEL.TA,2026-08-21,3435.0,3597.0,3435.0,3590.0,202599
CEL.TA,2026-08-24,3559.0,3600.0,3530.0,3534.0,212373
CEL.TA,2026-08-25,3501.0,3523.0,3410.0,3509.0,107959
CEL.TA,2026-08-26,3509.0,3567.0,3455.0,3542.0,127572
CEL.TA,2026-08-27,3542.0,3583.0,3485.0,3517.0,76134
CEL.TA,2026-08-28,3488.0,3588.0,3488.0,3588.0,168589
CEL.TA,2026-08-31,3560.0,3575.0,3514.0,3546.0,152705
CEL.TA,2026-09-01,3546.0,3693.0,3546.0,3693.0,253122
CEL.TA,2026-09-02,3680.0,3700.0,3640.0,3700.0,156551
CEL.TA,2026-09-03,3700.0,3750.0,3651.0,3700.0,274773
CEL.TA,2026-09-04,3700.0,3724.0,3665.0,3688.0,158173
CEL.TA,2026-09-07,3670.0,3701.0,3594.0,3693.0,132068
CEL.TA,2026-09-08,3693.0,3693.0,3605.0,3627.0,137742
CEL.TA,2026-09-09,3627.0,3673.0,3610.0,3673.0,153259
CEL.TA,2026-09-10,3607.0,3720.0,3546.0,3589.0,123286
CEL.TA,2026-09-11,3589.0,3589.0,3589.0,3589.0,0
CEL.TA,2026-09-14,3589.0,3672.0,3565.0,3672.0,67553
CEL.TA,2026-09-15,3672.0,3760.0,3633.0,3740.0,171384
CEL.TA,2026-09-16,3714.0,3772.0,3656.0,3737.0,173008
CEL.TA,2026-09-17,3737.0,3811.0,3651.0,3732.0,313092
CEL.TA,2026-09-18,3732.0,3732.0,3732.0,3732.0,0
CEL.TA,2026-09-21,3732.0,3732.0,3732.0,3732.0,0
CEL.TA,2026-09-22,3688.0,3722.0,3588.0,3628.0,127213
CEL.TA,2026-09-23,3628.0,3644.0,3547.0,3627.0,154339
CEL.TA,2026-09-24,3591.0,3591.0,3519.0,3531.0,234131
ELTR.TA,2026-07-16,11730.0,12080.0,11650.0,12000.0,78530
ELTR.TA,2026-07-17,12000.0,12000.0,11790.0,11900.0,27369
ELTR.TA,2026-07-20,11900.0,12100.0,11620.0,11750.0,56749
ELTR.TA,2026-07-21,11750.0,11970.0,11580.0,11690.0,62866
ELTR.TA,2026-07-22,11780.0,11910.0,11550.0,11690.0,48471
ELTR.TA,2026-07-24,11460.0,12090.0,11460.0,11930.0,109516
ELTR.TA,2026-07-27,11990.0,12120.0,11760.0,11760.0,56958
ELTR.TA,2026-07-28,11710.0,12160.0,11710.0,11880.0,187144
ELTR.TA,2026-07-29,11880.0,11930.0,11640.0,11720.0,72272
ELTR.TA,2026-07-30,11720.0,11780.0,11350.0,11720.0,74098
ELTR.TA,2026-07-31,11790.0,11990.0,11660.0,11900.0,63333
ELTR.TA,2026-08-03,11900.0,11960.0,11400.0,11410.0,93316
ELTR.TA,2026-08-04,11460.0,11580.0,11110.0,11260.0,87897
ELTR.TA,2026-08-05,11160.0,11370.0,10990.0,11110.0,115183
ELTR.TA,2026-08-06,11150.0,11250.0,10920.0,11250.0,637233
ELTR.TA,2026-08-07,11250.0,11420.0,11180.0,11230.0,32778
ELTR.TA,2026-08-10,11230.0,11270.0,10720.0,10890.0,85398
ELTR.TA,2026-08-11,10890.0,10930.0,10410.0,10590.0,116479
ELTR.TA,2026-08-12,10590.0,10620.0,10050.0,10190.0,144393
ELTR.TA,2026-08-13,10260.0,10390.0,9918.0,10110.0,84733
ELTR.TA,2026-08-14,10110.0,10470.0,10100.0,10250.0,46723
ELTR.TA,2026-08-17,10250.0,10260.0,9950.0,9992.0,73895
ELTR.TA,2026-08-18,9992.0,10250.0,9760.0,10220.0,106399
ELTR.TA,2026-08-19,10220.0,10680.0,9968.0,10090.0,114763
ELTR.TA,2026-08-20,10130.0,10410.0,10100.0,10210.0,52968
ELTR.TA,2026-08-21,10300.0,10360.0,10170.0,10280.0,24882
ELTR.TA,2026-08-24,10280.0,10400.0,10160.0,10400.0,39217
ELTR.TA,2026-08-25,10540.0,10840.0,10430.0,10770.0,61326
ELTR.TA,2026-08-26,10770.0,10960.0,10500.0,10860.0,105456
ELTR.TA,2026-08-27,10900.0,11410.0,10850.0,11410.0,142992
ELTR.TA,2026-08-28,11310.0,11470.0,11250.0,11430.0,68960
ELTR.TA,2026-08-31,11430.0,11930.0,11350.0,11770.0,143089
ELTR.TA,2026-09-01,11580.0,12330.0,11580.0,12290.0,85490
ELTR.TA,2026-09-02,12290.0,12510.0,12180.0,12440.0,111622
ELTR.TA,2026-09-03,12440.0,12440.0,12080.0,12330.0,114939
ELTR.TA,2026-09-04,12330.0,12490.0,12280.0,12460.0,40659
ELTR.TA,2026-09-07,12420.0,12490.0,12000.0,12050.0,275426
ELTR.TA,2026-09-08,12050.0,12140.0,11710.0,11810.0,33688
ELTR.TA,2026-09-09,11810.0,11960.0,11640.0,11740.0,79951
ELTR.TA,2026-09-10,11890.0,11890.0,11380.0,11450.0,43359
ELTR.TA,2026-09-11,11450.0,11450.0,11450.0,11450.0,0
ELTR.TA,2026-09-14,11450.0,11630.0,11360.0,11550.0,25597
ELTR.TA,2026-09-15,11550.0,11550.0,11100.0,11180.0,57826
ELTR.TA,2026-09-16,11240.0,11480.0,11210.0,11350.0,44156
ELTR.TA,2026-09-17,11400.0,11580.0,11230.0,11420.0,307572
ELTR.TA,2026-09-18,11420.0,11420.0,11420.0,11420.0,0
ELTR.TA,2026-09-21,11420.0,11420.0,11420.0,11420.0,0
ELTR.TA,2026-09-22,11420.0,11650.0,11360.0,11490.0,31425
ELTR.TA,2026-09-23,11490.0,11640.0,11290.0,11370.0,38303
ELTR.TA,2026-09-24,11200.0,11330.0,11000.0,11150.0,59374
PLRM.TA,2026-07-16,4518.0,4526.0,4421.0,4492.0,8708
PLRM.TA,2026-07-17,4492.0,4587.0,4449.0,4480.0,1707
PLRM.TA,2026-07-20,4480.0,4586.0,4404.0,4465.0,6791
PLRM.TA,2026-07-21,4465.0,4484.0,4400.0,4429.0,7615
PLRM.TA,2026-07-22,4429.0,4462.0,4360.0,4379.0,6920
PLRM.TA,2026-07-24,4360.0,4379.0,4345.0,4351.0,6156
PLRM.TA,2026-07-27,4351.0,4596.0,4201.0,4252.0,7976
PLRM.TA,2026-07-28,4245.0,4317.0,4118.0,4157.0,13638
PLRM.TA,2026-07-29,4157.0,4228.0,4106.0,4175.0,11062
PLRM.TA,2026-07-30,4175.0,4313.0,4102.0,4140.0,17868
PLRM.TA,2026-07-31,4140.0,4146.0,4066.0,4122.0,15106
PLRM.TA,2026-08-03,4122.0,4228.0,4021.0,4021.0,16053
PLRM.TA,2026-08-04,4021.0,4166.0,3874.0,3874.0,28551
PLRM.TA,2026-08-05,3874.0,3914.0,3827.0,3862.0,23066
PLRM.TA,2026-08-06,3856.0,4029.0,3856.0,3910.0,197684
PLRM.TA,2026-08-07,3910.0,4000.0,3910.0,3939.0,10008
PLRM.TA,2026-08-10,3939.0,4065.0,3939.0,3971.0,19242
PLRM.TA,2026-08-11,3971.0,4070.0,3963.0,4023.0,9098
PLRM.TA,2026-08-12,4023.0,4326.0,4096.0,4281.0,10034
PLRM.TA,2026-08-13,4275.0,4399.0,4273.0,4304.0,8731
PLRM.TA,2026-08-14,4300.0,4384.0,4287.0,4304.0,4858
PLRM.TA,2026-08-17,4304.0,4381.0,4135.0,4151.0,7339
PLRM.TA,2026-08-18,4151.0,4249.0,4087.0,4144.0,6720
PLRM.TA,2026-08-19,4144.0,4589.0,4219.0,4556.0,14472
PLRM.TA,2026-08-20,4556.0,4587.0,4251.0,4324.0,7723
PLRM.TA,2026-08-21,4324.0,4430.0,4300.0,4333.0,6028
PLRM.TA,2026-08-24,4333.0,4516.0,4345.0,4488.0,8683
PLRM.TA,2026-08-25,4488.0,4473.0,4322.0,4419.0,6872
PLRM.TA,2026-08-26,4419.0,4483.0,4326.0,4370.0,4432
PLRM.TA,2026-08-27,4370.0,4551.0,4384.0,4489.0,8234
PLRM.TA,2026-08-28,4453.0,4690.0,4453.0,4666.0,41981
PLRM.TA,2026-08-31,4711.0,4712.0,4602.0,4623.0,59893
PLRM.TA,2026-09-01,4623.0,4688.0,4577.0,4685.0,58944
PLRM.TA,2026-09-02,4685.0,4745.0,4625.0,4678.0,37647
PLRM.TA,2026-09-03,4678.0,4898.0,4650.0,4872.0,30883
PLRM.TA,2026-09-04,4872.0,4872.0,4710.0,4755.0,11896
PLRM.TA,2026-09-07,4755.0,4850.0,4640.0,4681.0,8163
PLRM.TA,2026-09-08,4681.0,4698.0,4551.0,4569.0,4277
PLRM.TA,2026-09-09,4569.0,4660.0,4531.0,4579.0,9247
PLRM.TA,2026-09-10,4579.0,4606.0,4523.0,4530.0,4295
PLRM.TA,2026-09-11,4530.0,4530.0,4530.0,4530.0,0
PLRM.TA,2026-09-14,4500.0,4600.0,4500.0,4554.0,5912
PLRM.TA,2026-09-15,4554.0,4554.0,4396.0,4491.0,6632
PLRM.TA,2026-09-16,4491.0,4491.0,4381.0,4416.0,9300
PLRM.TA,2026-09-17,4416.0,4452.0,4326.0,4343.0,7037
PLRM.TA,2026-09-18,4343.0,4343.0,4343.0,4343.0,0
PLRM.TA,2026-09-21,4343.0,4343.0,4343.0,4343.0,0
PLRM.TA,2026-09-22,4343.0,4359.0,4207.0,4233.0,7117
PLRM.TA,2026-09-23,4233.0,4300.0,4166.0,4198.0,4546
PLRM.TA,2026-09-24,4198.0,4288.0,4112.0,4216.0,75527
CGEN.TA,2026-07-16,744.9000244140625,744.9000244140625,712.0,716.5,92150
CGEN.TA,2026-07-17,716.5,720.0,703.9000244140625,714.5,2028
CGEN.TA,2026-07-20,710.0,724.9000244140625,704.5999755859375,718.9000244140625,5500
CGEN.TA,2026-07-21,721.0,743.7999877929688,717.0999755859375,723.7000122070312,37514
CGEN.TA,2026-07-22,742.7999877929688,767.0,728.0,761.5999755859375,65876
CGEN.TA,2026-07-24,761.5999755859375,761.5999755859375,720.0,725.4000244140625,13091
CGEN.TA,2026-07-27,725.4000244140625,751.0999755859375,700.0,714.9000244140625,16786
CGEN.TA,2026-07-28,714.9000244140625,732.0999755859375,697.0999755859375,715.2000122070312,8071
CGEN.TA,2026-07-29,715.2000122070312,712.2999877929688,691.0,700.2000122070312,14198
CGEN.TA,2026-07-30,700.2000122070312,718.2999877929688,688.5,701.0999755859375,5100
CGEN.TA,2026-07-31,711.9000244140625,711.9000244140625,691.0999755859375,707.7000122070312,7265
CGEN.TA,2026-08-03,707.7000122070312,730.7000122070312,666.0,688.7999877929688,35842
CGEN.TA,2026-08-04,694.0,728.2999877929688,694.0,723.2999877929688,46013
CGEN.TA,2026-08-05,723.2999877929688,723.2999877929688,687.7999877929688,697.9000244140625,14644
CGEN.TA,2026-08-06,697.9000244140625,700.0,687.7999877929688,692.0,24130
CGEN.TA,2026-08-07,692.0,693.0,660.0,684.2000122070312,2596
CGEN.TA,2026-08-10,684.2000122070312,720.0,684.2000122070312,717.7000122070312,66870
CGEN.TA,2026-08-11,717.7000122070312,740.0,687.9000244140625,719.2999877929688,15086
CGEN.TA,2026-08-12,719.2999877929688,731.7999877929688,717.5,722.9000244140625,23340
CGEN.TA,2026-08-13,724.0,739.5,722.9000244140625,736.7999877929688,39993
CGEN.TA,2026-08-14,736.7999877929688,728.2000122070312,705.9000244140625,713.5,16344
CGEN.TA,2026-08-17,713.5,706.7000122070312,699.5999755859375,703.9000244140625,8111
CGEN.TA,2026-08-18,703.9000244140625,704.0,688.7999877929688,698.0999755859375,12677
CGEN.TA,2026-08-19,713.0,733.0999755859375,689.2999877929688,723.7000122070312,23868
CGEN.TA,2026-08-20,755.0,788.5999755859375,721.0,755.9000244140625,140341
CGEN.TA,2026-08-21,760.0,783.7000122070312,756.5,780.7999877929688,49633
CGEN.TA,2026-08-24,780.7999877929688,788.4000244140625,749.5999755859375,758.4000244140625,70867
CGEN.TA,2026-08-25,758.4000244140625,820.0,758.4000244140625,797.2000122070312,32494
CGEN.TA,2026-08-26,832.0,863.2000122070312,832.0,860.5999755859375,175542
CGEN.TA,2026-08-27,865.0,865.0,814.7999877929688,816.2999877929688,81062
CGEN.TA,2026-08-28,816.2999877929688,818.0999755859375,807.5999755859375,813.0,4567
CGEN.TA,2026-08-31,813.0,813.0,752.7999877929688,763.2999877929688,39528
CGEN.TA,2026-09-01,763.2999877929688,782.0999755859375,763.2999877929688,773.5,7265
CGEN.TA,2026-09-02,773.5,792.0,761.7000122070312,789.0999755859375,18138
CGEN.TA,2026-09-03,789.0999755859375,796.0,773.2000122070312,789.0,13643
CGEN.TA,2026-09-04,789.0,795.4000244140625,766.4000244140625,779.0999755859375,14932
CGEN.TA,2026-09-07,796.0,796.0,761.0,767.5999755859375,10593
CGEN.TA,2026-09-08,790.0,790.0,759.9000244140625,774.4000244140625,12822
CGEN.TA,2026-09-09,778.2999877929688,789.9000244140625,761.4000244140625,765.5999755859375,9370
CGEN.TA,2026-09-10,790.0,790.0,741.9000244140625,748.5999755859375,15607
CGEN.TA,2026-09-11,748.5999755859375,748.5999755859375,748.5999755859375,748.5999755859375,0
CGEN.TA,2026-09-14,748.5999755859375,760.2999877929688,743.0,750.4000244140625,13825
CGEN.TA,2026-09-15,750.4000244140625,755.2000122070312,734.4000244140625,742.0,13136
CGEN.TA,2026-09-16,742.0,749.0,732.0,737.5,13717
CGEN.TA,2026-09-17,737.5,743.9000244140625,733.0,736.2000122070312,11456
CGEN.TA,2026-09-18,736.2000122070312,736.2000122070312,736.2000122070312,736.2000122070312,0
CGEN.TA,2026-09-21,736.2000122070312,736.2000122070312,736.2000122070312,736.2000122070312,0
CGEN.TA,2026-09-22,736.2000122070312,773.0,726.2000122070312,731.4000244140625,6740
CGEN.TA,2026-09-23,731.4000244140625,744.0,734.2999877929688,740.5,23564
CGEN.TA,2026-09-24,732.0,734.9000244140625,710.0,713.0999755859375,45549
MLTH.TA,2026-07-16,14730.0,14780.0,13640.0,13640.0,58008
MLTH.TA,2026-07-17,13640.0,14000.0,13540.0,13830.0,2321
MLTH.TA,2026-07-20,13740.0,14310.0,13540.0,14070.0,6123
MLTH.TA,2026-07-21,14110.0,14390.0,14000.0,14290.0,3751
MLTH.TA,2026-07-22,14290.0,14170.0,14020.0,14050.0,8488
MLTH.TA,2026-07-24,14050.0,14050.0,13520.0,13860.0,4666
MLTH.TA,2026-07-27,13860.0,14380.0,13750.0,13750.0,4806
MLTH.TA,2026-07-28,13750.0,14140.0,13740.0,13960.0,8384
MLTH.TA,2026-07-29,13960.0,14080.0,13480.0,13880.0,9894
MLTH.TA,2026-07-30,13960.0,13960.0,13300.0,13670.0,10255
MLTH.TA,2026-07-31,13670.0,13700.0,13220.0,13470.0,14325
MLTH.TA,2026-08-03,13470.0,13890.0,13290.0,13650.0,2983
MLTH.TA,2026-08-04,13650.0,13880.0,13250.0,13700.0,6090
MLTH.TA,2026-08-05,13700.0,13800.0,13090.0,13490.0,9968
MLTH.TA,2026-08-06,13490.0,13560.0,13170.0,13260.0,39728
MLTH.TA,2026-08-07,13180.0,13460.0,13110.0,13360.0,5334
MLTH.TA,2026-08-10,13360.0,13750.0,13240.0,13730.0,10135
MLTH.TA,2026-08-11,13730.0,13800.0,13490.0,13580.0,3835
MLTH.TA,2026-08-12,13580.0,13690.0,13250.0,13520.0,8383
MLTH.TA,2026-08-13,13520.0,14080.0,13450.0,13980.0,7306
MLTH.TA,2026-08-14,13980.0,14280.0,13950.0,13970.0,6074
MLTH.TA,2026-08-17,13880.0,14060.0,13880.0,13970.0,19882
MLTH.TA,2026-08-18,13970.0,14850.0,13970.0,14720.0,41844
MLTH.TA,2026-08-19,15500.0,16320.0,15500.0,15900.0,39755
MLTH.TA,2026-08-20,16020.0,16370.0,15830.0,15990.0,11371
MLTH.TA,2026-08-21,15990.0,16140.0,15700.0,15860.0,2562
MLTH.TA,2026-08-24,15700.0,15970.0,15590.0,15650.0,4176
MLTH.TA,2026-08-25,15650.0,15990.0,15650.0,15890.0,10197
MLTH.TA,2026-08-26,15890.0,15910.0,15700.0,15820.0,18246
MLTH.TA,2026-08-27,15820.0,16940.0,15820.0,16610.0,61143
MLTH.TA,2026-08-28,16610.0,16850.0,16530.0,16690.0,46481
MLTH.TA,2026-08-31,16690.0,16800.0,16430.0,16460.0,9373
MLTH.TA,2026-09-01,16460.0,17590.0,16140.0,17290.0,22407
MLTH.TA,2026-09-02,17400.0,18160.0,17290.0,17790.0,39517
MLTH.TA,2026-09-03,17790.0,18240.0,17790.0,18240.0,19538
MLTH.TA,2026-09-04,18240.0,18460.0,18020.0,18420.0,4766
MLTH.TA,2026-09-07,18420.0,18640.0,17460.0,18510.0,16318
MLTH.TA,2026-09-08,18510.0,18610.0,18100.0,18360.0,7690
MLTH.TA,2026-09-09,17280.0,18440.0,17280.0,17870.0,11268
MLTH.TA,2026-09-10,17870.0,17930.0,17270.0,17400.0,31389
MLTH.TA,2026-09-11,17400.0,17400.0,17400.0,17400.0,0
MLTH.TA,2026-09-14,17400.0,17880.0,17200.0,17880.0,15816
MLTH.TA,2026-09-15,17880.0,18340.0,17350.0,18130.0,27489
MLTH.TA,2026-09-16,18130.0,18430.0,18080.0,18100.0,13559
MLTH.TA,2026-09-17,18000.0,18410.0,17830.0,17950.0,28462
MLTH.TA,2026-09-18,17950.0,17950.0,17950.0,17950.0,0
MLTH.TA,2026-09-21,17950.0,17950.0,17950.0,17950.0,0
MLTH.TA,2026-09-22,17950.0,18350.0,17770.0,17860.0,17430
MLTH.TA,2026-09-23,17860.0,17860.0,17160.0,17560.0,6027
MLTH.TA,2026-09-24,17560.0,17710.0,17110.0,17580.0,25792
RTLS.TA,2026-07-16,2430.0,2471.0,2367.0,2384.0,22015
RTLS.TA,2026-07-17,2290.0,2487.0,2290.0,2459.0,33712
RTLS.TA,2026-07-20,2459.0,2503.0,2377.0,2463.0,38331
RTLS.TA,2026-07-21,2463.0,2497.0,2400.0,2460.0,36258
RTLS.TA,2026-07-22,2503.0,2503.0,2299.0,2299.0,41325
RTLS.TA,2026-07-24,2250.0,2382.0,2226.0,2330.0,56405
RTLS.TA,2026-07-27,2330.0,2434.0,2274.0,2274.0,77488
RTLS.TA,2026-07-28,2304.0,2386.0,2267.0,2352.0,37824
RTLS.TA,2026-07-29,2381.0,2450.0,2313.0,2450.0,31431
RTLS.TA,2026-07-30,2450.0,2472.0,2340.0,2419.0,23590
RTLS.TA,2026-07-31,2469.0,2469.0,2311.0,2331.0,30783
RTLS.TA,2026-08-03,2231.0,2380.0,2231.0,2259.0,61255
RTLS.TA,2026-08-04,2291.0,2291.0,2106.0,2107.0,138672
RTLS.TA,2026-08-05,2275.0,2275.0,2000.0,2039.0,176064
RTLS.TA,2026-08-06,2089.0,2089.0,1940.0,1940.0,682693
RTLS.TA,2026-08-07,1940.0,2010.0,1940.0,1981.0,78670
RTLS.TA,2026-08-10,1981.0,2014.0,1934.0,1987.0,40941
RTLS.TA,2026-08-11,1987.0,2034.0,1865.0,1925.0,116196
RTLS.TA,2026-08-12,1925.0,1963.0,1815.0,1841.0,84089
RTLS.TA,2026-08-13,1770.0,1900.0,1753.0,1845.0,224388
RTLS.TA,2026-08-14,1801.0,1916.0,1794.0,1884.0,64462
RTLS.TA,2026-08-17,1884.0,2030.0,1823.0,1850.0,162942
RTLS.TA,2026-08-18,1826.0,1838.0,1750.0,1765.0,123628
RTLS.TA,2026-08-19,1765.0,1774.0,1685.0,1740.0,164013
RTLS.TA,2026-08-20,1700.0,1778.0,1691.0,1738.0,128762
RTLS.TA,2026-08-21,1738.0,1824.0,1676.0,1741.0,32213
RTLS.TA,2026-08-24,1741.0,1829.0,1730.0,1789.0,67226
RTLS.TA,2026-08-25,1789.0,1877.0,1749.0,1749.0,28333
RTLS.TA,2026-08-26,1752.0,1764.0,1731.0,1752.0,124133
RTLS.TA,2026-08-27,1773.0,1888.0,1741.0,1882.0,262074
RTLS.TA,2026-08-28,1940.0,1940.0,1831.0,1881.0,35257
RTLS.TA,2026-08-31,1861.0,1933.0,1800.0,1889.0,670927
RTLS.TA,2026-09-01,1826.0,1974.0,1826.0,1946.0,63683
RTLS.TA,2026-09-02,1922.0,1976.0,1914.0,1934.0,36266
RTLS.TA,2026-09-03,1934.0,1978.0,1931.0,1953.0,45121
RTLS.TA,2026-09-04,1953.0,2042.0,1944.0,2010.0,151037
RTLS.TA,2026-09-07,2010.0,2020.0,1921.0,1991.0,51173
RTLS.TA,2026-09-08,1917.0,1985.0,1871.0,1921.0,79906
RTLS.TA,2026-09-09,1921.0,1948.0,1867.0,1899.0,51915
RTLS.TA,2026-09-10,1949.0,1949.0,1842.0,1849.0,41742
RTLS.TA,2026-09-11,1849.0,1849.0,1849.0,1849.0,0
RTLS.TA,2026-09-14,1849.0,1941.0,1789.0,1821.0,41108
RTLS.TA,2026-09-15,1821.0,1864.0,1764.0,1791.0,50615
RTLS.TA,2026-09-16,1780.0,1819.0,1753.0,1762.0,28707
RTLS.TA,2026-09-17,1747.0,1800.0,1733.0,1733.0,72117
RTLS.TA,2026-09-18,1733.0,1733.0,1733.0,1733.0,0
RTLS.TA,2026-09-21,1733.0,1733.0,1733.0,1733.0,0
RTLS.TA,2026-09-22,1733.0,1762.0,1669.0,1716.0,21922
RTLS.TA,2026-09-23,1716.0,1742.0,1665.0,1665.0,21627
RTLS.TA,2026-09-24,1665.0,1665.0,1616.0,1635.0,43725
YHNF.TA,2026-07-16,35690.0,35700.0,34350.0,34800.0,19386
YHNF.TA,2026-07-17,34800.0,35760.0,34560.0,35320.0,14151
YHNF.TA,2026-07-20,34980.0,35470.0,34650.0,35270.0,8832
YHNF.TA,2026-07-21,35270.0,36580.0,35100.0,36360.0,20101
YHNF.TA,2026-07-22,36290.0,36400.0,34990.0,35110.0,10769
YHNF.TA,2026-07-24,34610.0,35500.0,34400.0,34980.0,9201
YHNF.TA,2026-07-27,34980.0,35420.0,34240.0,35000.0,62103
YHNF.TA,2026-07-28,34340.0,36060.0,34340.0,34910.0,15209
YHNF.TA,2026-07-29,34910.0,35230.0,33040.0,33040.0,10626
YHNF.TA,2026-07-30,33040.0,34830.0,32960.0,34250.0,19185
YHNF.TA,2026-07-31,34200.0,35140.0,34200.0,35000.0,4924
YHNF.TA,2026-08-03,35000.0,35300.0,34000.0,34000.0,14197
YHNF.TA,2026-08-04,33820.0,34370.0,33420.0,34100.0,15140
YHNF.TA,2026-08-05,34100.0,34730.0,34100.0,34500.0,14530
YHNF.TA,2026-08-06,35290.0,35290.0,33510.0,34110.0,105936
YHNF.TA,2026-08-07,34110.0,34370.0,33610.0,33880.0,3191
YHNF.TA,2026-08-10,33880.0,34000.0,32900.0,33370.0,11121
YHNF.TA,2026-08-11,33370.0,33680.0,32320.0,32460.0,5114
YHNF.TA,2026-08-12,32460.0,33150.0,32040.0,33000.0,10182
YHNF.TA,2026-08-13,33360.0,33420.0,32860.0,33230.0,8457
YHNF.TA,2026-08-14,33230.0,33800.0,33210.0,33660.0,2600
YHNF.TA,2026-08-17,33660.0,33910.0,33380.0,33600.0,15477
YHNF.TA,2026-08-18,33600.0,34550.0,33400.0,34450.0,5726
YHNF.TA,2026-08-19,34450.0,35580.0,34110.0,34810.0,73979
YHNF.TA,2026-08-20,34930.0,34990.0,34050.0,34200.0,6515
YHNF.TA,2026-08-21,34190.0,34800.0,34160.0,34550.0,2832
YHNF.TA,2026-08-24,34900.0,35030.0,33890.0,34820.0,7131
YHNF.TA,2026-08-25,34820.0,35300.0,34790.0,34990.0,12782
YHNF.TA,2026-08-26,34990.0,35410.0,34260.0,34960.0,6466
YHNF.TA,2026-08-27,35790.0,35790.0,34110.0,34250.0,4904
YHNF.TA,2026-08-28,34220.0,34700.0,33860.0,34700.0,3379
YHNF.TA,2026-08-31,34700.0,34750.0,33820.0,34200.0,5745
YHNF.TA,2026-09-01,34200.0,35400.0,34100.0,35280.0,8179
YHNF.TA,2026-09-02,35280.0,35770.0,34980.0,35370.0,65039
YHNF.TA,2026-09-03,35080.0,35450.0,34920.0,35350.0,5472
YHNF.TA,2026-09-04,35350.0,35960.0,35350.0,35840.0,2274
YHNF.TA,2026-09-07,35850.0,35850.0,35180.0,35310.0,2192
YHNF.TA,2026-09-08,35310.0,35310.0,34660.0,34990.0,4246
YHNF.TA,2026-09-09,34990.0,35160.0,34370.0,34620.0,4352
YHNF.TA,2026-09-10,34280.0,34480.0,33780.0,34000.0,4382
YHNF.TA,2026-09-11,34000.0,34000.0,34000.0,34000.0,0
YHNF.TA,2026-09-14,34000.0,34710.0,33800.0,34490.0,2874
YHNF.TA,2026-09-15,34620.0,34780.0,33920.0,34100.0,3920
YHNF.TA,2026-09-16,32550.0,34690.0,32550.0,34100.0,5088
YHNF.TA,2026-09-17,34100.0,34490.0,33970.0,34190.0,5021
YHNF.TA,2026-09-18,34190.0,34190.0,34190.0,34190.0,0
YHNF.TA,2026-09-21,34190.0,34190.0,34190.0,34190.0,0
YHNF.TA,2026-09-22,33850.0,34030.0,32800.0,32800.0,3739
YHNF.TA,2026-09-23,32940.0,33980.0,32930.0,33010.0,5728
YHNF.TA,2026-09-24,32750.0,33130.0,32060.0,32500.0,6978
ISCN.TA,2026-07-16,1788.0,1802.0,1731.0,1752.0,363605
ISCN.TA,2026-07-17,1752.0,1752.0,1706.0,1728.0,304617
ISCN.TA,2026-07-20,1728.0,1741.0,1694.0,1736.0,394298
ISCN.TA,2026-07-21,1726.0,1771.0,1719.0,1761.0,353840
ISCN.TA,2026-07-22,1747.0,1785.0,1723.0,1741.0,442580
ISCN.TA,2026-07-24,1701.0,1727.0,1680.0,1686.0,806388
ISCN.TA,2026-07-27,1698.0,1722.0,1610.0,1610.0,546618
ISCN.TA,2026-07-28,1627.0,1640.0,1576.0,1576.0,298547
ISCN.TA,2026-07-29,1598.0,1598.0,1538.0,1538.0,395529
ISCN.TA,2026-07-30,1545.0,1551.0,1479.0,1517.0,722735
ISCN.TA,2026-07-31,1523.0,1580.0,1523.0,1566.0,260535
ISCN.TA,2026-08-03,1566.0,1593.0,1484.0,1500.0,944452
ISCN.TA,2026-08-04,1517.0,1526.0,1462.0,1485.0,1199896
ISCN.TA,2026-08-05,1498.0,1505.0,1462.0,1478.0,1199676
ISCN.TA,2026-08-06,1451.0,1562.0,1451.0,1520.0,5601290
ISCN.TA,2026-08-07,1520.0,1533.0,1433.0,1460.0,1340461
ISCN.TA,2026-08-10,1460.0,1473.0,1388.0,1403.0,677095
ISCN.TA,2026-08-11,1403.0,1435.0,1383.0,1422.0,1360720
ISCN.TA,2026-08-12,1422.0,1438.0,1365.0,1365.0,706561
ISCN.TA,2026-08-13,1365.0,1411.0,1335.0,1407.0,436670
ISCN.TA,2026-08-14,1407.0,1411.0,1384.0,1395.0,182779
ISCN.TA,2026-08-17,1395.0,1408.0,1334.0,1334.0,494375
ISCN.TA,2026-08-18,1334.0,1351.0,1277.0,1350.0,642163
ISCN.TA,2026-08-19,1350.0,1419.0,1336.0,1417.0,767867
ISCN.TA,2026-08-20,1417.0,1432.0,1375.0,1375.0,374871
ISCN.TA,2026-08-21,1415.0,1418.0,1364.0,1418.0,271279
ISCN.TA,2026-08-24,1418.0,1423.0,1338.0,1339.0,456237
ISCN.TA,2026-08-25,1339.0,1366.0,1333.0,1350.0,358755
ISCN.TA,2026-08-26,1350.0,1384.0,1324.0,1371.0,591540
ISCN.TA,2026-08-27,1420.0,1480.0,1388.0,1480.0,1042105
ISCN.TA,2026-08-28,1456.0,1498.0,1447.0,1495.0,743989
ISCN.TA,2026-08-31,1482.0,1490.0,1430.0,1436.0,605900
ISCN.TA,2026-09-01,1426.0,1569.0,1426.0,1510.0,1818556
ISCN.TA,2026-09-02,1510.0,1550.0,1477.0,1529.0,533639
ISCN.TA,2026-09-03,1516.0,1556.0,1512.0,1545.0,352644
ISCN.TA,2026-09-04,1545.0,1576.0,1545.0,1571.0,244013
ISCN.TA,2026-09-07,1570.0,1576.0,1524.0,1536.0,188794
ISCN.TA,2026-09-08,1536.0,1542.0,1498.0,1520.0,357672
ISCN.TA,2026-09-09,1520.0,1556.0,1467.0,1469.0,535821
ISCN.TA,2026-09-10,1469.0,1488.0,1407.0,1421.0,498343
ISCN.TA,2026-09-11,1421.0,1421.0,1421.0,1421.0,0
ISCN.TA,2026-09-14,1440.0,1440.0,1382.0,1410.0,647675
ISCN.TA,2026-09-15,1410.0,1434.0,1385.0,1415.0,631896
ISCN.TA,2026-09-16,1415.0,1470.0,1415.0,1440.0,1596875
ISCN.TA,2026-09-17,1440.0,1512.0,1437.0,1503.0,1440459
ISCN.TA,2026-09-18,1503.0,1503.0,1503.0,1503.0,0
ISCN.TA,2026-09-21,1503.0,1503.0,1503.0,1503.0,0
ISCN.TA,2026-09-22,1515.0,1535.0,1462.0,1472.0,560886
ISCN.TA,2026-09-23,1447.0,1478.0,1430.0,1430.0,299220
ISCN.TA,2026-09-24,1423.0,1425.0,1387.0,1403.0,514784
AXN.TA,2026-07-10,624.2999877929688,625.7000122070312,600.0,602.2999877929688,19728
AXN.TA,2026-07-13,602.2999877929688,602.2999877929688,585.0,589.4000244140625,21679
AXN.TA,2026-07-14,589.4000244140625,590.2000122070312,560.0999755859375,582.4000244140625,6854
AXN.TA,2026-07-15,582.4000244140625,580.0,538.0,577.7999877929688,16330
AXN.TA,2026-07-16,693.2999877929688,759.0,670.0,735.4000244140625,269128
AXN.TA,2026-07-17,735.9000244140625,758.9000244140625,698.0,721.0,66876
AXN.TA,2026-07-20,721.0,740.0,655.7000122070312,708.7000122070312,114134
AXN.TA,2026-07-21,708.7000122070312,790.0,708.7000122070312,763.7999877929688,118450
AXN.TA,2026-07-22,782.5,782.5,724.5999755859375,727.7000122070312,56255
AXN.TA,2026-07-24,727.7000122070312,750.0999755859375,690.7999877929688,740.9000244140625,13217
AXN.TA,2026-07-27,740.9000244140625,740.9000244140625,685.0,723.4000244140625,40616
AXN.TA,2026-07-28,700.0,700.0,660.0,667.9000244140625,48117
AXN.TA,2026-07-29,667.9000244140625,681.4000244140625,626.0,652.2000122070312,20594
AXN.TA,2026-07-30,650.0,650.0,606.0999755859375,615.4000244140625,27988
AXN.TA,2026-07-31,639.7999877929688,639.7999877929688,615.4000244140625,633.5999755859375,6919
AXN.TA,2026-08-03,633.5999755859375,639.2999877929688,628.0,630.2000122070312,6643
AXN.TA,2026-08-04,633.5999755859375,633.5999755859375,619.0,627.7000122070312,18003
AXN.TA,2026-08-05,627.7000122070312,632.9000244140625,606.0,616.5,5753
AXN.TA,2026-08-06,616.5,619.9000244140625,595.0,619.2000122070312,830
AXN.TA,2026-08-10,619.2000122070312,615.0,588.0,593.7999877929688,11530
AXN.TA,2026-08-11,593.7999877929688,593.7999877929688,555.0,562.7999877929688,34430
AXN.TA,2026-08-12,562.7999877929688,562.7999877929688,510.29998779296875,535.9000244140625,43692
AXN.TA,2026-08-13,535.9000244140625,535.9000244140625,505.6000061035156,511.6000061035156,13394
AXN.TA,2026-08-14,511.0,574.0,509.8999938964844,569.5,27302
AXN.TA,2026-08-17,570.0,600.0,531.9000244140625,545.7999877929688,29579
AXN.TA,2026-08-18,545.7999877929688,580.0,524.0,546.5,12381
AXN.TA,2026-08-19,546.5,546.5,503.0,509.5,27209
AXN.TA,2026-08-20,503.0,529.0,483.6000061035156,490.79998779296875,22150
AXN.TA,2026-08-21,490.79998779296875,480.0,453.0,479.8999938964844,7018
AXN.TA,2026-08-24,479.8999938964844,479.8999938964844,450.0,468.0,12044
AXN.TA,2026-08-25,468.0,450.20001220703125,425.0,442.70001220703125,27600
AXN.TA,2026-08-26,445.0,449.5,429.79998779296875,432.70001220703125,17429
AXN.TA,2026-08-27,450.0,463.0,445.0,448.8999938964844,12478
AXN.TA,2026-08-28,448.8999938964844,467.0,448.8999938964844,464.1000061035156,431
AXN.TA,2026-08-31,467.3999938964844,471.3999938964844,451.29998779296875,467.1000061035156,16532
AXN.TA,2026-09-01,475.0,480.0,441.0,446.20001220703125,62082
AXN.TA,2026-09-02,446.20001220703125,464.8999938964844,439.8999938964844,451.8999938964844,39967
AXN.TA,2026-09-03,454.0,456.79998779296875,433.1000061035156,443.29998779296875,42229
AXN.TA,2026-09-04,456.8999938964844,456.8999938964844,433.0,434.20001220703125,18002
AXN.TA,2026-09-07,509.0,610.0,503.0,525.4000244140625,467564
AXN.TA,2026-09-08,550.0,556.5999755859375,514.9000244140625,539.9000244140625,243716
AXN.TA,2026-09-09,539.9000244140625,554.7999877929688,520.0,526.7000122070312,72449
AXN.TA,2026-09-10,526.7000122070312,540.0,496.5,522.5,55343
AXN.TA,2026-09-14,525.0,525.0,502.5,507.8999938964844,20805
AXN.TA,2026-09-15,508.0,508.0,477.6000061035156,479.5,45106
AXN.TA,2026-09-16,499.8999938964844,499.8999938964844,446.0,449.5,45519
AXN.TA,2026-09-17,477.0,522.4000244140625,470.0,500.1000061035156,279581
AXN.TA,2026-09-22,500.1000061035156,526.0,482.1000061035156,507.20001220703125,62213
AXN.TA,2026-09-23,507.20001220703125,513.7000122070312,484.29998779296875,490.3999938964844,20112
AXN.TA,2026-09-24,497.0,497.0,463.1000061035156,470.3999938964844,22652
GAD.TA,2026-07-16,1352.0,1352.0,1287.0,1320.0,222949
GAD.TA,2026-07-17,1320.0,1322.0,1280.0,1320.0,28971
GAD.TA,2026-07-20,1320.0,1333.0,1297.0,1318.0,10024
GAD.TA,2026-07-21,1318.0,1399.0,1318.0,1352.0,6510
GAD.TA,2026-07-22,1352.0,1400.0,1343.0,1369.0,50374
GAD.TA,2026-07-24,1369.0,1366.0,1322.0,1351.0,722
GAD.TA,2026-07-27,1351.0,1367.0,1317.0,1351.0,4786
GAD.TA,2026-07-28,1351.0,1351.0,1338.0,1345.0,2639
GAD.TA,2026-07-29,1345.0,1354.0,1345.0,1353.0,7440
GAD.TA,2026-07-30,1353.0,1353.0,1343.0,1350.0,19159
GAD.TA,2026-07-31,1350.0,1400.0,1350.0,1387.0,4324
GAD.TA,2026-08-03,1387.0,1401.0,1370.0,1385.0,4457
GAD.TA,2026-08-04,1385.0,1390.0,1372.0,1379.0,5698
GAD.TA,2026-08-05,1379.0,1408.0,1379.0,1396.0,8619
GAD.TA,2026-08-06,1396.0,1454.0,1400.0,1454.0,82084
GAD.TA,2026-08-07,1454.0,1446.0,1424.0,1439.0,8821
GAD.TA,2026-08-10,1439.0,1421.0,1366.0,1399.0,14296
GAD.TA,2026-08-11,1399.0,1380.0,1361.0,1368.0,2878
GAD.TA,2026-08-12,1368.0,1368.0,1345.0,1352.0,8999
GAD.TA,2026-08-13,1352.0,1359.0,1336.0,1351.0,2718
GAD.TA,2026-08-14,1351.0,1355.0,1310.0,1347.0,1756
GAD.TA,2026-08-17,1347.0,1355.0,1343.0,1350.0,7188
GAD.TA,2026-08-18,1350.0,1350.0,1339.0,1341.0,9870
GAD.TA,2026-08-19,1341.0,1346.0,1328.0,1340.0,1782
GAD.TA,2026-08-20,1340.0,1340.0,1322.0,1330.0,4758
GAD.TA,2026-08-21,1330.0,1341.0,1325.0,1330.0,2261
GAD.TA,2026-08-24,1330.0,1357.0,1318.0,1333.0,11189
GAD.TA,2026-08-25,1333.0,1338.0,1333.0,1333.0,1186
GAD.TA,2026-08-26,1356.0,1400.0,1356.0,1370.0,195818
GAD.TA,2026-08-27,1371.0,1401.0,1356.0,1392.0,10600
GAD.TA,2026-08-28,1392.0,1450.0,1392.0,1434.0,72168
GAD.TA,2026-08-31,1433.0,1433.0,1392.0,1408.0,29633
GAD.TA,2026-09-01,1408.0,1450.0,1405.0,1428.0,54014
GAD.TA,2026-09-02,1397.0,1500.0,1373.0,1484.0,51631
GAD.TA,2026-09-03,1484.0,1500.0,1460.0,1474.0,20836
GAD.TA,2026-09-04,1474.0,1474.0,1437.0,1472.0,107455
GAD.TA,2026-09-07,1472.0,1499.0,1417.0,1452.0,76297
GAD.TA,2026-09-08,1452.0,1430.0,1390.0,1416.0,10485
GAD.TA,2026-09-09,1416.0,1416.0,1369.0,1399.0,7746
GAD.TA,2026-09-10,1399.0,1399.0,1330.0,1347.0,21404
GAD.TA,2026-09-11,1347.0,1347.0,1347.0,1347.0,0
GAD.TA,2026-09-14,1347.0,1329.0,1306.0,1307.0,14902
GAD.TA,2026-09-15,1307.0,1307.0,1300.0,1301.0,2560
GAD.TA,2026-09-16,1260.0,1300.0,1260.0,1275.0,41145
GAD.TA,2026-09-17,1266.0,1282.0,1239.0,1254.0,41982
GAD.TA,2026-09-18,1254.0,1254.0,1254.0,1254.0,0
GAD.TA,2026-09-21,1254.0,1254.0,1254.0,1254.0,0
GAD.TA,2026-09-22,1254.0,1292.0,1220.0,1275.0,45030
GAD.TA,2026-09-23,1275.0,1288.0,1265.0,1274.0,100210
GAD.TA,2026-09-24,1274.0,1313.0,1271.0,1297.0,9083
POLI.TA,2026-07-16,7302.0,7305.0,7174.0,7199.0,2999476
POLI.TA,2026-07-17,7204.0,7340.0,7190.0,7294.0,3551410
POLI.TA,2026-07-20,7294.0,7311.0,7218.0,7236.0,1904194
POLI.TA,2026-07-21,7281.0,7330.0,7212.0,7330.0,2752439
POLI.TA,2026-07-22,7288.0,7405.0,7227.0,7230.0,2657237
POLI.TA,2026-07-24,7123.0,7310.0,7121.0,7284.0,2915399
POLI.TA,2026-07-27,7348.0,7406.0,7285.0,7342.0,2575075
POLI.TA,2026-07-28,7340.0,7387.0,7242.0,7242.0,2756796
POLI.TA,2026-07-29,7232.0,7291.0,7112.0,7171.0,2747900
POLI.TA,2026-07-30,7189.0,7338.0,7169.0,7319.0,4020689
POLI.TA,2026-07-31,7385.0,7481.0,7319.0,7433.0,2477916
POLI.TA,2026-08-03,7470.0,7568.0,7386.0,7398.0,2880630
POLI.TA,2026-08-04,7418.0,7580.0,7395.0,7580.0,2910500
POLI.TA,2026-08-05,7667.0,7688.0,7494.0,7494.0,3282913
POLI.TA,2026-08-06,7519.0,7599.0,7492.0,7560.0,10735219
POLI.TA,2026-08-07,7560.0,7641.0,7522.0,7612.0,1291839
POLI.TA,2026-08-10,7576.0,7589.0,7421.0,7434.0,3187331
POLI.TA,2026-08-11,7507.0,7632.0,7446.0,7632.0,3388055
POLI.TA,2026-08-12,7670.0,7746.0,7623.0,7674.0,2302156
POLI.TA,2026-08-13,7691.0,7781.0,7675.0,7750.0,2026695
POLI.TA,2026-08-14,7800.0,7814.0,7723.0,7774.0,1288050
POLI.TA,2026-08-17,7741.0,7751.0,7572.0,7572.0,2291919
POLI.TA,2026-08-18,7580.0,7712.0,7485.0,7712.0,2784449
POLI.TA,2026-08-19,7643.0,7698.0,7602.0,7695.0,2574400
POLI.TA,2026-08-20,7661.0,7691.0,7580.0,7593.0,1662214
POLI.TA,2026-08-21,7621.0,7698.0,7615.0,7671.0,1585244
POLI.TA,2026-08-24,7670.0,7686.0,7592.0,7661.0,1451200
POLI.TA,2026-08-25,7661.0,7773.0,7618.0,7720.0,1771638
POLI.TA,2026-08-26,7677.0,7799.0,7677.0,7761.0,1800937
POLI.TA,2026-08-27,7760.0,7803.0,7728.0,7773.0,1115709
POLI.TA,2026-08-28,7698.0,7850.0,7698.0,7761.0,3859888
POLI.TA,2026-08-31,7760.0,7829.0,7705.0,7725.0,3203083
POLI.TA,2026-09-01,7756.0,7839.0,7608.0,7771.0,2991654
POLI.TA,2026-09-02,7773.0,7925.0,7763.0,7889.0,2208720
POLI.TA,2026-09-03,7963.0,7995.0,7898.0,7995.0,1560772
POLI.TA,2026-09-04,7996.0,8023.0,7881.0,7980.0,1289741
POLI.TA,2026-09-07,7980.0,8080.0,7969.0,8053.0,2204967
POLI.TA,2026-09-08,8050.0,8085.0,7973.0,8000.0,1863935
POLI.TA,2026-09-09,7980.0,8093.0,7980.0,8025.0,2491400
POLI.TA,2026-09-10,8066.0,8099.0,7940.0,7989.0,2842504
POLI.TA,2026-09-11,7989.0,7989.0,7989.0,7989.0,0
POLI.TA,2026-09-14,7992.0,8124.0,7990.0,8109.0,2444654
POLI.TA,2026-09-15,8110.0,8140.0,8055.0,8074.0,1399437
POLI.TA,2026-09-16,8060.0,8194.0,8060.0,8147.0,2199128
POLI.TA,2026-09-17,8133.0,8197.0,7981.0,7993.0,4819274
POLI.TA,2026-09-18,7993.0,7993.0,7993.0,7993.0,0
POLI.TA,2026-09-21,7993.0,7993.0,7993.0,7993.0,0
POLI.TA,2026-09-22,8001.0,8011.0,7849.0,7918.0,2276115
POLI.TA,2026-09-23,7925.0,7966.0,7784.0,7885.0,3309936
POLI.TA,2026-09-24,7760.0,7854.0,7760.0,7830.0,3780987
GILT.TA,2026-07-16,3629.0,3629.0,3351.0,3375.0,284429
GILT.TA,2026-07-17,3375.0,3425.0,3300.0,3381.0,151136
GILT.TA,2026-07-20,3381.0,3500.0,3365.0,3405.0,222248
GILT.TA,2026-07-21,3330.0,3431.0,3327.0,3424.0,202659
GILT.TA,2026-07-22,3450.0,3650.0,3450.0,3570.0,268614
GILT.TA,2026-07-24,3447.0,3635.0,3447.0,3616.0,248844
GILT.TA,2026-07-27,3370.0,3439.0,3316.0,3330.0,354070
GILT.TA,2026-07-28,3330.0,3383.0,3232.0,3238.0,161781
GILT.TA,2026-07-29,3238.0,3379.0,3224.0,3226.0,409595
GILT.TA,2026-07-30,3226.0,3375.0,3189.0,3360.0,142500
GILT.TA,2026-07-31,3378.0,3400.0,3310.0,3386.0,142584
GILT.TA,2026-08-03,3386.0,3480.0,3352.0,3450.0,186686
GILT.TA,2026-08-04,3495.0,3614.0,3460.0,3534.0,422375
GILT.TA,2026-08-05,3534.0,3689.0,3376.0,3607.0,637339
GILT.TA,2026-08-06,3535.0,3535.0,3336.0,3441.0,1534879
GILT.TA,2026-08-07,3441.0,3470.0,3407.0,3420.0,108230
GILT.TA,2026-08-10,3409.0,3438.0,3310.0,3353.0,232529
GILT.TA,2026-08-11,3353.0,3353.0,3246.0,3295.0,205721
GILT.TA,2026-08-12,3295.0,3537.0,3295.0,3454.0,343293
GILT.TA,2026-08-13,3462.0,3622.0,3462.0,3586.0,283671
GILT.TA,2026-08-14,3550.0,3550.0,3412.0,3427.0,207237
GILT.TA,2026-08-17,3476.0,3499.0,3310.0,3311.0,333143
GILT.TA,2026-08-18,3311.0,3357.0,3214.0,3245.0,294215
GILT.TA,2026-08-19,3248.0,3295.0,3148.0,3184.0,187631
GILT.TA,2026-08-20,3199.0,3265.0,3181.0,3189.0,236595
GILT.TA,2026-08-21,3189.0,3190.0,3104.0,3104.0,138383
GILT.TA,2026-08-24,3161.0,3161.0,3004.0,3004.0,262132
GILT.TA,2026-08-25,3004.0,3043.0,2946.0,2950.0,166293
GILT.TA,2026-08-26,2961.0,3067.0,2961.0,3020.0,298336
GILT.TA,2026-08-27,3056.0,3153.0,3040.0,3092.0,200415
GILT.TA,2026-08-28,3030.0,3128.0,3030.0,3110.0,118516
GILT.TA,2026-08-31,3069.0,3115.0,2904.0,2904.0,457391
GILT.TA,2026-09-01,2910.0,3131.0,2910.0,3095.0,387883
GILT.TA,2026-09-02,3084.0,3092.0,3009.0,3059.0,224778
GILT.TA,2026-09-03,3059.0,3159.0,3059.0,3095.0,208094
GILT.TA,2026-09-04,3095.0,3141.0,3049.0,3096.0,107604
GILT.TA,2026-09-07,3053.0,3087.0,3015.0,3069.0,181351
GILT.TA,2026-09-08,3060.0,3060.0,2910.0,2980.0,271513
GILT.TA,2026-09-09,2923.0,3143.0,2923.0,3019.0,378579
GILT.TA,2026-09-10,2963.0,2983.0,2855.0,2929.0,373726
GILT.TA,2026-09-11,2929.0,2929.0,2929.0,2929.0,0
GILT.TA,2026-09-14,2950.0,3029.0,2947.0,2967.0,164460
GILT.TA,2026-09-15,2967.0,2977.0,2897.0,2911.0,122323
GILT.TA,2026-09-16,2911.0,2985.0,2911.0,2944.0,187372
GILT.TA,2026-09-17,2944.0,3176.0,2944.0,3075.0,344669
GILT.TA,2026-09-18,3075.0,3075.0,3075.0,3075.0,0
GILT.TA,2026-09-21,3075.0,3075.0,3075.0,3075.0,0
GILT.TA,2026-09-22,3050.0,3050.0,2969.0,2969.0,171009
GILT.TA,2026-09-23,2981.0,3101.0,2981.0,3082.0,178084
GILT.TA,2026-09-24,3042.0,3066.0,2940.0,2984.0,252115
JEEN.TA,2026-07-16,437.20001220703125,454.70001220703125,414.0,417.79998779296875,346926
JEEN.TA,2026-07-17,411.5,433.8999938964844,407.0,424.5,174474
JEEN.TA,2026-07-20,424.5,451.70001220703125,419.0,446.8999938964844,345509
JEEN.TA,2026-07-21,459.0,476.6000061035156,450.5,460.29998779296875,402136
JEEN.TA,2026-07-22,461.0,461.0,431.0,435.1000061035156,262571
JEEN.TA,2026-07-24,443.8999938964844,458.0,429.8999938964844,440.0,183168
JEEN.TA,2026-07-27,443.1000061035156,445.0,425.20001220703125,428.70001220703125,89546
JEEN.TA,2026-07-28,439.8999938964844,441.8999938964844,418.20001220703125,426.29998779296875,233690
JEEN.TA,2026-07-29,426.29998779296875,436.0,415.0,416.20001220703125,147173
JEEN.TA,2026-07-30,425.0,425.0,390.0,398.8999938964844,369699
JEEN.TA,2026-07-31,414.0,422.79998779296875,407.0,413.79998779296875,332574
JEEN.TA,2026-08-03,410.0,419.8999938964844,403.20001220703125,408.3999938964844,154217
JEEN.TA,2026-08-04,414.0,414.0,404.0,409.0,84734
JEEN.TA,2026-08-05,409.0,420.8999938964844,400.0,404.6000061035156,131129
JEEN.TA,2026-08-06,430.0,439.0,425.8999938964844,434.0,529172
JEEN.TA,2026-08-07,434.0,453.5,428.0,450.70001220703125,167194
JEEN.TA,2026-08-10,460.0,483.0,431.5,435.8999938964844,419893
JEEN.TA,2026-08-11,435.8999938964844,447.6000061035156,431.20001220703125,442.79998779296875,195027
JEEN.TA,2026-08-12,442.79998779296875,462.6000061035156,440.0,445.8999938964844,107503
JEEN.TA,2026-08-13,449.8999938964844,457.0,425.20001220703125,429.79998779296875,127380
JEEN.TA,2026-08-14,429.8999938964844,430.0,414.20001220703125,418.6000061035156,106432
JEEN.TA,2026-08-17,434.0,434.0,400.1000061035156,402.6000061035156,204140
JEEN.TA,2026-08-18,409.8999938964844,409.8999938964844,370.0,395.8999938964844,313665
JEEN.TA,2026-08-19,395.8999938964844,405.79998779296875,386.6000061035156,389.70001220703125,58081
JEEN.TA,2026-08-20,389.70001220703125,389.70001220703125,355.0,366.3999938964844,207837
JEEN.TA,2026-08-21,364.0,392.8999938964844,363.3999938964844,385.6000061035156,121264
JEEN.TA,2026-08-24,385.6000061035156,398.5,370.1000061035156,375.29998779296875,83906
JEEN.TA,2026-08-25,375.29998779296875,380.79998779296875,369.6000061035156,371.8999938964844,55505
JEEN.TA,2026-08-26,401.0,424.8999938964844,396.5,421.20001220703125,548974
JEEN.TA,2026-08-27,421.20001220703125,433.0,405.5,416.70001220703125,152164
JEEN.TA,2026-08-28,425.0,432.8999938964844,412.5,428.8999938964844,96262
JEEN.TA,2026-08-31,444.0,471.3999938964844,405.1000061035156,408.1000061035156,740974
JEEN.TA,2026-09-01,418.0,428.5,397.0,422.1000061035156,251333
JEEN.TA,2026-09-02,422.1000061035156,443.0,415.5,435.8999938964844,116728
JEEN.TA,2026-09-03,448.8999938964844,473.0,440.0,470.6000061035156,436570
JEEN.TA,2026-09-04,470.6000061035156,490.0,471.8999938964844,478.3999938964844,299644
JEEN.TA,2026-09-07,492.6000061035156,510.0,485.0,498.8999938964844,676815
JEEN.TA,2026-09-08,499.6000061035156,508.8999938964844,484.8999938964844,495.70001220703125,200943
JEEN.TA,2026-09-09,495.70001220703125,527.0999755859375,496.1000061035156,520.0,532337
JEEN.TA,2026-09-10,520.0,524.5999755859375,495.0,496.1000061035156,295492
JEEN.TA,2026-09-11,496.1000061035156,496.1000061035156,496.1000061035156,496.1000061035156,0
JEEN.TA,2026-09-14,503.0,578.0,478.0,572.2000122070312,1368254
JEEN.TA,2026-09-15,572.2000122070312,592.5,551.5,578.9000244140625,485968
JEEN.TA,2026-09-16,578.9000244140625,635.0,565.0,625.2999877929688,1024821
JEEN.TA,2026-09-17,615.0,619.0999755859375,575.0,582.5999755859375,971747
JEEN.TA,2026-09-18,582.5999755859375,582.5999755859375,582.5999755859375,582.5999755859375,0
JEEN.TA,2026-09-21,582.5999755859375,582.5999755859375,582.5999755859375,582.5999755859375,0
JEEN.TA,2026-09-22,593.0,605.9000244140625,565.2000122070312,581.9000244140625,870827
JEEN.TA,2026-09-23,590.0,615.0,572.0,598.5999755859375,476628
JEEN.TA,2026-09-24,610.0,610.0,563.0,566.5999755859375,410654
KRUR.TA,2026-07-16,8495.0,8561.0,8381.0,8490.0,2857
KRUR.TA,2026-07-17,8380.0,8380.0,8115.0,8225.0,1548
KRUR.TA,2026-07-20,8225.0,8360.0,8157.0,8352.0,8161
KRUR.TA,2026-07-21,8352.0,8346.0,8202.0,8273.0,1070
KRUR.TA,2026-07-22,8273.0,8381.0,8289.0,8320.0,14512
KRUR.TA,2026-07-24,8346.0,8346.0,8144.0,8202.0,10823
KRUR.TA,2026-07-27,8202.0,8306.0,8104.0,8250.0,21929
KRUR.TA,2026-07-28,8299.0,8321.0,8204.0,8236.0,2120
KRUR.TA,2026-07-29,8236.0,8282.0,8042.0,8184.0,3475
KRUR.TA,2026-07-30,8184.0,8191.0,8089.0,8186.0,4331
KRUR.TA,2026-07-31,8186.0,8255.0,8100.0,8115.0,1120
KRUR.TA,2026-08-03,8115.0,8200.0,8089.0,8187.0,1858
KRUR.TA,2026-08-04,8187.0,8291.0,8084.0,8233.0,5535
KRUR.TA,2026-08-05,8233.0,8300.0,8124.0,8195.0,3587
KRUR.TA,2026-08-06,8195.0,8300.0,8122.0,8290.0,16166
KRUR.TA,2026-08-07,8290.0,8369.0,8192.0,8279.0,902
KRUR.TA,2026-08-10,8279.0,8279.0,8051.0,8059.0,251
KRUR.TA,2026-08-11,8059.0,8110.0,8050.0,8068.0,491
KRUR.TA,2026-08-12,8068.0,8177.0,8050.0,8105.0,964
KRUR.TA,2026-08-13,8105.0,8138.0,8105.0,8114.0,220
KRUR.TA,2026-08-14,8114.0,8153.0,8113.0,8129.0,133
KRUR.TA,2026-08-17,8129.0,8129.0,8113.0,8117.0,521
KRUR.TA,2026-08-18,8117.0,8117.0,8050.0,8076.0,273
KRUR.TA,2026-08-19,8076.0,8157.0,8076.0,8110.0,818
KRUR.TA,2026-08-20,8110.0,8174.0,8110.0,8130.0,104
KRUR.TA,2026-08-21,8130.0,8156.0,8050.0,8086.0,434
KRUR.TA,2026-08-24,8086.0,8070.0,8015.0,8038.0,551
KRUR.TA,2026-08-25,8038.0,8108.0,8014.0,8072.0,818
KRUR.TA,2026-08-26,8072.0,8245.0,8071.0,8091.0,472
KRUR.TA,2026-08-27,8091.0,8250.0,8004.0,8068.0,841
KRUR.TA,2026-08-28,8068.0,8148.0,8068.0,8140.0,83
KRUR.TA,2026-08-31,8140.0,8062.0,7951.0,7999.0,6740
KRUR.TA,2026-09-01,7999.0,8158.0,7999.0,8033.0,652
KRUR.TA,2026-09-02,8033.0,8231.0,8112.0,8154.0,436
KRUR.TA,2026-09-03,8112.0,8238.0,8112.0,8218.0,1202
KRUR.TA,2026-09-04,8238.0,8319.0,8218.0,8258.0,2994
KRUR.TA,2026-09-07,8258.0,8318.0,8078.0,8181.0,1897
KRUR.TA,2026-09-08,8181.0,8260.0,8180.0,8252.0,266
KRUR.TA,2026-09-09,8252.0,8288.0,8023.0,8066.0,1172
KRUR.TA,2026-09-10,8066.0,8105.0,7950.0,8018.0,714
KRUR.TA,2026-09-11,8018.0,8018.0,8018.0,8018.0,0
KRUR.TA,2026-09-14,8018.0,8040.0,8000.0,8007.0,532
KRUR.TA,2026-09-15,7995.0,8286.0,7950.0,7988.0,1809
KRUR.TA,2026-09-16,7988.0,8144.0,7950.0,7984.0,2328
KRUR.TA,2026-09-17,7984.0,8099.0,7942.0,7999.0,3389
KRUR.TA,2026-09-18,7999.0,7999.0,7999.0,7999.0,0
KRUR.TA,2026-09-21,7999.0,7999.0,7999.0,7999.0,0
KRUR.TA,2026-09-22,7999.0,8056.0,7990.0,8002.0,798
KRUR.TA,2026-09-23,8002.0,8198.0,8002.0,8119.0,6973
KRUR.TA,2026-09-24,7996.0,8095.0,7996.0,8054.0,993
GOLD.TA,2026-07-16,23740.0,23740.0,23740.0,23740.0,8
GOLD.TA,2026-07-17,23740.0,23740.0,23740.0,23740.0,2
GOLD.TA,2026-07-20,23740.0,23740.0,23740.0,23740.0,23
GOLD.TA,2026-07-21,23740.0,23550.0,23000.0,23020.0,451
GOLD.TA,2026-07-22,23020.0,24250.0,23060.0,23400.0,107
GOLD.TA,2026-07-24,23400.0,23000.0,22990.0,23000.0,86
GOLD.TA,2026-07-27,23000.0,23000.0,23000.0,23000.0,28
GOLD.TA,2026-07-28,23000.0,22550.0,22480.0,22540.0,37
GOLD.TA,2026-07-29,22540.0,22500.0,21750.0,22300.0,197
GOLD.TA,2026-07-30,22300.0,22560.0,22330.0,22410.0,9
GOLD.TA,2026-07-31,22410.0,22890.0,22350.0,22720.0,8
GOLD.TA,2026-08-03,22720.0,22880.0,22470.0,22790.0,19
GOLD.TA,2026-08-04,22790.0,22790.0,22790.0,22790.0,13
GOLD.TA,2026-08-05,22790.0,22480.0,21710.0,22220.0,404
GOLD.TA,2026-08-06,22220.0,20600.0,20600.0,20600.0,4381
GOLD.TA,2026-08-07,20600.0,20830.0,20600.0,20690.0,111
GOLD.TA,2026-08-10,20690.0,20400.0,20100.0,20260.0,79
GOLD.TA,2026-08-11,20260.0,20270.0,19400.0,19660.0,184
GOLD.TA,2026-08-12,19660.0,20300.0,19660.0,19810.0,1065
GOLD.TA,2026-08-13,19810.0,19810.0,18930.0,19330.0,2251
GOLD.TA,2026-08-14,19330.0,19320.0,18970.0,19240.0,31
GOLD.TA,2026-08-17,19240.0,19670.0,19000.0,19260.0,2734
GOLD.TA,2026-08-18,19260.0,19680.0,18860.0,19070.0,141
GOLD.TA,2026-08-19,19070.0,20000.0,18600.0,18750.0,1076
GOLD.TA,2026-08-20,18750.0,18650.0,18650.0,18740.0,1
GOLD.TA,2026-08-21,18740.0,18900.0,18580.0,18640.0,2456
GOLD.TA,2026-08-24,18640.0,18640.0,17700.0,18280.0,2280
GOLD.TA,2026-08-25,18280.0,19320.0,18270.0,18790.0,11162
GOLD.TA,2026-08-26,18790.0,19000.0,18450.0,18690.0,2023
GOLD.TA,2026-08-27,18690.0,19000.0,18380.0,18770.0,1038
GOLD.TA,2026-08-28,18770.0,19340.0,19000.0,19220.0,29
GOLD.TA,2026-08-31,19220.0,20000.0,18850.0,19280.0,4751
GOLD.TA,2026-09-01,19280.0,21000.0,19280.0,19420.0,471
GOLD.TA,2026-09-02,19420.0,20110.0,19420.0,19600.0,181
GOLD.TA,2026-09-03,19600.0,20490.0,19320.0,19630.0,141
GOLD.TA,2026-09-04,19630.0,20000.0,19700.0,19730.0,27
GOLD.TA,2026-09-07,19730.0,19790.0,19730.0,19740.0,60
GOLD.TA,2026-09-08,19740.0,19790.0,19790.0,19760.0,3
GOLD.TA,2026-09-09,19760.0,19600.0,19600.0,19740.0,1
GOLD.TA,2026-09-10,19740.0,19790.0,19450.0,19790.0,156
GOLD.TA,2026-09-11,19790.0,19790.0,19790.0,19790.0,0
GOLD.TA,2026-09-14,19790.0,19790.0,19790.0,19790.0,0
GOLD.TA,2026-09-15,19790.0,19600.0,18590.0,19500.0,55
GOLD.TA,2026-09-16,19500.0,19780.0,19450.0,19460.0,116
GOLD.TA,2026-09-17,19460.0,19780.0,19780.0,19680.0,7
GOLD.TA,2026-09-18,19680.0,19680.0,19680.0,19680.0,0
GOLD.TA,2026-09-21,19680.0,19680.0,19680.0,19680.0,0
GOLD.TA,2026-09-22,19680.0,19680.0,19680.0,19680.0,2
GOLD.TA,2026-09-23,19680.0,19350.0,19130.0,19220.0,101
GOLD.TA,2026-09-24,19220.0,19200.0,18810.0,19030.0,57
DLEA.TA,2026-07-16,1687.0,1697.0,1649.0,1674.0,111047
DLEA.TA,2026-07-17,1674.0,1674.0,1633.0,1665.0,61490
DLEA.TA,2026-07-20,1660.0,1695.0,1647.0,1680.0,73197
DLEA.TA,2026-07-21,1668.0,1712.0,1667.0,1699.0,111517
DLEA.TA,2026-07-22,1699.0,1732.0,1679.0,1715.0,66426
DLEA.TA,2026-07-24,1715.0,1727.0,1684.0,1721.0,65780
DLEA.TA,2026-07-27,1738.0,1758.0,1669.0,1675.0,74158
DLEA.TA,2026-07-28,1689.0,1741.0,1660.0,1720.0,75214
DLEA.TA,2026-07-29,1691.0,1733.0,1691.0,1724.0,84788
DLEA.TA,2026-07-30,1724.0,1738.0,1661.0,1671.0,177139
DLEA.TA,2026-07-31,1671.0,1694.0,1657.0,1694.0,51951
DLEA.TA,2026-08-03,1694.0,1705.0,1640.0,1643.0,135236
DLEA.TA,2026-08-04,1644.0,1659.0,1580.0,1585.0,196180
DLEA.TA,2026-08-05,1585.0,1605.0,1496.0,1552.0,276233
DLEA.TA,2026-08-06,1552.0,1568.0,1509.0,1509.0,949995
DLEA.TA,2026-08-07,1509.0,1539.0,1501.0,1528.0,80400
DLEA.TA,2026-08-10,1528.0,1549.0,1510.0,1510.0,826564
DLEA.TA,2026-08-11,1513.0,1528.0,1467.0,1492.0,286215
DLEA.TA,2026-08-12,1492.0,1498.0,1445.0,1465.0,159004
DLEA.TA,2026-08-13,1451.0,1471.0,1428.0,1450.0,279759
DLEA.TA,2026-08-14,1450.0,1458.0,1430.0,1449.0,35389
DLEA.TA,2026-08-17,1421.0,1508.0,1421.0,1461.0,320441
DLEA.TA,2026-08-18,1461.0,1501.0,1461.0,1465.0,135845
DLEA.TA,2026-08-19,1465.0,1500.0,1444.0,1445.0,138538
DLEA.TA,2026-08-20,1467.0,1467.0,1410.0,1417.0,103762
DLEA.TA,2026-08-21,1410.0,1430.0,1395.0,1417.0,142348
DLEA.TA,2026-08-24,1450.0,1474.0,1379.0,1416.0,403084
DLEA.TA,2026-08-25,1416.0,1471.0,1405.0,1450.0,328900
DLEA.TA,2026-08-26,1450.0,1598.0,1422.0,1598.0,296776
DLEA.TA,2026-08-27,1777.0,1981.0,1769.0,1885.0,1101245
DLEA.TA,2026-08-28,1885.0,1885.0,1765.0,1860.0,213717
DLEA.TA,2026-08-31,1824.0,1964.0,1824.0,1950.0,2021363
DLEA.TA,2026-09-01,1912.0,1987.0,1889.0,1935.0,180802
DLEA.TA,2026-09-02,1935.0,1947.0,1902.0,1907.0,88113
DLEA.TA,2026-09-03,1900.0,2019.0,1900.0,2005.0,161755
DLEA.TA,2026-09-04,2005.0,2152.0,1987.0,2077.0,144747
DLEA.TA,2026-09-07,2077.0,2078.0,1942.0,1947.0,156069
DLEA.TA,2026-09-08,1947.0,1951.0,1889.0,1892.0,98153
DLEA.TA,2026-09-09,1892.0,1929.0,1892.0,1900.0,100183
DLEA.TA,2026-09-10,1900.0,1915.0,1818.0,1833.0,59240
DLEA.TA,2026-09-11,1833.0,1833.0,1833.0,1833.0,0
DLEA.TA,2026-09-14,1833.0,1833.0,1756.0,1778.0,126224
DLEA.TA,2026-09-15,1778.0,1780.0,1730.0,1731.0,101652
DLEA.TA,2026-09-16,1731.0,1786.0,1731.0,1757.0,86995
DLEA.TA,2026-09-17,1757.0,1770.0,1730.0,1754.0,143100
DLEA.TA,2026-09-18,1754.0,1754.0,1754.0,1754.0,0
DLEA.TA,2026-09-21,1754.0,1754.0,1754.0,1754.0,0
DLEA.TA,2026-09-22,1770.0,1798.0,1723.0,1755.0,129074
DLEA.TA,2026-09-23,1762.0,1796.0,1738.0,1776.0,50022
DLEA.TA,2026-09-24,1726.0,1775.0,1705.0,1762.0,133139
UNIT.TA,2026-07-16,2108.0,2123.0,2104.0,2118.0,668
UNIT.TA,2026-07-17,2118.0,2136.0,2048.0,2088.0,1363
UNIT.TA,2026-07-20,2088.0,2114.0,2037.0,2069.0,3592
UNIT.TA,2026-07-21,2075.0,2093.0,2040.0,2056.0,2412
UNIT.TA,2026-07-22,2056.0,2074.0,2026.0,2035.0,9053
UNIT.TA,2026-07-24,2035.0,2100.0,2030.0,2059.0,398
UNIT.TA,2026-07-27,2059.0,2072.0,2000.0,2034.0,2882
UNIT.TA,2026-07-28,2034.0,2085.0,2034.0,2046.0,1898
UNIT.TA,2026-07-29,2046.0,2070.0,2018.0,2053.0,11233
UNIT.TA,2026-07-30,2070.0,2099.0,2030.0,2077.0,7200
UNIT.TA,2026-07-31,2077.0,2134.0,2091.0,2118.0,14199
UNIT.TA,2026-08-03,2118.0,2140.0,2100.0,2119.0,7563
UNIT.TA,2026-08-04,2119.0,2100.0,2077.0,2088.0,1363
UNIT.TA,2026-08-05,2088.0,2104.0,2016.0,2043.0,3708
UNIT.TA,2026-08-06,2000.0,2020.0,1991.0,2000.0,6194
UNIT.TA,2026-08-07,2000.0,2048.0,2000.0,2023.0,997
UNIT.TA,2026-08-10,2023.0,2089.0,2042.0,2056.0,6397
UNIT.TA,2026-08-11,2056.0,2056.0,2000.0,2029.0,12551
UNIT.TA,2026-08-12,2029.0,2075.0,2011.0,2029.0,11123
UNIT.TA,2026-08-13,2029.0,2049.0,2019.0,2027.0,706
UNIT.TA,2026-08-14,2027.0,2093.0,2027.0,2067.0,2509
UNIT.TA,2026-08-17,2067.0,2070.0,2036.0,2043.0,6532
UNIT.TA,2026-08-18,2000.0,2087.0,2000.0,2068.0,2744
UNIT.TA,2026-08-19,2068.0,2086.0,2068.0,2086.0,1174
UNIT.TA,2026-08-20,2086.0,2064.0,2003.0,2041.0,3432
UNIT.TA,2026-08-21,2041.0,2059.0,2032.0,2048.0,993
UNIT.TA,2026-08-24,2048.0,2090.0,2047.0,2055.0,8456
UNIT.TA,2026-08-25,2055.0,2100.0,2013.0,2017.0,23715
UNIT.TA,2026-08-26,2017.0,2043.0,1937.0,2025.0,13581
UNIT.TA,2026-08-27,2121.0,2121.0,1979.0,2048.0,17013
UNIT.TA,2026-08-28,2124.0,2124.0,2033.0,2048.0,4576
UNIT.TA,2026-08-31,2125.0,2125.0,2039.0,2061.0,1881
UNIT.TA,2026-09-01,2061.0,2105.0,2039.0,2071.0,5074
UNIT.TA,2026-09-02,2124.0,2124.0,2087.0,2088.0,310
UNIT.TA,2026-09-03,2088.0,2088.0,2026.0,2067.0,2604
UNIT.TA,2026-09-04,2067.0,2089.0,2010.0,2028.0,1297
UNIT.TA,2026-09-07,2028.0,2098.0,1970.0,2024.0,3621
UNIT.TA,2026-09-08,2024.0,2086.0,2000.0,2001.0,5170
UNIT.TA,2026-09-09,2001.0,2060.0,2011.0,2020.0,1531
UNIT.TA,2026-09-10,2020.0,2008.0,1970.0,1996.0,784
UNIT.TA,2026-09-11,1996.0,1996.0,1996.0,1996.0,0
UNIT.TA,2026-09-14,1996.0,2011.0,1970.0,1992.0,700
UNIT.TA,2026-09-15,1992.0,1998.0,1955.0,1985.0,46
UNIT.TA,2026-09-16,1985.0,2033.0,1991.0,1993.0,3151
UNIT.TA,2026-09-17,1993.0,2015.0,1972.0,1996.0,1615
UNIT.TA,2026-09-18,1996.0,1996.0,1996.0,1996.0,0
UNIT.TA,2026-09-21,1996.0,1996.0,1996.0,1996.0,0
UNIT.TA,2026-09-22,1996.0,2015.0,1955.0,1970.0,2857
UNIT.TA,2026-09-23,1978.0,1992.0,1962.0,1985.0,2858
UNIT.TA,2026-09-24,1985.0,2007.0,1963.0,1992.0,1546
CMER.TA,2026-07-16,5249.0,5275.0,5150.0,5239.0,8853
CMER.TA,2026-07-17,5239.0,5268.0,5164.0,5246.0,3255
CMER.TA,2026-07-20,5246.0,5301.0,5193.0,5248.0,3799
CMER.TA,2026-07-21,5248.0,5317.0,5210.0,5245.0,4007
CMER.TA,2026-07-22,5245.0,5270.0,5096.0,5245.0,7372
CMER.TA,2026-07-24,5245.0,5344.0,5180.0,5279.0,9117
CMER.TA,2026-07-27,5279.0,5297.0,5214.0,5242.0,3399
CMER.TA,2026-07-28,5242.0,5242.0,5085.0,5109.0,11260
CMER.TA,2026-07-29,5109.0,5177.0,5037.0,5119.0,8804
CMER.TA,2026-07-30,5119.0,5308.0,5006.0,5218.0,7636
CMER.TA,2026-07-31,5218.0,5318.0,5218.0,5280.0,10554
CMER.TA,2026-08-03,5280.0,5394.0,5218.0,5267.0,9322
CMER.TA,2026-08-04,5267.0,5309.0,5186.0,5224.0,6932
CMER.TA,2026-08-05,5224.0,5285.0,5111.0,5156.0,6159
CMER.TA,2026-08-06,5141.0,5240.0,5110.0,5240.0,73388
CMER.TA,2026-08-07,5101.0,5203.0,5101.0,5124.0,3226
CMER.TA,2026-08-10,5124.0,5196.0,5003.0,5008.0,16203
CMER.TA,2026-08-11,5008.0,5008.0,4760.0,4860.0,16250
CMER.TA,2026-08-12,4860.0,4949.0,4601.0,4791.0,21157
CMER.TA,2026-08-13,4791.0,5050.0,4791.0,4904.0,14505
CMER.TA,2026-08-14,4904.0,4945.0,4843.0,4882.0,2072
CMER.TA,2026-08-17,4882.0,4949.0,4712.0,4746.0,12077
CMER.TA,2026-08-18,4746.0,4828.0,4691.0,4783.0,8575
CMER.TA,2026-08-19,4783.0,4814.0,4765.0,4773.0,2365
CMER.TA,2026-08-20,4869.0,5042.0,4869.0,5002.0,15284
CMER.TA,2026-08-21,5002.0,5049.0,4930.0,4973.0,5458
CMER.TA,2026-08-24,5050.0,5050.0,4951.0,4990.0,30891
CMER.TA,2026-08-25,5050.0,5050.0,4926.0,4928.0,7040
CMER.TA,2026-08-26,4928.0,5143.0,4893.0,5042.0,32359
CMER.TA,2026-08-27,4967.0,5045.0,4896.0,4986.0,20448
CMER.TA,2026-08-28,4986.0,4992.0,4927.0,4980.0,6905
CMER.TA,2026-08-31,4980.0,5016.0,4916.0,5016.0,10707
CMER.TA,2026-09-01,5016.0,5136.0,4990.0,5060.0,32006
CMER.TA,2026-09-02,5060.0,5111.0,5015.0,5072.0,15075
CMER.TA,2026-09-03,5130.0,5130.0,4941.0,4946.0,10439
CMER.TA,2026-09-04,4946.0,5053.0,4953.0,4973.0,12038
CMER.TA,2026-09-07,5000.0,5229.0,5000.0,5136.0,46400
CMER.TA,2026-09-08,5136.0,5266.0,5109.0,5151.0,12993
CMER.TA,2026-09-09,5151.0,5199.0,5052.0,5066.0,23057
CMER.TA,2026-09-10,5066.0,5080.0,4958.0,5051.0,24844
CMER.TA,2026-09-11,5051.0,5051.0,5051.0,5051.0,0
CMER.TA,2026-09-14,5050.0,5138.0,4950.0,5098.0,19350
CMER.TA,2026-09-15,5098.0,5124.0,5019.0,5050.0,8421
CMER.TA,2026-09-16,5050.0,5158.0,5030.0,5050.0,6518
CMER.TA,2026-09-17,5050.0,5168.0,5050.0,5050.0,25534
CMER.TA,2026-09-18,5050.0,5050.0,5050.0,5050.0,0
CMER.TA,2026-09-21,5050.0,5050.0,5050.0,5050.0,0
CMER.TA,2026-09-22,5050.0,5255.0,5050.0,5140.0,21229
CMER.TA,2026-09-23,5150.0,5200.0,5090.0,5166.0,17997
CMER.TA,2026-09-24,5166.0,5270.0,5020.0,5177.0,25081
ARAN.TA,2026-07-16,4088.0,4277.0,4091.0,4176.0,673
ARAN.TA,2026-07-17,4176.0,4350.0,4190.0,4315.0,3181
ARAN.TA,2026-07-20,4315.0,4399.0,4270.0,4360.0,3890
ARAN.TA,2026-07-21,4360.0,4360.0,4348.0,4349.0,1103
ARAN.TA,2026-07-22,4400.0,4600.0,4400.0,4557.0,11964
ARAN.TA,2026-07-24,4600.0,4603.0,4516.0,4556.0,5724
ARAN.TA,2026-07-27,4560.0,4587.0,4560.0,4568.0,190
ARAN.TA,2026-07-28,4568.0,4380.0,4380.0,4560.0,2
ARAN.TA,2026-07-29,4560.0,4574.0,4568.0,4570.0,48
ARAN.TA,2026-07-30,4570.0,4524.0,4450.0,4499.0,2270
ARAN.TA,2026-07-31,4567.0,4567.0,4499.0,4547.0,171
ARAN.TA,2026-08-03,4567.0,4590.0,4481.0,4568.0,3540
ARAN.TA,2026-08-04,4660.0,4800.0,4417.0,4572.0,7143
ARAN.TA,2026-08-05,4790.0,4790.0,4457.0,4570.0,1450
ARAN.TA,2026-08-06,4570.0,4654.0,4451.0,4605.0,581
ARAN.TA,2026-08-07,4605.0,4605.0,4550.0,4572.0,853
ARAN.TA,2026-08-10,4750.0,4750.0,4460.0,4612.0,3450
ARAN.TA,2026-08-11,4612.0,4599.0,4500.0,4502.0,1364
ARAN.TA,2026-08-12,4778.0,4778.0,4482.0,4482.0,1506
ARAN.TA,2026-08-13,4482.0,4599.0,4409.0,4453.0,2586
ARAN.TA,2026-08-14,4453.0,4594.0,4500.0,4573.0,3241
ARAN.TA,2026-08-17,4940.0,4940.0,4612.0,4741.0,5209
ARAN.TA,2026-08-18,4906.0,5266.0,4905.0,5124.0,33493
ARAN.TA,2026-08-19,5180.0,5300.0,5029.0,5052.0,14667
ARAN.TA,2026-08-20,5052.0,5067.0,4300.0,4420.0,12009
ARAN.TA,2026-08-21,4420.0,4430.0,4170.0,4343.0,3997
ARAN.TA,2026-08-24,4525.0,4561.0,4139.0,4166.0,4790
ARAN.TA,2026-08-25,4166.0,4170.0,3855.0,3875.0,7740
ARAN.TA,2026-08-26,3875.0,3900.0,3750.0,3784.0,3083
ARAN.TA,2026-08-27,3784.0,4102.0,3782.0,3931.0,6743
ARAN.TA,2026-08-28,3931.0,3981.0,3950.0,3978.0,133
ARAN.TA,2026-08-31,3978.0,4199.0,3978.0,4116.0,9915
ARAN.TA,2026-09-01,4116.0,4214.0,4099.0,4185.0,67096
ARAN.TA,2026-09-02,4185.0,4587.0,4280.0,4434.0,5454
ARAN.TA,2026-09-03,4434.0,4700.0,4559.0,4664.0,1477
ARAN.TA,2026-09-04,4664.0,4664.0,4500.0,4618.0,2268
ARAN.TA,2026-09-07,4618.0,4600.0,4480.0,4534.0,3149
ARAN.TA,2026-09-08,4534.0,4617.0,4346.0,4550.0,10291
ARAN.TA,2026-09-09,4550.0,4773.0,4550.0,4626.0,18583
ARAN.TA,2026-09-10,4626.0,4745.0,4613.0,4625.0,3244
ARAN.TA,2026-09-11,4625.0,4625.0,4625.0,4625.0,0
ARAN.TA,2026-09-14,4625.0,4700.0,4633.0,4667.0,532
ARAN.TA,2026-09-15,4600.0,4759.0,4600.0,4688.0,2861
ARAN.TA,2026-09-16,4688.0,4747.0,4630.0,4700.0,894
ARAN.TA,2026-09-17,4760.0,4932.0,4760.0,4800.0,22701
ARAN.TA,2026-09-18,4800.0,4800.0,4800.0,4800.0,0
ARAN.TA,2026-09-21,4800.0,4800.0,4800.0,4800.0,0
ARAN.TA,2026-09-22,4800.0,4996.0,4620.0,4840.0,2696
ARAN.TA,2026-09-23,4840.0,4998.0,4715.0,4826.0,5071
ARAN.TA,2026-09-24,4826.0,4902.0,4500.0,4884.0,7441
ANLT.TA,2026-07-16,15000.0,15250.0,14640.0,14730.0,10805
ANLT.TA,2026-07-17,14750.0,14910.0,14410.0,14710.0,8861
ANLT.TA,2026-07-20,14710.0,14980.0,14530.0,14710.0,4676
ANLT.TA,2026-07-21,14750.0,14780.0,14490.0,14650.0,33538
ANLT.TA,2026-07-22,14650.0,14660.0,14300.0,14540.0,33035
ANLT.TA,2026-07-24,14540.0,14830.0,14320.0,14650.0,16605
ANLT.TA,2026-07-27,14650.0,14970.0,14350.0,14350.0,10164
ANLT.TA,2026-07-28,14450.0,14470.0,13860.0,14010.0,100974
ANLT.TA,2026-07-29,14050.0,14450.0,13920.0,14030.0,29458
ANLT.TA,2026-07-30,14030.0,14450.0,13850.0,14380.0,11449
ANLT.TA,2026-07-31,14030.0,14800.0,14030.0,14400.0,9476
ANLT.TA,2026-08-03,14500.0,14660.0,14270.0,14330.0,8032
ANLT.TA,2026-08-04,14440.0,14540.0,14150.0,14260.0,3802
ANLT.TA,2026-08-05,14260.0,14380.0,13940.0,14060.0,14495
ANLT.TA,2026-08-06,14060.0,14060.0,13750.0,13890.0,40589
ANLT.TA,2026-08-07,13890.0,14100.0,13890.0,13950.0,7132
ANLT.TA,2026-08-10,13950.0,14290.0,13690.0,13790.0,9733
ANLT.TA,2026-08-11,13790.0,13860.0,13390.0,13620.0,8965
ANLT.TA,2026-08-12,13620.0,13910.0,13510.0,13610.0,39925
ANLT.TA,2026-08-13,13610.0,13780.0,13540.0,13720.0,20010
ANLT.TA,2026-08-14,14000.0,14000.0,13680.0,13720.0,18061
ANLT.TA,2026-08-17,13720.0,13980.0,13440.0,13620.0,17137
ANLT.TA,2026-08-18,13520.0,13820.0,13270.0,13670.0,24735
ANLT.TA,2026-08-19,13670.0,13800.0,13370.0,13700.0,20136
ANLT.TA,2026-08-20,13860.0,14000.0,12800.0,13500.0,73763
ANLT.TA,2026-08-21,13690.0,13690.0,13420.0,13520.0,12762
ANLT.TA,2026-08-24,13520.0,14010.0,12850.0,13640.0,34201
ANLT.TA,2026-08-25,13750.0,13880.0,13420.0,13700.0,11799
ANLT.TA,2026-08-26,13700.0,13840.0,13200.0,13640.0,21244
ANLT.TA,2026-08-27,13640.0,13860.0,13420.0,13770.0,36726
ANLT.TA,2026-08-28,13770.0,14100.0,13620.0,13900.0,20525
ANLT.TA,2026-08-31,14070.0,14070.0,13550.0,13650.0,21861
ANLT.TA,2026-09-01,13680.0,14150.0,13590.0,14000.0,24080
ANLT.TA,2026-09-02,14000.0,14120.0,13780.0,14000.0,25243
ANLT.TA,2026-09-03,13940.0,14250.0,13870.0,14240.0,20787
ANLT.TA,2026-09-04,14140.0,14180.0,13910.0,14060.0,20730
ANLT.TA,2026-09-07,14060.0,14200.0,13890.0,14060.0,12307
ANLT.TA,2026-09-08,14060.0,14110.0,13700.0,13840.0,14186
ANLT.TA,2026-09-09,13840.0,13980.0,13200.0,13330.0,53451
ANLT.TA,2026-09-10,13330.0,13700.0,13080.0,13360.0,25267
ANLT.TA,2026-09-11,13360.0,13360.0,13360.0,13360.0,0
ANLT.TA,2026-09-14,13360.0,14220.0,13270.0,13900.0,149268
ANLT.TA,2026-09-15,13880.0,13880.0,13070.0,13160.0,100881
ANLT.TA,2026-09-16,13580.0,13580.0,12810.0,13080.0,38172
ANLT.TA,2026-09-17,13080.0,13690.0,13020.0,13370.0,21262
ANLT.TA,2026-09-18,13370.0,13370.0,13370.0,13370.0,0
ANLT.TA,2026-09-21,13370.0,13370.0,13370.0,13370.0,0
ANLT.TA,2026-09-22,13260.0,13500.0,13060.0,13160.0,15795
ANLT.TA,2026-09-23,13160.0,13990.0,13100.0,13690.0,36983
ANLT.TA,2026-09-24,13690.0,13690.0,13140.0,13410.0,19061
CISY.TA,2026-07-16,2150.0,2226.0,2120.0,2154.0,210
CISY.TA,2026-07-17,2227.0,2227.0,2114.0,2132.0,335
CISY.TA,2026-07-20,2132.0,2132.0,2016.0,2072.0,1636
CISY.TA,2026-07-21,2293.0,2293.0,2154.0,2194.0,5725
CISY.TA,2026-07-22,2194.0,2191.0,2170.0,2189.0,979
CISY.TA,2026-07-24,2189.0,2263.0,2188.0,2214.0,1313
CISY.TA,2026-07-27,2214.0,2397.0,2214.0,2353.0,31086
CISY.TA,2026-07-28,2353.0,2396.0,2323.0,2346.0,487
CISY.TA,2026-07-29,2346.0,2277.0,2140.0,2189.0,2430
CISY.TA,2026-07-30,2189.0,2288.0,2189.0,2250.0,914
CISY.TA,2026-07-31,2250.0,2397.0,2265.0,2396.0,1136
CISY.TA,2026-08-03,2396.0,2396.0,2319.0,2354.0,696
CISY.TA,2026-08-04,2354.0,2354.0,2279.0,2316.0,2700
CISY.TA,2026-08-05,2292.0,2353.0,2145.0,2259.0,123
CISY.TA,2026-08-06,2140.0,2401.0,2135.0,2135.0,9743
CISY.TA,2026-08-07,2110.0,2241.0,2100.0,2121.0,1911
CISY.TA,2026-08-10,2121.0,2175.0,2065.0,2073.0,1217
CISY.TA,2026-08-11,2240.0,2240.0,2072.0,2074.0,183
CISY.TA,2026-08-12,2074.0,2056.0,1950.0,1982.0,3021
CISY.TA,2026-08-13,1982.0,2000.0,1872.0,1938.0,4832
CISY.TA,2026-08-14,1982.0,2001.0,1920.0,1994.0,923
CISY.TA,2026-08-17,1994.0,2000.0,1789.0,1867.0,12374
CISY.TA,2026-08-18,1867.0,1870.0,1706.0,1760.0,13625
CISY.TA,2026-08-19,1760.0,1803.0,1749.0,1776.0,1902
CISY.TA,2026-08-20,1776.0,1872.0,1600.0,1702.0,11285
CISY.TA,2026-08-21,1799.0,1799.0,1701.0,1719.0,631
CISY.TA,2026-08-24,1872.0,1872.0,1661.0,1671.0,1133
CISY.TA,2026-08-25,1671.0,1820.0,1635.0,1655.0,1322
CISY.TA,2026-08-26,1655.0,1802.0,1606.0,1628.0,2044
CISY.TA,2026-08-27,1628.0,1687.0,1600.0,1672.0,2699
CISY.TA,2026-08-28,1672.0,1838.0,1799.0,1800.0,1028
CISY.TA,2026-08-31,1873.0,1873.0,1710.0,1756.0,1036
CISY.TA,2026-09-01,1756.0,1874.0,1749.0,1758.0,2062
CISY.TA,2026-09-02,1870.0,1870.0,1785.0,1785.0,812
CISY.TA,2026-09-03,1785.0,1785.0,1785.0,1785.0,165
CISY.TA,2026-09-04,1700.0,1795.0,1700.0,1768.0,1175
CISY.TA,2026-09-07,1768.0,1768.0,1701.0,1710.0,743
CISY.TA,2026-09-08,1770.0,1770.0,1650.0,1691.0,166
CISY.TA,2026-09-09,1699.0,1699.0,1639.0,1643.0,1187
CISY.TA,2026-09-10,1643.0,1643.0,1643.0,1643.0,40
CISY.TA,2026-09-11,1643.0,1643.0,1643.0,1643.0,0
CISY.TA,2026-09-14,1643.0,1723.0,1575.0,1580.0,3682
CISY.TA,2026-09-15,1580.0,1639.0,1555.0,1572.0,1625
CISY.TA,2026-09-16,1629.0,1629.0,1540.0,1554.0,6887
CISY.TA,2026-09-17,1554.0,1693.0,1490.0,1490.0,9669
CISY.TA,2026-09-18,1490.0,1490.0,1490.0,1490.0,0
CISY.TA,2026-09-21,1490.0,1490.0,1490.0,1490.0,0
CISY.TA,2026-09-22,1585.0,1585.0,1512.0,1535.0,2067
CISY.TA,2026-09-23,1541.0,1678.0,1510.0,1526.0,7581
CISY.TA,2026-09-24,1526.0,1630.0,1550.0,1555.0,1828
ORA.TA,2026-07-16,33170.0,33470.0,32700.0,32830.0,188342
ORA.TA,2026-07-17,32000.0,32200.0,30940.0,31870.0,141856
ORA.TA,2026-07-20,31950.0,32420.0,31720.0,32220.0,76092
ORA.TA,2026-07-21,31790.0,32290.0,31400.0,31690.0,90183
ORA.TA,2026-07-22,31900.0,32370.0,31780.0,32130.0,51784
ORA.TA,2026-07-24,31610.0,32220.0,31130.0,32170.0,137138
ORA.TA,2026-07-27,30680.0,31210.0,30470.0,30900.0,158251
ORA.TA,2026-07-28,31110.0,31300.0,30000.0,30120.0,65862
ORA.TA,2026-07-29,30050.0,30250.0,29540.0,29570.0,70146
ORA.TA,2026-07-30,29140.0,30010.0,29140.0,29920.0,45491
ORA.TA,2026-07-31,29980.0,30240.0,29770.0,30060.0,77435
ORA.TA,2026-08-03,30060.0,30310.0,28980.0,29530.0,112768
ORA.TA,2026-08-04,29500.0,30200.0,29250.0,29640.0,113647
ORA.TA,2026-08-05,29670.0,30150.0,29340.0,29720.0,80129
ORA.TA,2026-08-06,31180.0,32960.0,31180.0,32390.0,575665
ORA.TA,2026-08-07,32390.0,32550.0,31590.0,32090.0,34791
ORA.TA,2026-08-10,32430.0,32870.0,31870.0,32640.0,88463
ORA.TA,2026-08-11,33550.0,34150.0,33540.0,34150.0,90659
ORA.TA,2026-08-12,34180.0,34750.0,33950.0,34750.0,70643
ORA.TA,2026-08-13,33980.0,34080.0,33240.0,33650.0,65961
ORA.TA,2026-08-14,33610.0,33840.0,33390.0,33620.0,16971
ORA.TA,2026-08-17,33700.0,34000.0,33500.0,33930.0,42949
ORA.TA,2026-08-18,33730.0,33990.0,33400.0,33570.0,43686
ORA.TA,2026-08-19,33030.0,33080.0,32340.0,32600.0,113918
ORA.TA,2026-08-20,32970.0,33390.0,32710.0,32880.0,23018
ORA.TA,2026-08-21,32780.0,33060.0,32470.0,32640.0,13963
ORA.TA,2026-08-24,32640.0,32640.0,31400.0,31400.0,38564
ORA.TA,2026-08-25,31800.0,31950.0,31480.0,31500.0,31063
ORA.TA,2026-08-26,31410.0,32010.0,31270.0,31570.0,50067
ORA.TA,2026-08-27,30870.0,31280.0,30760.0,30870.0,53283
ORA.TA,2026-08-28,30830.0,31420.0,30730.0,31070.0,115962
ORA.TA,2026-08-31,31030.0,31170.0,30650.0,30700.0,50262
ORA.TA,2026-09-01,30590.0,32150.0,30220.0,31700.0,187370
ORA.TA,2026-09-02,32360.0,33030.0,31900.0,32100.0,120546
ORA.TA,2026-09-03,31820.0,31950.0,31300.0,31610.0,47148
ORA.TA,2026-09-04,31570.0,32280.0,31570.0,31940.0,50183
ORA.TA,2026-09-07,31750.0,32730.0,31300.0,32600.0,71815
ORA.TA,2026-09-08,33040.0,33160.0,32310.0,32500.0,99569
ORA.TA,2026-09-09,32800.0,32800.0,30610.0,30610.0,70921
ORA.TA,2026-09-10,30270.0,30300.0,29380.0,29900.0,111277
ORA.TA,2026-09-11,29900.0,29900.0,29900.0,29900.0,0
ORA.TA,2026-09-14,29000.0,29000.0,28240.0,28500.0,143774
ORA.TA,2026-09-15,28040.0,28330.0,27900.0,28030.0,51499
ORA.TA,2026-09-16,28030.0,28270.0,27830.0,27990.0,70353
ORA.TA,2026-09-17,28250.0,29690.0,28000.0,29160.0,132000
ORA.TA,2026-09-18,29160.0,29160.0,29160.0,29160.0,0
ORA.TA,2026-09-21,29160.0,29160.0,29160.0,29160.0,0
ORA.TA,2026-09-22,29160.0,29420.0,28930.0,29210.0,51450
ORA.TA,2026-09-23,29430.0,29550.0,29010.0,29240.0,99147
ORA.TA,2026-09-24,28880.0,29080.0,27680.0,27900.0,206298
PNRG.TA,2026-07-16,325.8999938964844,325.8999938964844,309.5,313.0,659792
PNRG.TA,2026-07-17,297.0,308.0,287.1000061035156,293.79998779296875,930957
PNRG.TA,2026-07-20,293.79998779296875,295.20001220703125,277.0,285.8999938964844,745189
PNRG.TA,2026-07-21,286.70001220703125,302.8999938964844,286.29998779296875,293.0,717439
PNRG.TA,2026-07-22,293.0,302.20001220703125,284.0,285.20001220703125,327243
PNRG.TA,2026-07-24,285.20001220703125,297.0,277.1000061035156,288.5,416193
PNRG.TA,2026-07-27,290.5,340.0,290.5,311.79998779296875,2174734
PNRG.TA,2026-07-28,311.79998779296875,326.5,295.0,300.0,1685148
PNRG.TA,2026-07-29,300.0,315.0,286.0,306.0,770588
PNRG.TA,2026-07-30,314.0,314.20001220703125,290.1000061035156,293.0,447728
PNRG.TA,2026-07-31,302.0,321.5,299.70001220703125,319.6000061035156,628842
PNRG.TA,2026-08-03,326.0,336.0,306.29998779296875,317.0,833956
PNRG.TA,2026-08-04,320.0,348.79998779296875,311.1000061035156,336.0,1846548
PNRG.TA,2026-08-05,337.0,343.0,265.70001220703125,280.5,3722858
PNRG.TA,2026-08-06,284.79998779296875,290.5,268.3999938964844,278.0,990093
PNRG.TA,2026-08-07,282.0,285.0,257.0,272.6000061035156,890439
PNRG.TA,2026-08-10,272.6000061035156,283.0,226.1999969482422,240.0,1488165
PNRG.TA,2026-08-11,240.0,252.39999389648438,231.0,250.39999389648438,820340
PNRG.TA,2026-08-12,252.0,252.0,234.0,241.0,562608
PNRG.TA,2026-08-13,241.0,250.0,230.0,232.0,544246
PNRG.TA,2026-08-14,234.0,242.8000030517578,227.0,240.39999389648438,354866
PNRG.TA,2026-08-17,240.39999389648438,244.5,219.0,231.10000610351562,800209
PNRG.TA,2026-08-18,231.10000610351562,248.5,219.1999969482422,237.60000610351562,1166538
PNRG.TA,2026-08-19,246.0,259.8999938964844,233.0,255.10000610351562,946880
PNRG.TA,2026-08-20,260.0,272.0,251.39999389648438,254.39999389648438,599819
PNRG.TA,2026-08-21,263.0,272.79998779296875,254.0,268.3999938964844,410067
PNRG.TA,2026-08-24,273.0,281.0,260.0,273.29998779296875,590213
PNRG.TA,2026-08-25,283.0,288.6000061035156,269.20001220703125,285.20001220703125,456821
PNRG.TA,2026-08-26,285.20001220703125,288.70001220703125,271.1000061035156,274.3999938964844,306384
PNRG.TA,2026-08-27,278.0,280.0,271.0,272.5,214279
PNRG.TA,2026-08-28,272.5,294.0,267.5,294.0,604926
PNRG.TA,2026-08-31,290.0,293.0,276.29998779296875,279.29998779296875,629945
PNRG.TA,2026-09-01,276.0,287.5,264.0,268.3999938964844,477273
PNRG.TA,2026-09-02,269.20001220703125,287.0,269.20001220703125,282.8999938964844,449570
PNRG.TA,2026-09-03,282.8999938964844,288.0,273.8999938964844,277.29998779296875,407213
PNRG.TA,2026-09-04,277.29998779296875,285.5,274.0,279.29998779296875,206943
PNRG.TA,2026-09-07,285.70001220703125,295.8999938964844,270.0,288.6000061035156,631517
PNRG.TA,2026-09-08,288.6000061035156,309.0,283.20001220703125,304.0,613088
PNRG.TA,2026-09-09,304.0,308.8999938964844,297.5,304.8999938964844,518440
PNRG.TA,2026-09-10,304.8999938964844,303.1000061035156,289.0,291.5,366582
PNRG.TA,2026-09-11,291.5,291.5,291.5,291.5,0
PNRG.TA,2026-09-14,291.5,299.8999938964844,276.0,295.70001220703125,351107
PNRG.TA,2026-09-15,300.0,305.0,290.1000061035156,293.6000061035156,265575
PNRG.TA,2026-09-16,298.0,311.8999938964844,296.8999938964844,309.29998779296875,468649
PNRG.TA,2026-09-17,309.29998779296875,314.0,294.5,302.3999938964844,497853
PNRG.TA,2026-09-18,302.3999938964844,302.3999938964844,302.3999938964844,302.3999938964844,0
PNRG.TA,2026-09-21,302.3999938964844,302.3999938964844,302.3999938964844,302.3999938964844,0
PNRG.TA,2026-09-22,312.8999938964844,324.79998779296875,302.29998779296875,303.5,924910
PNRG.TA,2026-09-23,303.5,308.70001220703125,293.0,299.29998779296875,261496
PNRG.TA,2026-09-24,299.29998779296875,299.29998779296875,290.0,291.29998779296875,321272
AZRG.TA,2026-07-16,42380.0,42780.0,41450.0,42170.0,62996
AZRG.TA,2026-07-17,41960.0,42150.0,41450.0,41900.0,28005
AZRG.TA,2026-07-20,41900.0,42140.0,41300.0,41900.0,51529
AZRG.TA,2026-07-21,42000.0,42540.0,41440.0,42270.0,74724
AZRG.TA,2026-07-22,41970.0,42890.0,41680.0,42010.0,46792
AZRG.TA,2026-07-24,41110.0,42000.0,40870.0,41820.0,102048
AZRG.TA,2026-07-27,42970.0,43200.0,41920.0,41920.0,74324
AZRG.TA,2026-07-28,41760.0,42810.0,41760.0,42010.0,64304
AZRG.TA,2026-07-29,42070.0,42230.0,40200.0,40690.0,67072
AZRG.TA,2026-07-30,41260.0,41650.0,40120.0,40340.0,67944
AZRG.TA,2026-07-31,40790.0,41390.0,40440.0,40470.0,69024
AZRG.TA,2026-08-03,40880.0,41390.0,40220.0,40710.0,62683
AZRG.TA,2026-08-04,40620.0,40990.0,39640.0,40220.0,83953
AZRG.TA,2026-08-05,40110.0,40480.0,39610.0,40480.0,80342
AZRG.TA,2026-08-06,40070.0,40530.0,39510.0,40000.0,229772
AZRG.TA,2026-08-07,40000.0,40220.0,39480.0,39580.0,33254
AZRG.TA,2026-08-10,39510.0,40300.0,39340.0,40300.0,86464
AZRG.TA,2026-08-11,40300.0,40300.0,39360.0,39680.0,67181
AZRG.TA,2026-08-12,39690.0,40100.0,38880.0,39490.0,89013
AZRG.TA,2026-08-13,39360.0,40480.0,38800.0,39850.0,78386
AZRG.TA,2026-08-14,40400.0,40410.0,39700.0,40110.0,32536
AZRG.TA,2026-08-17,39920.0,40380.0,38320.0,38360.0,51398
AZRG.TA,2026-08-18,38300.0,38960.0,37900.0,38960.0,45419
AZRG.TA,2026-08-19,38500.0,39070.0,38250.0,38890.0,71661
AZRG.TA,2026-08-20,39080.0,39310.0,38600.0,39240.0,42278
AZRG.TA,2026-08-21,38980.0,40040.0,38950.0,39810.0,29445
AZRG.TA,2026-08-24,39810.0,40200.0,38310.0,39940.0,49630
AZRG.TA,2026-08-25,39890.0,40250.0,39530.0,39800.0,46890
AZRG.TA,2026-08-26,39610.0,39850.0,39190.0,39450.0,62432
AZRG.TA,2026-08-27,39690.0,40170.0,39200.0,40170.0,53718
AZRG.TA,2026-08-28,39760.0,40270.0,39130.0,39130.0,117279
AZRG.TA,2026-08-31,39130.0,39620.0,38720.0,39620.0,131647
AZRG.TA,2026-09-01,39620.0,39880.0,38660.0,39880.0,109496
AZRG.TA,2026-09-02,39520.0,40200.0,39190.0,39890.0,68612
AZRG.TA,2026-09-03,40200.0,41120.0,39890.0,40690.0,91186
AZRG.TA,2026-09-04,41200.0,41250.0,40690.0,40940.0,48498
AZRG.TA,2026-09-07,40940.0,41100.0,40200.0,40460.0,32683
AZRG.TA,2026-09-08,40920.0,40940.0,38930.0,39990.0,69184
AZRG.TA,2026-09-09,39770.0,40150.0,38760.0,39260.0,79533
AZRG.TA,2026-09-10,39540.0,39690.0,38440.0,38940.0,111619
AZRG.TA,2026-09-11,38940.0,38940.0,38940.0,38940.0,0
AZRG.TA,2026-09-14,38980.0,38980.0,38210.0,38710.0,49203
AZRG.TA,2026-09-15,38710.0,38860.0,38050.0,38820.0,40980
AZRG.TA,2026-09-16,38670.0,39040.0,38180.0,38750.0,54705
AZRG.TA,2026-09-17,38750.0,39220.0,38120.0,39220.0,161602
AZRG.TA,2026-09-18,39220.0,39220.0,39220.0,39220.0,0
AZRG.TA,2026-09-21,39220.0,39220.0,39220.0,39220.0,0
AZRG.TA,2026-09-22,39020.0,39200.0,38000.0,38190.0,89334
AZRG.TA,2026-09-23,38330.0,38590.0,38020.0,38500.0,59985
AZRG.TA,2026-09-24,38000.0,38320.0,36970.0,37150.0,149382
AMAN.TA,2026-07-16,1217.0,1242.0,1201.0,1204.0,20284
AMAN.TA,2026-07-17,1204.0,1204.0,1200.0,1203.0,4930
AMAN.TA,2026-07-20,1203.0,1220.0,1191.0,1194.0,10728
AMAN.TA,2026-07-21,1194.0,1194.0,1186.0,1189.0,4515
AMAN.TA,2026-07-22,1189.0,1197.0,1189.0,1189.0,6320
AMAN.TA,2026-07-24,1189.0,1200.0,1187.0,1189.0,18530
AMAN.TA,2026-07-27,1189.0,1190.0,1187.0,1189.0,3555
AMAN.TA,2026-07-28,1189.0,1187.0,1184.0,1187.0,1655
AMAN.TA,2026-07-29,1187.0,1270.0,1191.0,1245.0,6092
AMAN.TA,2026-07-30,1278.0,1278.0,1210.0,1220.0,10317
AMAN.TA,2026-07-31,1220.0,1230.0,1217.0,1220.0,3907
AMAN.TA,2026-08-03,1220.0,1220.0,1198.0,1206.0,6315
AMAN.TA,2026-08-04,1206.0,1220.0,1200.0,1202.0,20246
AMAN.TA,2026-08-05,1202.0,1208.0,1199.0,1204.0,5499
AMAN.TA,2026-08-06,1204.0,1231.0,1202.0,1213.0,3426
AMAN.TA,2026-08-07,1213.0,1216.0,1201.0,1209.0,11690
AMAN.TA,2026-08-10,1209.0,1209.0,1199.0,1203.0,3770
AMAN.TA,2026-08-11,1203.0,1205.0,1200.0,1203.0,5668
AMAN.TA,2026-08-12,1250.0,1254.0,1187.0,1194.0,23540
AMAN.TA,2026-08-13,1194.0,1204.0,1201.0,1202.0,2411
AMAN.TA,2026-08-14,1202.0,1204.0,1196.0,1200.0,1582
AMAN.TA,2026-08-17,1200.0,1215.0,1201.0,1210.0,1564
AMAN.TA,2026-08-18,1210.0,1264.0,1215.0,1252.0,6984
AMAN.TA,2026-08-19,1252.0,1400.0,1252.0,1398.0,26311
AMAN.TA,2026-08-20,1399.0,1466.0,1356.0,1414.0,2845
AMAN.TA,2026-08-21,1414.0,1404.0,1375.0,1394.0,4701
AMAN.TA,2026-08-24,1394.0,1384.0,1347.0,1368.0,2075
AMAN.TA,2026-08-25,1368.0,1371.0,1362.0,1369.0,89
AMAN.TA,2026-08-26,1341.0,1371.0,1112.0,1164.0,20317
AMAN.TA,2026-08-27,1164.0,1238.0,1176.0,1221.0,18050
AMAN.TA,2026-08-28,1221.0,1289.0,1218.0,1278.0,10382
AMAN.TA,2026-08-31,1278.0,1326.0,1282.0,1308.0,20471
AMAN.TA,2026-09-01,1308.0,1334.0,1308.0,1311.0,2005
AMAN.TA,2026-09-02,1311.0,1346.0,1321.0,1339.0,5483
AMAN.TA,2026-09-03,1339.0,1343.0,1340.0,1341.0,1023
AMAN.TA,2026-09-04,1341.0,1360.0,1340.0,1342.0,4993
AMAN.TA,2026-09-07,1340.0,1378.0,1340.0,1367.0,8764
AMAN.TA,2026-09-08,1367.0,1413.0,1367.0,1399.0,11902
AMAN.TA,2026-09-09,1368.0,1399.0,1369.0,1383.0,21072
AMAN.TA,2026-09-10,1383.0,1391.0,1374.0,1380.0,1189
AMAN.TA,2026-09-11,1380.0,1380.0,1380.0,1380.0,0
AMAN.TA,2026-09-14,1380.0,1394.0,1369.0,1379.0,30174
AMAN.TA,2026-09-15,1379.0,1376.0,1357.0,1364.0,13437
AMAN.TA,2026-09-16,1364.0,1376.0,1361.0,1373.0,8505
AMAN.TA,2026-09-17,1373.0,1394.0,1360.0,1380.0,15172
AMAN.TA,2026-09-18,1380.0,1380.0,1380.0,1380.0,0
AMAN.TA,2026-09-21,1380.0,1380.0,1380.0,1380.0,0
AMAN.TA,2026-09-22,1380.0,1417.0,1364.0,1375.0,32442
AMAN.TA,2026-09-23,1375.0,1390.0,1377.0,1380.0,23047
AMAN.TA,2026-09-24,1380.0,1417.0,1370.0,1377.0,28427
ALMA.TA,2026-07-16,1039.0,1050.0,993.2999877929688,1020.0,21528
ALMA.TA,2026-07-17,1020.0,1020.0,995.0999755859375,1015.0,3360
ALMA.TA,2026-07-20,1015.0,1015.0,989.9000244140625,996.5,17586
ALMA.TA,2026-07-21,996.5,1001.0,969.9000244140625,990.5,33089
ALMA.TA,2026-07-22,997.9000244140625,1000.0,964.0999755859375,987.5,17612
ALMA.TA,2026-07-24,987.5,1010.0,972.5999755859375,992.4000244140625,11958
ALMA.TA,2026-07-27,999.2999877929688,1007.0,962.5999755859375,991.5,4911
ALMA.TA,2026-07-28,991.5,984.7999877929688,957.7999877929688,981.0999755859375,10433
ALMA.TA,2026-07-29,981.0999755859375,982.0999755859375,941.9000244140625,964.5999755859375,8837
ALMA.TA,2026-07-30,964.5999755859375,964.5999755859375,964.5999755859375,964.5999755859375,1251
ALMA.TA,2026-07-31,964.5999755859375,1048.0,964.5999755859375,1020.0,9843
ALMA.TA,2026-08-03,1020.0,1034.0,1007.0,1014.0,8486
ALMA.TA,2026-08-04,1014.0,1016.0,999.0999755859375,1012.0,2221
ALMA.TA,2026-08-05,1012.0,1025.0,997.0999755859375,1016.0,11649
ALMA.TA,2026-08-06,1016.0,1040.0,1000.0,1010.0,63368
ALMA.TA,2026-08-07,1010.0,1024.0,973.0,995.4000244140625,18609
ALMA.TA,2026-08-10,995.4000244140625,1010.0,979.7000122070312,987.0,9449
ALMA.TA,2026-08-11,987.0,970.0,925.0,947.2000122070312,4131
ALMA.TA,2026-08-12,947.2000122070312,952.0,914.0,930.7000122070312,2849
ALMA.TA,2026-08-13,930.7000122070312,930.7000122070312,915.0,922.2000122070312,1002
ALMA.TA,2026-08-14,922.2000122070312,924.0,922.0999755859375,923.7999877929688,552
ALMA.TA,2026-08-17,923.7999877929688,923.7999877929688,907.7000122070312,911.5,14710
ALMA.TA,2026-08-18,911.5,911.5,885.0,889.5,7983
ALMA.TA,2026-08-19,889.5,884.5999755859375,879.2999877929688,880.5999755859375,4157
ALMA.TA,2026-08-20,893.5999755859375,906.7000122070312,893.5999755859375,899.7999877929688,1191
ALMA.TA,2026-08-21,899.7999877929688,960.0,899.7999877929688,919.2999877929688,21136
ALMA.TA,2026-08-24,919.2999877929688,919.2000122070312,905.7999877929688,909.4000244140625,579
ALMA.TA,2026-08-25,909.4000244140625,922.7999877929688,901.9000244140625,915.2000122070312,14871
ALMA.TA,2026-08-26,915.2000122070312,940.0,909.2999877929688,918.7000122070312,7025
ALMA.TA,2026-08-27,932.2000122070312,942.5999755859375,930.0,936.5,5600
ALMA.TA,2026-08-28,936.5,984.0,936.5,954.2999877929688,8886
ALMA.TA,2026-08-31,954.2999877929688,968.5999755859375,954.2999877929688,963.5,5214
ALMA.TA,2026-09-01,949.2999877929688,1030.0,931.0,995.9000244140625,38465
ALMA.TA,2026-09-02,995.9000244140625,1018.0,989.0999755859375,997.5,10581
ALMA.TA,2026-09-03,1012.0,1040.0,1012.0,1034.0,9458
ALMA.TA,2026-09-04,1049.0,1060.0,1024.0,1037.0,15163
ALMA.TA,2026-09-07,1037.0,1052.0,985.2000122070312,1038.0,7738
ALMA.TA,2026-09-08,1043.0,1043.0,1007.0,1022.0,7172
ALMA.TA,2026-09-09,1022.0,1022.0,960.7999877929688,966.7999877929688,2048
ALMA.TA,2026-09-10,966.7999877929688,941.9000244140625,894.2999877929688,898.4000244140625,29730
ALMA.TA,2026-09-11,898.4000244140625,898.4000244140625,898.4000244140625,898.4000244140625,0
ALMA.TA,2026-09-14,898.4000244140625,898.4000244140625,874.5999755859375,879.4000244140625,2478
ALMA.TA,2026-09-15,879.4000244140625,894.4000244140625,879.4000244140625,893.7000122070312,5418
ALMA.TA,2026-09-16,893.7000122070312,933.0,893.7000122070312,923.2999877929688,14017
ALMA.TA,2026-09-17,930.0,930.0,895.0,915.9000244140625,12599
ALMA.TA,2026-09-18,915.9000244140625,915.9000244140625,915.9000244140625,915.9000244140625,0
ALMA.TA,2026-09-21,915.9000244140625,915.9000244140625,915.9000244140625,915.9000244140625,0
ALMA.TA,2026-09-22,915.9000244140625,928.0,856.0,871.0999755859375,29908
ALMA.TA,2026-09-23,883.9000244140625,900.0,866.0,891.4000244140625,10628
ALMA.TA,2026-09-24,891.4000244140625,891.4000244140625,869.9000244140625,884.5,5056
ELWS.TA,2026-07-16,4277.0,4750.0,4276.0,4689.0,17013
ELWS.TA,2026-07-17,4689.0,4888.0,4689.0,4717.0,14649
ELWS.TA,2026-07-20,4717.0,4717.0,4442.0,4628.0,7511
ELWS.TA,2026-07-21,4628.0,4711.0,4468.0,4693.0,6970
ELWS.TA,2026-07-22,4693.0,4900.0,4645.0,4723.0,31679
ELWS.TA,2026-07-24,4865.0,5100.0,4830.0,4934.0,17527
ELWS.TA,2026-07-27,4934.0,5000.0,4857.0,4966.0,11780
ELWS.TA,2026-07-28,4966.0,5130.0,4877.0,4941.0,21345
ELWS.TA,2026-07-29,5050.0,5400.0,4915.0,4960.0,16323
ELWS.TA,2026-07-30,4960.0,5150.0,4695.0,5048.0,26502
ELWS.TA,2026-07-31,5048.0,5078.0,4903.0,5010.0,3141
ELWS.TA,2026-08-03,5010.0,5010.0,4740.0,4867.0,14787
ELWS.TA,2026-08-04,4867.0,5111.0,4663.0,4801.0,19414
ELWS.TA,2026-08-05,4801.0,4806.0,4650.0,4688.0,6785
ELWS.TA,2026-08-06,4688.0,4735.0,4614.0,4666.0,29527
ELWS.TA,2026-08-07,4666.0,4710.0,4426.0,4441.0,8550
ELWS.TA,2026-08-10,4441.0,4600.0,4401.0,4439.0,13397
ELWS.TA,2026-08-11,4439.0,4624.0,4430.0,4520.0,15221
ELWS.TA,2026-08-12,4520.0,4539.0,4420.0,4479.0,5255
ELWS.TA,2026-08-13,4479.0,4502.0,4400.0,4423.0,5705
ELWS.TA,2026-08-14,4423.0,4468.0,4364.0,4422.0,989
ELWS.TA,2026-08-17,4450.0,4470.0,4305.0,4316.0,3790
ELWS.TA,2026-08-18,4300.0,4375.0,4250.0,4267.0,3781
ELWS.TA,2026-08-19,4267.0,4300.0,4241.0,4296.0,2014
ELWS.TA,2026-08-20,4296.0,4350.0,4223.0,4275.0,5678
ELWS.TA,2026-08-21,4275.0,4400.0,4240.0,4282.0,3248
ELWS.TA,2026-08-24,4282.0,4300.0,4101.0,4172.0,9296
ELWS.TA,2026-08-25,4172.0,4172.0,4001.0,4037.0,15106
ELWS.TA,2026-08-26,4037.0,4294.0,4014.0,4140.0,8519
ELWS.TA,2026-08-27,4140.0,4260.0,4100.0,4250.0,6633
ELWS.TA,2026-08-28,4260.0,4400.0,4260.0,4363.0,1172
ELWS.TA,2026-08-31,4400.0,4400.0,4150.0,4233.0,4200
ELWS.TA,2026-09-01,4380.0,4380.0,4175.0,4185.0,2921
ELWS.TA,2026-09-02,4181.0,4270.0,4149.0,4226.0,5589
ELWS.TA,2026-09-03,4226.0,4360.0,4230.0,4349.0,5895
ELWS.TA,2026-09-04,4349.0,4450.0,4380.0,4434.0,3369
ELWS.TA,2026-09-07,4179.0,4438.0,4179.0,4342.0,3570
ELWS.TA,2026-09-08,4342.0,4398.0,4244.0,4281.0,1968
ELWS.TA,2026-09-09,4203.0,4300.0,4203.0,4250.0,4072
ELWS.TA,2026-09-10,4250.0,4250.0,4200.0,4217.0,2513
ELWS.TA,2026-09-11,4217.0,4217.0,4217.0,4217.0,0
ELWS.TA,2026-09-14,4217.0,4420.0,4217.0,4403.0,7046
ELWS.TA,2026-09-15,4403.0,4700.0,4300.0,4573.0,49157
ELWS.TA,2026-09-16,4573.0,4800.0,4450.0,4771.0,14347
ELWS.TA,2026-09-17,4771.0,4771.0,4676.0,4722.0,6094
ELWS.TA,2026-09-18,4722.0,4722.0,4722.0,4722.0,0
ELWS.TA,2026-09-21,4722.0,4722.0,4722.0,4722.0,0
ELWS.TA,2026-09-22,4616.0,4900.0,4616.0,4863.0,10257
ELWS.TA,2026-09-23,4870.0,4950.0,4700.0,4765.0,4306
ELWS.TA,2026-09-24,4765.0,4767.0,4580.0,4658.0,913
ADGR.TA,2026-07-16,380.6000061035156,384.3999938964844,377.79998779296875,380.70001220703125,44302
ADGR.TA,2026-07-17,380.70001220703125,383.8999938964844,376.1000061035156,380.3999938964844,57819
ADGR.TA,2026-07-20,380.3999938964844,381.3999938964844,376.0,378.70001220703125,103494
ADGR.TA,2026-07-21,378.70001220703125,381.79998779296875,378.3999938964844,379.3999938964844,21509
ADGR.TA,2026-07-22,380.0,381.20001220703125,372.0,375.1000061035156,203942
ADGR.TA,2026-07-24,375.1000061035156,379.20001220703125,374.3999938964844,375.70001220703125,16040
ADGR.TA,2026-07-27,375.70001220703125,381.29998779296875,373.79998779296875,375.1000061035156,46328
ADGR.TA,2026-07-28,375.1000061035156,376.1000061035156,373.20001220703125,374.6000061035156,19586
ADGR.TA,2026-07-29,374.6000061035156,377.6000061035156,372.0,374.20001220703125,37231
ADGR.TA,2026-07-30,374.20001220703125,382.5,373.3999938964844,380.1000061035156,208660
ADGR.TA,2026-07-31,380.1000061035156,382.29998779296875,377.0,378.70001220703125,45687
ADGR.TA,2026-08-03,378.70001220703125,380.79998779296875,376.0,376.8999938964844,28710
ADGR.TA,2026-08-04,376.8999938964844,378.5,372.6000061035156,376.20001220703125,68061
ADGR.TA,2026-08-05,376.20001220703125,380.0,374.3999938964844,377.70001220703125,23055
ADGR.TA,2026-08-06,377.70001220703125,380.0,375.20001220703125,376.0,89210
ADGR.TA,2026-08-07,376.0,379.1000061035156,375.8999938964844,376.3999938964844,13522
ADGR.TA,2026-08-10,376.3999938964844,376.3999938964844,371.20001220703125,372.6000061035156,13614
ADGR.TA,2026-08-11,371.1000061035156,374.79998779296875,371.1000061035156,372.29998779296875,14978
ADGR.TA,2026-08-12,372.29998779296875,372.29998779296875,367.1000061035156,368.29998779296875,41157
ADGR.TA,2026-08-13,368.29998779296875,373.3999938964844,368.29998779296875,372.29998779296875,32203
ADGR.TA,2026-08-14,372.29998779296875,372.79998779296875,365.1000061035156,368.3999938964844,64780
ADGR.TA,2026-08-17,368.3999938964844,372.8999938964844,368.0,369.70001220703125,13089
ADGR.TA,2026-08-18,362.0,369.29998779296875,362.0,368.6000061035156,32942
ADGR.TA,2026-08-19,368.6000061035156,369.79998779296875,361.6000061035156,368.0,93451
ADGR.TA,2026-08-20,368.0,368.5,367.6000061035156,368.1000061035156,17695
ADGR.TA,2026-08-21,368.1000061035156,368.5,368.1000061035156,368.5,1346
ADGR.TA,2026-08-24,368.5,368.79998779296875,362.0,366.6000061035156,54401
ADGR.TA,2026-08-25,363.0,369.79998779296875,363.0,363.6000061035156,97073
ADGR.TA,2026-08-26,367.0,367.0,360.70001220703125,361.20001220703125,47678
ADGR.TA,2026-08-27,361.20001220703125,367.70001220703125,361.20001220703125,367.0,76251
ADGR.TA,2026-08-28,367.0,378.5,367.0,376.5,50135
ADGR.TA,2026-08-31,376.5,382.1000061035156,376.5,378.1000061035156,90156
ADGR.TA,2026-09-01,360.1000061035156,395.79998779296875,360.1000061035156,387.29998779296875,207789
ADGR.TA,2026-09-02,387.29998779296875,398.70001220703125,389.0,394.1000061035156,73124
ADGR.TA,2026-09-03,394.1000061035156,397.5,386.1000061035156,390.29998779296875,58107
ADGR.TA,2026-09-04,390.29998779296875,398.79998779296875,389.3999938964844,392.1000061035156,108554
ADGR.TA,2026-09-07,386.0,398.3999938964844,384.8999938964844,393.20001220703125,45432
ADGR.TA,2026-09-08,395.0,395.0,385.5,388.29998779296875,22153
ADGR.TA,2026-09-09,388.29998779296875,392.8999938964844,379.6000061035156,382.6000061035156,38336
ADGR.TA,2026-09-10,382.6000061035156,381.5,360.0,363.0,98644
ADGR.TA,2026-09-11,363.0,363.0,363.0,363.0,0
ADGR.TA,2026-09-14,363.0,365.0,356.8999938964844,362.3999938964844,112205
ADGR.TA,2026-09-15,362.3999938964844,376.0,351.79998779296875,371.20001220703125,398777
ADGR.TA,2026-09-16,371.20001220703125,393.5,371.20001220703125,391.0,360072
ADGR.TA,2026-09-17,391.0,399.1000061035156,390.8999938964844,397.79998779296875,114053
ADGR.TA,2026-09-18,397.79998779296875,397.79998779296875,397.79998779296875,397.79998779296875,0
ADGR.TA,2026-09-21,397.79998779296875,397.79998779296875,397.79998779296875,397.79998779296875,0
ADGR.TA,2026-09-22,397.79998779296875,404.0,389.8999938964844,395.8999938964844,175144
ADGR.TA,2026-09-23,395.8999938964844,395.8999938964844,391.0,394.5,55781
ADGR.TA,2026-09-24,394.5,394.3999938964844,382.20001220703125,390.0,53362
DIPL.TA,2026-07-16,4844.0,4900.0,4818.0,4879.0,5084
DIPL.TA,2026-07-17,4879.0,5010.0,4861.0,4928.0,5710
DIPL.TA,2026-07-20,4928.0,4976.0,4826.0,4878.0,2701
DIPL.TA,2026-07-21,4878.0,4944.0,4815.0,4929.0,5682
DIPL.TA,2026-07-22,4929.0,4990.0,4916.0,4940.0,4164
DIPL.TA,2026-07-24,4940.0,4953.0,4850.0,4889.0,1302
DIPL.TA,2026-07-27,4889.0,4968.0,4710.0,4710.0,9503
DIPL.TA,2026-07-28,4710.0,4731.0,4612.0,4630.0,34475
DIPL.TA,2026-07-29,4630.0,4717.0,4630.0,4680.0,4068
DIPL.TA,2026-07-30,4705.0,4705.0,4609.0,4687.0,4251
DIPL.TA,2026-07-31,4687.0,4798.0,4717.0,4754.0,5426
DIPL.TA,2026-08-03,4754.0,4780.0,4680.0,4736.0,4907
DIPL.TA,2026-08-04,4736.0,4786.0,4711.0,4734.0,3095
DIPL.TA,2026-08-05,4734.0,4827.0,4700.0,4714.0,9134
DIPL.TA,2026-08-06,4770.0,4803.0,4657.0,4790.0,25397
DIPL.TA,2026-08-07,4790.0,4849.0,4750.0,4788.0,1849
DIPL.TA,2026-08-10,4788.0,4817.0,4676.0,4710.0,1853
DIPL.TA,2026-08-11,4710.0,4756.0,4651.0,4682.0,1671
DIPL.TA,2026-08-12,4651.0,4736.0,4650.0,4692.0,2713
DIPL.TA,2026-08-13,4692.0,4723.0,4664.0,4684.0,4456
DIPL.TA,2026-08-14,4684.0,4732.0,4665.0,4685.0,8838
DIPL.TA,2026-08-17,4685.0,4700.0,4627.0,4633.0,4044
DIPL.TA,2026-08-18,4633.0,4925.0,4601.0,4880.0,18018
DIPL.TA,2026-08-19,4880.0,4960.0,4703.0,4783.0,4441
DIPL.TA,2026-08-20,4783.0,4811.0,4721.0,4770.0,2545
DIPL.TA,2026-08-21,4736.0,4736.0,4310.0,4342.0,37301
DIPL.TA,2026-08-24,4390.0,4590.0,4353.0,4508.0,11712
DIPL.TA,2026-08-25,4508.0,4504.0,4423.0,4467.0,6748
DIPL.TA,2026-08-26,4467.0,4442.0,4350.0,4363.0,2972
DIPL.TA,2026-08-27,4363.0,4363.0,4225.0,4247.0,5280
DIPL.TA,2026-08-28,4247.0,4325.0,4151.0,4283.0,2556
DIPL.TA,2026-08-31,4283.0,4339.0,4193.0,4226.0,2869
DIPL.TA,2026-09-01,4226.0,4342.0,4212.0,4280.0,13803
DIPL.TA,2026-09-02,4280.0,4492.0,4265.0,4452.0,16015
DIPL.TA,2026-09-03,4452.0,4599.0,4448.0,4550.0,33244
DIPL.TA,2026-09-04,4401.0,4590.0,4401.0,4560.0,9120
DIPL.TA,2026-09-07,4600.0,4655.0,4542.0,4548.0,9193
DIPL.TA,2026-09-08,4548.0,4633.0,4536.0,4585.0,18650
DIPL.TA,2026-09-09,4585.0,4646.0,4571.0,4575.0,13916
DIPL.TA,2026-09-10,4575.0,4635.0,4536.0,4550.0,6924
DIPL.TA,2026-09-11,4550.0,4550.0,4550.0,4550.0,0
DIPL.TA,2026-09-14,4550.0,4550.0,4435.0,4464.0,4763
DIPL.TA,2026-09-15,4464.0,4465.0,4380.0,4440.0,3952
DIPL.TA,2026-09-16,4440.0,4530.0,4442.0,4491.0,8593
DIPL.TA,2026-09-17,4491.0,4537.0,4471.0,4482.0,5475
DIPL.TA,2026-09-18,4482.0,4482.0,4482.0,4482.0,0
DIPL.TA,2026-09-21,4482.0,4482.0,4482.0,4482.0,0
DIPL.TA,2026-09-22,4478.0,4478.0,4434.0,4441.0,2566
DIPL.TA,2026-09-23,4441.0,4547.0,4406.0,4487.0,18289
DIPL.TA,2026-09-24,4487.0,4571.0,4486.0,4509.0,22396
ISTA.TA,2026-07-16,8873.0,9087.0,8744.0,8975.0,43983
ISTA.TA,2026-07-17,8975.0,9050.0,8772.0,8851.0,10109
ISTA.TA,2026-07-20,8851.0,8885.0,8617.0,8655.0,46593
ISTA.TA,2026-07-21,8655.0,8870.0,8600.0,8812.0,41783
ISTA.TA,2026-07-22,8812.0,8811.0,8668.0,8792.0,13588
ISTA.TA,2026-07-24,8792.0,8859.0,8591.0,8799.0,2839
ISTA.TA,2026-07-27,8940.0,8940.0,8602.0,8602.0,9822
ISTA.TA,2026-07-28,8669.0,8735.0,8600.0,8645.0,4927
ISTA.TA,2026-07-29,8645.0,8759.0,8602.0,8706.0,3138
ISTA.TA,2026-07-30,8984.0,8984.0,8565.0,8836.0,6393
ISTA.TA,2026-07-31,8836.0,9054.0,8818.0,8963.0,7282
ISTA.TA,2026-08-03,8963.0,9087.0,8825.0,9005.0,3909
ISTA.TA,2026-08-04,9005.0,9018.0,8736.0,8960.0,9586
ISTA.TA,2026-08-05,8960.0,9113.0,8808.0,9063.0,9172
ISTA.TA,2026-08-06,9021.0,9179.0,8835.0,9021.0,54381
ISTA.TA,2026-08-07,9021.0,9356.0,9020.0,9294.0,6474
ISTA.TA,2026-08-10,9294.0,9248.0,8843.0,8888.0,4432
ISTA.TA,2026-08-11,8888.0,8987.0,8739.0,8900.0,7696
ISTA.TA,2026-08-12,8700.0,8900.0,8700.0,8726.0,4372
ISTA.TA,2026-08-13,8726.0,8784.0,8669.0,8752.0,5357
ISTA.TA,2026-08-14,8840.0,8950.0,8726.0,8921.0,2476
ISTA.TA,2026-08-17,8940.0,8940.0,8616.0,8719.0,4084
ISTA.TA,2026-08-18,8616.0,8895.0,8505.0,8824.0,3668
ISTA.TA,2026-08-19,8824.0,8950.0,8728.0,8855.0,2104
ISTA.TA,2026-08-20,8884.0,9095.0,8817.0,8874.0,3315
ISTA.TA,2026-08-21,8874.0,8999.0,8795.0,8917.0,3048
ISTA.TA,2026-08-24,8917.0,8878.0,8652.0,8764.0,1777
ISTA.TA,2026-08-25,8764.0,8777.0,8578.0,8683.0,4121
ISTA.TA,2026-08-26,8683.0,8749.0,8417.0,8688.0,4527
ISTA.TA,2026-08-27,8634.0,8849.0,8634.0,8803.0,2474
ISTA.TA,2026-08-28,8803.0,9000.0,8803.0,8926.0,8270
ISTA.TA,2026-08-31,8926.0,9003.0,8882.0,8902.0,7433
ISTA.TA,2026-09-01,8786.0,9199.0,8786.0,9138.0,4156
ISTA.TA,2026-09-02,9064.0,9453.0,9039.0,9367.0,78034
ISTA.TA,2026-09-03,9367.0,9797.0,9260.0,9700.0,23296
ISTA.TA,2026-09-04,9321.0,9759.0,9321.0,9678.0,3185
ISTA.TA,2026-09-07,9551.0,9672.0,9531.0,9621.0,36433
ISTA.TA,2026-09-08,9621.0,9880.0,9585.0,9805.0,76070
ISTA.TA,2026-09-09,9805.0,9880.0,9693.0,9823.0,48242
ISTA.TA,2026-09-10,9823.0,9909.0,9643.0,9823.0,19929
ISTA.TA,2026-09-11,9823.0,9823.0,9823.0,9823.0,0
ISTA.TA,2026-09-14,9823.0,9823.0,9600.0,9623.0,2562
ISTA.TA,2026-09-15,9623.0,9720.0,9400.0,9447.0,3182
ISTA.TA,2026-09-16,9447.0,9717.0,9441.0,9441.0,4320
ISTA.TA,2026-09-17,9441.0,9999.0,9435.0,9875.0,7166
ISTA.TA,2026-09-18,9875.0,9875.0,9875.0,9875.0,0
ISTA.TA,2026-09-21,9875.0,9875.0,9875.0,9875.0,0
ISTA.TA,2026-09-22,9890.0,9907.0,9540.0,9627.0,2668
ISTA.TA,2026-09-23,9627.0,9735.0,9531.0,9645.0,2126
ISTA.TA,2026-09-24,9645.0,9645.0,9264.0,9299.0,3609
ACRO.TA,2026-07-16,4466.0,4477.0,4420.0,4443.0,132573
ACRO.TA,2026-07-17,4443.0,4443.0,4379.0,4395.0,46434
ACRO.TA,2026-07-20,4395.0,4429.0,4344.0,4368.0,49155
ACRO.TA,2026-07-21,4368.0,4439.0,4368.0,4408.0,36853
ACRO.TA,2026-07-22,4408.0,4448.0,4359.0,4365.0,34323
ACRO.TA,2026-07-24,4365.0,4365.0,4282.0,4308.0,51758
ACRO.TA,2026-07-27,4330.0,4370.0,4149.0,4149.0,41053
ACRO.TA,2026-07-28,4149.0,4250.0,4091.0,4093.0,33604
ACRO.TA,2026-07-29,4095.0,4141.0,4047.0,4060.0,48076
ACRO.TA,2026-07-30,4060.0,4060.0,3931.0,4002.0,53450
ACRO.TA,2026-07-31,4002.0,4137.0,4002.0,4105.0,22450
ACRO.TA,2026-08-03,4106.0,4175.0,4030.0,4050.0,112905
ACRO.TA,2026-08-04,4050.0,4088.0,4018.0,4070.0,110564
ACRO.TA,2026-08-05,4070.0,4101.0,3990.0,3990.0,90725
ACRO.TA,2026-08-06,3990.0,4235.0,3990.0,4003.0,575965
ACRO.TA,2026-08-07,4003.0,4127.0,3969.0,4017.0,100724
ACRO.TA,2026-08-10,4017.0,4040.0,3872.0,3872.0,104821
ACRO.TA,2026-08-11,3872.0,3962.0,3872.0,3962.0,203766
ACRO.TA,2026-08-12,3962.0,3970.0,3819.0,3820.0,148426
ACRO.TA,2026-08-13,3820.0,3927.0,3800.0,3910.0,75139
ACRO.TA,2026-08-14,3910.0,3921.0,3836.0,3908.0,38071
ACRO.TA,2026-08-17,3908.0,3927.0,3800.0,3800.0,68915
ACRO.TA,2026-08-18,3800.0,3849.0,3718.0,3829.0,115927
ACRO.TA,2026-08-19,3829.0,3982.0,3783.0,3951.0,154818
ACRO.TA,2026-08-20,3965.0,3980.0,3877.0,3903.0,61883
ACRO.TA,2026-08-21,3903.0,3950.0,3874.0,3946.0,28104
ACRO.TA,2026-08-24,3946.0,3946.0,3824.0,3844.0,22556
ACRO.TA,2026-08-25,3844.0,3893.0,3812.0,3828.0,31073
ACRO.TA,2026-08-26,3828.0,3875.0,3767.0,3866.0,107236
ACRO.TA,2026-08-27,4000.0,4080.0,3902.0,4052.0,70015
ACRO.TA,2026-08-28,4000.0,4067.0,3957.0,4053.0,66226
ACRO.TA,2026-08-31,4053.0,4053.0,3946.0,3980.0,69683
ACRO.TA,2026-09-01,3980.0,4220.0,3934.0,4159.0,168330
ACRO.TA,2026-09-02,4158.0,4186.0,4107.0,4186.0,65218
ACRO.TA,2026-09-03,4090.0,4209.0,4090.0,4205.0,42173
ACRO.TA,2026-09-04,3968.0,4265.0,3968.0,4265.0,24049
ACRO.TA,2026-09-07,4265.0,4265.0,4139.0,4150.0,37409
ACRO.TA,2026-09-08,4150.0,4150.0,4055.0,4100.0,65996
ACRO.TA,2026-09-09,4100.0,4126.0,3935.0,3950.0,70275
ACRO.TA,2026-09-10,3932.0,3950.0,3859.0,3879.0,58462
ACRO.TA,2026-09-11,3879.0,3879.0,3879.0,3879.0,0
ACRO.TA,2026-09-14,3879.0,3894.0,3833.0,3864.0,32089
ACRO.TA,2026-09-15,3864.0,3957.0,3821.0,3923.0,67069
ACRO.TA,2026-09-16,3923.0,4000.0,3923.0,3960.0,51058
ACRO.TA,2026-09-17,3960.0,4071.0,3960.0,4041.0,78906
ACRO.TA,2026-09-18,4041.0,4041.0,4041.0,4041.0,0
ACRO.TA,2026-09-21,4041.0,4041.0,4041.0,4041.0,0
ACRO.TA,2026-09-22,4041.0,4093.0,3993.0,3998.0,50915
ACRO.TA,2026-09-23,3998.0,4003.0,3915.0,3915.0,22314
ACRO.TA,2026-09-24,3908.0,3914.0,3870.0,3886.0,51963
CRSR.TA,2026-07-16,3260.0,3481.0,3260.0,3421.0,29389
CRSR.TA,2026-07-17,3421.0,3421.0,3269.0,3380.0,21922
CRSR.TA,2026-07-20,3380.0,3492.0,3250.0,3351.0,41073
CRSR.TA,2026-07-21,3351.0,3382.0,3262.0,3321.0,19614
CRSR.TA,2026-07-22,3321.0,3382.0,3244.0,3302.0,33941
CRSR.TA,2026-07-24,3302.0,3367.0,3217.0,3355.0,28913
CRSR.TA,2026-07-27,3355.0,3408.0,3250.0,3250.0,19552
CRSR.TA,2026-07-28,3255.0,3257.0,3189.0,3195.0,23891
CRSR.TA,2026-07-29,3195.0,3235.0,3137.0,3215.0,20110
CRSR.TA,2026-07-30,3215.0,3256.0,3152.0,3207.0,31220
CRSR.TA,2026-07-31,3207.0,3297.0,3198.0,3297.0,8849
CRSR.TA,2026-08-03,3272.0,3297.0,3148.0,3235.0,31133
CRSR.TA,2026-08-04,3235.0,3235.0,3031.0,3071.0,41799
CRSR.TA,2026-08-05,3071.0,3103.0,2980.0,3001.0,40177
CRSR.TA,2026-08-06,2942.0,3099.0,2942.0,2984.0,208543
CRSR.TA,2026-08-07,2985.0,3013.0,2921.0,2948.0,41372
CRSR.TA,2026-08-10,2948.0,2971.0,2720.0,2806.0,37072
CRSR.TA,2026-08-11,2806.0,2852.0,2711.0,2806.0,41045
CRSR.TA,2026-08-12,2806.0,2834.0,2676.0,2680.0,31979
CRSR.TA,2026-08-13,2650.0,2876.0,2605.0,2782.0,51276
CRSR.TA,2026-08-14,2782.0,2782.0,2709.0,2717.0,5356
CRSR.TA,2026-08-17,2720.0,2738.0,2605.0,2623.0,24099
CRSR.TA,2026-08-18,2623.0,2706.0,2575.0,2700.0,19224
CRSR.TA,2026-08-19,2700.0,2800.0,2690.0,2774.0,28908
CRSR.TA,2026-08-20,2784.0,2837.0,2703.0,2793.0,28049
CRSR.TA,2026-08-21,2793.0,2837.0,2789.0,2827.0,39518
CRSR.TA,2026-08-24,2827.0,2913.0,2787.0,2847.0,13147
CRSR.TA,2026-08-25,2847.0,2974.0,2826.0,2955.0,59500
CRSR.TA,2026-08-26,2955.0,2990.0,2888.0,2936.0,86677
CRSR.TA,2026-08-27,2936.0,3047.0,2936.0,3001.0,55542
CRSR.TA,2026-08-28,3001.0,3043.0,2927.0,3043.0,52044
CRSR.TA,2026-08-31,3043.0,3043.0,2955.0,3020.0,12883
CRSR.TA,2026-09-01,3020.0,3246.0,2936.0,3228.0,96415
CRSR.TA,2026-09-02,3228.0,3428.0,3193.0,3420.0,44061
CRSR.TA,2026-09-03,3420.0,3467.0,3362.0,3436.0,33109
CRSR.TA,2026-09-04,3439.0,3592.0,3439.0,3555.0,37852
CRSR.TA,2026-09-07,3555.0,3663.0,3515.0,3652.0,31123
CRSR.TA,2026-09-08,3652.0,3651.0,3567.0,3621.0,23648
CRSR.TA,2026-09-09,3621.0,3625.0,3512.0,3539.0,19263
CRSR.TA,2026-09-10,3539.0,3539.0,3319.0,3403.0,29450
CRSR.TA,2026-09-11,3403.0,3403.0,3403.0,3403.0,0
CRSR.TA,2026-09-14,3300.0,3368.0,3127.0,3300.0,21652
CRSR.TA,2026-09-15,3300.0,3325.0,3175.0,3280.0,27524
CRSR.TA,2026-09-16,3280.0,3478.0,3257.0,3362.0,29398
CRSR.TA,2026-09-17,3362.0,3490.0,3324.0,3335.0,49091
CRSR.TA,2026-09-18,3335.0,3335.0,3335.0,3335.0,0
CRSR.TA,2026-09-21,3335.0,3335.0,3335.0,3335.0,0
CRSR.TA,2026-09-22,3335.0,3400.0,3244.0,3340.0,22888
CRSR.TA,2026-09-23,3340.0,3363.0,3192.0,3322.0,64785
CRSR.TA,2026-09-24,3322.0,3322.0,3170.0,3260.0,24563
FORTY.TA,2026-07-16,32720.0,32740.0,31720.0,32350.0,19320
FORTY.TA,2026-07-17,32350.0,32350.0,31770.0,32310.0,16054
FORTY.TA,2026-07-20,32220.0,32760.0,31790.0,32480.0,26548
FORTY.TA,2026-07-21,32580.0,33620.0,32580.0,33130.0,22291
FORTY.TA,2026-07-22,33200.0,33470.0,32390.0,33470.0,27621
FORTY.TA,2026-07-24,32460.0,33250.0,32410.0,33240.0,35070
FORTY.TA,2026-07-27,34000.0,34220.0,32900.0,32900.0,12431
FORTY.TA,2026-07-28,33200.0,33880.0,32840.0,33440.0,9701
FORTY.TA,2026-07-29,33440.0,33800.0,32500.0,32500.0,14580
FORTY.TA,2026-07-30,32680.0,32680.0,31560.0,31840.0,15698
FORTY.TA,2026-07-31,32000.0,33090.0,31760.0,32290.0,16076
FORTY.TA,2026-08-03,32750.0,32900.0,32030.0,32460.0,14075
FORTY.TA,2026-08-04,32390.0,32850.0,31790.0,32850.0,32642
FORTY.TA,2026-08-05,33100.0,33790.0,32930.0,33060.0,25243
FORTY.TA,2026-08-06,33060.0,33120.0,32240.0,32510.0,100565
FORTY.TA,2026-08-07,32510.0,33120.0,31960.0,32410.0,11882
FORTY.TA,2026-08-10,32410.0,32940.0,32350.0,32450.0,15092
FORTY.TA,2026-08-11,32450.0,32580.0,31610.0,31750.0,7832
FORTY.TA,2026-08-12,31750.0,31950.0,30880.0,31400.0,23047
FORTY.TA,2026-08-13,31400.0,32610.0,31400.0,32610.0,8093
FORTY.TA,2026-08-14,32610.0,33120.0,32060.0,32350.0,4031
FORTY.TA,2026-08-17,32350.0,32820.0,31840.0,32360.0,27249
FORTY.TA,2026-08-18,32360.0,35330.0,32360.0,34960.0,22755
FORTY.TA,2026-08-19,34960.0,35050.0,34070.0,34750.0,14100
FORTY.TA,2026-08-20,34870.0,35150.0,34150.0,34730.0,8700
FORTY.TA,2026-08-21,34730.0,35010.0,34590.0,34820.0,6531
FORTY.TA,2026-08-24,34820.0,34920.0,34290.0,34650.0,6927
FORTY.TA,2026-08-25,34650.0,35590.0,34620.0,34970.0,9274
FORTY.TA,2026-08-26,34760.0,36180.0,34760.0,35590.0,16510
FORTY.TA,2026-08-27,36340.0,37490.0,36150.0,37390.0,15674
FORTY.TA,2026-08-28,37170.0,37650.0,36810.0,37490.0,7774
FORTY.TA,2026-08-31,37890.0,38670.0,36590.0,38300.0,30550
FORTY.TA,2026-09-01,38300.0,39020.0,38210.0,38950.0,20027
FORTY.TA,2026-09-02,38810.0,39390.0,38180.0,38420.0,19925
FORTY.TA,2026-09-03,38220.0,38610.0,37410.0,38470.0,16060
FORTY.TA,2026-09-04,38470.0,38570.0,38060.0,38180.0,7551
FORTY.TA,2026-09-07,38180.0,38260.0,37330.0,38120.0,6868
FORTY.TA,2026-09-08,38120.0,38340.0,37420.0,37420.0,7947
FORTY.TA,2026-09-09,37420.0,37930.0,37150.0,37370.0,8250
FORTY.TA,2026-09-10,37100.0,38120.0,36630.0,36800.0,11240
FORTY.TA,2026-09-11,36800.0,36800.0,36800.0,36800.0,0
FORTY.TA,2026-09-14,36800.0,37580.0,36300.0,36720.0,8593
FORTY.TA,2026-09-15,36720.0,36850.0,36030.0,36300.0,11484
FORTY.TA,2026-09-16,36300.0,38080.0,36060.0,36300.0,21565
FORTY.TA,2026-09-17,36300.0,36610.0,34690.0,34690.0,34952
FORTY.TA,2026-09-18,34690.0,34690.0,34690.0,34690.0,0
FORTY.TA,2026-09-21,34690.0,34690.0,34690.0,34690.0,0
FORTY.TA,2026-09-22,34990.0,35390.0,34550.0,35250.0,15394
FORTY.TA,2026-09-23,35250.0,35250.0,34460.0,34570.0,6356
FORTY.TA,2026-09-24,34420.0,34500.0,33420.0,33880.0,12801
BOTI.TA,2026-07-16,3937.0,4083.0,3840.0,3944.0,796
BOTI.TA,2026-07-17,3944.0,3943.0,3942.0,3943.0,297
BOTI.TA,2026-07-20,3943.0,4077.0,4001.0,4074.0,516
BOTI.TA,2026-07-21,4074.0,4201.0,4048.0,4115.0,2705
BOTI.TA,2026-07-22,4115.0,4300.0,4027.0,4117.0,953
BOTI.TA,2026-07-24,4117.0,4117.0,4067.0,4081.0,625
BOTI.TA,2026-07-27,4081.0,4081.0,3854.0,4051.0,2457
BOTI.TA,2026-07-28,4051.0,4010.0,3842.0,3990.0,1891
BOTI.TA,2026-07-29,3990.0,3981.0,3800.0,3808.0,15594
BOTI.TA,2026-07-30,3808.0,3990.0,3700.0,3990.0,4613
BOTI.TA,2026-07-31,3990.0,4150.0,3965.0,4150.0,5498
BOTI.TA,2026-08-03,4150.0,4162.0,3984.0,4063.0,1587
BOTI.TA,2026-08-04,4063.0,4063.0,3797.0,4028.0,3446
BOTI.TA,2026-08-05,4028.0,4028.0,3850.0,3884.0,442
BOTI.TA,2026-08-06,3800.0,3941.0,3720.0,3720.0,13485
BOTI.TA,2026-08-07,3720.0,3900.0,3661.0,3718.0,9358
BOTI.TA,2026-08-10,3718.0,3791.0,3600.0,3601.0,7274
BOTI.TA,2026-08-11,3601.0,3601.0,3466.0,3577.0,8670
BOTI.TA,2026-08-12,3577.0,3725.0,3501.0,3575.0,2060
BOTI.TA,2026-08-13,3575.0,3715.0,3500.0,3564.0,479
BOTI.TA,2026-08-14,3564.0,3755.0,3564.0,3676.0,438
BOTI.TA,2026-08-17,3676.0,3699.0,3621.0,3667.0,1575
BOTI.TA,2026-08-18,3480.0,3795.0,3480.0,3670.0,820
BOTI.TA,2026-08-19,3670.0,3832.0,3555.0,3695.0,806
BOTI.TA,2026-08-20,3695.0,3859.0,3694.0,3818.0,2826
BOTI.TA,2026-08-21,3818.0,3990.0,3950.0,3978.0,2124
BOTI.TA,2026-08-24,3978.0,4099.0,4099.0,4099.0,1841
BOTI.TA,2026-08-25,4099.0,4234.0,4000.0,4234.0,7793
BOTI.TA,2026-08-26,4234.0,4480.0,4137.0,4252.0,2355
BOTI.TA,2026-08-27,4252.0,4400.0,4295.0,4380.0,2133
BOTI.TA,2026-08-28,4380.0,4575.0,4380.0,4536.0,3861
BOTI.TA,2026-08-31,4536.0,4539.0,4449.0,4523.0,2674
BOTI.TA,2026-09-01,4523.0,4679.0,4339.0,4612.0,8361
BOTI.TA,2026-09-02,4729.0,4800.0,4563.0,4600.0,1379
BOTI.TA,2026-09-03,4280.0,4716.0,4280.0,4576.0,1826
BOTI.TA,2026-09-04,4576.0,4718.0,4571.0,4645.0,1096
BOTI.TA,2026-09-07,4645.0,4645.0,4505.0,4583.0,947
BOTI.TA,2026-09-08,4583.0,4650.0,4412.0,4424.0,2239
BOTI.TA,2026-09-09,4500.0,4500.0,4306.0,4357.0,2996
BOTI.TA,2026-09-10,4357.0,4360.0,4216.0,4315.0,2009
BOTI.TA,2026-09-11,4315.0,4315.0,4315.0,4315.0,0
BOTI.TA,2026-09-14,4315.0,4315.0,4300.0,4300.0,347
BOTI.TA,2026-09-15,4300.0,4300.0,4300.0,4300.0,209
BOTI.TA,2026-09-16,4300.0,4445.0,4195.0,4249.0,1181
BOTI.TA,2026-09-17,4249.0,4447.0,4217.0,4313.0,10677
BOTI.TA,2026-09-18,4313.0,4313.0,4313.0,4313.0,0
BOTI.TA,2026-09-21,4313.0,4313.0,4313.0,4313.0,0
BOTI.TA,2026-09-22,4313.0,4375.0,4284.0,4326.0,898
BOTI.TA,2026-09-23,4326.0,4326.0,4326.0,4326.0,522
BOTI.TA,2026-09-24,4326.0,4326.0,4326.0,4326.0,515
MRIN.TA,2026-07-16,4675.0,4700.0,4568.0,4600.0,82499
MRIN.TA,2026-07-17,4600.0,4620.0,4505.0,4521.0,102678
MRIN.TA,2026-07-20,4533.0,4587.0,4427.0,4501.0,79622
MRIN.TA,2026-07-21,4515.0,4625.0,4506.0,4515.0,59337
MRIN.TA,2026-07-22,4515.0,4568.0,4444.0,4461.0,56292
MRIN.TA,2026-07-24,4376.0,4559.0,4376.0,4424.0,126564
MRIN.TA,2026-07-27,4646.0,4651.0,4351.0,4351.0,88421
MRIN.TA,2026-07-28,4411.0,4424.0,4194.0,4194.0,99984
MRIN.TA,2026-07-29,4194.0,4291.0,4122.0,4122.0,57051
MRIN.TA,2026-07-30,4122.0,4300.0,4040.0,4300.0,148206
MRIN.TA,2026-07-31,4300.0,4371.0,4210.0,4265.0,94778
MRIN.TA,2026-08-03,4351.0,4456.0,4275.0,4275.0,163241
MRIN.TA,2026-08-04,4359.0,4404.0,4168.0,4168.0,119717
MRIN.TA,2026-08-05,4208.0,4299.0,4050.0,4050.0,134719
MRIN.TA,2026-08-06,4050.0,4168.0,4020.0,4161.0,552372
MRIN.TA,2026-08-07,4189.0,4259.0,4187.0,4215.0,41487
MRIN.TA,2026-08-10,4278.0,4278.0,4135.0,4168.0,68855
MRIN.TA,2026-08-11,4168.0,4186.0,4088.0,4119.0,86239
MRIN.TA,2026-08-12,4119.0,4164.0,3950.0,3950.0,121335
MRIN.TA,2026-08-13,3992.0,4038.0,3930.0,4025.0,136718
MRIN.TA,2026-08-14,4079.0,4087.0,4008.0,4033.0,162442
MRIN.TA,2026-08-17,4003.0,4065.0,3850.0,3908.0,126161
MRIN.TA,2026-08-18,3908.0,3924.0,3760.0,3830.0,102370
MRIN.TA,2026-08-19,3839.0,3996.0,3805.0,3918.0,145337
MRIN.TA,2026-08-20,3918.0,3995.0,3860.0,3918.0,87697
MRIN.TA,2026-08-21,3900.0,3955.0,3894.0,3955.0,33423
MRIN.TA,2026-08-24,3955.0,3955.0,3842.0,3880.0,84674
MRIN.TA,2026-08-25,3821.0,4084.0,3821.0,4059.0,157972
MRIN.TA,2026-08-26,4059.0,4254.0,4018.0,4225.0,123606
MRIN.TA,2026-08-27,4221.0,4251.0,4162.0,4214.0,83026
MRIN.TA,2026-08-28,4165.0,4242.0,4133.0,4226.0,48795
MRIN.TA,2026-08-31,4124.0,4161.0,4086.0,4105.0,89291
MRIN.TA,2026-09-01,4105.0,4400.0,4105.0,4260.0,674948
MRIN.TA,2026-09-02,4052.0,4303.0,4052.0,4203.0,118282
MRIN.TA,2026-09-03,4181.0,4313.0,4135.0,4309.0,114534
MRIN.TA,2026-09-04,4309.0,4451.0,4280.0,4451.0,62744
MRIN.TA,2026-09-07,4451.0,4460.0,4318.0,4447.0,119179
MRIN.TA,2026-09-08,4447.0,4612.0,4400.0,4600.0,158974
MRIN.TA,2026-09-09,4600.0,4716.0,4566.0,4699.0,182037
MRIN.TA,2026-09-10,4699.0,4721.0,4553.0,4670.0,224358
MRIN.TA,2026-09-11,4670.0,4670.0,4670.0,4670.0,0
MRIN.TA,2026-09-14,4616.0,4642.0,4550.0,4581.0,95532
MRIN.TA,2026-09-15,4581.0,4594.0,4461.0,4567.0,117155
MRIN.TA,2026-09-16,4567.0,4628.0,4460.0,4496.0,111527
MRIN.TA,2026-09-17,4496.0,4595.0,4476.0,4548.0,99981
MRIN.TA,2026-09-18,4548.0,4548.0,4548.0,4548.0,0
MRIN.TA,2026-09-21,4548.0,4548.0,4548.0,4548.0,0
MRIN.TA,2026-09-22,4548.0,4636.0,4351.0,4356.0,442621
MRIN.TA,2026-09-23,4364.0,4395.0,4144.0,4348.0,119268
MRIN.TA,2026-09-24,4291.0,4321.0,4177.0,4205.0,206909
ORL.TA,2026-07-16,185.1999969482422,198.6999969482422,184.10000610351562,194.89999389648438,8869832
ORL.TA,2026-07-17,194.89999389648438,198.3000030517578,192.6999969482422,198.0,2826634
ORL.TA,2026-07-20,199.0,204.6999969482422,197.39999389648438,199.89999389648438,9575954
ORL.TA,2026-07-21,200.5,204.8000030517578,194.89999389648438,198.89999389648438,5445267
ORL.TA,2026-07-22,198.89999389648438,199.89999389648438,195.5,199.0,11138429
ORL.TA,2026-07-24,196.1999969482422,204.0,195.10000610351562,200.8000030517578,13467621
ORL.TA,2026-07-27,200.60000610351562,201.0,194.3000030517578,197.89999389648438,8077424
ORL.TA,2026-07-28,197.89999389648438,198.8000030517578,188.0,188.0,4251725
ORL.TA,2026-07-29,188.0,198.60000610351562,188.0,198.60000610351562,7345309
ORL.TA,2026-07-30,200.0,200.0,190.6999969482422,192.5,5272121
ORL.TA,2026-07-31,192.5,195.8000030517578,187.89999389648438,194.8000030517578,4060451
ORL.TA,2026-08-03,194.0,202.8000030517578,194.0,200.39999389648438,9247986
ORL.TA,2026-08-04,200.39999389648438,200.6999969482422,188.1999969482422,191.0,11518680
ORL.TA,2026-08-05,191.0,191.6999969482422,186.10000610351562,190.5,7767560
ORL.TA,2026-08-06,187.6999969482422,196.6999969482422,187.6999969482422,193.0,75205155
ORL.TA,2026-08-07,192.89999389648438,195.60000610351562,192.0,192.0,1992876
ORL.TA,2026-08-10,192.0,197.5,191.8000030517578,195.39999389648438,6777681
ORL.TA,2026-08-11,195.39999389648438,202.8000030517578,193.39999389648438,202.8000030517578,13882554
ORL.TA,2026-08-12,209.0,223.0,195.5,198.89999389648438,37766680
ORL.TA,2026-08-13,204.8000030517578,204.8000030517578,195.6999969482422,197.89999389648438,6609433
ORL.TA,2026-08-14,199.0,207.8000030517578,197.5,203.0,8135372
ORL.TA,2026-08-17,203.10000610351562,212.0,202.39999389648438,202.39999389648438,23633705
ORL.TA,2026-08-18,203.0,207.3000030517578,200.10000610351562,204.0,19260145
ORL.TA,2026-08-19,204.0,205.0,200.5,203.6999969482422,18633473
ORL.TA,2026-08-20,195.60000610351562,206.5,195.1999969482422,204.0,13208075
ORL.TA,2026-08-21,204.0,205.6999969482422,201.0,203.60000610351562,7279939
ORL.TA,2026-08-24,203.60000610351562,209.89999389648438,203.1999969482422,203.60000610351562,10089944
ORL.TA,2026-08-25,203.60000610351562,204.0,197.8000030517578,197.8000030517578,3961681
ORL.TA,2026-08-26,197.8000030517578,205.0,194.0,203.89999389648438,6705420
ORL.TA,2026-08-27,204.0,206.0,199.60000610351562,202.60000610351562,4888170
ORL.TA,2026-08-28,201.0,206.0,200.3000030517578,205.89999389648438,3512564
ORL.TA,2026-08-31,206.89999389648438,215.8000030517578,206.8000030517578,211.6999969482422,9930837
ORL.TA,2026-09-01,212.0,226.0,212.0,224.0,16457323
ORL.TA,2026-09-02,231.0,235.0,224.3000030517578,235.0,15273792
ORL.TA,2026-09-03,235.0,236.5,230.0,231.5,7141622
ORL.TA,2026-09-04,232.39999389648438,238.10000610351562,230.0,234.0,5872829
ORL.TA,2026-09-07,231.5,234.0,222.1999969482422,227.5,8261169
ORL.TA,2026-09-08,227.5,235.0,227.5,233.0,6403279
ORL.TA,2026-09-09,233.5,239.89999389648438,233.5,238.10000610351562,13432009
ORL.TA,2026-09-10,240.10000610351562,242.1999969482422,229.89999389648438,232.39999389648438,10347401
ORL.TA,2026-09-11,232.39999389648438,232.39999389648438,232.39999389648438,232.39999389648438,0
ORL.TA,2026-09-14,233.0,241.0,232.0,237.39999389648438,5156219
ORL.TA,2026-09-15,234.10000610351562,234.8000030517578,220.0,227.1999969482422,12324320
ORL.TA,2026-09-16,227.0,231.39999389648438,221.8000030517578,223.10000610351562,7598414
ORL.TA,2026-09-17,219.8000030517578,223.10000610351562,216.0,220.10000610351562,17603685
ORL.TA,2026-09-18,220.10000610351562,220.10000610351562,220.10000610351562,220.10000610351562,0
ORL.TA,2026-09-21,220.10000610351562,220.10000610351562,220.10000610351562,220.10000610351562,0
ORL.TA,2026-09-22,217.89999389648438,220.10000610351562,212.5,216.0,10482964
ORL.TA,2026-09-23,216.0,223.3000030517578,214.60000610351562,218.0,7393523
ORL.TA,2026-09-24,213.89999389648438,215.8000030517578,210.10000610351562,211.10000610351562,17279468
MSKE.TA,2026-07-16,1112.0,1148.0,1096.0,1140.0,1140314
MSKE.TA,2026-07-17,1140.0,1147.0,1102.0,1145.0,643661
MSKE.TA,2026-07-20,1145.0,1177.0,1112.0,1170.0,870859
MSKE.TA,2026-07-21,1170.0,1196.0,1144.0,1164.0,931128
MSKE.TA,2026-07-22,1164.0,1188.0,1150.0,1188.0,941468
MSKE.TA,2026-07-24,1156.0,1198.0,1156.0,1176.0,807634
MSKE.TA,2026-07-27,1180.0,1231.0,1166.0,1170.0,727674
MSKE.TA,2026-07-28,1170.0,1170.0,1097.0,1097.0,908326
MSKE.TA,2026-07-29,1097.0,1124.0,1079.0,1105.0,821274
MSKE.TA,2026-07-30,1105.0,1140.0,1059.0,1120.0,1093316
MSKE.TA,2026-07-31,1127.0,1142.0,1104.0,1120.0,1575587
MSKE.TA,2026-08-03,1120.0,1140.0,1086.0,1100.0,880173
MSKE.TA,2026-08-04,1120.0,1145.0,1065.0,1066.0,933038
MSKE.TA,2026-08-05,1074.0,1089.0,1045.0,1050.0,863819
MSKE.TA,2026-08-06,1069.0,1087.0,1019.0,1019.0,10803320
MSKE.TA,2026-08-07,1019.0,1033.0,982.2999877929688,986.2000122070312,639691
MSKE.TA,2026-08-10,986.2000122070312,1010.0,961.0,977.2999877929688,758074
MSKE.TA,2026-08-11,977.2999877929688,995.7999877929688,956.0,976.5,574269
MSKE.TA,2026-08-12,976.5,1009.0,958.9000244140625,980.0,645181
MSKE.TA,2026-08-13,980.0,981.4000244140625,945.5999755859375,961.7000122070312,500895
MSKE.TA,2026-08-14,961.7000122070312,963.7000122070312,936.0999755859375,952.7999877929688,420415
MSKE.TA,2026-08-17,952.7999877929688,964.7000122070312,933.4000244140625,950.0,546484
MSKE.TA,2026-08-18,950.0,960.2000122070312,919.0,951.7999877929688,464571
MSKE.TA,2026-08-19,951.7999877929688,960.9000244140625,936.0999755859375,955.2000122070312,853191
MSKE.TA,2026-08-20,955.2000122070312,983.0,936.0999755859375,938.5,549592
MSKE.TA,2026-08-21,938.5,963.7999877929688,921.5,960.2999877929688,234427
MSKE.TA,2026-08-24,960.2999877929688,990.0,943.4000244140625,978.4000244140625,417874
MSKE.TA,2026-08-25,978.4000244140625,986.0,935.2000122070312,935.2000122070312,510138
MSKE.TA,2026-08-26,935.2000122070312,1014.0,913.0,1008.0,1253379
MSKE.TA,2026-08-27,1015.0,1040.0,1000.0,1031.0,631298
MSKE.TA,2026-08-28,1016.0,1042.0,1006.0,1031.0,1005854
MSKE.TA,2026-08-31,1031.0,1047.0,1006.0,1044.0,740239
MSKE.TA,2026-09-01,1044.0,1069.0,1040.0,1055.0,882253
MSKE.TA,2026-09-02,1055.0,1057.0,1025.0,1031.0,641226
MSKE.TA,2026-09-03,1022.0,1052.0,1020.0,1050.0,465300
MSKE.TA,2026-09-04,1060.0,1109.0,1060.0,1099.0,428025
MSKE.TA,2026-09-07,1099.0,1112.0,1085.0,1111.0,330819
MSKE.TA,2026-09-08,1111.0,1123.0,1063.0,1066.0,427268
MSKE.TA,2026-09-09,1066.0,1094.0,1045.0,1045.0,354712
MSKE.TA,2026-09-10,1028.0,1044.0,991.0,998.2000122070312,534157
MSKE.TA,2026-09-11,998.2000122070312,998.2000122070312,998.2000122070312,998.2000122070312,0
MSKE.TA,2026-09-14,998.2000122070312,1033.0,977.0,1003.0,426797
MSKE.TA,2026-09-15,1003.0,1020.0,984.0,992.0,357092
MSKE.TA,2026-09-16,992.0,1037.0,991.9000244140625,1001.0,612347
MSKE.TA,2026-09-17,1001.0,1036.0,994.0,1036.0,3931019
MSKE.TA,2026-09-18,1036.0,1036.0,1036.0,1036.0,0
MSKE.TA,2026-09-21,1036.0,1036.0,1036.0,1036.0,0
MSKE.TA,2026-09-22,1038.0,1068.0,989.5,1005.0,790623
MSKE.TA,2026-09-23,1005.0,1027.0,972.2999877929688,1005.0,567521
MSKE.TA,2026-09-24,992.5999755859375,999.2000122070312,935.0,975.7999877929688,3201132
LUMI.TA,2026-07-16,7200.0,7221.0,7113.0,7144.0,3998218
LUMI.TA,2026-07-17,7109.0,7257.0,7108.0,7205.0,2245670
LUMI.TA,2026-07-20,7205.0,7212.0,7104.0,7152.0,1547874
LUMI.TA,2026-07-21,7190.0,7209.0,7109.0,7209.0,3112494
LUMI.TA,2026-07-22,7181.0,7296.0,7103.0,7103.0,2976844
LUMI.TA,2026-07-24,7036.0,7184.0,7032.0,7139.0,3340799
LUMI.TA,2026-07-27,7200.0,7242.0,7141.0,7153.0,2329905
LUMI.TA,2026-07-28,7139.0,7175.0,7040.0,7040.0,2890727
LUMI.TA,2026-07-29,7026.0,7083.0,6892.0,6914.0,3029419
LUMI.TA,2026-07-30,6949.0,7121.0,6906.0,7121.0,5782416
LUMI.TA,2026-07-31,7133.0,7269.0,7130.0,7239.0,3623763
LUMI.TA,2026-08-03,7260.0,7325.0,7150.0,7170.0,2877521
LUMI.TA,2026-08-04,7200.0,7377.0,7154.0,7377.0,3164390
LUMI.TA,2026-08-05,7449.0,7480.0,7242.0,7260.0,3194306
LUMI.TA,2026-08-06,7353.0,7451.0,7273.0,7442.0,8374394
LUMI.TA,2026-08-07,7444.0,7523.0,7408.0,7492.0,1363928
LUMI.TA,2026-08-10,7467.0,7475.0,7333.0,7333.0,3918196
LUMI.TA,2026-08-11,7379.0,7495.0,7333.0,7495.0,3874865
LUMI.TA,2026-08-12,7611.0,7644.0,7496.0,7524.0,3764811
LUMI.TA,2026-08-13,7534.0,7671.0,7513.0,7619.0,2906528
LUMI.TA,2026-08-14,7647.0,7648.0,7546.0,7592.0,1123302
LUMI.TA,2026-08-17,7544.0,7592.0,7455.0,7455.0,2898377
LUMI.TA,2026-08-18,7485.0,7584.0,7403.0,7584.0,2476962
LUMI.TA,2026-08-19,7580.0,7666.0,7540.0,7645.0,2254274
LUMI.TA,2026-08-20,7531.0,7575.0,7461.0,7472.0,1356724
LUMI.TA,2026-08-21,7505.0,7566.0,7482.0,7553.0,2297972
LUMI.TA,2026-08-24,7540.0,7567.0,7479.0,7550.0,1187769
LUMI.TA,2026-08-25,7527.0,7620.0,7505.0,7604.0,1727800
LUMI.TA,2026-08-26,7574.0,7655.0,7519.0,7615.0,2168828
LUMI.TA,2026-08-27,7613.0,7663.0,7590.0,7625.0,1544998
LUMI.TA,2026-08-28,7585.0,7695.0,7579.0,7636.0,3398132
LUMI.TA,2026-08-31,7650.0,7729.0,7610.0,7631.0,3897453
LUMI.TA,2026-09-01,7662.0,7694.0,7491.0,7678.0,4729235
LUMI.TA,2026-09-02,7699.0,7777.0,7673.0,7777.0,3363546
LUMI.TA,2026-09-03,7800.0,7895.0,7782.0,7895.0,2248722
LUMI.TA,2026-09-04,7900.0,7936.0,7820.0,7916.0,1411390
LUMI.TA,2026-09-07,7916.0,8009.0,7889.0,7970.0,2290102
LUMI.TA,2026-09-08,7999.0,8020.0,7910.0,7918.0,2081226
LUMI.TA,2026-09-09,7911.0,7995.0,7910.0,7947.0,2725893
LUMI.TA,2026-09-10,7950.0,8002.0,7870.0,7892.0,2631108
LUMI.TA,2026-09-11,7892.0,7892.0,7892.0,7892.0,0
LUMI.TA,2026-09-14,7890.0,7992.0,7888.0,7961.0,2256035
LUMI.TA,2026-09-15,7961.0,7980.0,7875.0,7898.0,1346574
LUMI.TA,2026-09-16,7896.0,8012.0,7895.0,7948.0,2120646
LUMI.TA,2026-09-17,7973.0,7987.0,7800.0,7811.0,4754456
LUMI.TA,2026-09-18,7811.0,7811.0,7811.0,7811.0,0
LUMI.TA,2026-09-21,7811.0,7811.0,7811.0,7811.0,0
LUMI.TA,2026-09-22,7821.0,7834.0,7666.0,7737.0,3364932
LUMI.TA,2026-09-23,7740.0,7784.0,7597.0,7689.0,2894485
LUMI.TA,2026-09-24,7558.0,7646.0,7548.0,7588.0,4342126
NXSN.TA,2026-07-16,24080.0,24220.0,22770.0,23090.0,227226
NXSN.TA,2026-07-17,22800.0,23550.0,22570.0,23420.0,109458
NXSN.TA,2026-07-20,23400.0,23890.0,23130.0,23540.0,126140
NXSN.TA,2026-07-21,24010.0,24500.0,23820.0,24390.0,163989
NXSN.TA,2026-07-22,24580.0,24780.0,24030.0,24170.0,124919
NXSN.TA,2026-07-24,24180.0,25700.0,24030.0,25700.0,407172
NXSN.TA,2026-07-27,25700.0,25700.0,24700.0,24730.0,193961
NXSN.TA,2026-07-28,24640.0,24960.0,24230.0,24690.0,174256
NXSN.TA,2026-07-29,24150.0,24910.0,23300.0,23580.0,189071
NXSN.TA,2026-07-30,23700.0,23850.0,22770.0,23460.0,326119
NXSN.TA,2026-07-31,23640.0,23800.0,22920.0,23750.0,154492
NXSN.TA,2026-08-03,23450.0,23970.0,22640.0,22640.0,269515
NXSN.TA,2026-08-04,22640.0,23210.0,22400.0,23000.0,190445
NXSN.TA,2026-08-05,23000.0,23280.0,22350.0,22430.0,188208
NXSN.TA,2026-08-06,22180.0,22710.0,21720.0,22460.0,384056
NXSN.TA,2026-08-07,23350.0,23850.0,23000.0,23050.0,207688
NXSN.TA,2026-08-10,22700.0,24800.0,20890.0,21510.0,1200703
NXSN.TA,2026-08-11,21600.0,22150.0,21010.0,21610.0,414059
NXSN.TA,2026-08-12,21350.0,22010.0,20400.0,20400.0,332810
NXSN.TA,2026-08-13,20400.0,21530.0,20200.0,21190.0,254879
NXSN.TA,2026-08-14,21230.0,21760.0,19990.0,20010.0,299387
NXSN.TA,2026-08-17,20010.0,21750.0,20010.0,21450.0,374419
NXSN.TA,2026-08-18,21430.0,21970.0,20910.0,21450.0,204311
NXSN.TA,2026-08-19,21650.0,22560.0,21650.0,21800.0,340591
NXSN.TA,2026-08-20,21830.0,23030.0,21800.0,22200.0,398471
NXSN.TA,2026-08-21,22160.0,22400.0,21180.0,21690.0,197007
NXSN.TA,2026-08-24,21690.0,21720.0,21020.0,21240.0,157271
NXSN.TA,2026-08-25,21120.0,21370.0,20290.0,20380.0,308522
NXSN.TA,2026-08-26,20200.0,20290.0,19460.0,19930.0,302335
NXSN.TA,2026-08-27,19930.0,20200.0,19530.0,20100.0,228267
NXSN.TA,2026-08-28,20350.0,20810.0,20190.0,20810.0,287623
NXSN.TA,2026-08-31,20810.0,21040.0,20290.0,20950.0,258326
NXSN.TA,2026-09-01,20650.0,22140.0,20510.0,22040.0,388740
NXSN.TA,2026-09-02,21810.0,22280.0,21070.0,22280.0,545122
NXSN.TA,2026-09-03,21920.0,22180.0,21280.0,21310.0,221043
NXSN.TA,2026-09-04,21310.0,21630.0,21220.0,21410.0,101461
NXSN.TA,2026-09-07,21410.0,22450.0,21220.0,22430.0,264397
NXSN.TA,2026-09-08,22270.0,23040.0,22100.0,22550.0,306463
NXSN.TA,2026-09-09,22840.0,22960.0,22240.0,22840.0,348070
NXSN.TA,2026-09-10,23000.0,23000.0,21820.0,21840.0,209971
NXSN.TA,2026-09-11,21840.0,21840.0,21840.0,21840.0,0
NXSN.TA,2026-09-14,22000.0,22530.0,21160.0,22530.0,236659
NXSN.TA,2026-09-15,22500.0,23220.0,22150.0,22250.0,671468
NXSN.TA,2026-09-16,22250.0,23530.0,22230.0,23350.0,461015
NXSN.TA,2026-09-17,23190.0,23820.0,23100.0,23400.0,760647
NXSN.TA,2026-09-18,23400.0,23400.0,23400.0,23400.0,0
NXSN.TA,2026-09-21,23400.0,23400.0,23400.0,23400.0,0
NXSN.TA,2026-09-22,23700.0,24360.0,22830.0,23950.0,424228
NXSN.TA,2026-09-23,23540.0,24180.0,23520.0,23610.0,249992
NXSN.TA,2026-09-24,23390.0,24000.0,23040.0,23850.0,386146
ECNR.TA,2026-07-16,7400.0,7500.0,7338.0,7474.0,105879
ECNR.TA,2026-07-17,7474.0,7474.0,7311.0,7417.0,32314
ECNR.TA,2026-07-20,7417.0,7465.0,7163.0,7308.0,72221
ECNR.TA,2026-07-21,7308.0,7499.0,7307.0,7400.0,137746
ECNR.TA,2026-07-22,7456.0,7456.0,7181.0,7372.0,108576
ECNR.TA,2026-07-24,7231.0,7575.0,7226.0,7519.0,133568
ECNR.TA,2026-07-27,7519.0,7557.0,7101.0,7453.0,102942
ECNR.TA,2026-07-28,7453.0,7453.0,7001.0,7081.0,49281
ECNR.TA,2026-07-29,7081.0,7149.0,6832.0,7047.0,71804
ECNR.TA,2026-07-30,7047.0,7100.0,6625.0,7033.0,103931
ECNR.TA,2026-07-31,7033.0,7148.0,6880.0,7047.0,67558
ECNR.TA,2026-08-03,7047.0,7055.0,6770.0,6934.0,118139
ECNR.TA,2026-08-04,6934.0,7312.0,6801.0,6957.0,118098
ECNR.TA,2026-08-05,6992.0,7101.0,6650.0,6828.0,125058
ECNR.TA,2026-08-06,6828.0,7177.0,6795.0,7042.0,1997783
ECNR.TA,2026-08-07,7042.0,7042.0,6805.0,6908.0,77382
ECNR.TA,2026-08-10,6908.0,6933.0,6477.0,6520.0,83571
ECNR.TA,2026-08-11,6520.0,6520.0,6298.0,6488.0,57251
ECNR.TA,2026-08-12,6488.0,6652.0,6270.0,6489.0,74887
ECNR.TA,2026-08-13,6489.0,6863.0,6320.0,6604.0,42153
ECNR.TA,2026-08-14,6604.0,6663.0,6274.0,6433.0,46613
ECNR.TA,2026-08-17,6433.0,6579.0,5800.0,6000.0,306353
ECNR.TA,2026-08-18,6000.0,6110.0,5688.0,5971.0,69371
ECNR.TA,2026-08-19,5971.0,6050.0,5619.0,5863.0,90378
ECNR.TA,2026-08-20,5863.0,5989.0,5821.0,5894.0,86350
ECNR.TA,2026-08-21,5894.0,6167.0,5830.0,6070.0,21908
ECNR.TA,2026-08-24,6070.0,6118.0,5843.0,6075.0,35454
ECNR.TA,2026-08-25,6075.0,6239.0,5988.0,6114.0,34440
ECNR.TA,2026-08-26,6114.0,6135.0,5835.0,6124.0,59537
ECNR.TA,2026-08-27,6124.0,6198.0,5964.0,6042.0,41237
ECNR.TA,2026-08-28,5980.0,6190.0,5881.0,6158.0,49861
ECNR.TA,2026-08-31,6158.0,6295.0,5941.0,6111.0,32831
ECNR.TA,2026-09-01,6111.0,6257.0,5806.0,6219.0,128353
ECNR.TA,2026-09-02,6219.0,6305.0,6216.0,6295.0,120845
ECNR.TA,2026-09-03,6326.0,6385.0,6045.0,6261.0,57124
ECNR.TA,2026-09-04,6261.0,6438.0,6256.0,6388.0,43389
ECNR.TA,2026-09-07,6388.0,6500.0,6226.0,6292.0,34204
ECNR.TA,2026-09-08,6292.0,6378.0,6045.0,6129.0,39455
ECNR.TA,2026-09-09,6129.0,6322.0,5825.0,6153.0,70349
ECNR.TA,2026-09-10,6153.0,6153.0,5855.0,5859.0,97111
ECNR.TA,2026-09-11,5859.0,5859.0,5859.0,5859.0,0
ECNR.TA,2026-09-14,5859.0,6043.0,5720.0,5955.0,75976
ECNR.TA,2026-09-15,5955.0,5955.0,5539.0,5598.0,61831
ECNR.TA,2026-09-16,5598.0,5911.0,5598.0,5786.0,149244
ECNR.TA,2026-09-17,5786.0,5975.0,5786.0,5899.0,87884
ECNR.TA,2026-09-18,5899.0,5899.0,5899.0,5899.0,0
ECNR.TA,2026-09-21,5899.0,5899.0,5899.0,5899.0,0
ECNR.TA,2026-09-22,5899.0,6094.0,5847.0,6019.0,107816
ECNR.TA,2026-09-23,6019.0,6123.0,5917.0,5923.0,87359
ECNR.TA,2026-09-24,5813.0,5896.0,5706.0,5845.0,86661
ESLT.TA,2026-07-16,221900.0,229040.0,220900.0,224800.0,55291
ESLT.TA,2026-07-17,223560.0,225920.0,221110.0,224710.0,29124
ESLT.TA,2026-07-20,228000.0,234160.0,228000.0,233300.0,39065
ESLT.TA,2026-07-21,232100.0,237530.0,231340.0,236800.0,50846
ESLT.TA,2026-07-22,236500.0,245990.0,236500.0,245990.0,46737
ESLT.TA,2026-07-24,245900.0,259100.0,245520.0,255500.0,77973
ESLT.TA,2026-07-27,250000.0,252200.0,244000.0,247410.0,59315
ESLT.TA,2026-07-28,246580.0,252500.0,246580.0,251300.0,59097
ESLT.TA,2026-07-29,250000.0,251700.0,239160.0,240500.0,73864
ESLT.TA,2026-07-30,237300.0,240800.0,235210.0,239090.0,43397
ESLT.TA,2026-07-31,242000.0,247900.0,240900.0,246180.0,39213
ESLT.TA,2026-08-03,244580.0,252300.0,244010.0,252100.0,48344
ESLT.TA,2026-08-04,253800.0,255500.0,246990.0,251700.0,42746
ESLT.TA,2026-08-05,253400.0,259500.0,253300.0,258900.0,57357
ESLT.TA,2026-08-06,260000.0,262900.0,254100.0,257900.0,407240
ESLT.TA,2026-08-07,258000.0,258600.0,252500.0,254000.0,30177
ESLT.TA,2026-08-10,255100.0,261000.0,254800.0,258300.0,51115
ESLT.TA,2026-08-11,255400.0,257500.0,230000.0,234000.0,142608
ESLT.TA,2026-08-12,233000.0,239010.0,231900.0,233070.0,48256
ESLT.TA,2026-08-13,233090.0,237500.0,229620.0,231990.0,43328
ESLT.TA,2026-08-14,234720.0,236200.0,227510.0,230830.0,26566
ESLT.TA,2026-08-17,230830.0,236500.0,228550.0,233530.0,29864
ESLT.TA,2026-08-18,232000.0,234000.0,230990.0,232790.0,27571
ESLT.TA,2026-08-19,228000.0,230500.0,224300.0,226030.0,68638
ESLT.TA,2026-08-20,226000.0,228100.0,223300.0,226800.0,33289
ESLT.TA,2026-08-21,226500.0,226500.0,222200.0,223790.0,21395
ESLT.TA,2026-08-24,223900.0,226800.0,218700.0,219720.0,36621
ESLT.TA,2026-08-25,219000.0,221290.0,216100.0,216550.0,39945
ESLT.TA,2026-08-26,212290.0,214460.0,206750.0,213880.0,76072
ESLT.TA,2026-08-27,211500.0,213990.0,211000.0,213990.0,36137
ESLT.TA,2026-08-28,208590.0,212300.0,208590.0,211190.0,64269
ESLT.TA,2026-08-31,211220.0,212900.0,209110.0,210780.0,59201
ESLT.TA,2026-09-01,211460.0,218020.0,211000.0,216460.0,76477
ESLT.TA,2026-09-02,215650.0,220300.0,212880.0,217100.0,56860
ESLT.TA,2026-09-03,215330.0,215500.0,211170.0,211870.0,41097
ESLT.TA,2026-09-04,211870.0,214300.0,211150.0,212360.0,19897
ESLT.TA,2026-09-07,212600.0,217250.0,212600.0,216920.0,27225
ESLT.TA,2026-09-08,216920.0,220590.0,213910.0,217900.0,67331
ESLT.TA,2026-09-09,215000.0,217900.0,213300.0,217430.0,79134
ESLT.TA,2026-09-10,216340.0,225420.0,216000.0,223100.0,74256
ESLT.TA,2026-09-11,223100.0,223100.0,223100.0,223100.0,0
ESLT.TA,2026-09-14,220510.0,222680.0,218000.0,219300.0,52418
ESLT.TA,2026-09-15,219970.0,223130.0,219970.0,221010.0,29168
ESLT.TA,2026-09-16,221010.0,224300.0,219430.0,223940.0,28487
ESLT.TA,2026-09-17,224900.0,228350.0,224540.0,227060.0,77268
ESLT.TA,2026-09-18,227060.0,227060.0,227060.0,227060.0,0
ESLT.TA,2026-09-21,227060.0,227060.0,227060.0,227060.0,0
ESLT.TA,2026-09-22,224800.0,231900.0,222700.0,222850.0,71231
ESLT.TA,2026-09-23,226310.0,228090.0,222160.0,227240.0,56403
ESLT.TA,2026-09-24,222500.0,229480.0,222500.0,226210.0,93030
SHVA.TA,2026-07-16,2446.0,2432.0,2356.0,2399.0,21630
SHVA.TA,2026-07-17,2387.0,2444.0,2368.0,2412.0,7871
SHVA.TA,2026-07-20,2412.0,2425.0,2395.0,2409.0,9255
SHVA.TA,2026-07-21,2409.0,2424.0,2361.0,2381.0,16044
SHVA.TA,2026-07-22,2381.0,2386.0,2280.0,2306.0,24025
SHVA.TA,2026-07-24,2400.0,2400.0,2103.0,2190.0,25582
SHVA.TA,2026-07-27,2205.0,2257.0,2153.0,2189.0,53710
SHVA.TA,2026-07-28,2189.0,2210.0,2148.0,2192.0,56908
SHVA.TA,2026-07-29,2192.0,2192.0,2129.0,2181.0,46891
SHVA.TA,2026-07-30,2192.0,2244.0,2150.0,2229.0,24621
SHVA.TA,2026-07-31,2229.0,2230.0,2190.0,2227.0,11035
SHVA.TA,2026-08-03,2227.0,2263.0,2216.0,2246.0,14855
SHVA.TA,2026-08-04,2246.0,2345.0,2263.0,2288.0,61204
SHVA.TA,2026-08-05,2288.0,2288.0,2207.0,2246.0,68847
SHVA.TA,2026-08-06,2292.0,2292.0,2177.0,2179.0,89436
SHVA.TA,2026-08-07,2179.0,2206.0,2161.0,2169.0,25712
SHVA.TA,2026-08-10,2125.0,2178.0,2104.0,2122.0,21992
SHVA.TA,2026-08-11,2122.0,2210.0,2087.0,2122.0,102710
SHVA.TA,2026-08-12,2122.0,2170.0,2083.0,2162.0,23910
SHVA.TA,2026-08-13,2162.0,2275.0,2100.0,2218.0,26365
SHVA.TA,2026-08-14,2218.0,2286.0,2218.0,2260.0,7103
SHVA.TA,2026-08-17,2260.0,2260.0,2176.0,2197.0,30859
SHVA.TA,2026-08-18,2197.0,2199.0,2129.0,2173.0,22927
SHVA.TA,2026-08-19,2173.0,2173.0,2090.0,2142.0,16952
SHVA.TA,2026-08-20,2200.0,2200.0,2105.0,2129.0,15443
SHVA.TA,2026-08-21,2129.0,2164.0,2124.0,2146.0,5402
SHVA.TA,2026-08-24,2146.0,2151.0,2123.0,2139.0,8566
SHVA.TA,2026-08-25,2139.0,2191.0,2105.0,2151.0,9891
SHVA.TA,2026-08-26,2151.0,2254.0,2150.0,2250.0,37507
SHVA.TA,2026-08-27,2250.0,2268.0,2215.0,2220.0,61408
SHVA.TA,2026-08-28,2220.0,2244.0,2201.0,2239.0,4362
SHVA.TA,2026-08-31,2239.0,2278.0,2233.0,2254.0,23996
SHVA.TA,2026-09-01,2254.0,2296.0,2249.0,2262.0,10846
SHVA.TA,2026-09-02,2262.0,2272.0,2214.0,2228.0,11390
SHVA.TA,2026-09-03,2228.0,2270.0,2171.0,2236.0,30685
SHVA.TA,2026-09-04,2155.0,2285.0,2155.0,2273.0,1630
SHVA.TA,2026-09-07,2161.0,2357.0,2161.0,2345.0,13146
SHVA.TA,2026-09-08,2341.0,2373.0,2302.0,2311.0,18804
SHVA.TA,2026-09-09,2311.0,2309.0,2213.0,2236.0,68327
SHVA.TA,2026-09-10,2236.0,2236.0,2155.0,2191.0,25306
SHVA.TA,2026-09-11,2191.0,2191.0,2191.0,2191.0,0
SHVA.TA,2026-09-14,2191.0,2195.0,2139.0,2140.0,73818
SHVA.TA,2026-09-15,2140.0,2150.0,2056.0,2071.0,45162
SHVA.TA,2026-09-16,2071.0,2139.0,2071.0,2115.0,8583
SHVA.TA,2026-09-17,2115.0,2118.0,2093.0,2114.0,8404
SHVA.TA,2026-09-18,2114.0,2114.0,2114.0,2114.0,0
SHVA.TA,2026-09-21,2114.0,2114.0,2114.0,2114.0,0
SHVA.TA,2026-09-22,2114.0,2146.0,2080.0,2115.0,54568
SHVA.TA,2026-09-23,2115.0,2148.0,2071.0,2130.0,88703
SHVA.TA,2026-09-24,2130.0,2130.0,2070.0,2097.0,15259
NWMD.TA,2026-07-16,1579.0,1610.0,1570.0,1596.0,954422
NWMD.TA,2026-07-17,1608.0,1663.0,1588.0,1641.0,1219590
NWMD.TA,2026-07-20,1648.0,1670.0,1613.0,1620.0,598805
NWMD.TA,2026-07-21,1628.0,1649.0,1623.0,1634.0,600300
NWMD.TA,2026-07-22,1632.0,1726.0,1631.0,1688.0,1237314
NWMD.TA,2026-07-24,1660.0,1700.0,1660.0,1675.0,1234562
NWMD.TA,2026-07-27,1700.0,1769.0,1681.0,1729.0,1537969
NWMD.TA,2026-07-28,1731.0,1749.0,1696.0,1708.0,1360246
NWMD.TA,2026-07-29,1703.0,1720.0,1650.0,1650.0,1575693
NWMD.TA,2026-07-30,1659.0,1677.0,1618.0,1618.0,890827
NWMD.TA,2026-07-31,1605.0,1688.0,1603.0,1680.0,1469815
NWMD.TA,2026-08-03,1679.0,1727.0,1671.0,1714.0,1631504
NWMD.TA,2026-08-04,1696.0,1730.0,1672.0,1673.0,1691164
NWMD.TA,2026-08-05,1670.0,1677.0,1620.0,1620.0,810741
NWMD.TA,2026-08-06,1580.0,1607.0,1577.0,1605.0,3454374
NWMD.TA,2026-08-07,1605.0,1629.0,1590.0,1590.0,355852
NWMD.TA,2026-08-10,1589.0,1606.0,1556.0,1579.0,912328
NWMD.TA,2026-08-11,1580.0,1622.0,1580.0,1602.0,874750
NWMD.TA,2026-08-12,1602.0,1632.0,1598.0,1620.0,1302128
NWMD.TA,2026-08-13,1638.0,1701.0,1638.0,1673.0,959751
NWMD.TA,2026-08-14,1691.0,1691.0,1651.0,1665.0,353546
NWMD.TA,2026-08-17,1653.0,1678.0,1616.0,1637.0,970202
NWMD.TA,2026-08-18,1637.0,1655.0,1620.0,1655.0,645435
NWMD.TA,2026-08-19,1667.0,1711.0,1667.0,1707.0,803213
NWMD.TA,2026-08-20,1717.0,1717.0,1686.0,1704.0,619604
NWMD.TA,2026-08-21,1704.0,1712.0,1675.0,1690.0,278560
NWMD.TA,2026-08-24,1675.0,1691.0,1665.0,1681.0,382727
NWMD.TA,2026-08-25,1689.0,1689.0,1642.0,1642.0,562320
NWMD.TA,2026-08-26,1642.0,1676.0,1614.0,1676.0,748762
NWMD.TA,2026-08-27,1656.0,1670.0,1620.0,1656.0,1584339
NWMD.TA,2026-08-28,1630.0,1670.0,1630.0,1650.0,1262871
NWMD.TA,2026-08-31,1641.0,1663.0,1636.0,1648.0,970808
NWMD.TA,2026-09-01,1648.0,1700.0,1648.0,1695.0,935904
NWMD.TA,2026-09-02,1712.0,1712.0,1677.0,1709.0,1142358
NWMD.TA,2026-09-03,1717.0,1727.0,1690.0,1719.0,1642007
NWMD.TA,2026-09-04,1719.0,1722.0,1698.0,1709.0,469194
NWMD.TA,2026-09-07,1705.0,1705.0,1663.0,1687.0,743373
NWMD.TA,2026-09-08,1687.0,1687.0,1651.0,1662.0,1396973
NWMD.TA,2026-09-09,1662.0,1671.0,1655.0,1670.0,444015
NWMD.TA,2026-09-10,1670.0,1674.0,1636.0,1652.0,619220
NWMD.TA,2026-09-11,1652.0,1652.0,1652.0,1652.0,0
NWMD.TA,2026-09-14,1651.0,1653.0,1625.0,1630.0,830981
NWMD.TA,2026-09-15,1639.0,1659.0,1619.0,1649.0,1038538
NWMD.TA,2026-09-16,1649.0,1664.0,1635.0,1654.0,783363
NWMD.TA,2026-09-17,1649.0,1708.0,1640.0,1670.0,1294561
NWMD.TA,2026-09-18,1670.0,1670.0,1670.0,1670.0,0
NWMD.TA,2026-09-21,1670.0,1670.0,1670.0,1670.0,0
NWMD.TA,2026-09-22,1668.0,1681.0,1633.0,1648.0,834087
NWMD.TA,2026-09-23,1643.0,1661.0,1634.0,1649.0,981888
NWMD.TA,2026-09-24,1621.0,1646.0,1592.0,1600.0,1566187
NYAX.TA,2026-07-16,19260.0,19860.0,18950.0,19820.0,53091
NYAX.TA,2026-07-17,19820.0,19900.0,19410.0,19800.0,15571
NYAX.TA,2026-07-20,19800.0,20660.0,19610.0,20600.0,68796
NYAX.TA,2026-07-21,20610.0,21210.0,20560.0,21200.0,67820
NYAX.TA,2026-07-22,21360.0,21450.0,21000.0,21030.0,24991
NYAX.TA,2026-07-24,21010.0,21710.0,20810.0,21590.0,50524
NYAX.TA,2026-07-27,21460.0,22000.0,21000.0,21530.0,81241
NYAX.TA,2026-07-28,21400.0,21920.0,20930.0,21030.0,59387
NYAX.TA,2026-07-29,21030.0,21680.0,20030.0,21210.0,66332
NYAX.TA,2026-07-30,21050.0,21080.0,20250.0,20370.0,43870
NYAX.TA,2026-07-31,20490.0,21270.0,20350.0,20780.0,41695
NYAX.TA,2026-08-03,20830.0,21590.0,20810.0,21190.0,73352
NYAX.TA,2026-08-04,21340.0,21420.0,20120.0,20310.0,32205
NYAX.TA,2026-08-05,20310.0,20860.0,19910.0,20000.0,74237
NYAX.TA,2026-08-06,20090.0,21130.0,19400.0,20500.0,473890
NYAX.TA,2026-08-07,20500.0,20990.0,20500.0,20760.0,25829
NYAX.TA,2026-08-10,20760.0,20920.0,18550.0,18650.0,287259
NYAX.TA,2026-08-11,18650.0,18650.0,15520.0,15580.0,480361
NYAX.TA,2026-08-12,15580.0,16030.0,15150.0,15150.0,387616
NYAX.TA,2026-08-13,15000.0,16000.0,14900.0,15700.0,310051
NYAX.TA,2026-08-14,15800.0,15990.0,15100.0,15230.0,74892
NYAX.TA,2026-08-17,15140.0,15460.0,14100.0,14270.0,122749
NYAX.TA,2026-08-18,14200.0,14310.0,13710.0,13920.0,210366
NYAX.TA,2026-08-19,13820.0,14700.0,13750.0,14460.0,162013
NYAX.TA,2026-08-20,14500.0,14570.0,14130.0,14330.0,47327
NYAX.TA,2026-08-21,14290.0,14330.0,13880.0,13920.0,46056
NYAX.TA,2026-08-24,13880.0,14150.0,13500.0,13850.0,59252
NYAX.TA,2026-08-25,13850.0,15770.0,13480.0,15630.0,251385
NYAX.TA,2026-08-26,15630.0,16560.0,15090.0,16250.0,172790
NYAX.TA,2026-08-27,16110.0,16660.0,15420.0,15650.0,137220
NYAX.TA,2026-08-28,15520.0,15930.0,15220.0,15450.0,72194
NYAX.TA,2026-08-31,15450.0,16010.0,15270.0,15630.0,91164
NYAX.TA,2026-09-01,15310.0,16470.0,15310.0,16290.0,94221
NYAX.TA,2026-09-02,16230.0,16610.0,15690.0,16220.0,417427
NYAX.TA,2026-09-03,16000.0,16310.0,15630.0,15850.0,86524
NYAX.TA,2026-09-04,15850.0,15990.0,15530.0,15900.0,71871
NYAX.TA,2026-09-07,15900.0,16340.0,15700.0,15900.0,34054
NYAX.TA,2026-09-08,15900.0,16020.0,15450.0,15450.0,133760
NYAX.TA,2026-09-09,15450.0,15880.0,14890.0,15080.0,48221
NYAX.TA,2026-09-10,14870.0,15080.0,14300.0,14500.0,410686
NYAX.TA,2026-09-11,14500.0,14500.0,14500.0,14500.0,0
NYAX.TA,2026-09-14,13990.0,14380.0,13850.0,13950.0,55001
NYAX.TA,2026-09-15,13950.0,14360.0,13200.0,13750.0,700257
NYAX.TA,2026-09-16,13560.0,13800.0,13120.0,13200.0,146817
NYAX.TA,2026-09-17,13230.0,13280.0,12520.0,13260.0,123752
NYAX.TA,2026-09-18,13260.0,13260.0,13260.0,13260.0,0
NYAX.TA,2026-09-21,13260.0,13260.0,13260.0,13260.0,0
NYAX.TA,2026-09-22,13300.0,13310.0,12450.0,13100.0,314414
NYAX.TA,2026-09-23,13280.0,13280.0,12700.0,13000.0,64039
NYAX.TA,2026-09-24,12960.0,13650.0,12790.0,13600.0,172786
ASHG.TA,2026-07-16,6611.0,6659.0,6498.0,6558.0,78960
ASHG.TA,2026-07-17,6516.0,6578.0,6480.0,6558.0,39347
ASHG.TA,2026-07-20,6558.0,6619.0,6402.0,6450.0,72872
ASHG.TA,2026-07-21,6450.0,6565.0,6406.0,6500.0,102783
ASHG.TA,2026-07-22,6524.0,6577.0,6401.0,6409.0,95583
ASHG.TA,2026-07-24,6332.0,6495.0,6332.0,6449.0,147124
ASHG.TA,2026-07-27,6500.0,6591.0,6312.0,6312.0,69500
ASHG.TA,2026-07-28,6315.0,6469.0,6248.0,6289.0,89160
ASHG.TA,2026-07-29,6279.0,6363.0,6185.0,6239.0,99106
ASHG.TA,2026-07-30,6219.0,6242.0,6113.0,6180.0,79511
ASHG.TA,2026-07-31,6197.0,6349.0,6195.0,6272.0,43827
ASHG.TA,2026-08-03,6272.0,6300.0,6128.0,6203.0,146274
ASHG.TA,2026-08-04,6203.0,6249.0,6049.0,6125.0,507131
ASHG.TA,2026-08-05,6109.0,6171.0,5945.0,6049.0,170378
ASHG.TA,2026-08-06,5989.0,6247.0,5944.0,6060.0,994432
ASHG.TA,2026-08-07,6060.0,6125.0,5961.0,6035.0,70430
ASHG.TA,2026-08-10,6030.0,6068.0,5643.0,5643.0,110933
ASHG.TA,2026-08-11,5655.0,5726.0,5560.0,5680.0,71592
ASHG.TA,2026-08-12,5629.0,5700.0,5451.0,5482.0,694414
ASHG.TA,2026-08-13,5405.0,5648.0,5388.0,5597.0,78944
ASHG.TA,2026-08-14,5597.0,5621.0,5513.0,5586.0,42225
ASHG.TA,2026-08-17,5586.0,5612.0,5405.0,5439.0,113097
ASHG.TA,2026-08-18,5401.0,5511.0,5327.0,5486.0,139873
ASHG.TA,2026-08-19,5452.0,5622.0,5403.0,5486.0,98712
ASHG.TA,2026-08-20,5486.0,5602.0,5451.0,5484.0,94131
ASHG.TA,2026-08-21,5484.0,5592.0,5468.0,5569.0,61677
ASHG.TA,2026-08-24,5569.0,5621.0,5472.0,5500.0,57969
ASHG.TA,2026-08-25,5500.0,5609.0,5497.0,5579.0,62653
ASHG.TA,2026-08-26,5511.0,5562.0,5080.0,5458.0,363218
ASHG.TA,2026-08-27,5458.0,5719.0,5400.0,5714.0,123005
ASHG.TA,2026-08-28,5676.0,5733.0,5528.0,5570.0,87803
ASHG.TA,2026-08-31,5535.0,5681.0,5415.0,5611.0,93625
ASHG.TA,2026-09-01,5504.0,6065.0,5504.0,6046.0,269191
ASHG.TA,2026-09-02,6001.0,6200.0,5970.0,6123.0,122913
ASHG.TA,2026-09-03,6002.0,6245.0,6002.0,6211.0,76581
ASHG.TA,2026-09-04,6211.0,6282.0,6151.0,6172.0,45592
ASHG.TA,2026-09-07,6220.0,6230.0,6078.0,6203.0,68878
ASHG.TA,2026-09-08,6203.0,6203.0,5955.0,5964.0,66370
ASHG.TA,2026-09-09,5964.0,6028.0,5872.0,5882.0,62543
ASHG.TA,2026-09-10,5976.0,5976.0,5737.0,5788.0,79254
ASHG.TA,2026-09-11,5788.0,5788.0,5788.0,5788.0,0
ASHG.TA,2026-09-14,5752.0,5852.0,5696.0,5750.0,53019
ASHG.TA,2026-09-15,5750.0,5804.0,5656.0,5772.0,128627
ASHG.TA,2026-09-16,5772.0,5883.0,5772.0,5783.0,92213
ASHG.TA,2026-09-17,5783.0,5869.0,5685.0,5697.0,100478
ASHG.TA,2026-09-18,5697.0,5697.0,5697.0,5697.0,0
ASHG.TA,2026-09-21,5697.0,5697.0,5697.0,5697.0,0
ASHG.TA,2026-09-22,5697.0,5838.0,5642.0,5694.0,72120
ASHG.TA,2026-09-23,5694.0,5762.0,5627.0,5675.0,65317
ASHG.TA,2026-09-24,5639.0,5681.0,5530.0,5576.0,125279
NAWI.TA,2026-07-16,4661.0,4730.0,4592.0,4683.0,7981
NAWI.TA,2026-07-17,4433.0,4780.0,4433.0,4693.0,7428
NAWI.TA,2026-07-20,4648.0,4781.0,4642.0,4645.0,6595
NAWI.TA,2026-07-21,4352.0,4730.0,4352.0,4720.0,16302
NAWI.TA,2026-07-22,4720.0,4743.0,4664.0,4720.0,4681
NAWI.TA,2026-07-24,4720.0,4754.0,4670.0,4734.0,14268
NAWI.TA,2026-07-27,4734.0,4779.0,4569.0,4652.0,50613
NAWI.TA,2026-07-28,4652.0,4696.0,4455.0,4476.0,9411
NAWI.TA,2026-07-29,4476.0,4482.0,4389.0,4431.0,10350
NAWI.TA,2026-07-30,4431.0,4431.0,4346.0,4374.0,21978
NAWI.TA,2026-07-31,4374.0,4597.0,4373.0,4576.0,6645
NAWI.TA,2026-08-03,4576.0,4640.0,4551.0,4582.0,8537
NAWI.TA,2026-08-04,4582.0,4673.0,4503.0,4517.0,4813
NAWI.TA,2026-08-05,4517.0,4551.0,4374.0,4446.0,4031
NAWI.TA,2026-08-06,4446.0,4846.0,4464.0,4487.0,47416
NAWI.TA,2026-08-07,4487.0,4554.0,4486.0,4544.0,3005
NAWI.TA,2026-08-10,4517.0,4615.0,4517.0,4539.0,9719
NAWI.TA,2026-08-11,4539.0,4539.0,4420.0,4450.0,3353
NAWI.TA,2026-08-12,4450.0,4539.0,4296.0,4307.0,9219
NAWI.TA,2026-08-13,4307.0,4643.0,4246.0,4538.0,33040
NAWI.TA,2026-08-14,4587.0,4804.0,4587.0,4749.0,45238
NAWI.TA,2026-08-17,4749.0,4749.0,4431.0,4431.0,23944
NAWI.TA,2026-08-18,4431.0,4600.0,4368.0,4548.0,158728
NAWI.TA,2026-08-19,4548.0,4620.0,4467.0,4472.0,18230
NAWI.TA,2026-08-20,4556.0,4556.0,4426.0,4478.0,25110
NAWI.TA,2026-08-21,4478.0,4523.0,4478.0,4509.0,3623
NAWI.TA,2026-08-24,4474.0,4474.0,4336.0,4353.0,17330
NAWI.TA,2026-08-25,4404.0,4404.0,4299.0,4306.0,12722
NAWI.TA,2026-08-26,4306.0,4344.0,4231.0,4273.0,4539
NAWI.TA,2026-08-27,4273.0,4425.0,4267.0,4406.0,125253
NAWI.TA,2026-08-28,4406.0,4506.0,4354.0,4497.0,13109
NAWI.TA,2026-08-31,4497.0,4550.0,4432.0,4448.0,9955
NAWI.TA,2026-09-01,4448.0,4749.0,4448.0,4693.0,36299
NAWI.TA,2026-09-02,4693.0,4830.0,4677.0,4785.0,94685
NAWI.TA,2026-09-03,4785.0,4831.0,4710.0,4741.0,20273
NAWI.TA,2026-09-04,4741.0,4775.0,4650.0,4673.0,7481
NAWI.TA,2026-09-07,4673.0,4799.0,4630.0,4701.0,14879
NAWI.TA,2026-09-08,4701.0,4753.0,4660.0,4720.0,133386
NAWI.TA,2026-09-09,4720.0,4861.0,4638.0,4821.0,19981
NAWI.TA,2026-09-10,4821.0,4940.0,4821.0,4910.0,15651
NAWI.TA,2026-09-11,4910.0,4910.0,4910.0,4910.0,0
NAWI.TA,2026-09-14,4849.0,4913.0,4822.0,4860.0,8165
NAWI.TA,2026-09-15,4890.0,4891.0,4733.0,4780.0,57403
NAWI.TA,2026-09-16,4762.0,4874.0,4762.0,4813.0,10494
NAWI.TA,2026-09-17,4813.0,4845.0,4763.0,4812.0,4629
NAWI.TA,2026-09-18,4812.0,4812.0,4812.0,4812.0,0
NAWI.TA,2026-09-21,4812.0,4812.0,4812.0,4812.0,0
NAWI.TA,2026-09-22,4812.0,4819.0,4724.0,4783.0,11040
NAWI.TA,2026-09-23,4783.0,4783.0,4670.0,4742.0,7714
NAWI.TA,2026-09-24,4742.0,4742.0,4600.0,4668.0,17135
MNIF.TA,2026-07-16,2295.0,2355.0,2275.0,2355.0,15266
MNIF.TA,2026-07-17,2301.0,2400.0,2301.0,2398.0,5733
MNIF.TA,2026-07-20,2398.0,2482.0,2376.0,2393.0,15088
MNIF.TA,2026-07-21,2393.0,2411.0,2372.0,2390.0,9383
MNIF.TA,2026-07-22,2390.0,2439.0,2390.0,2412.0,38992
MNIF.TA,2026-07-24,2412.0,2412.0,2308.0,2364.0,14062
MNIF.TA,2026-07-27,2301.0,2413.0,2256.0,2256.0,15173
MNIF.TA,2026-07-28,2256.0,2277.0,2188.0,2223.0,41298
MNIF.TA,2026-07-29,2223.0,2240.0,2170.0,2215.0,14321
MNIF.TA,2026-07-30,2215.0,2295.0,2180.0,2271.0,19132
MNIF.TA,2026-07-31,2271.0,2312.0,2269.0,2307.0,5853
MNIF.TA,2026-08-03,2307.0,2316.0,2205.0,2238.0,46131
MNIF.TA,2026-08-04,2238.0,2259.0,2180.0,2259.0,55303
MNIF.TA,2026-08-05,2259.0,2276.0,2218.0,2227.0,31098
MNIF.TA,2026-08-06,2227.0,2427.0,2147.0,2210.0,155898
MNIF.TA,2026-08-07,2210.0,2237.0,2195.0,2218.0,14792
MNIF.TA,2026-08-10,2218.0,2236.0,2123.0,2151.0,124822
MNIF.TA,2026-08-11,2151.0,2151.0,1982.0,2052.0,157433
MNIF.TA,2026-08-12,2052.0,2175.0,2019.0,2150.0,115345
MNIF.TA,2026-08-13,2150.0,2245.0,2130.0,2238.0,34848
MNIF.TA,2026-08-14,2238.0,2244.0,2185.0,2221.0,15309
MNIF.TA,2026-08-17,2257.0,2257.0,2148.0,2175.0,64194
MNIF.TA,2026-08-18,2175.0,2221.0,2104.0,2201.0,17008
MNIF.TA,2026-08-19,2201.0,2264.0,2201.0,2219.0,34430
MNIF.TA,2026-08-20,2227.0,2271.0,2184.0,2228.0,21931
MNIF.TA,2026-08-21,2228.0,2265.0,2228.0,2242.0,14569
MNIF.TA,2026-08-24,2208.0,2208.0,2027.0,2144.0,23651
MNIF.TA,2026-08-25,2144.0,2219.0,2100.0,2200.0,27141
MNIF.TA,2026-08-26,2200.0,2228.0,2138.0,2212.0,32201
MNIF.TA,2026-08-27,2212.0,2228.0,2160.0,2205.0,23088
MNIF.TA,2026-08-28,2205.0,2379.0,2179.0,2279.0,60031
MNIF.TA,2026-08-31,2279.0,2380.0,2217.0,2231.0,53310
MNIF.TA,2026-09-01,2231.0,2390.0,2231.0,2333.0,51368
MNIF.TA,2026-09-02,2309.0,2432.0,2309.0,2430.0,23152
MNIF.TA,2026-09-03,2302.0,2500.0,2302.0,2456.0,22212
MNIF.TA,2026-09-04,2430.0,2468.0,2422.0,2440.0,11458
MNIF.TA,2026-09-07,2420.0,2461.0,2411.0,2453.0,13861
MNIF.TA,2026-09-08,2417.0,2441.0,2385.0,2417.0,20053
MNIF.TA,2026-09-09,2417.0,2458.0,2411.0,2431.0,22599
MNIF.TA,2026-09-10,2431.0,2435.0,2291.0,2328.0,19574
MNIF.TA,2026-09-11,2328.0,2328.0,2328.0,2328.0,0
MNIF.TA,2026-09-14,2274.0,2318.0,2223.0,2253.0,12345
MNIF.TA,2026-09-15,2253.0,2253.0,2187.0,2231.0,8592
MNIF.TA,2026-09-16,2231.0,2252.0,2190.0,2206.0,14178
MNIF.TA,2026-09-17,2206.0,2239.0,2160.0,2205.0,27745
MNIF.TA,2026-09-18,2205.0,2205.0,2205.0,2205.0,0
MNIF.TA,2026-09-21,2205.0,2205.0,2205.0,2205.0,0
MNIF.TA,2026-09-22,2205.0,2235.0,2193.0,2208.0,15341
MNIF.TA,2026-09-23,2208.0,2229.0,2190.0,2201.0,21791
MNIF.TA,2026-09-24,2201.0,2225.0,2163.0,2201.0,15533
GLTL.TA,2026-07-16,236.6999969482422,236.6999969482422,226.0,229.3000030517578,853416
GLTL.TA,2026-07-17,229.0,229.0,219.0,221.0,727566
GLTL.TA,2026-07-20,221.0,234.0,220.60000610351562,233.5,790746
GLTL.TA,2026-07-21,234.89999389648438,234.89999389648438,230.89999389648438,232.0,306125
GLTL.TA,2026-07-22,232.0,244.5,233.6999969482422,235.5,455800
GLTL.TA,2026-07-24,235.5,235.0,231.3000030517578,232.60000610351562,152502
GLTL.TA,2026-07-27,238.8000030517578,238.8000030517578,229.60000610351562,230.60000610351562,571431
GLTL.TA,2026-07-28,230.60000610351562,230.6999969482422,225.0,227.3000030517578,604903
GLTL.TA,2026-07-29,227.3000030517578,227.3000030517578,221.3000030517578,224.5,950548
GLTL.TA,2026-07-30,224.5,227.3000030517578,214.8000030517578,223.89999389648438,1030738
GLTL.TA,2026-07-31,223.89999389648438,223.89999389648438,219.39999389648438,223.89999389648438,199562
GLTL.TA,2026-08-03,223.89999389648438,226.39999389648438,221.0,222.1999969482422,269013
GLTL.TA,2026-08-04,222.1999969482422,230.0,219.5,220.3000030517578,713725
GLTL.TA,2026-08-05,228.8000030517578,235.0,221.0,221.39999389648438,831236
GLTL.TA,2026-08-06,221.39999389648438,225.10000610351562,220.6999969482422,221.3000030517578,554269
GLTL.TA,2026-08-07,221.3000030517578,221.6999969482422,219.60000610351562,220.1999969482422,605516
GLTL.TA,2026-08-10,224.0,225.5,218.1999969482422,218.89999389648438,1068912
GLTL.TA,2026-08-11,218.89999389648438,220.89999389648438,215.3000030517578,217.8000030517578,568292
GLTL.TA,2026-08-12,217.8000030517578,222.5,217.10000610351562,218.10000610351562,387227
GLTL.TA,2026-08-13,218.10000610351562,219.39999389648438,214.1999969482422,216.1999969482422,630590
GLTL.TA,2026-08-14,216.1999969482422,219.10000610351562,216.8000030517578,218.3000030517578,108693
GLTL.TA,2026-08-17,218.3000030517578,222.0,213.60000610351562,214.10000610351562,460448
GLTL.TA,2026-08-18,211.89999389648438,215.0,209.39999389648438,215.0,448004
GLTL.TA,2026-08-19,215.0,229.3000030517578,213.89999389648438,225.0,557061
GLTL.TA,2026-08-20,231.6999969482422,238.0,213.39999389648438,220.1999969482422,2457415
GLTL.TA,2026-08-21,225.0,228.89999389648438,222.0,224.5,476988
GLTL.TA,2026-08-24,224.5,230.0,221.8000030517578,222.5,482108
GLTL.TA,2026-08-25,222.5,224.0,215.0,215.0,685858
GLTL.TA,2026-08-26,215.0,221.6999969482422,215.0,218.1999969482422,450295
GLTL.TA,2026-08-27,222.0,228.5,217.8000030517578,225.39999389648438,530449
GLTL.TA,2026-08-28,225.39999389648438,227.89999389648438,215.5,227.0,181257
GLTL.TA,2026-08-31,227.0,227.5,213.0,216.39999389648438,1106322
GLTL.TA,2026-09-01,216.39999389648438,226.8000030517578,216.39999389648438,226.0,651062
GLTL.TA,2026-09-02,226.0,230.6999969482422,223.5,229.10000610351562,652086
GLTL.TA,2026-09-03,229.10000610351562,243.0,229.10000610351562,237.0,554413
GLTL.TA,2026-09-04,239.0,239.0,235.0,236.39999389648438,348653
GLTL.TA,2026-09-07,237.8000030517578,237.8000030517578,231.8000030517578,233.0,238375
GLTL.TA,2026-09-08,233.0,235.0,225.8000030517578,227.39999389648438,333795
GLTL.TA,2026-09-09,227.39999389648438,230.1999969482422,223.39999389648438,225.10000610351562,203580
GLTL.TA,2026-09-10,223.6999969482422,223.6999969482422,216.10000610351562,220.5,648772
GLTL.TA,2026-09-11,220.5,220.5,220.5,220.5,0
GLTL.TA,2026-09-14,220.5,225.0,216.0,216.6999969482422,559298
GLTL.TA,2026-09-15,216.0,217.39999389648438,210.0,212.60000610351562,2434997
GLTL.TA,2026-09-16,212.60000610351562,219.89999389648438,212.60000610351562,217.5,587856
GLTL.TA,2026-09-17,217.5,222.5,216.39999389648438,221.89999389648438,1003098
GLTL.TA,2026-09-18,221.89999389648438,221.89999389648438,221.89999389648438,221.89999389648438,0
GLTL.TA,2026-09-21,221.89999389648438,221.89999389648438,221.89999389648438,221.89999389648438,0
GLTL.TA,2026-09-22,224.0,226.10000610351562,217.0,221.39999389648438,898046
GLTL.TA,2026-09-23,221.39999389648438,224.10000610351562,216.0,218.60000610351562,296913
GLTL.TA,2026-09-24,218.60000610351562,216.60000610351562,212.0,213.10000610351562,469646
LAHAV.TA,2026-07-16,1231.0,1249.0,1201.0,1228.0,247774
LAHAV.TA,2026-07-17,1228.0,1228.0,1186.0,1203.0,277429
LAHAV.TA,2026-07-20,1200.0,1225.0,1189.0,1215.0,272097
LAHAV.TA,2026-07-21,1215.0,1241.0,1210.0,1235.0,244168
LAHAV.TA,2026-07-22,1244.0,1244.0,1160.0,1164.0,327206
LAHAV.TA,2026-07-24,1143.0,1194.0,1140.0,1193.0,281766
LAHAV.TA,2026-07-27,1193.0,1214.0,1171.0,1179.0,225909
LAHAV.TA,2026-07-28,1179.0,1179.0,1105.0,1105.0,268718
LAHAV.TA,2026-07-29,1112.0,1153.0,1075.0,1145.0,388330
LAHAV.TA,2026-07-30,1151.0,1154.0,1097.0,1129.0,242151
LAHAV.TA,2026-07-31,1129.0,1130.0,1105.0,1126.0,121667
LAHAV.TA,2026-08-03,1126.0,1130.0,1074.0,1079.0,353703
LAHAV.TA,2026-08-04,1087.0,1114.0,1082.0,1105.0,290862
LAHAV.TA,2026-08-05,1105.0,1120.0,1077.0,1093.0,406874
LAHAV.TA,2026-08-06,1105.0,1105.0,1035.0,1083.0,3346986
LAHAV.TA,2026-08-07,1083.0,1104.0,1057.0,1065.0,352349
LAHAV.TA,2026-08-10,1065.0,1082.0,1050.0,1061.0,209533
LAHAV.TA,2026-08-11,1060.0,1064.0,1029.0,1049.0,219084
LAHAV.TA,2026-08-12,1049.0,1069.0,1043.0,1061.0,277830
LAHAV.TA,2026-08-13,1061.0,1127.0,1051.0,1127.0,259701
LAHAV.TA,2026-08-14,1127.0,1127.0,1084.0,1084.0,91642
LAHAV.TA,2026-08-17,1080.0,1086.0,1040.0,1040.0,211111
LAHAV.TA,2026-08-18,1040.0,1061.0,1024.0,1047.0,223672
LAHAV.TA,2026-08-19,1047.0,1072.0,1044.0,1058.0,153644
LAHAV.TA,2026-08-20,1062.0,1084.0,1053.0,1067.0,193679
LAHAV.TA,2026-08-21,1066.0,1082.0,1056.0,1077.0,322879
LAHAV.TA,2026-08-24,1085.0,1133.0,1085.0,1110.0,360705
LAHAV.TA,2026-08-25,1110.0,1119.0,1079.0,1079.0,332133
LAHAV.TA,2026-08-26,1090.0,1160.0,1079.0,1140.0,763756
LAHAV.TA,2026-08-27,1140.0,1150.0,1121.0,1132.0,180311
LAHAV.TA,2026-08-28,1132.0,1164.0,1127.0,1155.0,174907
LAHAV.TA,2026-08-31,1146.0,1160.0,1131.0,1134.0,144883
LAHAV.TA,2026-09-01,1134.0,1180.0,1116.0,1176.0,720180
LAHAV.TA,2026-09-02,1176.0,1249.0,1149.0,1212.0,427266
LAHAV.TA,2026-09-03,1219.0,1220.0,1200.0,1212.0,185553
LAHAV.TA,2026-09-04,1212.0,1212.0,1198.0,1211.0,108387
LAHAV.TA,2026-09-07,1211.0,1244.0,1188.0,1243.0,218654
LAHAV.TA,2026-09-08,1243.0,1245.0,1189.0,1198.0,283931
LAHAV.TA,2026-09-09,1198.0,1224.0,1190.0,1190.0,200096
LAHAV.TA,2026-09-10,1220.0,1220.0,1150.0,1167.0,197073
LAHAV.TA,2026-09-11,1167.0,1167.0,1167.0,1167.0,0
LAHAV.TA,2026-09-14,1161.0,1179.0,1154.0,1165.0,152262
LAHAV.TA,2026-09-15,1153.0,1172.0,1116.0,1120.0,172711
LAHAV.TA,2026-09-16,1120.0,1154.0,1120.0,1142.0,301121
LAHAV.TA,2026-09-17,1142.0,1172.0,1140.0,1172.0,797693
LAHAV.TA,2026-09-18,1172.0,1172.0,1172.0,1172.0,0
LAHAV.TA,2026-09-21,1172.0,1172.0,1172.0,1172.0,0
LAHAV.TA,2026-09-22,1172.0,1199.0,1150.0,1163.0,191472
LAHAV.TA,2026-09-23,1163.0,1184.0,1156.0,1162.0,209616
LAHAV.TA,2026-09-24,1152.0,1152.0,1121.0,1129.0,213710
CMDR.TA,2026-07-16,30510.0,31050.0,30530.0,31000.0,134
CMDR.TA,2026-07-17,29420.0,31140.0,29420.0,30280.0,307
CMDR.TA,2026-07-20,30280.0,30310.0,29860.0,30090.0,1840
CMDR.TA,2026-07-21,30090.0,30740.0,29950.0,30090.0,351
CMDR.TA,2026-07-22,30090.0,30200.0,30080.0,30130.0,47
CMDR.TA,2026-07-24,30130.0,30080.0,29400.0,29890.0,214
CMDR.TA,2026-07-27,29890.0,30090.0,29390.0,29660.0,269
CMDR.TA,2026-07-28,29660.0,30900.0,29570.0,30550.0,520
CMDR.TA,2026-07-29,30550.0,30690.0,30100.0,30430.0,157
CMDR.TA,2026-07-30,30430.0,30460.0,29390.0,29900.0,1048
CMDR.TA,2026-07-31,29900.0,30560.0,29700.0,30300.0,462
CMDR.TA,2026-08-03,30300.0,30350.0,29680.0,29870.0,280
CMDR.TA,2026-08-04,29710.0,30300.0,29390.0,29890.0,986
CMDR.TA,2026-08-05,30140.0,30150.0,28600.0,28770.0,1403
CMDR.TA,2026-08-06,28770.0,29000.0,26950.0,26950.0,6386
CMDR.TA,2026-08-07,26950.0,28250.0,26950.0,28010.0,343
CMDR.TA,2026-08-10,28010.0,29400.0,28120.0,29380.0,585
CMDR.TA,2026-08-11,29380.0,29990.0,28800.0,29840.0,763
CMDR.TA,2026-08-12,29840.0,30010.0,29030.0,29510.0,277
CMDR.TA,2026-08-13,29510.0,30200.0,29510.0,30150.0,585
CMDR.TA,2026-08-14,30150.0,30980.0,30140.0,30360.0,189
CMDR.TA,2026-08-17,30360.0,31000.0,29940.0,30180.0,185
CMDR.TA,2026-08-18,30180.0,32700.0,30180.0,32310.0,478
CMDR.TA,2026-08-19,32310.0,32500.0,31310.0,31890.0,133
CMDR.TA,2026-08-20,31890.0,32300.0,31500.0,31710.0,17
CMDR.TA,2026-08-21,31710.0,31860.0,31400.0,31470.0,66
CMDR.TA,2026-08-24,31400.0,31400.0,30570.0,30800.0,654
CMDR.TA,2026-08-25,30800.0,32040.0,30620.0,31540.0,61
CMDR.TA,2026-08-26,31540.0,32440.0,31520.0,32090.0,86
CMDR.TA,2026-08-27,32090.0,32970.0,32090.0,32610.0,1089
CMDR.TA,2026-08-28,32610.0,32930.0,32320.0,32640.0,311
CMDR.TA,2026-08-31,32640.0,33200.0,32320.0,32710.0,272
CMDR.TA,2026-09-01,32710.0,34500.0,32600.0,33840.0,230
CMDR.TA,2026-09-02,33840.0,35750.0,34590.0,35540.0,3897
CMDR.TA,2026-09-03,35110.0,35490.0,33850.0,34590.0,166
CMDR.TA,2026-09-04,34590.0,35280.0,34670.0,34850.0,94
CMDR.TA,2026-09-07,34850.0,35050.0,34220.0,34670.0,145
CMDR.TA,2026-09-08,34670.0,35190.0,34330.0,34800.0,35
CMDR.TA,2026-09-09,34800.0,35500.0,34180.0,34860.0,21
CMDR.TA,2026-09-10,34860.0,35210.0,33360.0,33620.0,707
CMDR.TA,2026-09-11,33620.0,33620.0,33620.0,33620.0,0
CMDR.TA,2026-09-14,33620.0,34520.0,33570.0,34100.0,294
CMDR.TA,2026-09-15,34100.0,34190.0,33500.0,33690.0,343
CMDR.TA,2026-09-16,33690.0,34690.0,33390.0,34260.0,145
CMDR.TA,2026-09-17,34260.0,34700.0,34260.0,34510.0,40
CMDR.TA,2026-09-18,34510.0,34510.0,34510.0,34510.0,0
CMDR.TA,2026-09-21,34510.0,34510.0,34510.0,34510.0,0
CMDR.TA,2026-09-22,34510.0,35040.0,34080.0,34960.0,256
CMDR.TA,2026-09-23,34960.0,36200.0,34000.0,35410.0,412
CMDR.TA,2026-09-24,35410.0,35850.0,34580.0,35540.0,172
RPAC.TA,2026-07-16,8962.0,9099.0,8778.0,8878.0,6439
RPAC.TA,2026-07-17,8878.0,8877.0,8605.0,8629.0,6370
RPAC.TA,2026-07-20,8629.0,8787.0,8454.0,8659.0,13916
RPAC.TA,2026-07-21,8659.0,8845.0,8482.0,8703.0,10399
RPAC.TA,2026-07-22,8703.0,8912.0,8699.0,8804.0,3791
RPAC.TA,2026-07-24,8804.0,9027.0,8752.0,8980.0,17859
RPAC.TA,2026-07-27,8980.0,9195.0,8680.0,9000.0,7835
RPAC.TA,2026-07-28,9000.0,9122.0,8634.0,8691.0,10884
RPAC.TA,2026-07-29,8691.0,8864.0,8555.0,8574.0,7906
RPAC.TA,2026-07-30,8574.0,8588.0,8382.0,8416.0,6250
RPAC.TA,2026-07-31,8416.0,8635.0,8378.0,8464.0,2703
RPAC.TA,2026-08-03,8464.0,8625.0,8086.0,8179.0,4869
RPAC.TA,2026-08-04,8179.0,8541.0,8179.0,8219.0,6856
RPAC.TA,2026-08-05,8219.0,8382.0,8030.0,8050.0,8121
RPAC.TA,2026-08-06,8050.0,8162.0,7905.0,7913.0,13016
RPAC.TA,2026-08-07,7913.0,8140.0,7885.0,7922.0,6761
RPAC.TA,2026-08-10,7922.0,8116.0,7469.0,7520.0,13144
RPAC.TA,2026-08-11,7520.0,7690.0,7202.0,7346.0,33657
RPAC.TA,2026-08-12,7346.0,7633.0,7185.0,7233.0,6505
RPAC.TA,2026-08-13,7233.0,7493.0,7233.0,7301.0,6135
RPAC.TA,2026-08-14,7301.0,7418.0,7231.0,7306.0,1786
RPAC.TA,2026-08-17,7306.0,7439.0,7105.0,7279.0,3834
RPAC.TA,2026-08-18,7279.0,7307.0,7190.0,7306.0,4506
RPAC.TA,2026-08-19,7306.0,7498.0,7303.0,7431.0,3857
RPAC.TA,2026-08-20,7431.0,7733.0,7431.0,7486.0,3517
RPAC.TA,2026-08-21,7486.0,7576.0,7486.0,7509.0,877
RPAC.TA,2026-08-24,7509.0,7527.0,7300.0,7401.0,1694
RPAC.TA,2026-08-25,7401.0,7572.0,6818.0,7287.0,28118
RPAC.TA,2026-08-26,7287.0,7713.0,7177.0,7426.0,5773
RPAC.TA,2026-08-27,7426.0,7595.0,7274.0,7401.0,4466
RPAC.TA,2026-08-28,7401.0,7420.0,7222.0,7411.0,9173
RPAC.TA,2026-08-31,7411.0,7768.0,7304.0,7656.0,13331
RPAC.TA,2026-09-01,7656.0,7879.0,7413.0,7758.0,9300
RPAC.TA,2026-09-02,7758.0,7909.0,7695.0,7829.0,2471
RPAC.TA,2026-09-03,7829.0,8123.0,7653.0,7923.0,3851
RPAC.TA,2026-09-04,7923.0,8050.0,7777.0,7925.0,1640
RPAC.TA,2026-09-07,7925.0,8100.0,7799.0,7913.0,3711
RPAC.TA,2026-09-08,7913.0,7852.0,7635.0,7852.0,3733
RPAC.TA,2026-09-09,7852.0,7796.0,7588.0,7675.0,4722
RPAC.TA,2026-09-10,7675.0,7675.0,7435.0,7485.0,12775
RPAC.TA,2026-09-11,7485.0,7485.0,7485.0,7485.0,0
RPAC.TA,2026-09-14,7485.0,7485.0,7373.0,7438.0,2107
RPAC.TA,2026-09-15,7438.0,7434.0,7168.0,7198.0,6600
RPAC.TA,2026-09-16,7198.0,7350.0,7198.0,7200.0,4926
RPAC.TA,2026-09-17,7263.0,7263.0,7130.0,7185.0,923
RPAC.TA,2026-09-18,7185.0,7185.0,7185.0,7185.0,0
RPAC.TA,2026-09-21,7185.0,7185.0,7185.0,7185.0,0
RPAC.TA,2026-09-22,7185.0,7310.0,7161.0,7185.0,6692
RPAC.TA,2026-09-23,7185.0,7185.0,7016.0,7096.0,9561
RPAC.TA,2026-09-24,7096.0,7202.0,7030.0,7030.0,7034
ECP.TA,2026-07-16,6849.0,6909.0,6807.0,6890.0,30111
ECP.TA,2026-07-17,6850.0,6946.0,6750.0,6900.0,178762
ECP.TA,2026-07-20,6837.0,6976.0,6783.0,6862.0,75731
ECP.TA,2026-07-21,6820.0,7208.0,6820.0,7194.0,94811
ECP.TA,2026-07-22,7198.0,7345.0,7085.0,7133.0,105660
ECP.TA,2026-07-24,7000.0,7153.0,7000.0,7025.0,20735
ECP.TA,2026-07-27,7025.0,7330.0,7025.0,7060.0,47027
ECP.TA,2026-07-28,7070.0,7348.0,7027.0,7061.0,85810
ECP.TA,2026-07-29,7061.0,7325.0,7001.0,7034.0,42871
ECP.TA,2026-07-30,7034.0,7242.0,6862.0,7170.0,42383
ECP.TA,2026-07-31,7170.0,7240.0,7052.0,7207.0,27419
ECP.TA,2026-08-03,7207.0,7288.0,6908.0,6936.0,24750
ECP.TA,2026-08-04,7000.0,7001.0,6633.0,6633.0,62977
ECP.TA,2026-08-05,6683.0,6741.0,6365.0,6399.0,65837
ECP.TA,2026-08-06,6399.0,6500.0,6398.0,6399.0,291946
ECP.TA,2026-08-07,6399.0,6694.0,6384.0,6600.0,17466
ECP.TA,2026-08-10,6580.0,6690.0,6509.0,6540.0,34029
ECP.TA,2026-08-11,6664.0,6664.0,6313.0,6429.0,47229
ECP.TA,2026-08-12,6429.0,6471.0,6289.0,6386.0,58657
ECP.TA,2026-08-13,6202.0,6443.0,6198.0,6376.0,89514
ECP.TA,2026-08-14,6318.0,6389.0,6282.0,6376.0,14559
ECP.TA,2026-08-17,6376.0,6483.0,6245.0,6248.0,36644
ECP.TA,2026-08-18,6170.0,6236.0,6050.0,6100.0,45352
ECP.TA,2026-08-19,6052.0,6354.0,6040.0,6181.0,56315
ECP.TA,2026-08-20,6353.0,6490.0,6134.0,6376.0,80670
ECP.TA,2026-08-21,6304.0,6330.0,6125.0,6150.0,60048
ECP.TA,2026-08-24,6171.0,6220.0,6076.0,6115.0,84021
ECP.TA,2026-08-25,6115.0,6173.0,6096.0,6127.0,38253
ECP.TA,2026-08-26,6127.0,6345.0,6091.0,6345.0,44438
ECP.TA,2026-08-27,6413.0,6451.0,6327.0,6412.0,27788
ECP.TA,2026-08-28,6509.0,6572.0,6376.0,6572.0,23118
ECP.TA,2026-08-31,6520.0,6642.0,6429.0,6596.0,504795
ECP.TA,2026-09-01,6511.0,6751.0,6511.0,6664.0,35923
ECP.TA,2026-09-02,6597.0,7054.0,6562.0,6956.0,40325
ECP.TA,2026-09-03,6956.0,7246.0,6900.0,7056.0,38981
ECP.TA,2026-09-04,7056.0,7138.0,6920.0,7007.0,29365
ECP.TA,2026-09-07,7006.0,7006.0,6602.0,6650.0,23034
ECP.TA,2026-09-08,6650.0,6705.0,6408.0,6430.0,45083
ECP.TA,2026-09-09,6430.0,6650.0,6279.0,6378.0,173544
ECP.TA,2026-09-10,6378.0,6460.0,6237.0,6300.0,34218
ECP.TA,2026-09-11,6300.0,6300.0,6300.0,6300.0,0
ECP.TA,2026-09-14,6300.0,6450.0,6189.0,6301.0,30264
ECP.TA,2026-09-15,6301.0,6380.0,5964.0,5964.0,70064
ECP.TA,2026-09-16,6142.0,6300.0,5970.0,6235.0,103822
ECP.TA,2026-09-17,6213.0,6445.0,6200.0,6357.0,93354
ECP.TA,2026-09-18,6357.0,6357.0,6357.0,6357.0,0
ECP.TA,2026-09-21,6357.0,6357.0,6357.0,6357.0,0
ECP.TA,2026-09-22,6357.0,6479.0,6199.0,6230.0,52940
ECP.TA,2026-09-23,6124.0,6301.0,6111.0,6150.0,58678
ECP.TA,2026-09-24,6150.0,6175.0,5970.0,6128.0,31617
FTAL.TA,2026-07-16,69960.0,70070.0,68670.0,69480.0,12504
FTAL.TA,2026-07-17,68020.0,69290.0,68010.0,69260.0,7649
FTAL.TA,2026-07-20,68070.0,68990.0,68020.0,68890.0,9546
FTAL.TA,2026-07-21,68840.0,69620.0,68350.0,68640.0,6954
FTAL.TA,2026-07-22,68640.0,69140.0,67350.0,67880.0,9741
FTAL.TA,2026-07-24,66500.0,69800.0,66500.0,69000.0,17467
FTAL.TA,2026-07-27,67640.0,70360.0,67640.0,68630.0,6888
FTAL.TA,2026-07-28,69150.0,70410.0,68180.0,68410.0,4568
FTAL.TA,2026-07-29,68880.0,70060.0,66860.0,69430.0,7229
FTAL.TA,2026-07-30,69430.0,69780.0,65120.0,66900.0,14804
FTAL.TA,2026-07-31,66900.0,68570.0,66780.0,67790.0,5168
FTAL.TA,2026-08-03,67790.0,69110.0,66920.0,67420.0,14071
FTAL.TA,2026-08-04,67420.0,67420.0,64900.0,65320.0,10882
FTAL.TA,2026-08-05,65320.0,65700.0,63790.0,64450.0,17099
FTAL.TA,2026-08-06,65730.0,67110.0,63590.0,67110.0,102919
FTAL.TA,2026-08-07,67110.0,67790.0,66580.0,66730.0,5177
FTAL.TA,2026-08-10,66730.0,66730.0,65510.0,65680.0,11789
FTAL.TA,2026-08-11,65680.0,66130.0,65000.0,65420.0,4899
FTAL.TA,2026-08-12,65420.0,65920.0,64260.0,65400.0,8915
FTAL.TA,2026-08-13,65400.0,66760.0,65060.0,66500.0,4936
FTAL.TA,2026-08-14,66500.0,67950.0,66020.0,67430.0,3954
FTAL.TA,2026-08-17,67430.0,67890.0,65240.0,65300.0,8259
FTAL.TA,2026-08-18,65300.0,66750.0,64060.0,66650.0,4995
FTAL.TA,2026-08-19,66650.0,68310.0,63320.0,66940.0,8369
FTAL.TA,2026-08-20,67170.0,68990.0,66070.0,68020.0,8876
FTAL.TA,2026-08-21,68020.0,68610.0,67500.0,68600.0,3245
FTAL.TA,2026-08-24,68600.0,68610.0,66200.0,66200.0,6542
FTAL.TA,2026-08-25,66200.0,66830.0,65260.0,65810.0,5304
FTAL.TA,2026-08-26,67190.0,70670.0,63650.0,69640.0,19791
FTAL.TA,2026-08-27,68430.0,71500.0,68430.0,71500.0,8611
FTAL.TA,2026-08-28,70100.0,71600.0,69960.0,71190.0,12001
FTAL.TA,2026-08-31,71190.0,72140.0,68640.0,71250.0,9559
FTAL.TA,2026-09-01,72160.0,73980.0,71500.0,73920.0,15865
FTAL.TA,2026-09-02,73920.0,75630.0,73710.0,74700.0,10627
FTAL.TA,2026-09-03,74600.0,75830.0,74050.0,75420.0,9104
FTAL.TA,2026-09-04,74910.0,75840.0,74680.0,74990.0,11589
FTAL.TA,2026-09-07,74990.0,75270.0,72780.0,73580.0,5467
FTAL.TA,2026-09-08,73580.0,73840.0,71040.0,72730.0,17271
FTAL.TA,2026-09-09,72460.0,73100.0,72260.0,72600.0,5122
FTAL.TA,2026-09-10,72600.0,72630.0,69550.0,69670.0,23144
FTAL.TA,2026-09-11,69670.0,69670.0,69670.0,69670.0,0
FTAL.TA,2026-09-14,69670.0,70780.0,68270.0,70650.0,5534
FTAL.TA,2026-09-15,70650.0,70750.0,68320.0,69340.0,6041
FTAL.TA,2026-09-16,69340.0,70380.0,67360.0,67790.0,15571
FTAL.TA,2026-09-17,67790.0,69680.0,66310.0,66800.0,15258
FTAL.TA,2026-09-18,66800.0,66800.0,66800.0,66800.0,0
FTAL.TA,2026-09-21,66800.0,66800.0,66800.0,66800.0,0
FTAL.TA,2026-09-22,66900.0,68280.0,66900.0,67780.0,12556
FTAL.TA,2026-09-23,67780.0,67900.0,66910.0,66910.0,5579
FTAL.TA,2026-09-24,66910.0,67180.0,64880.0,65430.0,13962
LEVI.TA,2026-07-16,39920.0,43510.0,39920.0,41320.0,4467
LEVI.TA,2026-07-17,41320.0,41530.0,40060.0,40390.0,840
LEVI.TA,2026-07-20,40390.0,40580.0,39130.0,40030.0,12697
LEVI.TA,2026-07-21,40030.0,40910.0,40030.0,40840.0,1068
LEVI.TA,2026-07-22,40460.0,41210.0,39690.0,40030.0,3020
LEVI.TA,2026-07-24,40030.0,40950.0,39820.0,40450.0,3323
LEVI.TA,2026-07-27,40450.0,41000.0,38410.0,38690.0,4377
LEVI.TA,2026-07-28,38690.0,38950.0,37440.0,37440.0,2081
LEVI.TA,2026-07-29,37320.0,38190.0,36420.0,37420.0,1792
LEVI.TA,2026-07-30,37090.0,37600.0,35760.0,37310.0,3343
LEVI.TA,2026-07-31,37720.0,39330.0,37180.0,38170.0,1382
LEVI.TA,2026-08-03,38170.0,38170.0,36500.0,36630.0,1199
LEVI.TA,2026-08-04,36630.0,36670.0,34940.0,35280.0,4880
LEVI.TA,2026-08-05,35500.0,35610.0,34230.0,34230.0,3746
LEVI.TA,2026-08-06,34230.0,35650.0,33500.0,34240.0,26239
LEVI.TA,2026-08-07,34240.0,36990.0,34240.0,36640.0,2568
LEVI.TA,2026-08-10,36640.0,36910.0,34190.0,34360.0,1822
LEVI.TA,2026-08-11,34360.0,34480.0,33500.0,33500.0,3573
LEVI.TA,2026-08-12,33500.0,34180.0,33320.0,33530.0,1754
LEVI.TA,2026-08-13,33530.0,34970.0,33390.0,34360.0,2615
LEVI.TA,2026-08-14,34160.0,35000.0,34080.0,34770.0,1075
LEVI.TA,2026-08-17,34770.0,34990.0,33400.0,33400.0,1891
LEVI.TA,2026-08-18,33400.0,34240.0,33190.0,33840.0,8279
LEVI.TA,2026-08-19,35000.0,35130.0,33850.0,34810.0,5312
LEVI.TA,2026-08-20,34810.0,35000.0,34000.0,34770.0,4344
LEVI.TA,2026-08-21,34750.0,35650.0,34750.0,35230.0,2298
LEVI.TA,2026-08-24,35230.0,35230.0,33790.0,34850.0,1662
LEVI.TA,2026-08-25,34850.0,36280.0,33790.0,36020.0,1295
LEVI.TA,2026-08-26,36020.0,36050.0,35130.0,35560.0,1483
LEVI.TA,2026-08-27,35560.0,36880.0,35560.0,36700.0,953
LEVI.TA,2026-08-28,36500.0,37360.0,36430.0,37260.0,1216
LEVI.TA,2026-08-31,37260.0,37260.0,36260.0,36260.0,6541
LEVI.TA,2026-09-01,36260.0,37850.0,35540.0,37640.0,9301
LEVI.TA,2026-09-02,37640.0,38660.0,37250.0,37820.0,2195
LEVI.TA,2026-09-03,37820.0,38460.0,37390.0,37890.0,2898
LEVI.TA,2026-09-04,37890.0,38700.0,37390.0,37930.0,1287
LEVI.TA,2026-09-07,37930.0,38380.0,36700.0,38000.0,9916
LEVI.TA,2026-09-08,38000.0,38380.0,37490.0,37660.0,1209
LEVI.TA,2026-09-09,37660.0,38500.0,37180.0,37340.0,1468
LEVI.TA,2026-09-10,37340.0,36840.0,35090.0,35930.0,2600
LEVI.TA,2026-09-11,35930.0,35930.0,35930.0,35930.0,0
LEVI.TA,2026-09-14,35930.0,36750.0,35120.0,36450.0,1545
LEVI.TA,2026-09-15,36450.0,36640.0,35450.0,35900.0,1223
LEVI.TA,2026-09-16,35900.0,36600.0,35020.0,35800.0,2226
LEVI.TA,2026-09-17,35500.0,36450.0,34990.0,35640.0,8019
LEVI.TA,2026-09-18,35640.0,35640.0,35640.0,35640.0,0
LEVI.TA,2026-09-21,35640.0,35640.0,35640.0,35640.0,0
LEVI.TA,2026-09-22,35640.0,35920.0,35170.0,35310.0,1522
LEVI.TA,2026-09-23,34910.0,36870.0,34910.0,35320.0,1394
LEVI.TA,2026-09-24,35320.0,35610.0,34450.0,34940.0,1170
SCC.TA,2026-07-16,213.0,213.0,207.0,208.39999389648438,154620
SCC.TA,2026-07-17,208.39999389648438,216.89999389648438,208.39999389648438,210.1999969482422,15073
SCC.TA,2026-07-20,210.1999969482422,210.39999389648438,206.60000610351562,208.1999969482422,134995
SCC.TA,2026-07-21,208.1999969482422,220.0,208.0,214.8000030517578,104800
SCC.TA,2026-07-22,214.8000030517578,214.10000610351562,209.89999389648438,210.89999389648438,198425
SCC.TA,2026-07-24,210.89999389648438,210.89999389648438,207.0,208.8000030517578,27594
SCC.TA,2026-07-27,208.8000030517578,212.10000610351562,197.3000030517578,198.60000610351562,195348
SCC.TA,2026-07-28,198.60000610351562,198.60000610351562,186.0,187.89999389648438,336181
SCC.TA,2026-07-29,192.3000030517578,193.0,182.0,187.8000030517578,208427
SCC.TA,2026-07-30,187.8000030517578,189.89999389648438,179.0,188.0,167013
SCC.TA,2026-07-31,188.0,192.89999389648438,181.0,182.6999969482422,49992
SCC.TA,2026-08-03,179.0,188.0,151.1999969482422,166.10000610351562,1146601
SCC.TA,2026-08-04,167.39999389648438,177.10000610351562,160.0,164.8000030517578,620026
SCC.TA,2026-08-05,164.8000030517578,167.0,157.8000030517578,158.89999389648438,828934
SCC.TA,2026-08-06,158.89999389648438,169.89999389648438,158.89999389648438,163.10000610351562,277851
SCC.TA,2026-08-07,163.10000610351562,171.3000030517578,163.0,165.8000030517578,79747
SCC.TA,2026-08-10,165.8000030517578,174.89999389648438,165.8000030517578,171.10000610351562,585094
SCC.TA,2026-08-11,171.10000610351562,171.8000030517578,165.0,166.8000030517578,318038
SCC.TA,2026-08-12,166.8000030517578,167.0,158.0,159.6999969482422,99358
SCC.TA,2026-08-13,159.6999969482422,166.3000030517578,152.0,154.3000030517578,720155
SCC.TA,2026-08-14,154.3000030517578,167.89999389648438,153.39999389648438,161.1999969482422,212609
SCC.TA,2026-08-17,161.1999969482422,162.8000030517578,159.0,160.5,19790
SCC.TA,2026-08-18,160.5,163.0,155.89999389648438,160.0,130867
SCC.TA,2026-08-19,160.0,163.60000610351562,159.0,159.6999969482422,163198
SCC.TA,2026-08-20,159.6999969482422,162.3000030517578,158.0,158.8000030517578,316142
SCC.TA,2026-08-21,158.8000030517578,161.1999969482422,158.0,159.0,21178
SCC.TA,2026-08-24,159.0,159.0,150.0,157.10000610351562,209799
SCC.TA,2026-08-25,157.10000610351562,158.0,153.60000610351562,156.10000610351562,157119
SCC.TA,2026-08-26,156.10000610351562,162.39999389648438,156.10000610351562,160.3000030517578,119371
SCC.TA,2026-08-27,160.3000030517578,162.0,154.10000610351562,159.0,336976
SCC.TA,2026-08-28,159.0,163.0,155.5,159.3000030517578,60541
SCC.TA,2026-08-31,159.3000030517578,164.0,157.10000610351562,158.3000030517578,80398
SCC.TA,2026-09-01,158.3000030517578,169.60000610351562,158.3000030517578,161.3000030517578,441186
SCC.TA,2026-09-02,161.3000030517578,165.0,161.3000030517578,162.3000030517578,205531
SCC.TA,2026-09-03,162.3000030517578,165.89999389648438,161.0,161.89999389648438,116621
SCC.TA,2026-09-04,161.89999389648438,169.3000030517578,161.89999389648438,165.1999969482422,146200
SCC.TA,2026-09-07,165.1999969482422,218.0,165.1999969482422,218.0,1295811
SCC.TA,2026-09-08,218.0,230.0,196.10000610351562,201.0,821968
SCC.TA,2026-09-09,201.0,214.0,198.60000610351562,205.10000610351562,656149
SCC.TA,2026-09-10,205.10000610351562,219.0,204.39999389648438,206.0,490465
SCC.TA,2026-09-11,206.0,206.0,206.0,206.0,0
SCC.TA,2026-09-14,211.0,211.0,198.0,207.0,236622
SCC.TA,2026-09-15,210.0,219.8000030517578,201.3000030517578,203.8000030517578,175814
SCC.TA,2026-09-16,203.8000030517578,211.8000030517578,201.3000030517578,203.6999969482422,151161
SCC.TA,2026-09-17,204.0,223.0,204.0,219.89999389648438,265165
SCC.TA,2026-09-18,219.89999389648438,219.89999389648438,219.89999389648438,219.89999389648438,0
SCC.TA,2026-09-21,219.89999389648438,219.89999389648438,219.89999389648438,219.89999389648438,0
SCC.TA,2026-09-22,219.89999389648438,225.0,214.0,215.5,254714
SCC.TA,2026-09-23,215.5,220.0,211.0,217.89999389648438,173373
SCC.TA,2026-09-24,217.89999389648438,221.0,204.0,205.5,204754
AFHL.TA,2026-07-16,57450.0,59690.0,56380.0,58750.0,17825
AFHL.TA,2026-07-17,58600.0,60130.0,57150.0,59480.0,7146
AFHL.TA,2026-07-20,59480.0,60000.0,56550.0,59160.0,11790
AFHL.TA,2026-07-21,59340.0,61700.0,59160.0,60950.0,10226
AFHL.TA,2026-07-22,60950.0,63000.0,59110.0,60800.0,10610
AFHL.TA,2026-07-24,60800.0,62990.0,58810.0,60240.0,5317
AFHL.TA,2026-07-27,60240.0,62000.0,57250.0,59320.0,11388
AFHL.TA,2026-07-28,59320.0,59830.0,54570.0,56950.0,11291
AFHL.TA,2026-07-29,56950.0,57300.0,55930.0,56360.0,8343
AFHL.TA,2026-07-30,56580.0,58830.0,53890.0,58050.0,15438
AFHL.TA,2026-07-31,58080.0,60350.0,58000.0,60000.0,6428
AFHL.TA,2026-08-03,61790.0,61790.0,57220.0,57580.0,10232
AFHL.TA,2026-08-04,58830.0,59550.0,56580.0,56770.0,9373
AFHL.TA,2026-08-05,58990.0,58990.0,55080.0,55300.0,16241
AFHL.TA,2026-08-06,55300.0,55900.0,52110.0,54200.0,41214
AFHL.TA,2026-08-07,54200.0,56110.0,54200.0,55000.0,17564
AFHL.TA,2026-08-10,57560.0,57560.0,54300.0,54640.0,9398
AFHL.TA,2026-08-11,54640.0,55230.0,53220.0,54790.0,18100
AFHL.TA,2026-08-12,54790.0,55500.0,53020.0,55180.0,11285
AFHL.TA,2026-08-13,57990.0,57990.0,54120.0,55500.0,15604
AFHL.TA,2026-08-14,56540.0,56550.0,55390.0,56000.0,5168
AFHL.TA,2026-08-17,56000.0,57680.0,54150.0,55230.0,8863
AFHL.TA,2026-08-18,55140.0,56400.0,53100.0,55450.0,8722
AFHL.TA,2026-08-19,55450.0,56050.0,50020.0,51000.0,44197
AFHL.TA,2026-08-20,51000.0,56320.0,51000.0,54750.0,15315
AFHL.TA,2026-08-21,54750.0,56860.0,54750.0,55270.0,8356
AFHL.TA,2026-08-24,56110.0,56350.0,52190.0,52220.0,38555
AFHL.TA,2026-08-25,52220.0,54790.0,52150.0,53160.0,21640
AFHL.TA,2026-08-26,53160.0,53170.0,49010.0,51820.0,14454
AFHL.TA,2026-08-27,51820.0,53340.0,51590.0,52540.0,7508
AFHL.TA,2026-08-28,53530.0,54600.0,52820.0,53630.0,4419
AFHL.TA,2026-08-31,53630.0,54160.0,49880.0,49880.0,72885
AFHL.TA,2026-09-01,49880.0,51800.0,48300.0,51800.0,9499
AFHL.TA,2026-09-02,51800.0,53270.0,50630.0,51420.0,13777
AFHL.TA,2026-09-03,51420.0,52390.0,50880.0,52290.0,4884
AFHL.TA,2026-09-04,52290.0,52300.0,51140.0,52290.0,3387
AFHL.TA,2026-09-07,52290.0,52290.0,51230.0,51970.0,3782
AFHL.TA,2026-09-08,53480.0,55730.0,52590.0,53790.0,28258
AFHL.TA,2026-09-09,53790.0,54000.0,51850.0,52350.0,5955
AFHL.TA,2026-09-10,52350.0,52720.0,48600.0,49330.0,6670
AFHL.TA,2026-09-11,49330.0,49330.0,49330.0,49330.0,0
AFHL.TA,2026-09-14,49490.0,49620.0,47370.0,48700.0,5761
AFHL.TA,2026-09-15,49070.0,50250.0,48270.0,49070.0,5748
AFHL.TA,2026-09-16,49560.0,51790.0,49520.0,51320.0,11208
AFHL.TA,2026-09-17,52000.0,55170.0,51750.0,53330.0,13969
AFHL.TA,2026-09-18,53330.0,53330.0,53330.0,53330.0,0
AFHL.TA,2026-09-21,53330.0,53330.0,53330.0,53330.0,0
AFHL.TA,2026-09-22,54100.0,55500.0,52120.0,53030.0,8118
AFHL.TA,2026-09-23,53030.0,56380.0,53030.0,55780.0,5855
AFHL.TA,2026-09-24,55780.0,55780.0,52850.0,54030.0,5453
NTML.TA,2026-07-16,14290.0,14300.0,13940.0,14010.0,11624
NTML.TA,2026-07-17,14010.0,14010.0,13550.0,13750.0,10273
NTML.TA,2026-07-20,13750.0,13860.0,13450.0,13640.0,22469
NTML.TA,2026-07-21,13670.0,13820.0,13530.0,13580.0,13327
NTML.TA,2026-07-22,13680.0,13740.0,13460.0,13580.0,19889
NTML.TA,2026-07-24,13320.0,13820.0,13320.0,13700.0,31378
NTML.TA,2026-07-27,13700.0,13970.0,13600.0,13600.0,16497
NTML.TA,2026-07-28,13430.0,13740.0,13420.0,13710.0,8437
NTML.TA,2026-07-29,13790.0,13910.0,13600.0,13910.0,12253
NTML.TA,2026-07-30,13910.0,14090.0,13650.0,13930.0,14910
NTML.TA,2026-07-31,13980.0,14180.0,13620.0,14110.0,13786
NTML.TA,2026-08-03,13900.0,14150.0,13460.0,13460.0,32779
NTML.TA,2026-08-04,13460.0,13670.0,12920.0,13340.0,48598
NTML.TA,2026-08-05,13340.0,13760.0,13340.0,13660.0,39938
NTML.TA,2026-08-06,14370.0,14370.0,13660.0,13960.0,185063
NTML.TA,2026-08-07,13960.0,14160.0,13710.0,14010.0,12139
NTML.TA,2026-08-10,14010.0,14150.0,13600.0,13700.0,69621
NTML.TA,2026-08-11,13700.0,13740.0,13430.0,13520.0,14514
NTML.TA,2026-08-12,13520.0,13620.0,13210.0,13330.0,18423
NTML.TA,2026-08-13,13300.0,13990.0,13300.0,13930.0,10427
NTML.TA,2026-08-14,13930.0,14020.0,13680.0,13820.0,12259
NTML.TA,2026-08-17,13820.0,14140.0,13570.0,13600.0,37531
NTML.TA,2026-08-18,13600.0,13960.0,13270.0,13960.0,23420
NTML.TA,2026-08-19,13960.0,14270.0,13820.0,14240.0,44513
NTML.TA,2026-08-20,14240.0,13800.0,11900.0,12040.0,237057
NTML.TA,2026-08-21,12040.0,12300.0,11860.0,12050.0,41981
NTML.TA,2026-08-24,12050.0,12090.0,11810.0,11900.0,21050
NTML.TA,2026-08-25,11900.0,12090.0,11740.0,11900.0,87590
NTML.TA,2026-08-26,11900.0,12010.0,11760.0,11900.0,39183
NTML.TA,2026-08-27,12000.0,12040.0,11900.0,12000.0,39852
NTML.TA,2026-08-28,12000.0,12020.0,11870.0,11990.0,24027
NTML.TA,2026-08-31,11990.0,11990.0,11580.0,11650.0,34545
NTML.TA,2026-09-01,11430.0,11850.0,11430.0,11670.0,18595
NTML.TA,2026-09-02,11670.0,11890.0,11570.0,11800.0,75731
NTML.TA,2026-09-03,11600.0,11810.0,11300.0,11440.0,46347
NTML.TA,2026-09-04,11440.0,11700.0,11390.0,11600.0,19330
NTML.TA,2026-09-07,11700.0,11700.0,11340.0,11510.0,23136
NTML.TA,2026-09-08,11510.0,11540.0,11150.0,11400.0,38478
NTML.TA,2026-09-09,11230.0,11470.0,11230.0,11280.0,23694
NTML.TA,2026-09-10,11210.0,11340.0,11100.0,11170.0,32308
NTML.TA,2026-09-11,11170.0,11170.0,11170.0,11170.0,0
NTML.TA,2026-09-14,11310.0,11310.0,11010.0,11070.0,20266
NTML.TA,2026-09-15,11070.0,11200.0,10850.0,11110.0,44850
NTML.TA,2026-09-16,11110.0,11730.0,11050.0,11640.0,26056
NTML.TA,2026-09-17,11600.0,12110.0,11590.0,12110.0,62265
NTML.TA,2026-09-18,12110.0,12110.0,12110.0,12110.0,0
NTML.TA,2026-09-21,12110.0,12110.0,12110.0,12110.0,0
NTML.TA,2026-09-22,12110.0,12160.0,11860.0,11950.0,16150
NTML.TA,2026-09-23,11950.0,11970.0,11710.0,11750.0,17617
NTML.TA,2026-09-24,11650.0,11830.0,11510.0,11640.0,22390
DLTI.TA,2026-07-16,11520.0,11640.0,10780.0,11230.0,38908
DLTI.TA,2026-07-17,11230.0,11660.0,11000.0,11150.0,4310
DLTI.TA,2026-07-20,11150.0,11270.0,10840.0,11100.0,8288
DLTI.TA,2026-07-21,11130.0,11160.0,10750.0,10750.0,8292
DLTI.TA,2026-07-22,10750.0,11320.0,10630.0,11100.0,11024
DLTI.TA,2026-07-24,10750.0,11060.0,10630.0,10760.0,12376
DLTI.TA,2026-07-27,10760.0,10870.0,10560.0,10570.0,7764
DLTI.TA,2026-07-28,10590.0,10800.0,10450.0,10610.0,9664
DLTI.TA,2026-07-29,10700.0,10970.0,10340.0,10830.0,26057
DLTI.TA,2026-07-30,10830.0,11160.0,10620.0,11020.0,16707
DLTI.TA,2026-07-31,11020.0,11460.0,10980.0,11460.0,12867
DLTI.TA,2026-08-03,11460.0,11460.0,10860.0,11320.0,16793
DLTI.TA,2026-08-04,11730.0,12100.0,11450.0,11570.0,21391
DLTI.TA,2026-08-05,11570.0,11570.0,10910.0,11040.0,35638
DLTI.TA,2026-08-06,11590.0,11590.0,10680.0,10680.0,63751
DLTI.TA,2026-08-07,10680.0,10900.0,10680.0,10820.0,2917
DLTI.TA,2026-08-10,10820.0,10920.0,10570.0,10610.0,8171
DLTI.TA,2026-08-11,10500.0,10660.0,10210.0,10290.0,12054
DLTI.TA,2026-08-12,10290.0,10290.0,9924.0,10090.0,16195
DLTI.TA,2026-08-13,10090.0,10430.0,10010.0,10390.0,6998
DLTI.TA,2026-08-14,10390.0,10700.0,10200.0,10670.0,15163
DLTI.TA,2026-08-17,10670.0,10680.0,10080.0,10200.0,24622
DLTI.TA,2026-08-18,10200.0,10210.0,10010.0,10120.0,9242
DLTI.TA,2026-08-19,10120.0,10290.0,9977.0,10250.0,11098
DLTI.TA,2026-08-20,10290.0,10540.0,10100.0,10540.0,17335
DLTI.TA,2026-08-21,10540.0,10540.0,10290.0,10320.0,4870
DLTI.TA,2026-08-24,10320.0,10320.0,10040.0,10070.0,4331
DLTI.TA,2026-08-25,10070.0,10460.0,10000.0,10320.0,12218
DLTI.TA,2026-08-26,10320.0,10630.0,10050.0,10630.0,15629
DLTI.TA,2026-08-27,10630.0,10830.0,10470.0,10710.0,14093
DLTI.TA,2026-08-28,10380.0,11050.0,10380.0,10960.0,20429
DLTI.TA,2026-08-31,10960.0,11280.0,10900.0,11280.0,34221
DLTI.TA,2026-09-01,11280.0,11360.0,10960.0,11260.0,12935
DLTI.TA,2026-09-02,11260.0,11380.0,11040.0,11080.0,5189
DLTI.TA,2026-09-03,11080.0,11390.0,10950.0,11060.0,5064
DLTI.TA,2026-09-04,10970.0,11250.0,10970.0,11140.0,9322
DLTI.TA,2026-09-07,11140.0,11170.0,10900.0,10970.0,3227
DLTI.TA,2026-09-08,10970.0,10970.0,10620.0,10620.0,6733
DLTI.TA,2026-09-09,10620.0,10660.0,10260.0,10260.0,7061
DLTI.TA,2026-09-10,10260.0,10270.0,10040.0,10080.0,6003
DLTI.TA,2026-09-11,10080.0,10080.0,10080.0,10080.0,0
DLTI.TA,2026-09-14,10080.0,10130.0,9892.0,10000.0,6581
DLTI.TA,2026-09-15,10000.0,10120.0,9899.0,9978.0,4403
DLTI.TA,2026-09-16,9978.0,10210.0,9941.0,10030.0,11022
DLTI.TA,2026-09-17,10030.0,10200.0,9973.0,10070.0,7135
DLTI.TA,2026-09-18,10070.0,10070.0,10070.0,10070.0,0
DLTI.TA,2026-09-21,10070.0,10070.0,10070.0,10070.0,0
DLTI.TA,2026-09-22,10070.0,10450.0,10060.0,10380.0,6536
DLTI.TA,2026-09-23,10380.0,10540.0,10140.0,10180.0,8082
DLTI.TA,2026-09-24,10140.0,10370.0,10000.0,10280.0,9942
ATRY.TA,2026-07-16,6551.0,6859.0,6465.0,6840.0,22877
ATRY.TA,2026-07-17,6619.0,6807.0,6619.0,6776.0,9223
ATRY.TA,2026-07-20,6768.0,6850.0,6574.0,6619.0,8851
ATRY.TA,2026-07-21,6639.0,6710.0,6587.0,6667.0,6983
ATRY.TA,2026-07-22,6698.0,6740.0,6603.0,6627.0,9679
ATRY.TA,2026-07-24,6627.0,6666.0,6515.0,6575.0,3395
ATRY.TA,2026-07-27,6575.0,6676.0,6500.0,6500.0,7575
ATRY.TA,2026-07-28,6550.0,6550.0,6354.0,6386.0,95449
ATRY.TA,2026-07-29,6500.0,6500.0,6314.0,6379.0,9761
ATRY.TA,2026-07-30,6379.0,6514.0,6300.0,6439.0,20433
ATRY.TA,2026-07-31,6439.0,6508.0,6422.0,6478.0,14403
ATRY.TA,2026-08-03,6478.0,6540.0,6400.0,6416.0,10525
ATRY.TA,2026-08-04,6416.0,6491.0,6360.0,6389.0,16590
ATRY.TA,2026-08-05,6389.0,6443.0,6389.0,6427.0,9837
ATRY.TA,2026-08-06,6443.0,6534.0,6356.0,6419.0,91894
ATRY.TA,2026-08-07,6325.0,6487.0,6325.0,6452.0,6357
ATRY.TA,2026-08-10,6452.0,6535.0,6292.0,6316.0,26782
ATRY.TA,2026-08-11,6316.0,6363.0,6250.0,6293.0,6917
ATRY.TA,2026-08-12,6293.0,6337.0,6200.0,6237.0,16497
ATRY.TA,2026-08-13,6237.0,6319.0,6227.0,6283.0,12897
ATRY.TA,2026-08-14,6283.0,6329.0,6207.0,6252.0,4722
ATRY.TA,2026-08-17,6252.0,6294.0,5959.0,6205.0,8031
ATRY.TA,2026-08-18,6205.0,6240.0,6129.0,6152.0,13758
ATRY.TA,2026-08-19,6152.0,6220.0,6047.0,6144.0,9354
ATRY.TA,2026-08-20,6181.0,6255.0,6134.0,6159.0,13851
ATRY.TA,2026-08-21,6198.0,6204.0,6121.0,6153.0,3991
ATRY.TA,2026-08-24,6240.0,6240.0,6102.0,6144.0,2707
ATRY.TA,2026-08-25,6144.0,6196.0,6070.0,6141.0,14920
ATRY.TA,2026-08-26,6141.0,6298.0,6141.0,6289.0,12163
ATRY.TA,2026-08-27,6289.0,6550.0,6289.0,6393.0,16634
ATRY.TA,2026-08-28,6588.0,6689.0,6407.0,6590.0,73752
ATRY.TA,2026-08-31,6639.0,6750.0,6526.0,6688.0,35979
ATRY.TA,2026-09-01,6747.0,6750.0,6622.0,6729.0,14748
ATRY.TA,2026-09-02,6748.0,6829.0,6700.0,6780.0,25469
ATRY.TA,2026-09-03,6780.0,6849.0,6700.0,6747.0,21390
ATRY.TA,2026-09-04,6800.0,6820.0,6730.0,6772.0,7287
ATRY.TA,2026-09-07,6575.0,6656.0,6513.0,6628.0,25102
ATRY.TA,2026-09-08,6656.0,6656.0,6500.0,6518.0,14158
ATRY.TA,2026-09-09,6551.0,6736.0,6466.0,6483.0,52254
ATRY.TA,2026-09-10,6750.0,6797.0,6450.0,6479.0,37827
ATRY.TA,2026-09-11,6479.0,6479.0,6479.0,6479.0,0
ATRY.TA,2026-09-14,6479.0,6900.0,6550.0,6801.0,72024
ATRY.TA,2026-09-15,6801.0,6801.0,6413.0,6433.0,24326
ATRY.TA,2026-09-16,6433.0,6571.0,6321.0,6344.0,31621
ATRY.TA,2026-09-17,6344.0,6434.0,6309.0,6347.0,12232
ATRY.TA,2026-09-18,6347.0,6347.0,6347.0,6347.0,0
ATRY.TA,2026-09-21,6347.0,6347.0,6347.0,6347.0,0
ATRY.TA,2026-09-22,6347.0,6357.0,6008.0,6023.0,97188
ATRY.TA,2026-09-23,6141.0,6699.0,6141.0,6602.0,141546
ATRY.TA,2026-09-24,6602.0,6610.0,6419.0,6503.0,48152
ISCD.TA,2026-07-16,1120.0,1123.0,1098.0,1103.0,505819
ISCD.TA,2026-07-17,1094.0,1094.0,1080.0,1080.0,619966
ISCD.TA,2026-07-20,1104.0,1133.0,1089.0,1115.0,1151762
ISCD.TA,2026-07-21,1116.0,1130.0,1104.0,1111.0,454082
ISCD.TA,2026-07-22,1111.0,1112.0,1086.0,1099.0,791872
ISCD.TA,2026-07-24,1081.0,1095.0,1074.0,1074.0,876849
ISCD.TA,2026-07-27,1074.0,1095.0,1050.0,1053.0,696619
ISCD.TA,2026-07-28,1053.0,1064.0,1047.0,1050.0,1533194
ISCD.TA,2026-07-29,1063.0,1064.0,1038.0,1041.0,359910
ISCD.TA,2026-07-30,1041.0,1065.0,1026.0,1055.0,636974
ISCD.TA,2026-07-31,1059.0,1085.0,1052.0,1070.0,405833
ISCD.TA,2026-08-03,1056.0,1074.0,1044.0,1047.0,655993
ISCD.TA,2026-08-04,1056.0,1057.0,1026.0,1036.0,928345
ISCD.TA,2026-08-05,1041.0,1050.0,1027.0,1031.0,1458548
ISCD.TA,2026-08-06,1035.0,1055.0,1029.0,1033.0,5045810
ISCD.TA,2026-08-07,1050.0,1062.0,1038.0,1045.0,822779
ISCD.TA,2026-08-10,1055.0,1059.0,1022.0,1024.0,944195
ISCD.TA,2026-08-11,1027.0,1049.0,1024.0,1040.0,879598
ISCD.TA,2026-08-12,1041.0,1053.0,1025.0,1040.0,4505825
ISCD.TA,2026-08-13,1055.0,1067.0,1006.0,1035.0,2657364
ISCD.TA,2026-08-14,1040.0,1041.0,1010.0,1022.0,1077724
ISCD.TA,2026-08-17,1026.0,1051.0,1015.0,1018.0,1956756
ISCD.TA,2026-08-18,1018.0,1097.0,1003.0,1074.0,7674346
ISCD.TA,2026-08-19,1074.0,1095.0,1060.0,1085.0,1272070
ISCD.TA,2026-08-20,1088.0,1133.0,1085.0,1120.0,1921522
ISCD.TA,2026-08-21,1120.0,1130.0,1092.0,1110.0,534501
ISCD.TA,2026-08-24,1110.0,1118.0,1087.0,1100.0,547987
ISCD.TA,2026-08-25,1103.0,1113.0,1093.0,1103.0,590519
ISCD.TA,2026-08-26,1103.0,1114.0,1084.0,1104.0,641213
ISCD.TA,2026-08-27,1104.0,1144.0,1103.0,1123.0,751563
ISCD.TA,2026-08-28,1121.0,1139.0,1106.0,1138.0,870501
ISCD.TA,2026-08-31,1138.0,1138.0,1117.0,1131.0,1165733
ISCD.TA,2026-09-01,1131.0,1142.0,1114.0,1127.0,814823
ISCD.TA,2026-09-02,1120.0,1163.0,1119.0,1159.0,2488452
ISCD.TA,2026-09-03,1159.0,1174.0,1148.0,1173.0,770055
ISCD.TA,2026-09-04,1173.0,1183.0,1167.0,1167.0,531940
ISCD.TA,2026-09-07,1181.0,1183.0,1153.0,1158.0,768279
ISCD.TA,2026-09-08,1172.0,1172.0,1137.0,1148.0,681402
ISCD.TA,2026-09-09,1160.0,1166.0,1145.0,1158.0,497850
ISCD.TA,2026-09-10,1158.0,1166.0,1133.0,1138.0,645846
ISCD.TA,2026-09-11,1138.0,1138.0,1138.0,1138.0,0
ISCD.TA,2026-09-14,1140.0,1143.0,1126.0,1136.0,355402
ISCD.TA,2026-09-15,1130.0,1134.0,1111.0,1112.0,364437
ISCD.TA,2026-09-16,1112.0,1132.0,1112.0,1116.0,448309
ISCD.TA,2026-09-17,1128.0,1131.0,1102.0,1105.0,597799
ISCD.TA,2026-09-18,1105.0,1105.0,1105.0,1105.0,0
ISCD.TA,2026-09-21,1105.0,1105.0,1105.0,1105.0,0
ISCD.TA,2026-09-22,1105.0,1167.0,1105.0,1147.0,1447854
ISCD.TA,2026-09-23,1157.0,1157.0,1116.0,1127.0,742489
ISCD.TA,2026-09-24,1121.0,1123.0,1082.0,1105.0,1112302
TATT.TA,2026-07-16,13160.0,13160.0,12300.0,12300.0,26975
TATT.TA,2026-07-17,12300.0,12300.0,11720.0,12140.0,17646
TATT.TA,2026-07-20,11970.0,12520.0,11970.0,12210.0,10056
TATT.TA,2026-07-21,12000.0,12420.0,12000.0,12420.0,12676
TATT.TA,2026-07-22,12420.0,12800.0,12250.0,12790.0,9458
TATT.TA,2026-07-24,12790.0,13060.0,12670.0,13060.0,7289
TATT.TA,2026-07-27,13060.0,13290.0,12650.0,12840.0,12427
TATT.TA,2026-07-28,12840.0,13200.0,12500.0,12500.0,10756
TATT.TA,2026-07-29,12550.0,12950.0,12300.0,12300.0,10051
TATT.TA,2026-07-30,12300.0,12660.0,12000.0,12510.0,29053
TATT.TA,2026-07-31,12510.0,12700.0,12510.0,12550.0,5539
TATT.TA,2026-08-03,12080.0,12300.0,12010.0,12010.0,31339
TATT.TA,2026-08-04,12060.0,12210.0,11780.0,12190.0,36475
TATT.TA,2026-08-05,12550.0,15600.0,12190.0,13700.0,212000
TATT.TA,2026-08-06,12900.0,12970.0,12520.0,12680.0,95030
TATT.TA,2026-08-07,12080.0,12290.0,12030.0,12050.0,35017
TATT.TA,2026-08-10,12050.0,12210.0,11090.0,11160.0,43172
TATT.TA,2026-08-11,11640.0,11800.0,11190.0,11200.0,43487
TATT.TA,2026-08-12,11160.0,11420.0,11090.0,11280.0,27435
TATT.TA,2026-08-13,11280.0,11990.0,11280.0,11930.0,24590
TATT.TA,2026-08-14,11960.0,11960.0,11700.0,11790.0,11165
TATT.TA,2026-08-17,12220.0,12310.0,12020.0,12070.0,17863
TATT.TA,2026-08-18,12070.0,12160.0,11860.0,11960.0,17182
TATT.TA,2026-08-19,11830.0,12060.0,11670.0,11670.0,13489
TATT.TA,2026-08-20,11400.0,11580.0,11300.0,11300.0,9282
TATT.TA,2026-08-21,11000.0,11080.0,10740.0,10810.0,16545
TATT.TA,2026-08-24,10810.0,11090.0,10730.0,10940.0,34903
TATT.TA,2026-08-25,11170.0,11360.0,11110.0,11190.0,30398
TATT.TA,2026-08-26,11190.0,11530.0,11080.0,11440.0,40414
TATT.TA,2026-08-27,11440.0,11700.0,11000.0,11230.0,89442
TATT.TA,2026-08-28,11230.0,11230.0,10930.0,11040.0,10641
TATT.TA,2026-08-31,11040.0,11080.0,10730.0,10760.0,37313
TATT.TA,2026-09-01,10710.0,11130.0,10710.0,11030.0,21258
TATT.TA,2026-09-02,11090.0,11430.0,11070.0,11430.0,30521
TATT.TA,2026-09-03,11120.0,11530.0,11120.0,11510.0,50843
TATT.TA,2026-09-04,11510.0,12050.0,11510.0,12010.0,12944
TATT.TA,2026-09-07,12020.0,12630.0,12020.0,12520.0,34714
TATT.TA,2026-09-08,12620.0,12620.0,12180.0,12310.0,36405
TATT.TA,2026-09-09,12310.0,12370.0,11720.0,11930.0,64636
TATT.TA,2026-09-10,11930.0,11930.0,11400.0,11590.0,19220
TATT.TA,2026-09-11,11590.0,11590.0,11590.0,11590.0,0
TATT.TA,2026-09-14,11740.0,11830.0,11420.0,11730.0,34923
TATT.TA,2026-09-15,11900.0,11900.0,11270.0,11270.0,17515
TATT.TA,2026-09-16,11490.0,11640.0,11400.0,11400.0,23246
TATT.TA,2026-09-17,11370.0,11750.0,11280.0,11690.0,26007
TATT.TA,2026-09-18,11690.0,11690.0,11690.0,11690.0,0
TATT.TA,2026-09-21,11690.0,11690.0,11690.0,11690.0,0
TATT.TA,2026-09-22,11530.0,11760.0,11430.0,11580.0,50380
TATT.TA,2026-09-23,11580.0,11880.0,11500.0,11640.0,23476
TATT.TA,2026-09-24,11640.0,11740.0,11440.0,11480.0,19314
RPOL.TA,2026-07-16,3880.0,4131.0,3880.0,4092.0,156537
RPOL.TA,2026-07-17,4129.0,4129.0,3978.0,4089.0,80838
RPOL.TA,2026-07-20,4084.0,4227.0,3981.0,4198.0,85968
RPOL.TA,2026-07-21,4280.0,4400.0,4177.0,4400.0,119256
RPOL.TA,2026-07-22,4461.0,4522.0,4252.0,4444.0,257490
RPOL.TA,2026-07-24,4381.0,4740.0,4374.0,4740.0,161923
RPOL.TA,2026-07-27,4740.0,4842.0,4505.0,4505.0,279455
RPOL.TA,2026-07-28,4505.0,4505.0,4112.0,4152.0,108920
RPOL.TA,2026-07-29,4152.0,4152.0,3925.0,3965.0,139675
RPOL.TA,2026-07-30,3965.0,4150.0,3916.0,4044.0,284811
RPOL.TA,2026-07-31,4149.0,4197.0,3901.0,4049.0,85989
RPOL.TA,2026-08-03,4053.0,4198.0,3946.0,3968.0,85983
RPOL.TA,2026-08-04,3968.0,4088.0,3876.0,4088.0,100193
RPOL.TA,2026-08-05,4119.0,4250.0,3923.0,4006.0,156580
RPOL.TA,2026-08-06,4006.0,4137.0,3928.0,3950.0,1563255
RPOL.TA,2026-08-07,4000.0,4010.0,3868.0,3910.0,68562
RPOL.TA,2026-08-10,3910.0,4060.0,3877.0,3916.0,96750
RPOL.TA,2026-08-11,3916.0,3916.0,3623.0,3623.0,250218
RPOL.TA,2026-08-12,3623.0,3685.0,3448.0,3570.0,392484
RPOL.TA,2026-08-13,3570.0,3662.0,3426.0,3588.0,99395
RPOL.TA,2026-08-14,3588.0,3697.0,3566.0,3605.0,74509
RPOL.TA,2026-08-17,3650.0,3693.0,3452.0,3517.0,154490
RPOL.TA,2026-08-18,3517.0,3519.0,3440.0,3507.0,149441
RPOL.TA,2026-08-19,3481.0,3648.0,3424.0,3489.0,91087
RPOL.TA,2026-08-20,3581.0,3879.0,3473.0,3473.0,94555
RPOL.TA,2026-08-21,3500.0,3500.0,3380.0,3444.0,176769
RPOL.TA,2026-08-24,3444.0,3444.0,3348.0,3348.0,64267
RPOL.TA,2026-08-25,3348.0,3445.0,3292.0,3373.0,71653
RPOL.TA,2026-08-26,3373.0,3482.0,3269.0,3448.0,154207
RPOL.TA,2026-08-27,3448.0,3451.0,3380.0,3448.0,102561
RPOL.TA,2026-08-28,3400.0,3540.0,3400.0,3500.0,126970
RPOL.TA,2026-08-31,3500.0,3571.0,3348.0,3571.0,569103
RPOL.TA,2026-09-01,3571.0,3600.0,3502.0,3563.0,99164
RPOL.TA,2026-09-02,3563.0,3677.0,3510.0,3673.0,126099
RPOL.TA,2026-09-03,3673.0,3678.0,3481.0,3535.0,158245
RPOL.TA,2026-09-04,3535.0,3560.0,3331.0,3352.0,170586
RPOL.TA,2026-09-07,3352.0,3516.0,3325.0,3445.0,118170
RPOL.TA,2026-09-08,3430.0,3471.0,3334.0,3371.0,64783
RPOL.TA,2026-09-09,3371.0,3403.0,3184.0,3184.0,108059
RPOL.TA,2026-09-10,3211.0,3280.0,3054.0,3080.0,155688
RPOL.TA,2026-09-11,3080.0,3080.0,3080.0,3080.0,0
RPOL.TA,2026-09-14,3080.0,3093.0,2921.0,2928.0,220361
RPOL.TA,2026-09-15,2928.0,2930.0,2821.0,2868.0,151722
RPOL.TA,2026-09-16,2868.0,2948.0,2810.0,2853.0,295892
RPOL.TA,2026-09-17,2885.0,2994.0,2826.0,2853.0,315964
RPOL.TA,2026-09-18,2853.0,2853.0,2853.0,2853.0,0
RPOL.TA,2026-09-21,2853.0,2853.0,2853.0,2853.0,0
RPOL.TA,2026-09-22,2897.0,2960.0,2842.0,2918.0,106517
RPOL.TA,2026-09-23,2918.0,3000.0,2778.0,2932.0,192956
RPOL.TA,2026-09-24,2932.0,2965.0,2835.0,2945.0,252573
AZRM.TA,2026-07-16,1732.0,1749.0,1721.0,1723.0,127645
AZRM.TA,2026-07-17,1650.0,1710.0,1650.0,1694.0,126448
AZRM.TA,2026-07-20,1694.0,1718.0,1676.0,1686.0,145585
AZRM.TA,2026-07-21,1686.0,1725.0,1680.0,1708.0,137628
AZRM.TA,2026-07-22,1708.0,1721.0,1631.0,1634.0,251271
AZRM.TA,2026-07-24,1604.0,1611.0,1554.0,1566.0,418031
AZRM.TA,2026-07-27,1577.0,1591.0,1478.0,1478.0,316357
AZRM.TA,2026-07-28,1478.0,1532.0,1477.0,1512.0,243671
AZRM.TA,2026-07-29,1520.0,1532.0,1476.0,1476.0,241684
AZRM.TA,2026-07-30,1476.0,1486.0,1452.0,1457.0,222001
AZRM.TA,2026-07-31,1451.0,1482.0,1442.0,1442.0,186919
AZRM.TA,2026-08-03,1427.0,1449.0,1382.0,1435.0,546995
AZRM.TA,2026-08-04,1435.0,1447.0,1394.0,1401.0,398544
AZRM.TA,2026-08-05,1396.0,1437.0,1395.0,1398.0,388117
AZRM.TA,2026-08-06,1396.0,1454.0,1380.0,1454.0,1733899
AZRM.TA,2026-08-07,1454.0,1484.0,1429.0,1455.0,145139
AZRM.TA,2026-08-10,1455.0,1482.0,1428.0,1450.0,324945
AZRM.TA,2026-08-11,1425.0,1480.0,1425.0,1434.0,1667156
AZRM.TA,2026-08-12,1421.0,1445.0,1378.0,1378.0,356380
AZRM.TA,2026-08-13,1378.0,1404.0,1370.0,1398.0,138241
AZRM.TA,2026-08-14,1398.0,1427.0,1384.0,1410.0,90511
AZRM.TA,2026-08-17,1410.0,1425.0,1386.0,1386.0,170948
AZRM.TA,2026-08-18,1386.0,1388.0,1346.0,1377.0,178943
AZRM.TA,2026-08-19,1377.0,1447.0,1360.0,1445.0,291107
AZRM.TA,2026-08-20,1450.0,1492.0,1429.0,1439.0,257776
AZRM.TA,2026-08-21,1474.0,1488.0,1433.0,1485.0,113579
AZRM.TA,2026-08-24,1485.0,1514.0,1460.0,1504.0,175815
AZRM.TA,2026-08-25,1504.0,1524.0,1486.0,1510.0,126021
AZRM.TA,2026-08-26,1510.0,1538.0,1470.0,1520.0,142023
AZRM.TA,2026-08-27,1520.0,1578.0,1519.0,1578.0,196398
AZRM.TA,2026-08-28,1578.0,1668.0,1577.0,1664.0,360692
AZRM.TA,2026-08-31,1647.0,1686.0,1623.0,1686.0,414310
AZRM.TA,2026-09-01,1671.0,1798.0,1652.0,1750.0,623965
AZRM.TA,2026-09-02,1744.0,1798.0,1722.0,1790.0,767889
AZRM.TA,2026-09-03,1790.0,1816.0,1766.0,1805.0,601761
AZRM.TA,2026-09-04,1779.0,1837.0,1779.0,1832.0,599678
AZRM.TA,2026-09-07,1829.0,1840.0,1802.0,1820.0,58833
AZRM.TA,2026-09-08,1820.0,1841.0,1770.0,1770.0,145877
AZRM.TA,2026-09-09,1770.0,1791.0,1729.0,1755.0,120142
AZRM.TA,2026-09-10,1755.0,1757.0,1695.0,1713.0,124735
AZRM.TA,2026-09-11,1713.0,1713.0,1713.0,1713.0,0
AZRM.TA,2026-09-14,1713.0,1713.0,1661.0,1673.0,104031
AZRM.TA,2026-09-15,1673.0,1685.0,1647.0,1665.0,93168
AZRM.TA,2026-09-16,1665.0,1687.0,1650.0,1656.0,136547
AZRM.TA,2026-09-17,1656.0,1709.0,1655.0,1687.0,128382
AZRM.TA,2026-09-18,1687.0,1687.0,1687.0,1687.0,0
AZRM.TA,2026-09-21,1687.0,1687.0,1687.0,1687.0,0
AZRM.TA,2026-09-22,1687.0,1702.0,1642.0,1669.0,93131
AZRM.TA,2026-09-23,1687.0,1691.0,1647.0,1647.0,77733
AZRM.TA,2026-09-24,1639.0,1644.0,1617.0,1630.0,1027849
URBC.TA,2026-07-16,765.2000122070312,765.2000122070312,761.5,765.0,3980
URBC.TA,2026-07-17,765.0,765.0,756.4000244140625,756.7999877929688,1632
URBC.TA,2026-07-20,756.7999877929688,760.7999877929688,747.4000244140625,757.7000122070312,7988
URBC.TA,2026-07-21,757.7000122070312,769.2000122070312,748.5999755859375,765.0,6139
URBC.TA,2026-07-22,765.0,784.0999755859375,765.0,779.5999755859375,5550
URBC.TA,2026-07-24,779.5999755859375,768.4000244140625,766.5999755859375,767.5,830
URBC.TA,2026-07-27,767.5,786.9000244140625,750.0,768.0,8538
URBC.TA,2026-07-28,768.0,771.9000244140625,755.0,764.0999755859375,44474
URBC.TA,2026-07-29,764.0999755859375,764.0999755859375,752.7000122070312,759.7999877929688,25094
URBC.TA,2026-07-30,759.7999877929688,763.2000122070312,743.0999755859375,753.9000244140625,3592
URBC.TA,2026-07-31,753.9000244140625,759.7000122070312,749.0,752.7000122070312,4305
URBC.TA,2026-08-03,752.7000122070312,742.5,711.0,723.7999877929688,11885
URBC.TA,2026-08-04,723.7999877929688,718.0,658.7000122070312,715.0999755859375,32327
URBC.TA,2026-08-05,715.0999755859375,715.2000122070312,681.0,713.2999877929688,61303
URBC.TA,2026-08-06,713.2999877929688,725.2999877929688,699.0,699.0,134972
URBC.TA,2026-08-07,699.0,739.0,699.0,723.5,12798
URBC.TA,2026-08-10,723.5,723.5,704.0,704.2999877929688,347
URBC.TA,2026-08-11,704.2999877929688,712.4000244140625,704.2999877929688,709.0,5189
URBC.TA,2026-08-12,709.0,723.9000244140625,709.0,722.0999755859375,37730
URBC.TA,2026-08-13,722.0999755859375,722.0999755859375,722.0999755859375,722.0999755859375,1010
URBC.TA,2026-08-14,722.0999755859375,729.7999877929688,722.0999755859375,723.0,259
URBC.TA,2026-08-17,723.0,740.0999755859375,722.9000244140625,731.4000244140625,6159
URBC.TA,2026-08-18,731.4000244140625,780.0,731.4000244140625,767.7000122070312,15117
URBC.TA,2026-08-19,767.7000122070312,800.0,781.4000244140625,798.4000244140625,8770
URBC.TA,2026-08-20,798.4000244140625,788.0,740.0,780.5,4033
URBC.TA,2026-08-21,780.5,791.0,751.4000244140625,761.5,3490
URBC.TA,2026-08-24,761.5,780.0999755859375,750.0,764.5,6502
URBC.TA,2026-08-25,764.5,755.0,735.0,737.2999877929688,2354
URBC.TA,2026-08-26,716.0999755859375,735.9000244140625,716.0999755859375,725.5999755859375,3707
URBC.TA,2026-08-27,725.5999755859375,753.2000122070312,725.5999755859375,726.7000122070312,417274
URBC.TA,2026-08-28,726.7000122070312,740.0,726.7000122070312,729.7999877929688,1212
URBC.TA,2026-08-31,729.7999877929688,729.9000244140625,729.7999877929688,729.9000244140625,1891
URBC.TA,2026-09-01,729.9000244140625,729.9000244140625,729.9000244140625,729.9000244140625,775
URBC.TA,2026-09-02,729.9000244140625,786.9000244140625,730.0,739.2000122070312,18319
URBC.TA,2026-09-03,739.2000122070312,778.4000244140625,672.7000122070312,749.0,14629
URBC.TA,2026-09-04,749.0,772.5999755859375,752.7000122070312,762.9000244140625,1711
URBC.TA,2026-09-07,762.9000244140625,781.7000122070312,762.9000244140625,773.5,8851
URBC.TA,2026-09-08,773.5,773.5,773.5,773.5,1044
URBC.TA,2026-09-09,773.5,784.5,777.4000244140625,779.0,1291592
URBC.TA,2026-09-10,779.0,808.0,779.0,786.0,19752
URBC.TA,2026-09-11,786.0,786.0,786.0,786.0,0
URBC.TA,2026-09-14,786.0,797.0,785.9000244140625,788.0999755859375,11736
URBC.TA,2026-09-15,788.0999755859375,793.0,780.9000244140625,781.0999755859375,5165
URBC.TA,2026-09-16,781.0999755859375,795.0,788.0,789.7999877929688,3043
URBC.TA,2026-09-17,789.7999877929688,804.0999755859375,789.7999877929688,803.7000122070312,5166
URBC.TA,2026-09-18,803.7000122070312,803.7000122070312,803.7000122070312,803.7000122070312,0
URBC.TA,2026-09-21,803.7000122070312,803.7000122070312,803.7000122070312,803.7000122070312,0
URBC.TA,2026-09-22,803.7000122070312,803.7999877929688,800.0,803.0999755859375,4867
URBC.TA,2026-09-23,803.0999755859375,835.2000122070312,803.0999755859375,821.0999755859375,2147
URBC.TA,2026-09-24,821.0999755859375,825.2000122070312,821.0999755859375,825.0,1629
AURA.TA,2026-07-16,1809.0,1812.0,1777.0,1800.0,241239
AURA.TA,2026-07-17,1782.0,1790.0,1729.0,1769.0,276358
AURA.TA,2026-07-20,1769.0,1779.0,1735.0,1760.0,303165
AURA.TA,2026-07-21,1760.0,1782.0,1722.0,1722.0,203155
AURA.TA,2026-07-22,1726.0,1757.0,1611.0,1611.0,984236
AURA.TA,2026-07-24,1580.0,1650.0,1568.0,1618.0,504350
AURA.TA,2026-07-27,1618.0,1655.0,1597.0,1597.0,301826
AURA.TA,2026-07-28,1588.0,1625.0,1576.0,1584.0,893459
AURA.TA,2026-07-29,1584.0,1597.0,1575.0,1577.0,352608
AURA.TA,2026-07-30,1577.0,1597.0,1539.0,1539.0,375681
AURA.TA,2026-07-31,1539.0,1629.0,1538.0,1600.0,306327
AURA.TA,2026-08-03,1600.0,1601.0,1507.0,1507.0,503473
AURA.TA,2026-08-04,1517.0,1520.0,1485.0,1509.0,467395
AURA.TA,2026-08-05,1509.0,1531.0,1451.0,1457.0,493741
AURA.TA,2026-08-06,1474.0,1529.0,1432.0,1514.0,2079740
AURA.TA,2026-08-07,1514.0,1542.0,1451.0,1467.0,254021
AURA.TA,2026-08-10,1454.0,1487.0,1425.0,1467.0,498984
AURA.TA,2026-08-11,1467.0,1498.0,1449.0,1465.0,282455
AURA.TA,2026-08-12,1465.0,1475.0,1417.0,1435.0,433844
AURA.TA,2026-08-13,1435.0,1494.0,1415.0,1490.0,377486
AURA.TA,2026-08-14,1500.0,1515.0,1460.0,1500.0,209315
AURA.TA,2026-08-17,1500.0,1519.0,1457.0,1464.0,685443
AURA.TA,2026-08-18,1464.0,1511.0,1433.0,1498.0,255556
AURA.TA,2026-08-19,1467.0,1561.0,1465.0,1561.0,407275
AURA.TA,2026-08-20,1565.0,1596.0,1514.0,1523.0,295426
AURA.TA,2026-08-21,1523.0,1600.0,1512.0,1587.0,198415
AURA.TA,2026-08-24,1587.0,1595.0,1544.0,1547.0,168442
AURA.TA,2026-08-25,1547.0,1622.0,1542.0,1598.0,272312
AURA.TA,2026-08-26,1598.0,1629.0,1555.0,1617.0,608368
AURA.TA,2026-08-27,1617.0,1656.0,1617.0,1630.0,228295
AURA.TA,2026-08-28,1670.0,1782.0,1619.0,1774.0,473665
AURA.TA,2026-08-31,1740.0,1790.0,1668.0,1790.0,1030442
AURA.TA,2026-09-01,1775.0,1949.0,1765.0,1888.0,1252588
AURA.TA,2026-09-02,1888.0,1965.0,1840.0,1910.0,661424
AURA.TA,2026-09-03,1912.0,1988.0,1883.0,1953.0,581209
AURA.TA,2026-09-04,1953.0,1986.0,1941.0,1970.0,182530
AURA.TA,2026-09-07,1970.0,1972.0,1915.0,1923.0,179020
AURA.TA,2026-09-08,1922.0,1927.0,1861.0,1861.0,468635
AURA.TA,2026-09-09,1870.0,1893.0,1803.0,1824.0,340399
AURA.TA,2026-09-10,1801.0,1836.0,1757.0,1794.0,296398
AURA.TA,2026-09-11,1794.0,1794.0,1794.0,1794.0,0
AURA.TA,2026-09-14,1794.0,1799.0,1758.0,1787.0,211593
AURA.TA,2026-09-15,1787.0,1805.0,1735.0,1785.0,339542
AURA.TA,2026-09-16,1809.0,1849.0,1791.0,1829.0,401252
AURA.TA,2026-09-17,1829.0,1856.0,1806.0,1830.0,394748
AURA.TA,2026-09-18,1830.0,1830.0,1830.0,1830.0,0
AURA.TA,2026-09-21,1830.0,1830.0,1830.0,1830.0,0
AURA.TA,2026-09-22,1837.0,1881.0,1835.0,1840.0,181459
AURA.TA,2026-09-23,1845.0,1850.0,1794.0,1794.0,173088
AURA.TA,2026-09-24,1780.0,1785.0,1734.0,1747.0,274116
KSTN.TA,2026-07-16,2123.0,2170.0,2089.0,2123.0,273041
KSTN.TA,2026-07-17,2123.0,2123.0,2062.0,2089.0,210214
KSTN.TA,2026-07-20,2089.0,2150.0,1969.0,1975.0,446805
KSTN.TA,2026-07-21,1981.0,2020.0,1863.0,1903.0,1068028
KSTN.TA,2026-07-22,1917.0,1974.0,1895.0,1974.0,344627
KSTN.TA,2026-07-24,1947.0,2004.0,1947.0,1992.0,307927
KSTN.TA,2026-07-27,1992.0,2000.0,1914.0,1923.0,355475
KSTN.TA,2026-07-28,1923.0,1952.0,1894.0,1933.0,191786
KSTN.TA,2026-07-29,1933.0,1981.0,1880.0,1974.0,338411
KSTN.TA,2026-07-30,1972.0,1991.0,1905.0,1958.0,313666
KSTN.TA,2026-07-31,1958.0,1985.0,1909.0,1958.0,255218
KSTN.TA,2026-08-03,1958.0,1983.0,1922.0,1964.0,447720
KSTN.TA,2026-08-04,1965.0,2008.0,1930.0,2000.0,424255
KSTN.TA,2026-08-05,2000.0,2125.0,1960.0,2100.0,735293
KSTN.TA,2026-08-06,2100.0,2115.0,2043.0,2058.0,3956080
KSTN.TA,2026-08-07,2051.0,2085.0,2022.0,2050.0,228968
KSTN.TA,2026-08-10,2050.0,2064.0,1974.0,1983.0,459339
KSTN.TA,2026-08-11,1983.0,1984.0,1929.0,1958.0,168592
KSTN.TA,2026-08-12,1958.0,1985.0,1926.0,1957.0,184185
KSTN.TA,2026-08-13,1957.0,1965.0,1904.0,1928.0,147632
KSTN.TA,2026-08-14,1957.0,1958.0,1911.0,1943.0,71675
KSTN.TA,2026-08-17,1942.0,1945.0,1801.0,1830.0,821018
KSTN.TA,2026-08-18,1830.0,1859.0,1738.0,1844.0,367253
KSTN.TA,2026-08-19,1844.0,1873.0,1781.0,1806.0,304773
KSTN.TA,2026-08-20,1806.0,1851.0,1772.0,1780.0,470863
KSTN.TA,2026-08-21,1780.0,1793.0,1757.0,1774.0,186458
KSTN.TA,2026-08-24,1756.0,1828.0,1756.0,1824.0,201982
KSTN.TA,2026-08-25,1852.0,1940.0,1852.0,1933.0,561521
KSTN.TA,2026-08-26,1933.0,1991.0,1910.0,1972.0,429812
KSTN.TA,2026-08-27,1972.0,2010.0,1965.0,2000.0,336402
KSTN.TA,2026-08-28,1982.0,2088.0,1980.0,2050.0,515108
KSTN.TA,2026-08-31,2067.0,2112.0,2059.0,2078.0,426612
KSTN.TA,2026-09-01,2078.0,2126.0,2059.0,2079.0,646559
KSTN.TA,2026-09-02,2072.0,2156.0,2048.0,2125.0,528021
KSTN.TA,2026-09-03,2144.0,2157.0,2112.0,2128.0,322627
KSTN.TA,2026-09-04,2117.0,2157.0,2117.0,2153.0,363052
KSTN.TA,2026-09-07,2165.0,2280.0,2153.0,2280.0,629281
KSTN.TA,2026-09-08,2280.0,2280.0,2215.0,2240.0,259515
KSTN.TA,2026-09-09,2240.0,2290.0,2205.0,2239.0,305135
KSTN.TA,2026-09-10,2239.0,2260.0,2138.0,2149.0,288195
KSTN.TA,2026-09-11,2149.0,2149.0,2149.0,2149.0,0
KSTN.TA,2026-09-14,2149.0,2188.0,2074.0,2161.0,335396
KSTN.TA,2026-09-15,2161.0,2188.0,2125.0,2125.0,216382
KSTN.TA,2026-09-16,2125.0,2164.0,2070.0,2076.0,303995
KSTN.TA,2026-09-17,2063.0,2174.0,2063.0,2151.0,6398127
KSTN.TA,2026-09-18,2151.0,2151.0,2151.0,2151.0,0
KSTN.TA,2026-09-21,2151.0,2151.0,2151.0,2151.0,0
KSTN.TA,2026-09-22,2151.0,2183.0,2101.0,2164.0,576757
KSTN.TA,2026-09-23,2164.0,2169.0,2140.0,2145.0,189703
KSTN.TA,2026-09-24,2145.0,2170.0,2124.0,2145.0,402723
SOLR.TA,2026-07-16,10760.0,11120.0,10520.0,10630.0,55871
SOLR.TA,2026-07-17,10630.0,10670.0,10400.0,10670.0,17045
SOLR.TA,2026-07-20,10770.0,11340.0,10760.0,11170.0,255450
SOLR.TA,2026-07-21,11300.0,11350.0,10960.0,11150.0,44077
SOLR.TA,2026-07-22,11190.0,11190.0,10690.0,10820.0,25047
SOLR.TA,2026-07-24,10820.0,11200.0,10560.0,11200.0,40193
SOLR.TA,2026-07-27,11200.0,11300.0,11050.0,11240.0,16618
SOLR.TA,2026-07-28,11240.0,11270.0,10920.0,11080.0,13511
SOLR.TA,2026-07-29,11080.0,11090.0,10540.0,10760.0,42041
SOLR.TA,2026-07-30,10760.0,10800.0,10300.0,10780.0,24441
SOLR.TA,2026-07-31,10780.0,10950.0,10770.0,10900.0,14715
SOLR.TA,2026-08-03,10900.0,11040.0,10750.0,10770.0,18142
SOLR.TA,2026-08-04,10750.0,11000.0,10730.0,10830.0,30545
SOLR.TA,2026-08-05,10830.0,10900.0,10450.0,10600.0,25748
SOLR.TA,2026-08-06,10600.0,10600.0,10280.0,10290.0,243722
SOLR.TA,2026-08-07,10290.0,10290.0,9885.0,10200.0,24545
SOLR.TA,2026-08-10,10200.0,10410.0,10040.0,10120.0,33183
SOLR.TA,2026-08-11,10120.0,10150.0,9632.0,9833.0,31684
SOLR.TA,2026-08-12,9833.0,9997.0,9238.0,9291.0,71647
SOLR.TA,2026-08-13,9291.0,9479.0,8886.0,9122.0,53152
SOLR.TA,2026-08-14,9122.0,9500.0,9035.0,9093.0,11169
SOLR.TA,2026-08-17,9140.0,9140.0,8791.0,9005.0,14684
SOLR.TA,2026-08-18,9005.0,9279.0,8978.0,9199.0,14460
SOLR.TA,2026-08-19,9199.0,9299.0,8982.0,9095.0,40918
SOLR.TA,2026-08-20,9095.0,9330.0,9063.0,9330.0,19490
SOLR.TA,2026-08-21,9330.0,9630.0,9294.0,9501.0,17030
SOLR.TA,2026-08-24,9501.0,9501.0,9141.0,9342.0,31899
SOLR.TA,2026-08-25,9342.0,9342.0,9133.0,9256.0,46382
SOLR.TA,2026-08-26,9256.0,9210.0,8513.0,8955.0,72791
SOLR.TA,2026-08-27,9194.0,9650.0,9180.0,9390.0,103733
SOLR.TA,2026-08-28,9550.0,9731.0,9320.0,9600.0,20771
SOLR.TA,2026-08-31,9500.0,9755.0,9282.0,9490.0,25143
SOLR.TA,2026-09-01,9490.0,9833.0,9363.0,9629.0,24983
SOLR.TA,2026-09-02,9629.0,10090.0,9428.0,9994.0,33066
SOLR.TA,2026-09-03,10200.0,10650.0,10200.0,10430.0,81726
SOLR.TA,2026-09-04,10460.0,10860.0,10120.0,10410.0,18708
SOLR.TA,2026-09-07,10420.0,10450.0,10210.0,10320.0,15104
SOLR.TA,2026-09-08,10320.0,10420.0,10140.0,10200.0,21724
SOLR.TA,2026-09-09,10240.0,10440.0,10100.0,10150.0,5740
SOLR.TA,2026-09-10,10150.0,10210.0,9621.0,9623.0,10672
SOLR.TA,2026-09-11,9623.0,9623.0,9623.0,9623.0,0
SOLR.TA,2026-09-14,9623.0,9623.0,8916.0,9001.0,42101
SOLR.TA,2026-09-15,9199.0,9199.0,8846.0,8950.0,23316
SOLR.TA,2026-09-16,8950.0,9260.0,8854.0,9034.0,55592
SOLR.TA,2026-09-17,9034.0,9247.0,9034.0,9174.0,9926
SOLR.TA,2026-09-18,9174.0,9174.0,9174.0,9174.0,0
SOLR.TA,2026-09-21,9174.0,9174.0,9174.0,9174.0,0
SOLR.TA,2026-09-22,9174.0,9500.0,9174.0,9438.0,30757
SOLR.TA,2026-09-23,9438.0,9690.0,9309.0,9342.0,32445
SOLR.TA,2026-09-24,9342.0,9342.0,8724.0,8958.0,31330
BONS.TA,2026-07-16,26.700000762939453,28.5,25.700000762939453,28.0,1732092
BONS.TA,2026-07-17,27.5,28.700000762939453,27.5,28.0,221772
BONS.TA,2026-07-20,28.0,28.299999237060547,27.0,27.299999237060547,746746
BONS.TA,2026-07-21,26.5,27.399999618530273,25.600000381469727,25.899999618530273,1715393
BONS.TA,2026-07-22,25.899999618530273,26.799999237060547,25.5,26.0,1066822
BONS.TA,2026-07-24,26.0,26.399999618530273,25.799999237060547,25.899999618530273,158884
BONS.TA,2026-07-27,25.899999618530273,26.5,25.5,25.700000762939453,430459
BONS.TA,2026-07-28,25.5,26.5,25.399999618530273,25.799999237060547,574054
BONS.TA,2026-07-29,25.600000381469727,25.899999618530273,25.100000381469727,25.5,673757
BONS.TA,2026-07-30,25.5,27.100000381469727,25.5,26.600000381469727,740764
BONS.TA,2026-07-31,26.600000381469727,26.899999618530273,26.399999618530273,26.5,165844
BONS.TA,2026-08-03,25.700000762939453,26.899999618530273,25.700000762939453,26.0,533073
BONS.TA,2026-08-04,26.0,26.299999237060547,25.100000381469727,25.5,722103
BONS.TA,2026-08-05,25.100000381469727,25.399999618530273,22.899999618530273,24.399999618530273,2459996
BONS.TA,2026-08-06,24.399999618530273,26.100000381469727,23.5,25.799999237060547,1179921
BONS.TA,2026-08-07,25.799999237060547,25.799999237060547,25.0,25.399999618530273,538335
BONS.TA,2026-08-10,24.0,25.399999618530273,23.299999237060547,24.0,2378217
BONS.TA,2026-08-11,24.100000381469727,25.100000381469727,22.799999237060547,23.0,1561136
BONS.TA,2026-08-12,23.0,23.799999237060547,21.600000381469727,21.799999237060547,3540459
BONS.TA,2026-08-13,22.200000762939453,23.299999237060547,21.799999237060547,22.200000762939453,1942310
BONS.TA,2026-08-14,22.399999618530273,22.399999618530273,21.200000762939453,21.899999618530273,379437
BONS.TA,2026-08-17,22.0,22.200000762939453,21.299999237060547,21.600000381469727,1116918
BONS.TA,2026-08-18,21.700000762939453,21.700000762939453,21.100000381469727,21.299999237060547,607754
BONS.TA,2026-08-19,21.299999237060547,21.399999618530273,19.5,19.899999618530273,2170222
BONS.TA,2026-08-20,20.899999618530273,20.899999618530273,18.299999237060547,19.200000762939453,7423729
BONS.TA,2026-08-21,19.200000762939453,19.700000762939453,17.700000762939453,18.200000762939453,5678397
BONS.TA,2026-08-24,19.200000762939453,21.5,19.0,20.0,3926251
BONS.TA,2026-08-25,20.600000381469727,21.399999618530273,19.600000381469727,19.799999237060547,1879253
BONS.TA,2026-08-26,20.0,20.5,19.200000762939453,19.799999237060547,954220
BONS.TA,2026-08-27,19.799999237060547,21.200000762939453,19.5,20.899999618530273,987700
BONS.TA,2026-08-28,20.899999618530273,21.0,20.399999618530273,20.700000762939453,327492
BONS.TA,2026-08-31,21.0,22.200000762939453,19.299999237060547,19.600000381469727,1277061
BONS.TA,2026-09-01,19.600000381469727,19.600000381469727,18.5,18.899999618530273,1191316
BONS.TA,2026-09-02,18.5,18.799999237060547,17.899999618530273,18.0,3159581
BONS.TA,2026-09-03,18.0,18.5,17.5,18.0,1506249
BONS.TA,2026-09-04,18.0,18.799999237060547,17.899999618530273,18.0,1090575
BONS.TA,2026-09-07,18.799999237060547,18.799999237060547,17.600000381469727,17.799999237060547,1250813
BONS.TA,2026-09-08,17.5,18.299999237060547,17.5,17.799999237060547,1023438
BONS.TA,2026-09-09,17.700000762939453,18.0,17.399999618530273,17.700000762939453,1763014
BONS.TA,2026-09-10,17.200000762939453,17.899999618530273,17.100000381469727,17.299999237060547,1213932
BONS.TA,2026-09-11,17.299999237060547,17.299999237060547,17.299999237060547,17.299999237060547,0
BONS.TA,2026-09-14,17.299999237060547,17.700000762939453,17.200000762939453,17.299999237060547,477653
BONS.TA,2026-09-15,17.299999237060547,17.799999237060547,17.299999237060547,17.700000762939453,899516
BONS.TA,2026-09-16,17.700000762939453,20.0,17.600000381469727,19.600000381469727,2119492
BONS.TA,2026-09-17,19.600000381469727,20.0,18.799999237060547,19.899999618530273,1557284
BONS.TA,2026-09-18,19.899999618530273,19.899999618530273,19.899999618530273,19.899999618530273,0
BONS.TA,2026-09-21,19.899999618530273,19.899999618530273,19.899999618530273,19.899999618530273,0
BONS.TA,2026-09-22,21.200000762939453,21.299999237060547,18.299999237060547,18.600000381469727,1847764
BONS.TA,2026-09-23,18.200000762939453,19.0,18.200000762939453,18.700000762939453,582312
BONS.TA,2026-09-24,18.5,19.299999237060547,18.200000762939453,18.399999618530273,1053605
KMDA.TA,2026-07-16,2151.0,2151.0,2081.0,2099.0,259895
KMDA.TA,2026-07-17,2145.0,2145.0,2096.0,2132.0,12214
KMDA.TA,2026-07-20,2140.0,2260.0,2122.0,2191.0,422843
KMDA.TA,2026-07-21,2230.0,2230.0,2175.0,2201.0,43808
KMDA.TA,2026-07-22,2200.0,2211.0,2154.0,2173.0,78689
KMDA.TA,2026-07-24,2173.0,2175.0,2140.0,2160.0,30768
KMDA.TA,2026-07-27,2160.0,2170.0,2119.0,2119.0,64766
KMDA.TA,2026-07-28,2119.0,2140.0,2109.0,2113.0,49220
KMDA.TA,2026-07-29,2113.0,2200.0,2113.0,2162.0,45861
KMDA.TA,2026-07-30,2190.0,2190.0,2150.0,2161.0,108999
KMDA.TA,2026-07-31,2160.0,2243.0,2159.0,2224.0,33746
KMDA.TA,2026-08-03,2224.0,2224.0,2180.0,2198.0,30752
KMDA.TA,2026-08-04,2198.0,2198.0,2180.0,2180.0,61984
KMDA.TA,2026-08-05,2180.0,2207.0,2168.0,2174.0,68027
KMDA.TA,2026-08-06,2209.0,2209.0,2110.0,2110.0,132837
KMDA.TA,2026-08-07,2110.0,2164.0,2110.0,2142.0,23568
KMDA.TA,2026-08-10,2148.0,2198.0,2124.0,2144.0,72155
KMDA.TA,2026-08-11,2110.0,2158.0,2110.0,2130.0,46917
KMDA.TA,2026-08-12,2105.0,2149.0,2013.0,2063.0,668572
KMDA.TA,2026-08-13,2063.0,2165.0,2064.0,2152.0,607781
KMDA.TA,2026-08-14,2152.0,2170.0,2143.0,2169.0,77419
KMDA.TA,2026-08-17,2209.0,2321.0,2200.0,2287.0,269170
KMDA.TA,2026-08-18,2287.0,2305.0,2255.0,2272.0,206352
KMDA.TA,2026-08-19,2300.0,2326.0,2289.0,2310.0,315371
KMDA.TA,2026-08-20,2330.0,2370.0,2325.0,2366.0,186753
KMDA.TA,2026-08-21,2393.0,2415.0,2393.0,2410.0,82125
KMDA.TA,2026-08-24,2450.0,2577.0,2419.0,2550.0,271092
KMDA.TA,2026-08-25,2550.0,2578.0,2509.0,2533.0,100499
KMDA.TA,2026-08-26,2548.0,2551.0,2511.0,2533.0,247571
KMDA.TA,2026-08-27,2539.0,2539.0,2416.0,2428.0,78102
KMDA.TA,2026-08-28,2428.0,2490.0,2424.0,2487.0,59170
KMDA.TA,2026-08-31,2487.0,2492.0,2434.0,2450.0,91012
KMDA.TA,2026-09-01,2450.0,2499.0,2400.0,2487.0,141995
KMDA.TA,2026-09-02,2521.0,2546.0,2473.0,2537.0,200944
KMDA.TA,2026-09-03,2537.0,2541.0,2453.0,2480.0,173269
KMDA.TA,2026-09-04,2489.0,2497.0,2469.0,2491.0,90400
KMDA.TA,2026-09-07,2500.0,2546.0,2465.0,2491.0,57863
KMDA.TA,2026-09-08,2495.0,2495.0,2467.0,2488.0,317225
KMDA.TA,2026-09-09,2488.0,2495.0,2472.0,2490.0,130011
KMDA.TA,2026-09-10,2490.0,2490.0,2443.0,2452.0,69336
KMDA.TA,2026-09-11,2452.0,2452.0,2452.0,2452.0,0
KMDA.TA,2026-09-14,2440.0,2552.0,2401.0,2505.0,275975
KMDA.TA,2026-09-15,2545.0,2545.0,2431.0,2441.0,101220
KMDA.TA,2026-09-16,2499.0,2515.0,2461.0,2494.0,114135
KMDA.TA,2026-09-17,2451.0,2633.0,2450.0,2633.0,129318
KMDA.TA,2026-09-18,2633.0,2633.0,2633.0,2633.0,0
KMDA.TA,2026-09-21,2633.0,2633.0,2633.0,2633.0,0
KMDA.TA,2026-09-22,2633.0,2676.0,2602.0,2630.0,131704
KMDA.TA,2026-09-23,2633.0,2698.0,2579.0,2668.0,185065
KMDA.TA,2026-09-24,2668.0,2680.0,2618.0,2666.0,104339
MTRD.TA,2026-07-16,2437.0,2598.0,2437.0,2527.0,27976
MTRD.TA,2026-07-17,2527.0,2598.0,2460.0,2545.0,7650
MTRD.TA,2026-07-20,2545.0,2600.0,2514.0,2589.0,9904
MTRD.TA,2026-07-21,2589.0,2641.0,2589.0,2620.0,15815
MTRD.TA,2026-07-22,2620.0,2666.0,2616.0,2648.0,5158
MTRD.TA,2026-07-24,2642.0,2666.0,2604.0,2617.0,4690
MTRD.TA,2026-07-27,2617.0,2663.0,2587.0,2620.0,15137
MTRD.TA,2026-07-28,2700.0,2700.0,2540.0,2576.0,5758
MTRD.TA,2026-07-29,2576.0,2600.0,2517.0,2563.0,3998
MTRD.TA,2026-07-30,2563.0,2590.0,2480.0,2554.0,8263
MTRD.TA,2026-07-31,2554.0,2660.0,2550.0,2609.0,1424
MTRD.TA,2026-08-03,2609.0,2690.0,2544.0,2690.0,17978
MTRD.TA,2026-08-04,2700.0,2700.0,2600.0,2617.0,14697
MTRD.TA,2026-08-05,2617.0,2689.0,2600.0,2652.0,14651
MTRD.TA,2026-08-06,2652.0,2688.0,2600.0,2600.0,50855
MTRD.TA,2026-08-07,2600.0,2630.0,2599.0,2624.0,1679
MTRD.TA,2026-08-10,2624.0,2659.0,2562.0,2593.0,12344
MTRD.TA,2026-08-11,2593.0,2613.0,2529.0,2564.0,6964
MTRD.TA,2026-08-12,2564.0,2564.0,2470.0,2535.0,3096
MTRD.TA,2026-08-13,2535.0,2620.0,2535.0,2543.0,2846
MTRD.TA,2026-08-14,2543.0,2599.0,2543.0,2585.0,464
MTRD.TA,2026-08-17,2599.0,2599.0,2550.0,2577.0,4767
MTRD.TA,2026-08-18,2577.0,2608.0,2502.0,2540.0,38797
MTRD.TA,2026-08-19,2540.0,2544.0,2440.0,2469.0,10857
MTRD.TA,2026-08-20,2469.0,2592.0,2439.0,2462.0,4109
MTRD.TA,2026-08-21,2434.0,2463.0,2371.0,2402.0,2053
MTRD.TA,2026-08-24,2402.0,2421.0,2290.0,2383.0,11312
MTRD.TA,2026-08-25,2383.0,2434.0,2345.0,2381.0,3705
MTRD.TA,2026-08-26,2381.0,2440.0,2371.0,2384.0,32556
MTRD.TA,2026-08-27,2371.0,2397.0,2323.0,2356.0,10395
MTRD.TA,2026-08-28,2356.0,2400.0,2356.0,2391.0,2396
MTRD.TA,2026-08-31,2400.0,2400.0,2309.0,2341.0,19015
MTRD.TA,2026-09-01,2341.0,2382.0,2294.0,2335.0,30455
MTRD.TA,2026-09-02,2335.0,2371.0,2308.0,2328.0,8783
MTRD.TA,2026-09-03,2308.0,2363.0,2283.0,2322.0,20775
MTRD.TA,2026-09-04,2322.0,2322.0,2314.0,2322.0,1912
MTRD.TA,2026-09-07,2322.0,2322.0,2282.0,2306.0,19091
MTRD.TA,2026-09-08,2305.0,2351.0,2222.0,2298.0,20609
MTRD.TA,2026-09-09,2298.0,2347.0,2291.0,2298.0,6270
MTRD.TA,2026-09-10,2298.0,2336.0,2230.0,2251.0,4978
MTRD.TA,2026-09-11,2251.0,2251.0,2251.0,2251.0,0
MTRD.TA,2026-09-14,2251.0,2297.0,2230.0,2245.0,6590
MTRD.TA,2026-09-15,2245.0,2352.0,2231.0,2294.0,9079
MTRD.TA,2026-09-16,2294.0,2320.0,2248.0,2298.0,13978
MTRD.TA,2026-09-17,2298.0,2357.0,2283.0,2302.0,6124
MTRD.TA,2026-09-18,2302.0,2302.0,2302.0,2302.0,0
MTRD.TA,2026-09-21,2302.0,2302.0,2302.0,2302.0,0
MTRD.TA,2026-09-22,2302.0,2331.0,2279.0,2294.0,5476
MTRD.TA,2026-09-23,2294.0,2350.0,2265.0,2339.0,9897
MTRD.TA,2026-09-24,2339.0,2381.0,2216.0,2300.0,22250
ALLT.TA,2026-07-16,2647.0,2647.0,2480.0,2546.0,36545
ALLT.TA,2026-07-17,2546.0,2552.0,2520.0,2530.0,3913
ALLT.TA,2026-07-20,2530.0,2530.0,2450.0,2487.0,9672
ALLT.TA,2026-07-21,2494.0,2529.0,2448.0,2477.0,4571
ALLT.TA,2026-07-22,2477.0,2497.0,2416.0,2436.0,5660
ALLT.TA,2026-07-24,2394.0,2394.0,2303.0,2333.0,8718
ALLT.TA,2026-07-27,2333.0,2408.0,2263.0,2343.0,23750
ALLT.TA,2026-07-28,2343.0,2369.0,2272.0,2292.0,20726
ALLT.TA,2026-07-29,2292.0,2357.0,2287.0,2331.0,7570
ALLT.TA,2026-07-30,2331.0,2331.0,2275.0,2290.0,9909
ALLT.TA,2026-07-31,2290.0,2336.0,2301.0,2320.0,5850
ALLT.TA,2026-08-03,2320.0,2389.0,2287.0,2373.0,28996
ALLT.TA,2026-08-04,2373.0,2462.0,2373.0,2448.0,63517
ALLT.TA,2026-08-05,2448.0,2459.0,2413.0,2439.0,12781
ALLT.TA,2026-08-06,2460.0,2460.0,2240.0,2240.0,39149
ALLT.TA,2026-08-07,2240.0,2319.0,2240.0,2289.0,8685
ALLT.TA,2026-08-10,2289.0,2381.0,2289.0,2347.0,8533
ALLT.TA,2026-08-11,2347.0,2347.0,2251.0,2281.0,4580
ALLT.TA,2026-08-12,2405.0,2535.0,2345.0,2368.0,66605
ALLT.TA,2026-08-13,2368.0,2385.0,2311.0,2340.0,17938
ALLT.TA,2026-08-14,2340.0,2343.0,2314.0,2326.0,948
ALLT.TA,2026-08-17,2326.0,2328.0,2243.0,2262.0,13162
ALLT.TA,2026-08-18,2262.0,2392.0,2253.0,2371.0,23471
ALLT.TA,2026-08-19,2371.0,2378.0,2256.0,2264.0,16833
ALLT.TA,2026-08-20,2272.0,2304.0,2266.0,2280.0,4101
ALLT.TA,2026-08-21,2280.0,2305.0,2242.0,2248.0,3843
ALLT.TA,2026-08-24,2248.0,2237.0,2190.0,2210.0,12509
ALLT.TA,2026-08-25,2210.0,2266.0,2210.0,2258.0,23443
ALLT.TA,2026-08-26,2258.0,2305.0,2214.0,2288.0,5756
ALLT.TA,2026-08-27,2288.0,2363.0,2281.0,2344.0,10678
ALLT.TA,2026-08-28,2344.0,2358.0,2299.0,2336.0,1265
ALLT.TA,2026-08-31,2336.0,2359.0,2316.0,2331.0,5788
ALLT.TA,2026-09-01,2331.0,2331.0,2282.0,2299.0,14892
ALLT.TA,2026-09-02,2280.0,2307.0,2246.0,2262.0,16789
ALLT.TA,2026-09-03,2262.0,2319.0,2261.0,2287.0,13209
ALLT.TA,2026-09-04,2298.0,2326.0,2297.0,2317.0,1573
ALLT.TA,2026-09-07,2300.0,2317.0,2288.0,2303.0,3353
ALLT.TA,2026-09-08,2303.0,2312.0,2282.0,2292.0,7767
ALLT.TA,2026-09-09,2292.0,2346.0,2259.0,2268.0,17283
ALLT.TA,2026-09-10,2268.0,2296.0,2245.0,2283.0,12486
ALLT.TA,2026-09-11,2283.0,2283.0,2283.0,2283.0,0
ALLT.TA,2026-09-14,2283.0,2558.0,2259.0,2548.0,160641
ALLT.TA,2026-09-15,2548.0,2563.0,2356.0,2366.0,43283
ALLT.TA,2026-09-16,2366.0,2452.0,2366.0,2419.0,19026
ALLT.TA,2026-09-17,2419.0,2455.0,2387.0,2439.0,14421
ALLT.TA,2026-09-18,2439.0,2439.0,2439.0,2439.0,0
ALLT.TA,2026-09-21,2439.0,2439.0,2439.0,2439.0,0
ALLT.TA,2026-09-22,2439.0,2475.0,2404.0,2441.0,6403
ALLT.TA,2026-09-23,2441.0,2573.0,2441.0,2557.0,16205
ALLT.TA,2026-09-24,2557.0,2610.0,2560.0,2588.0,10923
LUZN.TA,2026-07-16,527.7999877929688,530.0,506.0,529.7999877929688,173188
LUZN.TA,2026-07-17,529.7999877929688,529.7999877929688,518.0,528.0,76408
LUZN.TA,2026-07-20,528.0,528.0,511.0,515.5,174854
LUZN.TA,2026-07-21,502.1000061035156,514.9000244140625,461.5,464.0,1001075
LUZN.TA,2026-07-22,461.29998779296875,497.8999938964844,442.0,497.8999938964844,2796265
LUZN.TA,2026-07-24,497.8999938964844,500.0,486.1000061035156,498.20001220703125,138833
LUZN.TA,2026-07-27,498.20001220703125,504.0,472.3999938964844,476.0,301742
LUZN.TA,2026-07-28,476.0,481.8999938964844,466.79998779296875,470.8999938964844,82876
LUZN.TA,2026-07-29,470.8999938964844,470.8999938964844,443.3999938964844,445.1000061035156,239203
LUZN.TA,2026-07-30,445.1000061035156,455.0,436.0,453.0,186085
LUZN.TA,2026-07-31,453.0,463.0,452.5,461.70001220703125,79566
LUZN.TA,2026-08-03,461.70001220703125,469.20001220703125,455.70001220703125,467.3999938964844,91847
LUZN.TA,2026-08-04,467.3999938964844,475.0,459.20001220703125,467.3999938964844,159143
LUZN.TA,2026-08-05,467.3999938964844,467.3999938964844,457.3999938964844,459.29998779296875,231309
LUZN.TA,2026-08-06,459.29998779296875,468.70001220703125,448.8999938964844,453.0,777727
LUZN.TA,2026-08-07,448.5,460.6000061035156,448.5,456.3999938964844,53126
LUZN.TA,2026-08-10,456.3999938964844,460.5,446.5,449.70001220703125,76916
LUZN.TA,2026-08-11,449.70001220703125,454.0,435.8999938964844,440.0,116344
LUZN.TA,2026-08-12,440.0,443.0,420.29998779296875,426.8999938964844,192277
LUZN.TA,2026-08-13,426.8999938964844,429.20001220703125,418.0,424.1000061035156,140447
LUZN.TA,2026-08-14,424.1000061035156,435.0,420.79998779296875,432.79998779296875,49198
LUZN.TA,2026-08-17,432.79998779296875,442.1000061035156,423.79998779296875,433.0,91427
LUZN.TA,2026-08-18,433.0,438.6000061035156,423.3999938964844,429.5,88820
LUZN.TA,2026-08-19,420.0,442.79998779296875,419.8999938964844,420.70001220703125,151712
LUZN.TA,2026-08-20,422.20001220703125,428.29998779296875,418.0,421.0,70590
LUZN.TA,2026-08-21,421.0,440.0,421.0,431.0,56752
LUZN.TA,2026-08-24,431.0,431.0,413.5,420.1000061035156,133942
LUZN.TA,2026-08-25,420.1000061035156,422.0,410.70001220703125,416.79998779296875,293486
LUZN.TA,2026-08-26,416.79998779296875,433.0,416.79998779296875,430.20001220703125,97594
LUZN.TA,2026-08-27,430.20001220703125,452.0,430.1000061035156,448.1000061035156,239675
LUZN.TA,2026-08-28,448.1000061035156,457.8999938964844,441.3999938964844,451.8999938964844,97794
LUZN.TA,2026-08-31,451.8999938964844,475.0,438.6000061035156,457.0,252799
LUZN.TA,2026-09-01,457.0,484.1000061035156,452.5,475.0,702440
LUZN.TA,2026-09-02,466.5,504.6000061035156,466.5,495.0,353930
LUZN.TA,2026-09-03,495.0,511.79998779296875,477.6000061035156,491.3999938964844,179411
LUZN.TA,2026-09-04,491.3999938964844,506.20001220703125,486.5,506.20001220703125,97497
LUZN.TA,2026-09-07,506.20001220703125,510.6000061035156,492.20001220703125,504.0,236043
LUZN.TA,2026-09-08,504.0,504.0,487.8999938964844,493.1000061035156,229055
LUZN.TA,2026-09-09,493.1000061035156,497.5,478.0,487.70001220703125,212146
LUZN.TA,2026-09-10,487.70001220703125,487.70001220703125,444.1000061035156,475.0,322033
LUZN.TA,2026-09-11,475.0,475.0,475.0,475.0,0
LUZN.TA,2026-09-14,475.0,475.1000061035156,455.0,459.29998779296875,240478
LUZN.TA,2026-09-15,459.29998779296875,459.29998779296875,431.5,437.0,368541
LUZN.TA,2026-09-16,437.0,437.0,419.0,427.3999938964844,724633
LUZN.TA,2026-09-17,430.79998779296875,446.20001220703125,421.8999938964844,440.0,945521
LUZN.TA,2026-09-18,440.0,440.0,440.0,440.0,0
LUZN.TA,2026-09-21,440.0,440.0,440.0,440.0,0
LUZN.TA,2026-09-22,440.0,446.79998779296875,437.5,443.20001220703125,155988
LUZN.TA,2026-09-23,443.20001220703125,455.0,438.1000061035156,448.0,145080
LUZN.TA,2026-09-24,448.0,453.0,437.3999938964844,446.0,191614
SLARL.TA,2026-07-16,877.4000244140625,882.2999877929688,865.9000244140625,874.0,448488
SLARL.TA,2026-07-17,874.0,874.0,863.5999755859375,869.0,152820
SLARL.TA,2026-07-20,867.0999755859375,878.5,853.0999755859375,860.0,397262
SLARL.TA,2026-07-21,862.5,871.2999877929688,862.5,867.0,185454
SLARL.TA,2026-07-22,867.0,869.0,846.7000122070312,853.0,744795
SLARL.TA,2026-07-24,835.9000244140625,853.2000122070312,832.0999755859375,844.0,839415
SLARL.TA,2026-07-27,844.0,855.9000244140625,840.7000122070312,849.0,2979172
SLARL.TA,2026-07-28,849.0,858.9000244140625,838.0,848.9000244140625,539434
SLARL.TA,2026-07-29,848.9000244140625,854.0,830.0,845.5999755859375,444912
SLARL.TA,2026-07-30,841.4000244140625,860.0,828.2999877929688,860.0,443148
SLARL.TA,2026-07-31,860.0,882.0,859.5,882.0,357220
SLARL.TA,2026-08-03,882.0,887.4000244140625,863.7999877929688,863.7999877929688,543546
SLARL.TA,2026-08-04,863.7999877929688,867.0,840.7000122070312,857.0,534210
SLARL.TA,2026-08-05,857.2000122070312,863.2000122070312,836.4000244140625,849.0,1691192
SLARL.TA,2026-08-06,845.0,850.0999755859375,827.0999755859375,827.0999755859375,2184624
SLARL.TA,2026-08-07,827.0999755859375,849.9000244140625,827.0999755859375,848.9000244140625,596113
SLARL.TA,2026-08-10,848.9000244140625,851.7999877929688,829.5999755859375,830.0999755859375,714961
SLARL.TA,2026-08-11,830.0999755859375,847.0,820.5999755859375,830.0,897306
SLARL.TA,2026-08-12,830.0,836.0999755859375,821.0,821.0,865530
SLARL.TA,2026-08-13,821.0,852.9000244140625,814.0,842.0999755859375,826104
SLARL.TA,2026-08-14,842.0999755859375,856.0,827.0,827.0,640418
SLARL.TA,2026-08-17,812.0,825.9000244140625,809.2999877929688,815.0999755859375,1035341
SLARL.TA,2026-08-18,815.0,829.4000244140625,802.0,827.0,724766
SLARL.TA,2026-08-19,829.2999877929688,845.0999755859375,827.4000244140625,845.0999755859375,632515
SLARL.TA,2026-08-20,843.5,866.0999755859375,841.2000122070312,854.7000122070312,502223
SLARL.TA,2026-08-21,854.7000122070312,880.0999755859375,854.7000122070312,874.9000244140625,371280
SLARL.TA,2026-08-24,874.9000244140625,876.0,862.4000244140625,865.5,553913
SLARL.TA,2026-08-25,865.5,868.0,860.2999877929688,865.5,426069
SLARL.TA,2026-08-26,865.5,868.7999877929688,847.7999877929688,865.5,709379
SLARL.TA,2026-08-27,865.5,881.4000244140625,865.5,876.0,470147
SLARL.TA,2026-08-28,866.4000244140625,885.0,864.2999877929688,885.0,778646
SLARL.TA,2026-08-31,885.0,894.0,871.9000244140625,880.0999755859375,1221226
SLARL.TA,2026-09-01,880.0,910.0,866.0999755859375,899.9000244140625,2228026
SLARL.TA,2026-09-02,899.9000244140625,926.4000244140625,893.0999755859375,926.4000244140625,676328
SLARL.TA,2026-09-03,939.9000244140625,939.9000244140625,919.9000244140625,926.0,612536
SLARL.TA,2026-09-04,920.2999877929688,938.5,920.2999877929688,926.0,469165
SLARL.TA,2026-09-07,926.0,926.0,907.5999755859375,915.0,296468
SLARL.TA,2026-09-08,915.0,919.7000122070312,903.2999877929688,908.5999755859375,345445
SLARL.TA,2026-09-09,908.5999755859375,917.0,891.2999877929688,900.0,335888
SLARL.TA,2026-09-10,900.0,901.2999877929688,882.5,884.9000244140625,336155
SLARL.TA,2026-09-11,884.9000244140625,884.9000244140625,884.9000244140625,884.9000244140625,0
SLARL.TA,2026-09-14,884.9000244140625,885.4000244140625,868.5,873.7999877929688,290295
SLARL.TA,2026-09-15,868.7999877929688,873.7999877929688,853.0,860.0,317817
SLARL.TA,2026-09-16,860.0,870.2999877929688,853.5999755859375,855.5999755859375,453888
SLARL.TA,2026-09-17,851.2999877929688,862.7000122070312,830.0,836.0,982383
SLARL.TA,2026-09-18,836.0,836.0,836.0,836.0,0
SLARL.TA,2026-09-21,836.0,836.0,836.0,836.0,0
SLARL.TA,2026-09-22,840.0,847.5,831.2999877929688,832.0,926803
SLARL.TA,2026-09-23,832.0,832.0,790.4000244140625,807.0,783864
SLARL.TA,2026-09-24,801.0,806.0,789.0,801.0,634364
TMRP.TA,2026-07-16,2845.0,2920.0,2804.0,2895.0,140070
TMRP.TA,2026-07-17,2950.0,3040.0,2920.0,2989.0,113303
TMRP.TA,2026-07-20,3010.0,3184.0,3010.0,3179.0,191366
TMRP.TA,2026-07-21,3179.0,3195.0,3108.0,3184.0,102650
TMRP.TA,2026-07-22,3248.0,3279.0,3163.0,3185.0,108077
TMRP.TA,2026-07-24,3140.0,3262.0,3085.0,3121.0,80273
TMRP.TA,2026-07-27,3159.0,3160.0,3030.0,3030.0,79312
TMRP.TA,2026-07-28,3059.0,3106.0,2960.0,2960.0,53528
TMRP.TA,2026-07-29,2960.0,3021.0,2884.0,2990.0,64417
TMRP.TA,2026-07-30,3004.0,3025.0,2936.0,2989.0,186343
TMRP.TA,2026-07-31,2850.0,3034.0,2807.0,2989.0,166863
TMRP.TA,2026-08-03,2948.0,3009.0,2918.0,2979.0,187195
TMRP.TA,2026-08-04,2979.0,2983.0,2942.0,2958.0,144730
TMRP.TA,2026-08-05,2911.0,2982.0,2807.0,2899.0,172986
TMRP.TA,2026-08-06,2805.0,2903.0,2805.0,2820.0,956240
TMRP.TA,2026-08-07,2820.0,2892.0,2820.0,2851.0,62576
TMRP.TA,2026-08-10,2851.0,2878.0,2840.0,2849.0,133808
TMRP.TA,2026-08-11,2867.0,2975.0,2859.0,2936.0,66557
TMRP.TA,2026-08-12,2936.0,2972.0,2861.0,2903.0,54667
TMRP.TA,2026-08-13,2903.0,2970.0,2821.0,2879.0,43902
TMRP.TA,2026-08-14,2879.0,2923.0,2849.0,2874.0,26117
TMRP.TA,2026-08-17,2874.0,2946.0,2846.0,2915.0,121514
TMRP.TA,2026-08-18,2915.0,2940.0,2799.0,2898.0,88377
TMRP.TA,2026-08-19,2898.0,3115.0,2876.0,3085.0,83632
TMRP.TA,2026-08-20,3085.0,3085.0,2959.0,2982.0,77815
TMRP.TA,2026-08-21,2982.0,3024.0,2955.0,2975.0,24190
TMRP.TA,2026-08-24,2975.0,2995.0,2888.0,2888.0,48196
TMRP.TA,2026-08-25,2888.0,2916.0,2820.0,2820.0,59349
TMRP.TA,2026-08-26,2820.0,2826.0,2688.0,2773.0,128838
TMRP.TA,2026-08-27,2773.0,2829.0,2748.0,2799.0,124100
TMRP.TA,2026-08-28,2766.0,2839.0,2766.0,2795.0,41519
TMRP.TA,2026-08-31,2795.0,2815.0,2771.0,2800.0,81656
TMRP.TA,2026-09-01,2800.0,2905.0,2800.0,2889.0,122542
TMRP.TA,2026-09-02,2888.0,2929.0,2734.0,2734.0,102398
TMRP.TA,2026-09-03,2769.0,2828.0,2737.0,2823.0,107493
TMRP.TA,2026-09-04,2823.0,2826.0,2796.0,2821.0,23509
TMRP.TA,2026-09-07,2889.0,2889.0,2778.0,2800.0,74178
TMRP.TA,2026-09-08,2800.0,2823.0,2744.0,2755.0,116055
TMRP.TA,2026-09-09,2760.0,2825.0,2760.0,2815.0,63716
TMRP.TA,2026-09-10,2805.0,2864.0,2751.0,2809.0,53774
TMRP.TA,2026-09-11,2809.0,2809.0,2809.0,2809.0,0
TMRP.TA,2026-09-14,2809.0,2834.0,2750.0,2827.0,48849
TMRP.TA,2026-09-15,2827.0,2830.0,2737.0,2797.0,107407
TMRP.TA,2026-09-16,2797.0,2807.0,2735.0,2767.0,96040
TMRP.TA,2026-09-17,2767.0,2820.0,2752.0,2772.0,82029
TMRP.TA,2026-09-18,2772.0,2772.0,2772.0,2772.0,0
TMRP.TA,2026-09-21,2772.0,2772.0,2772.0,2772.0,0
TMRP.TA,2026-09-22,2765.0,2781.0,2639.0,2640.0,83740
TMRP.TA,2026-09-23,2645.0,2715.0,2628.0,2701.0,65152
TMRP.TA,2026-09-24,2675.0,2740.0,2610.0,2636.0,80101
HLAN.TA,2026-07-16,21500.0,22350.0,21450.0,21870.0,73314
HLAN.TA,2026-07-17,21870.0,21940.0,21190.0,21310.0,18918
HLAN.TA,2026-07-20,21250.0,22000.0,21240.0,21800.0,35418
HLAN.TA,2026-07-21,21800.0,21970.0,21460.0,21630.0,24594
HLAN.TA,2026-07-22,21650.0,21970.0,21250.0,21500.0,47925
HLAN.TA,2026-07-24,20940.0,21440.0,20920.0,20980.0,44564
HLAN.TA,2026-07-27,20980.0,21590.0,20760.0,20850.0,29109
HLAN.TA,2026-07-28,20870.0,21980.0,20870.0,21500.0,70168
HLAN.TA,2026-07-29,21500.0,22200.0,21140.0,21490.0,84663
HLAN.TA,2026-07-30,21600.0,21850.0,20960.0,21360.0,39759
HLAN.TA,2026-07-31,21280.0,22480.0,21270.0,21880.0,34780
HLAN.TA,2026-08-03,21880.0,22330.0,21500.0,22130.0,45347
HLAN.TA,2026-08-04,22300.0,22660.0,21780.0,21780.0,64176
HLAN.TA,2026-08-05,21800.0,22740.0,21800.0,22450.0,51689
HLAN.TA,2026-08-06,22310.0,22600.0,22120.0,22220.0,232681
HLAN.TA,2026-08-07,22220.0,22560.0,21980.0,22220.0,12517
HLAN.TA,2026-08-10,22220.0,22610.0,22140.0,22240.0,32028
HLAN.TA,2026-08-11,22240.0,22810.0,21910.0,22140.0,27470
HLAN.TA,2026-08-12,22140.0,22320.0,21370.0,21400.0,30982
HLAN.TA,2026-08-13,21170.0,22120.0,21170.0,22030.0,14020
HLAN.TA,2026-08-14,22070.0,22450.0,21960.0,22150.0,12517
HLAN.TA,2026-08-17,22200.0,22600.0,21270.0,21270.0,31769
HLAN.TA,2026-08-18,21270.0,22490.0,21270.0,22490.0,42404
HLAN.TA,2026-08-19,22490.0,22700.0,21710.0,22070.0,29253
HLAN.TA,2026-08-20,22140.0,22550.0,21930.0,22370.0,19811
HLAN.TA,2026-08-21,22370.0,22830.0,22230.0,22830.0,11733
HLAN.TA,2026-08-24,22850.0,23270.0,22470.0,22970.0,36967
HLAN.TA,2026-08-25,22880.0,23660.0,22880.0,23310.0,50225
HLAN.TA,2026-08-26,23310.0,23830.0,23040.0,23580.0,24046
HLAN.TA,2026-08-27,23580.0,24280.0,23580.0,24190.0,50851
HLAN.TA,2026-08-28,23910.0,24720.0,23910.0,24690.0,36668
HLAN.TA,2026-08-31,24650.0,24750.0,24170.0,24200.0,30876
HLAN.TA,2026-09-01,24200.0,24880.0,24200.0,24740.0,38895
HLAN.TA,2026-09-02,24840.0,24990.0,24540.0,24640.0,30056
HLAN.TA,2026-09-03,24640.0,25100.0,24500.0,25060.0,35919
HLAN.TA,2026-09-04,25060.0,25300.0,24940.0,25130.0,20024
HLAN.TA,2026-09-07,25230.0,25230.0,24810.0,25070.0,24097
HLAN.TA,2026-09-08,25070.0,25190.0,24700.0,24740.0,34926
HLAN.TA,2026-09-09,24250.0,24950.0,24250.0,24560.0,22705
HLAN.TA,2026-09-10,24540.0,24750.0,23660.0,24310.0,37051
HLAN.TA,2026-09-11,24310.0,24310.0,24310.0,24310.0,0
HLAN.TA,2026-09-14,24310.0,24940.0,24280.0,24750.0,53033
HLAN.TA,2026-09-15,24750.0,24760.0,24240.0,24560.0,12557
HLAN.TA,2026-09-16,24270.0,24700.0,24270.0,24440.0,25429
HLAN.TA,2026-09-17,24260.0,24910.0,24210.0,24370.0,65055
HLAN.TA,2026-09-18,24370.0,24370.0,24370.0,24370.0,0
HLAN.TA,2026-09-21,24370.0,24370.0,24370.0,24370.0,0
HLAN.TA,2026-09-22,24370.0,25090.0,24370.0,24840.0,41387
HLAN.TA,2026-09-23,24840.0,25060.0,24050.0,24050.0,37873
HLAN.TA,2026-09-24,23720.0,24090.0,22970.0,23500.0,63461
ELCO.TA,2026-07-16,15100.0,15360.0,14960.0,15230.0,14579
ELCO.TA,2026-07-17,15230.0,15230.0,14990.0,15230.0,11606
ELCO.TA,2026-07-20,15230.0,15380.0,14890.0,15130.0,15475
ELCO.TA,2026-07-21,15130.0,15180.0,14390.0,14490.0,40826
ELCO.TA,2026-07-22,14740.0,14740.0,14110.0,14490.0,28118
ELCO.TA,2026-07-24,14280.0,14900.0,14220.0,14900.0,49270
ELCO.TA,2026-07-27,15000.0,15140.0,14600.0,14750.0,13155
ELCO.TA,2026-07-28,14750.0,14850.0,14470.0,14600.0,36955
ELCO.TA,2026-07-29,14540.0,14620.0,14300.0,14500.0,17730
ELCO.TA,2026-07-30,14400.0,14500.0,13900.0,14500.0,57778
ELCO.TA,2026-07-31,14010.0,14840.0,14010.0,14790.0,56492
ELCO.TA,2026-08-03,14790.0,14790.0,14190.0,14360.0,28053
ELCO.TA,2026-08-04,14360.0,14470.0,13480.0,14030.0,41648
ELCO.TA,2026-08-05,14030.0,14120.0,13650.0,13800.0,32829
ELCO.TA,2026-08-06,13760.0,13920.0,13560.0,13560.0,279614
ELCO.TA,2026-08-07,13700.0,13770.0,13580.0,13650.0,13702
ELCO.TA,2026-08-10,13780.0,13810.0,13230.0,13320.0,19949
ELCO.TA,2026-08-11,13320.0,13330.0,12850.0,13030.0,35543
ELCO.TA,2026-08-12,13030.0,13110.0,12100.0,12100.0,24084
ELCO.TA,2026-08-13,12110.0,12430.0,12060.0,12350.0,23893
ELCO.TA,2026-08-14,12350.0,12400.0,12200.0,12270.0,11522
ELCO.TA,2026-08-17,12270.0,12340.0,11840.0,11840.0,14630
ELCO.TA,2026-08-18,11840.0,12050.0,11600.0,12050.0,20622
ELCO.TA,2026-08-19,12050.0,12390.0,11910.0,12100.0,15835
ELCO.TA,2026-08-20,12140.0,12280.0,12040.0,12160.0,12609
ELCO.TA,2026-08-21,12160.0,12490.0,12110.0,12300.0,12261
ELCO.TA,2026-08-24,12300.0,12300.0,11890.0,11890.0,11696
ELCO.TA,2026-08-25,11900.0,12460.0,11900.0,12360.0,14765
ELCO.TA,2026-08-26,12360.0,12380.0,11950.0,12220.0,22770
ELCO.TA,2026-08-27,12390.0,12710.0,12260.0,12710.0,16676
ELCO.TA,2026-08-28,12600.0,12680.0,12360.0,12610.0,14752
ELCO.TA,2026-08-31,12610.0,12940.0,12300.0,12780.0,26018
ELCO.TA,2026-09-01,12680.0,13170.0,12550.0,13140.0,19611
ELCO.TA,2026-09-02,13050.0,13520.0,13050.0,13480.0,17926
ELCO.TA,2026-09-03,13070.0,13650.0,13070.0,13340.0,11213
ELCO.TA,2026-09-04,13340.0,13750.0,13290.0,13750.0,13586
ELCO.TA,2026-09-07,13750.0,13750.0,13310.0,13410.0,10997
ELCO.TA,2026-09-08,13410.0,13410.0,13040.0,13080.0,12033
ELCO.TA,2026-09-09,13080.0,13240.0,12920.0,13040.0,11738
ELCO.TA,2026-09-10,13040.0,13050.0,12610.0,12670.0,9259
ELCO.TA,2026-09-11,12670.0,12670.0,12670.0,12670.0,0
ELCO.TA,2026-09-14,12820.0,12820.0,12260.0,12270.0,15569
ELCO.TA,2026-09-15,12200.0,12310.0,12040.0,12310.0,7793
ELCO.TA,2026-09-16,12310.0,12580.0,12280.0,12430.0,18937
ELCO.TA,2026-09-17,12430.0,12720.0,12150.0,12150.0,68987
ELCO.TA,2026-09-18,12150.0,12150.0,12150.0,12150.0,0
ELCO.TA,2026-09-21,12150.0,12150.0,12150.0,12150.0,0
ELCO.TA,2026-09-22,12570.0,12570.0,12270.0,12500.0,26494
ELCO.TA,2026-09-23,12380.0,12620.0,12190.0,12320.0,8291
ELCO.TA,2026-09-24,12190.0,12240.0,11570.0,11630.0,33211
SOFW.TA,2026-07-16,4376.0,4525.0,4338.0,4500.0,244597
SOFW.TA,2026-07-17,4480.0,4534.0,4454.0,4484.0,54335
SOFW.TA,2026-07-20,4484.0,4452.0,4340.0,4386.0,43218
SOFW.TA,2026-07-21,4386.0,4386.0,4149.0,4247.0,23966
SOFW.TA,2026-07-22,4247.0,4292.0,4150.0,4159.0,139330
SOFW.TA,2026-07-24,4159.0,4171.0,4068.0,4134.0,17761
SOFW.TA,2026-07-27,4134.0,4264.0,4000.0,4067.0,48059
SOFW.TA,2026-07-28,4067.0,4067.0,3933.0,3945.0,25441
SOFW.TA,2026-07-29,3945.0,3990.0,3930.0,3982.0,7611
SOFW.TA,2026-07-30,3987.0,3993.0,3905.0,3939.0,55898
SOFW.TA,2026-07-31,3939.0,4072.0,3916.0,4072.0,47376
SOFW.TA,2026-08-03,4072.0,4130.0,4017.0,4080.0,52339
SOFW.TA,2026-08-04,4122.0,4160.0,3691.0,3850.0,379554
SOFW.TA,2026-08-05,3850.0,3945.0,3660.0,3940.0,79855
SOFW.TA,2026-08-06,3940.0,3950.0,3819.0,3883.0,73239
SOFW.TA,2026-08-07,3883.0,3888.0,3799.0,3799.0,22679
SOFW.TA,2026-08-10,3849.0,3875.0,3610.0,3643.0,77280
SOFW.TA,2026-08-11,3554.0,3642.0,3550.0,3622.0,29179
SOFW.TA,2026-08-12,3622.0,3622.0,3501.0,3611.0,85712
SOFW.TA,2026-08-13,3611.0,3714.0,3589.0,3690.0,17909
SOFW.TA,2026-08-14,3690.0,3713.0,3665.0,3697.0,5111
SOFW.TA,2026-08-17,3697.0,3698.0,3486.0,3500.0,136577
SOFW.TA,2026-08-18,3500.0,3522.0,3430.0,3500.0,130792
SOFW.TA,2026-08-19,3500.0,3551.0,3500.0,3528.0,7267
SOFW.TA,2026-08-20,3528.0,3550.0,3450.0,3498.0,29121
SOFW.TA,2026-08-21,3498.0,3492.0,3442.0,3451.0,5869
SOFW.TA,2026-08-24,3451.0,3500.0,3356.0,3397.0,26134
SOFW.TA,2026-08-25,3443.0,3500.0,3253.0,3500.0,158169
SOFW.TA,2026-08-26,3500.0,3605.0,3294.0,3605.0,67676
SOFW.TA,2026-08-27,3605.0,3720.0,3453.0,3720.0,84096
SOFW.TA,2026-08-28,3720.0,3832.0,3641.0,3832.0,47237
SOFW.TA,2026-08-31,3802.0,3889.0,3660.0,3792.0,162770
SOFW.TA,2026-09-01,3792.0,3943.0,3612.0,3624.0,61011
SOFW.TA,2026-09-02,3600.0,3600.0,3430.0,3480.0,32985
SOFW.TA,2026-09-03,3480.0,3478.0,3326.0,3395.0,32455
SOFW.TA,2026-09-04,3376.0,3510.0,3376.0,3400.0,39173
SOFW.TA,2026-09-07,3400.0,3489.0,3348.0,3433.0,27843
SOFW.TA,2026-09-08,3433.0,3470.0,3325.0,3454.0,15035
SOFW.TA,2026-09-09,3454.0,3508.0,3318.0,3318.0,54957
SOFW.TA,2026-09-10,3318.0,3318.0,3266.0,3310.0,57607
SOFW.TA,2026-09-11,3310.0,3310.0,3310.0,3310.0,0
SOFW.TA,2026-09-14,3310.0,3338.0,3228.0,3249.0,48390
SOFW.TA,2026-09-15,3259.0,3283.0,3212.0,3249.0,45019
SOFW.TA,2026-09-16,3249.0,3249.0,3100.0,3118.0,83082
SOFW.TA,2026-09-17,3267.0,3267.0,3043.0,3043.0,31807
SOFW.TA,2026-09-18,3043.0,3043.0,3043.0,3043.0,0
SOFW.TA,2026-09-21,3043.0,3043.0,3043.0,3043.0,0
SOFW.TA,2026-09-22,3022.0,3101.0,3000.0,3004.0,90684
SOFW.TA,2026-09-23,3016.0,3050.0,2964.0,3001.0,107411
SOFW.TA,2026-09-24,3001.0,3800.0,2927.0,3751.0,1114306
ZPRS.TA,2026-07-16,3235.0,3380.0,3234.0,3259.0,9922
ZPRS.TA,2026-07-17,3259.0,3399.0,3200.0,3293.0,9220
ZPRS.TA,2026-07-20,3303.0,3400.0,3102.0,3220.0,12142
ZPRS.TA,2026-07-21,3475.0,3475.0,3215.0,3286.0,9417
ZPRS.TA,2026-07-22,3286.0,3362.0,3266.0,3311.0,8036
ZPRS.TA,2026-07-24,3311.0,3357.0,3264.0,3324.0,3977
ZPRS.TA,2026-07-27,3324.0,3387.0,3289.0,3380.0,8701
ZPRS.TA,2026-07-28,3380.0,3380.0,3183.0,3213.0,11816
ZPRS.TA,2026-07-29,3213.0,3219.0,3017.0,3037.0,13576
ZPRS.TA,2026-07-30,3037.0,3156.0,2940.0,3104.0,12378
ZPRS.TA,2026-07-31,3124.0,3156.0,3076.0,3124.0,8096
ZPRS.TA,2026-08-03,3124.0,3231.0,3069.0,3219.0,11957
ZPRS.TA,2026-08-04,3219.0,3229.0,3169.0,3198.0,29577
ZPRS.TA,2026-08-05,3198.0,3199.0,3077.0,3170.0,13565
ZPRS.TA,2026-08-06,3170.0,3206.0,2568.0,3109.0,133805
ZPRS.TA,2026-08-07,3109.0,3124.0,3030.0,3092.0,9763
ZPRS.TA,2026-08-10,3092.0,3156.0,3051.0,3100.0,5810
ZPRS.TA,2026-08-11,3100.0,3161.0,3026.0,3056.0,14327
ZPRS.TA,2026-08-12,3056.0,3088.0,2999.0,3017.0,20196
ZPRS.TA,2026-08-13,3017.0,3162.0,2969.0,3153.0,7771
ZPRS.TA,2026-08-14,3153.0,3201.0,3117.0,3189.0,7803
ZPRS.TA,2026-08-17,3189.0,3137.0,2740.0,2811.0,27258
ZPRS.TA,2026-08-18,2811.0,2811.0,2465.0,2492.0,34142
ZPRS.TA,2026-08-19,2492.0,2531.0,2342.0,2446.0,20376
ZPRS.TA,2026-08-20,2446.0,2591.0,2439.0,2546.0,17294
ZPRS.TA,2026-08-21,2546.0,2700.0,2546.0,2557.0,3770
ZPRS.TA,2026-08-24,2557.0,2547.0,2402.0,2490.0,16882
ZPRS.TA,2026-08-25,2490.0,2555.0,2409.0,2532.0,31181
ZPRS.TA,2026-08-26,2532.0,2532.0,2466.0,2518.0,54685
ZPRS.TA,2026-08-27,2518.0,2518.0,2470.0,2496.0,19974
ZPRS.TA,2026-08-28,2496.0,2502.0,2418.0,2475.0,8842
ZPRS.TA,2026-08-31,2475.0,2603.0,2427.0,2600.0,41394
ZPRS.TA,2026-09-01,2600.0,2662.0,2489.0,2650.0,27463
ZPRS.TA,2026-09-02,2641.0,2713.0,2559.0,2710.0,39982
ZPRS.TA,2026-09-03,2710.0,2787.0,2612.0,2689.0,19937
ZPRS.TA,2026-09-04,2851.0,2851.0,2681.0,2725.0,7263
ZPRS.TA,2026-09-07,2725.0,2725.0,2669.0,2677.0,3518
ZPRS.TA,2026-09-08,2677.0,2685.0,2620.0,2682.0,6615
ZPRS.TA,2026-09-09,2682.0,2691.0,2560.0,2625.0,7475
ZPRS.TA,2026-09-10,2625.0,2570.0,2463.0,2550.0,20014
ZPRS.TA,2026-09-11,2550.0,2550.0,2550.0,2550.0,0
ZPRS.TA,2026-09-14,2550.0,2550.0,2430.0,2440.0,17649
ZPRS.TA,2026-09-15,2440.0,2454.0,2298.0,2423.0,18541
ZPRS.TA,2026-09-16,2423.0,2524.0,2404.0,2404.0,36715
ZPRS.TA,2026-09-17,2404.0,2420.0,2348.0,2381.0,9577
ZPRS.TA,2026-09-18,2381.0,2381.0,2381.0,2381.0,0
ZPRS.TA,2026-09-21,2381.0,2381.0,2381.0,2381.0,0
ZPRS.TA,2026-09-22,2381.0,2502.0,2330.0,2393.0,6323
ZPRS.TA,2026-09-23,2393.0,2581.0,2357.0,2505.0,23023
ZPRS.TA,2026-09-24,2550.0,2550.0,2400.0,2438.0,37543
ICL.TA,2026-07-16,1533.0,1548.0,1515.0,1532.0,1355761
ICL.TA,2026-07-17,1525.0,1542.0,1514.0,1538.0,671404
ICL.TA,2026-07-20,1537.0,1560.0,1520.0,1535.0,1409754
ICL.TA,2026-07-21,1542.0,1617.0,1540.0,1600.0,2041476
ICL.TA,2026-07-22,1595.0,1645.0,1593.0,1645.0,4114981
ICL.TA,2026-07-24,1615.0,1627.0,1595.0,1610.0,2894330
ICL.TA,2026-07-27,1618.0,1636.0,1565.0,1565.0,2373274
ICL.TA,2026-07-28,1589.0,1610.0,1562.0,1610.0,1433197
ICL.TA,2026-07-29,1602.0,1607.0,1521.0,1572.0,2064204
ICL.TA,2026-07-30,1575.0,1585.0,1562.0,1576.0,600328
ICL.TA,2026-07-31,1564.0,1582.0,1555.0,1565.0,1010297
ICL.TA,2026-08-03,1555.0,1568.0,1536.0,1560.0,1459648
ICL.TA,2026-08-04,1537.0,1557.0,1518.0,1540.0,2536260
ICL.TA,2026-08-05,1626.0,1647.0,1560.0,1580.0,4506460
ICL.TA,2026-08-06,1583.0,1593.0,1556.0,1575.0,6328318
ICL.TA,2026-08-07,1575.0,1631.0,1575.0,1606.0,846591
ICL.TA,2026-08-10,1599.0,1625.0,1587.0,1613.0,2896856
ICL.TA,2026-08-11,1600.0,1617.0,1585.0,1613.0,2062699
ICL.TA,2026-08-12,1613.0,1638.0,1596.0,1630.0,2351489
ICL.TA,2026-08-13,1625.0,1662.0,1596.0,1600.0,1443863
ICL.TA,2026-08-14,1612.0,1646.0,1604.0,1640.0,1425681
ICL.TA,2026-08-17,1629.0,1644.0,1595.0,1620.0,2008240
ICL.TA,2026-08-18,1618.0,1629.0,1577.0,1617.0,1470487
ICL.TA,2026-08-19,1618.0,1647.0,1566.0,1647.0,2473888
ICL.TA,2026-08-20,1647.0,1655.0,1602.0,1635.0,1610650
ICL.TA,2026-08-21,1644.0,1715.0,1644.0,1689.0,1213843
ICL.TA,2026-08-24,1720.0,1745.0,1696.0,1737.0,2441287
ICL.TA,2026-08-25,1726.0,1728.0,1660.0,1660.0,1099251
ICL.TA,2026-08-26,1660.0,1695.0,1646.0,1694.0,1765418
ICL.TA,2026-08-27,1694.0,1701.0,1672.0,1679.0,964528
ICL.TA,2026-08-28,1660.0,1673.0,1645.0,1660.0,2214813
ICL.TA,2026-08-31,1666.0,1718.0,1666.0,1709.0,5267032
ICL.TA,2026-09-01,1708.0,1730.0,1695.0,1728.0,2095869
ICL.TA,2026-09-02,1740.0,1754.0,1709.0,1754.0,5413329
ICL.TA,2026-09-03,1776.0,1788.0,1738.0,1748.0,3123841
ICL.TA,2026-09-04,1768.0,1783.0,1747.0,1765.0,801273
ICL.TA,2026-09-07,1761.0,1785.0,1731.0,1784.0,1070300
ICL.TA,2026-09-08,1784.0,1804.0,1763.0,1771.0,3452257
ICL.TA,2026-09-09,1785.0,1785.0,1761.0,1774.0,1717169
ICL.TA,2026-09-10,1800.0,1800.0,1743.0,1750.0,2926439
ICL.TA,2026-09-11,1750.0,1750.0,1750.0,1750.0,0
ICL.TA,2026-09-14,1732.0,1737.0,1668.0,1690.0,1804032
ICL.TA,2026-09-15,1690.0,1690.0,1666.0,1679.0,843039
ICL.TA,2026-09-16,1690.0,1693.0,1669.0,1684.0,1107920
ICL.TA,2026-09-17,1673.0,1685.0,1648.0,1667.0,2692256
ICL.TA,2026-09-18,1667.0,1667.0,1667.0,1667.0,0
ICL.TA,2026-09-21,1667.0,1667.0,1667.0,1667.0,0
ICL.TA,2026-09-22,1630.0,1630.0,1593.0,1619.0,3629739
ICL.TA,2026-09-23,1636.0,1637.0,1601.0,1616.0,1528114
ICL.TA,2026-09-24,1601.0,1616.0,1590.0,1596.0,1501834
MTLF.TA,2026-07-16,259.29998779296875,270.0,259.29998779296875,265.29998779296875,42558
MTLF.TA,2026-07-17,265.29998779296875,265.20001220703125,260.1000061035156,261.1000061035156,5767
MTLF.TA,2026-07-20,270.0,270.0,251.0,265.79998779296875,155380
MTLF.TA,2026-07-21,265.79998779296875,266.0,249.0,256.3999938964844,23094
MTLF.TA,2026-07-22,259.79998779296875,259.79998779296875,233.10000610351562,242.0,169131
MTLF.TA,2026-07-24,242.0,260.0,242.0,249.3000030517578,37823
MTLF.TA,2026-07-27,249.3000030517578,260.0,248.0,255.60000610351562,78524
MTLF.TA,2026-07-28,255.60000610351562,252.0,245.0,250.39999389648438,51939
MTLF.TA,2026-07-29,250.39999389648438,257.0,242.1999969482422,246.39999389648438,33126
MTLF.TA,2026-07-30,246.39999389648438,255.0,245.0,245.0,111101
MTLF.TA,2026-07-31,245.0,250.0,245.10000610351562,248.1999969482422,787
MTLF.TA,2026-08-03,248.1999969482422,260.0,231.0,255.39999389648438,141743
MTLF.TA,2026-08-04,255.0,261.6000061035156,252.0,258.79998779296875,37577
MTLF.TA,2026-08-05,258.79998779296875,260.0,247.10000610351562,257.8999938964844,22510
MTLF.TA,2026-08-06,257.8999938964844,261.79998779296875,248.0,260.8999938964844,30326
MTLF.TA,2026-08-07,260.8999938964844,261.8999938964844,240.0,259.8999938964844,30717
MTLF.TA,2026-08-10,259.8999938964844,260.8999938964844,238.0,255.3000030517578,63721
MTLF.TA,2026-08-11,255.3000030517578,260.0,244.10000610351562,250.8000030517578,15937
MTLF.TA,2026-08-12,250.8000030517578,262.0,250.8000030517578,259.6000061035156,11290
MTLF.TA,2026-08-13,261.8999938964844,271.5,261.8999938964844,270.70001220703125,84122
MTLF.TA,2026-08-14,270.70001220703125,271.29998779296875,265.1000061035156,270.6000061035156,20470
MTLF.TA,2026-08-17,274.0,309.79998779296875,263.0,266.1000061035156,1438365
MTLF.TA,2026-08-18,269.8999938964844,269.8999938964844,254.89999389648438,263.3999938964844,153965
MTLF.TA,2026-08-19,263.3999938964844,280.0,255.5,262.6000061035156,73464
MTLF.TA,2026-08-20,272.0,272.0,255.3000030517578,256.6000061035156,54910
MTLF.TA,2026-08-21,256.6000061035156,259.8999938964844,245.0,250.8000030517578,63759
MTLF.TA,2026-08-24,250.8000030517578,265.0,245.0,255.1999969482422,58275
MTLF.TA,2026-08-25,266.8999938964844,266.8999938964844,250.0,259.1000061035156,29851
MTLF.TA,2026-08-26,259.1000061035156,268.0,255.10000610351562,260.70001220703125,29011
MTLF.TA,2026-08-27,260.70001220703125,267.0,252.5,261.0,25629
MTLF.TA,2026-08-28,261.0,272.0,250.0,257.8999938964844,55828
MTLF.TA,2026-08-31,269.0,273.0,259.5,265.29998779296875,97306
MTLF.TA,2026-09-01,272.0,280.0,270.0,274.70001220703125,195511
MTLF.TA,2026-09-02,275.0,290.0,274.0,274.79998779296875,290279
MTLF.TA,2026-09-03,276.8999938964844,300.1000061035156,270.0,292.79998779296875,206055
MTLF.TA,2026-09-04,299.0,316.1000061035156,292.79998779296875,299.70001220703125,193320
MTLF.TA,2026-09-07,299.70001220703125,314.79998779296875,277.0,281.5,199855
MTLF.TA,2026-09-08,281.5,284.20001220703125,260.1000061035156,264.20001220703125,181863
MTLF.TA,2026-09-09,270.0,289.0,264.79998779296875,268.29998779296875,104441
MTLF.TA,2026-09-10,268.29998779296875,274.5,261.0,266.5,92607
MTLF.TA,2026-09-11,266.5,266.5,266.5,266.5,0
MTLF.TA,2026-09-14,266.5,267.0,260.8999938964844,262.29998779296875,20040
MTLF.TA,2026-09-15,262.29998779296875,269.5,262.5,265.6000061035156,2475
MTLF.TA,2026-09-16,269.5,269.5,260.1000061035156,264.20001220703125,37687
MTLF.TA,2026-09-17,264.20001220703125,272.0,260.29998779296875,263.70001220703125,41918
MTLF.TA,2026-09-18,263.70001220703125,263.70001220703125,263.70001220703125,263.70001220703125,0
MTLF.TA,2026-09-21,263.70001220703125,263.70001220703125,263.70001220703125,263.70001220703125,0
MTLF.TA,2026-09-22,270.0,275.0,251.10000610351562,255.8000030517578,104866
MTLF.TA,2026-09-23,255.8000030517578,265.0,256.5,263.8999938964844,32404
MTLF.TA,2026-09-24,263.8999938964844,262.0,256.0,259.70001220703125,28881
HIPR.TA,2026-07-16,2693.0,2738.0,2651.0,2686.0,9358
HIPR.TA,2026-07-17,2659.0,2684.0,2596.0,2654.0,24248
HIPR.TA,2026-07-20,2654.0,2715.0,2600.0,2677.0,23383
HIPR.TA,2026-07-21,2677.0,2730.0,2659.0,2717.0,48164
HIPR.TA,2026-07-22,2717.0,2725.0,2681.0,2720.0,17055
HIPR.TA,2026-07-24,2720.0,2735.0,2654.0,2720.0,12439
HIPR.TA,2026-07-27,2720.0,2758.0,2695.0,2725.0,92653
HIPR.TA,2026-07-28,2725.0,2777.0,2611.0,2748.0,87764
HIPR.TA,2026-07-29,2748.0,2777.0,2729.0,2748.0,67866
HIPR.TA,2026-07-30,2748.0,2871.0,2690.0,2871.0,90177
HIPR.TA,2026-07-31,2878.0,2929.0,2857.0,2897.0,82207
HIPR.TA,2026-08-03,2897.0,2927.0,2870.0,2881.0,82917
HIPR.TA,2026-08-04,2881.0,2907.0,2844.0,2869.0,25950
HIPR.TA,2026-08-05,2869.0,2898.0,2831.0,2850.0,20305
HIPR.TA,2026-08-06,2850.0,2867.0,2806.0,2850.0,224934
HIPR.TA,2026-08-07,2850.0,2875.0,2814.0,2834.0,15617
HIPR.TA,2026-08-10,2834.0,2875.0,2769.0,2780.0,80649
HIPR.TA,2026-08-11,2780.0,2780.0,2670.0,2706.0,37078
HIPR.TA,2026-08-12,2706.0,2724.0,2623.0,2671.0,49052
HIPR.TA,2026-08-13,2805.0,3017.0,2805.0,3010.0,495789
HIPR.TA,2026-08-14,3010.0,3123.0,2913.0,2937.0,69621
HIPR.TA,2026-08-17,2937.0,2982.0,2865.0,2883.0,296722
HIPR.TA,2026-08-18,2883.0,2932.0,2863.0,2881.0,76771
HIPR.TA,2026-08-19,2881.0,2903.0,2835.0,2848.0,81948
HIPR.TA,2026-08-20,2848.0,2873.0,2830.0,2851.0,39793
HIPR.TA,2026-08-21,2851.0,2952.0,2851.0,2940.0,49276
HIPR.TA,2026-08-24,2940.0,2970.0,2908.0,2922.0,35366
HIPR.TA,2026-08-25,2908.0,2936.0,2866.0,2911.0,58499
HIPR.TA,2026-08-26,2911.0,2981.0,2910.0,2964.0,32991
HIPR.TA,2026-08-27,2964.0,3036.0,2951.0,3002.0,47963
HIPR.TA,2026-08-28,3002.0,3088.0,2998.0,3066.0,63784
HIPR.TA,2026-08-31,3130.0,3130.0,3082.0,3120.0,90684
HIPR.TA,2026-09-01,3066.0,3217.0,3066.0,3145.0,220017
HIPR.TA,2026-09-02,3134.0,3250.0,3128.0,3208.0,288890
HIPR.TA,2026-09-03,3236.0,3397.0,3206.0,3275.0,160191
HIPR.TA,2026-09-04,3323.0,3345.0,3250.0,3269.0,59980
HIPR.TA,2026-09-07,3269.0,3307.0,3236.0,3276.0,104163
HIPR.TA,2026-09-08,3350.0,3351.0,3244.0,3300.0,166724
HIPR.TA,2026-09-09,3300.0,3347.0,3283.0,3325.0,162138
HIPR.TA,2026-09-10,3277.0,3398.0,3250.0,3281.0,81617
HIPR.TA,2026-09-11,3281.0,3281.0,3281.0,3281.0,0
HIPR.TA,2026-09-14,3299.0,3299.0,3171.0,3192.0,48571
HIPR.TA,2026-09-15,3192.0,3192.0,3000.0,3035.0,98667
HIPR.TA,2026-09-16,3035.0,3104.0,3010.0,3069.0,179216
HIPR.TA,2026-09-17,3103.0,3142.0,3068.0,3112.0,76129
HIPR.TA,2026-09-18,3112.0,3112.0,3112.0,3112.0,0
HIPR.TA,2026-09-21,3112.0,3112.0,3112.0,3112.0,0
HIPR.TA,2026-09-22,3112.0,3170.0,3050.0,3090.0,49136
HIPR.TA,2026-09-23,3102.0,3136.0,3086.0,3104.0,53524
HIPR.TA,2026-09-24,3133.0,3207.0,3080.0,3135.0,224860
EXPO.TA,2026-07-16,6604.0,6618.0,6460.0,6617.0,7695
EXPO.TA,2026-07-17,6617.0,6600.0,6551.0,6580.0,507
EXPO.TA,2026-07-20,6580.0,6721.0,6534.0,6718.0,304
EXPO.TA,2026-07-21,6718.0,6786.0,6697.0,6784.0,390
EXPO.TA,2026-07-22,6458.0,6786.0,6458.0,6783.0,227
EXPO.TA,2026-07-24,6783.0,6783.0,6783.0,6783.0,5
EXPO.TA,2026-07-27,6783.0,6783.0,6783.0,6783.0,15
EXPO.TA,2026-07-28,6783.0,6549.0,6549.0,6751.0,4
EXPO.TA,2026-07-29,6751.0,6602.0,6600.0,6601.0,77
EXPO.TA,2026-07-30,6601.0,6700.0,6604.0,6692.0,109
EXPO.TA,2026-07-31,6692.0,6692.0,6692.0,6692.0,10
EXPO.TA,2026-08-03,6692.0,6800.0,6700.0,6750.0,350
EXPO.TA,2026-08-04,6750.0,6799.0,6750.0,6763.0,173
EXPO.TA,2026-08-05,6763.0,6799.0,6600.0,6613.0,499
EXPO.TA,2026-08-06,6613.0,6885.0,6610.0,6885.0,3306
EXPO.TA,2026-08-07,6885.0,6900.0,6701.0,6881.0,116
EXPO.TA,2026-08-10,6881.0,6950.0,6899.0,6900.0,901
EXPO.TA,2026-08-11,6900.0,6900.0,6900.0,6900.0,2
EXPO.TA,2026-08-12,6900.0,6960.0,6900.0,6940.0,729
EXPO.TA,2026-08-13,6940.0,6902.0,6465.0,6578.0,9566
EXPO.TA,2026-08-14,6578.0,6699.0,6644.0,6665.0,135
EXPO.TA,2026-08-17,6665.0,6850.0,6699.0,6847.0,1091
EXPO.TA,2026-08-18,6847.0,6847.0,6847.0,6847.0,11
EXPO.TA,2026-08-19,6847.0,6858.0,6846.0,6849.0,627
EXPO.TA,2026-08-20,6849.0,7170.0,6840.0,6874.0,1578
EXPO.TA,2026-08-21,6874.0,6873.0,6868.0,6868.0,374
EXPO.TA,2026-08-24,6868.0,7459.0,6873.0,6933.0,408
EXPO.TA,2026-08-25,6933.0,6933.0,6933.0,6933.0,418
EXPO.TA,2026-08-26,6901.0,6999.0,6901.0,6957.0,713
EXPO.TA,2026-08-27,6957.0,6999.0,6939.0,6940.0,1179
EXPO.TA,2026-08-28,6940.0,6980.0,6980.0,6980.0,102
EXPO.TA,2026-08-31,6980.0,7003.0,6978.0,6979.0,714
EXPO.TA,2026-09-01,6979.0,7001.0,6978.0,6980.0,205
EXPO.TA,2026-09-02,6980.0,7001.0,6900.0,6904.0,607
EXPO.TA,2026-09-03,6904.0,7099.0,6942.0,6973.0,1707
EXPO.TA,2026-09-04,6973.0,6945.0,6878.0,6901.0,2271
EXPO.TA,2026-09-07,6901.0,6941.0,6847.0,6849.0,4356
EXPO.TA,2026-09-08,6849.0,6902.0,6900.0,6901.0,674
EXPO.TA,2026-09-09,6901.0,6943.0,6882.0,6887.0,503
EXPO.TA,2026-09-10,6887.0,6881.0,6760.0,6812.0,1578
EXPO.TA,2026-09-11,6812.0,6812.0,6812.0,6812.0,0
EXPO.TA,2026-09-14,6812.0,6846.0,6740.0,6814.0,14
EXPO.TA,2026-09-15,6814.0,6843.0,6843.0,6822.0,8
EXPO.TA,2026-09-16,6822.0,6856.0,6856.0,6828.0,5
EXPO.TA,2026-09-17,6828.0,6828.0,6828.0,6828.0,11
EXPO.TA,2026-09-18,6828.0,6828.0,6828.0,6828.0,0
EXPO.TA,2026-09-21,6828.0,6828.0,6828.0,6828.0,0
EXPO.TA,2026-09-22,6828.0,6847.0,6780.0,6810.0,210
EXPO.TA,2026-09-23,6810.0,6846.0,6779.0,6806.0,111
EXPO.TA,2026-09-24,6806.0,6845.0,6779.0,6780.0,705
MDTR.TA,2026-07-16,1600.0,1607.0,1539.0,1588.0,42055
MDTR.TA,2026-07-17,1588.0,1619.0,1558.0,1610.0,25550
MDTR.TA,2026-07-20,1610.0,1610.0,1567.0,1583.0,26864
MDTR.TA,2026-07-21,1583.0,1600.0,1543.0,1546.0,47752
MDTR.TA,2026-07-22,1546.0,1553.0,1510.0,1512.0,47354
MDTR.TA,2026-07-24,1517.0,1526.0,1490.0,1505.0,72922
MDTR.TA,2026-07-27,1529.0,1536.0,1440.0,1440.0,82062
MDTR.TA,2026-07-28,1446.0,1479.0,1418.0,1425.0,65955
MDTR.TA,2026-07-29,1425.0,1447.0,1424.0,1434.0,29172
MDTR.TA,2026-07-30,1423.0,1474.0,1423.0,1470.0,17573
MDTR.TA,2026-07-31,1466.0,1539.0,1466.0,1517.0,44070
MDTR.TA,2026-08-03,1517.0,1525.0,1463.0,1511.0,95943
MDTR.TA,2026-08-04,1511.0,1511.0,1476.0,1491.0,29863
MDTR.TA,2026-08-05,1500.0,1500.0,1436.0,1460.0,80596
MDTR.TA,2026-08-06,1460.0,1492.0,1443.0,1443.0,196596
MDTR.TA,2026-08-07,1443.0,1489.0,1443.0,1467.0,12698
MDTR.TA,2026-08-10,1467.0,1467.0,1421.0,1439.0,46495
MDTR.TA,2026-08-11,1447.0,1462.0,1416.0,1444.0,26525
MDTR.TA,2026-08-12,1444.0,1444.0,1401.0,1401.0,61620
MDTR.TA,2026-08-13,1401.0,1412.0,1386.0,1394.0,25545
MDTR.TA,2026-08-14,1394.0,1413.0,1394.0,1408.0,14447
MDTR.TA,2026-08-17,1408.0,1413.0,1360.0,1360.0,90046
MDTR.TA,2026-08-18,1360.0,1360.0,1321.0,1343.0,144144
MDTR.TA,2026-08-19,1343.0,1381.0,1348.0,1378.0,41788
MDTR.TA,2026-08-20,1378.0,1399.0,1363.0,1368.0,31965
MDTR.TA,2026-08-21,1368.0,1383.0,1353.0,1353.0,35185
MDTR.TA,2026-08-24,1357.0,1359.0,1301.0,1304.0,97500
MDTR.TA,2026-08-25,1304.0,1310.0,1279.0,1290.0,54115
MDTR.TA,2026-08-26,1290.0,1347.0,1290.0,1339.0,58046
MDTR.TA,2026-08-27,1339.0,1365.0,1327.0,1337.0,35270
MDTR.TA,2026-08-28,1337.0,1380.0,1327.0,1375.0,25045
MDTR.TA,2026-08-31,1375.0,1382.0,1340.0,1356.0,33562
MDTR.TA,2026-09-01,1356.0,1393.0,1334.0,1373.0,247906
MDTR.TA,2026-09-02,1360.0,1436.0,1360.0,1436.0,92353
MDTR.TA,2026-09-03,1421.0,1460.0,1394.0,1460.0,114744
MDTR.TA,2026-09-04,1460.0,1465.0,1439.0,1465.0,36918
MDTR.TA,2026-09-07,1480.0,1480.0,1396.0,1396.0,68393
MDTR.TA,2026-09-08,1400.0,1423.0,1365.0,1367.0,81031
MDTR.TA,2026-09-09,1372.0,1378.0,1335.0,1337.0,46089
MDTR.TA,2026-09-10,1348.0,1363.0,1330.0,1342.0,85439
MDTR.TA,2026-09-11,1342.0,1342.0,1342.0,1342.0,0
MDTR.TA,2026-09-14,1342.0,1390.0,1300.0,1359.0,84695
MDTR.TA,2026-09-15,1366.0,1366.0,1330.0,1330.0,32717
MDTR.TA,2026-09-16,1330.0,1376.0,1327.0,1370.0,55998
MDTR.TA,2026-09-17,1370.0,1411.0,1370.0,1389.0,205009
MDTR.TA,2026-09-18,1389.0,1389.0,1389.0,1389.0,0
MDTR.TA,2026-09-21,1389.0,1389.0,1389.0,1389.0,0
MDTR.TA,2026-09-22,1399.0,1402.0,1371.0,1375.0,48940
MDTR.TA,2026-09-23,1375.0,1391.0,1347.0,1356.0,21348
MDTR.TA,2026-09-24,1356.0,1357.0,1310.0,1318.0,55078
RANI.TA,2026-07-16,497.3999938964844,497.3999938964844,473.0,483.79998779296875,479953
RANI.TA,2026-07-17,483.79998779296875,477.3999938964844,462.29998779296875,470.0,71711
RANI.TA,2026-07-20,470.0,476.3999938964844,456.1000061035156,457.79998779296875,282578
RANI.TA,2026-07-21,457.79998779296875,457.79998779296875,447.5,452.5,63719
RANI.TA,2026-07-22,461.0,468.1000061035156,446.1000061035156,448.0,650053
RANI.TA,2026-07-24,448.0,469.79998779296875,448.0,467.1000061035156,169008
RANI.TA,2026-07-27,467.1000061035156,476.5,466.3999938964844,472.0,60005
RANI.TA,2026-07-28,472.0,476.5,468.1000061035156,470.20001220703125,34359
RANI.TA,2026-07-29,470.20001220703125,476.5,464.1000061035156,471.20001220703125,12647
RANI.TA,2026-07-30,476.0,476.0,464.8999938964844,467.3999938964844,42733
RANI.TA,2026-07-31,467.3999938964844,473.8999938964844,467.20001220703125,471.6000061035156,36045
RANI.TA,2026-08-03,471.6000061035156,477.5,462.79998779296875,477.20001220703125,47060
RANI.TA,2026-08-04,477.20001220703125,478.1000061035156,470.0,475.3999938964844,36399
RANI.TA,2026-08-05,475.3999938964844,475.3999938964844,463.5,467.29998779296875,35877
RANI.TA,2026-08-06,471.70001220703125,471.70001220703125,457.3999938964844,465.5,113262
RANI.TA,2026-08-07,465.5,475.20001220703125,464.5,470.8999938964844,32567
RANI.TA,2026-08-10,470.8999938964844,473.79998779296875,462.20001220703125,468.70001220703125,19291
RANI.TA,2026-08-11,470.79998779296875,470.79998779296875,461.1000061035156,466.6000061035156,22695
RANI.TA,2026-08-12,468.6000061035156,468.6000061035156,449.3999938964844,451.0,338904
RANI.TA,2026-08-13,451.0,459.29998779296875,442.8999938964844,453.79998779296875,50528
RANI.TA,2026-08-14,459.3999938964844,459.3999938964844,450.29998779296875,458.1000061035156,10123
RANI.TA,2026-08-17,458.1000061035156,459.3999938964844,449.0,457.0,74728
RANI.TA,2026-08-18,457.0,457.0,442.5,453.29998779296875,142306
RANI.TA,2026-08-19,453.29998779296875,457.6000061035156,451.20001220703125,454.3999938964844,27562
RANI.TA,2026-08-20,456.0,459.8999938964844,456.0,459.70001220703125,61178
RANI.TA,2026-08-21,459.70001220703125,463.20001220703125,450.0,460.5,24960
RANI.TA,2026-08-24,460.5,459.79998779296875,450.0,451.6000061035156,31636
RANI.TA,2026-08-25,451.6000061035156,451.6000061035156,435.0,449.3999938964844,112850
RANI.TA,2026-08-26,454.8999938964844,454.8999938964844,438.1000061035156,449.3999938964844,91566
RANI.TA,2026-08-27,449.3999938964844,448.3999938964844,441.0,443.70001220703125,36170
RANI.TA,2026-08-28,443.70001220703125,443.70001220703125,438.1000061035156,442.1000061035156,96619
RANI.TA,2026-08-31,443.70001220703125,468.70001220703125,436.0,465.20001220703125,203557
RANI.TA,2026-09-01,465.20001220703125,498.8999938964844,465.20001220703125,490.0,153657
RANI.TA,2026-09-02,490.0,496.0,479.6000061035156,489.79998779296875,81874
RANI.TA,2026-09-03,489.79998779296875,492.5,485.0,487.8999938964844,98173
RANI.TA,2026-09-04,485.1000061035156,489.5,485.1000061035156,488.8999938964844,10306
RANI.TA,2026-09-07,499.3999938964844,499.3999938964844,489.0,493.1000061035156,63154
RANI.TA,2026-09-08,493.1000061035156,496.8999938964844,485.0,490.0,66595
RANI.TA,2026-09-09,490.0,495.0,474.8999938964844,482.70001220703125,92673
RANI.TA,2026-09-10,482.70001220703125,487.6000061035156,471.6000061035156,477.70001220703125,35158
RANI.TA,2026-09-11,477.70001220703125,477.70001220703125,477.70001220703125,477.70001220703125,0
RANI.TA,2026-09-14,486.0,486.0,471.6000061035156,479.29998779296875,90142
RANI.TA,2026-09-15,479.29998779296875,479.29998779296875,467.0,474.5,17363
RANI.TA,2026-09-16,486.0,486.0,464.1000061035156,473.20001220703125,20648
RANI.TA,2026-09-17,473.20001220703125,473.20001220703125,460.6000061035156,464.3999938964844,109643
RANI.TA,2026-09-18,464.3999938964844,464.3999938964844,464.3999938964844,464.3999938964844,0
RANI.TA,2026-09-21,464.3999938964844,464.3999938964844,464.3999938964844,464.3999938964844,0
RANI.TA,2026-09-22,464.3999938964844,464.8999938964844,424.79998779296875,442.79998779296875,879976
RANI.TA,2026-09-23,442.79998779296875,449.8999938964844,421.0,441.3999938964844,80736
RANI.TA,2026-09-24,441.29998779296875,441.3999938964844,435.0,435.3999938964844,30314
RIT1.TA,2026-07-16,2169.0,2190.0,2148.0,2160.0,231803
RIT1.TA,2026-07-17,2151.0,2189.0,2139.0,2189.0,101387
RIT1.TA,2026-07-20,2189.0,2189.0,2146.0,2180.0,212636
RIT1.TA,2026-07-21,2184.0,2211.0,2133.0,2169.0,413108
RIT1.TA,2026-07-22,2169.0,2191.0,2150.0,2172.0,242937
RIT1.TA,2026-07-24,2125.0,2200.0,2125.0,2200.0,425058
RIT1.TA,2026-07-27,2200.0,2235.0,2161.0,2161.0,306348
RIT1.TA,2026-07-28,2161.0,2174.0,2133.0,2145.0,143663
RIT1.TA,2026-07-29,2145.0,2157.0,2109.0,2141.0,336527
RIT1.TA,2026-07-30,2141.0,2161.0,2079.0,2151.0,886341
RIT1.TA,2026-07-31,2151.0,2167.0,2126.0,2167.0,288815
RIT1.TA,2026-08-03,2147.0,2177.0,2141.0,2156.0,323886
RIT1.TA,2026-08-04,2156.0,2160.0,2108.0,2158.0,366161
RIT1.TA,2026-08-05,2158.0,2193.0,2123.0,2150.0,560744
RIT1.TA,2026-08-06,2150.0,2165.0,2123.0,2140.0,5402007
RIT1.TA,2026-08-07,2140.0,2156.0,2121.0,2134.0,110357
RIT1.TA,2026-08-10,2134.0,2149.0,2077.0,2110.0,376000
RIT1.TA,2026-08-11,2110.0,2146.0,2089.0,2127.0,215397
RIT1.TA,2026-08-12,2127.0,2177.0,2079.0,2080.0,304692
RIT1.TA,2026-08-13,2096.0,2133.0,2087.0,2122.0,160191
RIT1.TA,2026-08-14,2122.0,2160.0,2114.0,2148.0,90410
RIT1.TA,2026-08-17,2148.0,2172.0,2060.0,2060.0,280151
RIT1.TA,2026-08-18,2060.0,2150.0,2035.0,2139.0,506557
RIT1.TA,2026-08-19,2150.0,2199.0,2119.0,2199.0,723852
RIT1.TA,2026-08-20,2196.0,2238.0,2180.0,2215.0,182343
RIT1.TA,2026-08-21,2231.0,2238.0,2220.0,2230.0,109916
RIT1.TA,2026-08-24,2230.0,2232.0,2203.0,2216.0,88092
RIT1.TA,2026-08-25,2204.0,2227.0,2183.0,2200.0,149672
RIT1.TA,2026-08-26,2200.0,2242.0,2177.0,2204.0,322871
RIT1.TA,2026-08-27,2204.0,2229.0,2173.0,2199.0,198961
RIT1.TA,2026-08-28,2163.0,2227.0,2163.0,2227.0,158549
RIT1.TA,2026-08-31,2227.0,2227.0,2161.0,2161.0,357032
RIT1.TA,2026-09-01,2161.0,2240.0,2161.0,2208.0,1730141
RIT1.TA,2026-09-02,2208.0,2267.0,2208.0,2250.0,1256531
RIT1.TA,2026-09-03,2249.0,2280.0,2233.0,2265.0,412478
RIT1.TA,2026-09-04,2265.0,2313.0,2264.0,2302.0,144435
RIT1.TA,2026-09-07,2302.0,2302.0,2250.0,2290.0,241422
RIT1.TA,2026-09-08,2290.0,2294.0,2221.0,2233.0,208983
RIT1.TA,2026-09-09,2233.0,2245.0,2156.0,2170.0,179337
RIT1.TA,2026-09-10,2178.0,2215.0,2123.0,2153.0,330635
RIT1.TA,2026-09-11,2153.0,2153.0,2153.0,2153.0,0
RIT1.TA,2026-09-14,2153.0,2153.0,2118.0,2143.0,194019
RIT1.TA,2026-09-15,2143.0,2149.0,2110.0,2149.0,146621
RIT1.TA,2026-09-16,2072.0,2175.0,2072.0,2140.0,345418
RIT1.TA,2026-09-17,2140.0,2159.0,2093.0,2155.0,518703
RIT1.TA,2026-09-18,2155.0,2155.0,2155.0,2155.0,0
RIT1.TA,2026-09-21,2155.0,2155.0,2155.0,2155.0,0
RIT1.TA,2026-09-22,2155.0,2168.0,2117.0,2143.0,614634
RIT1.TA,2026-09-23,2147.0,2148.0,2092.0,2100.0,175801
RIT1.TA,2026-09-24,2089.0,2100.0,2017.0,2038.0,845989
TPGM.TA,2026-07-16,1280.0,1280.0,1235.0,1280.0,431181
TPGM.TA,2026-07-17,1235.0,1279.0,1235.0,1257.0,23463
TPGM.TA,2026-07-20,1233.0,1325.0,1233.0,1310.0,108967
TPGM.TA,2026-07-21,1310.0,1319.0,1300.0,1317.0,30680
TPGM.TA,2026-07-22,1317.0,1321.0,1248.0,1315.0,79181
TPGM.TA,2026-07-24,1367.0,1367.0,1276.0,1303.0,31852
TPGM.TA,2026-07-27,1303.0,1321.0,1296.0,1296.0,168267
TPGM.TA,2026-07-28,1296.0,1339.0,1271.0,1319.0,113642
TPGM.TA,2026-07-29,1309.0,1309.0,1229.0,1243.0,279125
TPGM.TA,2026-07-30,1295.0,1295.0,1167.0,1186.0,711408
TPGM.TA,2026-07-31,1186.0,1266.0,1160.0,1222.0,159032
TPGM.TA,2026-08-03,1222.0,1266.0,1180.0,1266.0,42903
TPGM.TA,2026-08-04,1266.0,1280.0,1215.0,1227.0,45524
TPGM.TA,2026-08-05,1227.0,1229.0,1180.0,1194.0,60045
TPGM.TA,2026-08-06,1194.0,1235.0,1161.0,1232.0,253222
TPGM.TA,2026-08-07,1232.0,1241.0,1225.0,1230.0,19457
TPGM.TA,2026-08-10,1230.0,1233.0,1191.0,1192.0,31925
TPGM.TA,2026-08-11,1192.0,1192.0,1166.0,1166.0,44648
TPGM.TA,2026-08-12,1161.0,1166.0,1108.0,1125.0,96734
TPGM.TA,2026-08-13,1125.0,1125.0,1078.0,1090.0,113907
TPGM.TA,2026-08-14,1090.0,1094.0,1077.0,1087.0,6799
TPGM.TA,2026-08-17,1087.0,1087.0,1059.0,1062.0,26259
TPGM.TA,2026-08-18,1062.0,1074.0,1018.0,1058.0,36967
TPGM.TA,2026-08-19,1058.0,1069.0,1025.0,1034.0,169866
TPGM.TA,2026-08-20,1038.0,1038.0,999.0,1018.0,102584
TPGM.TA,2026-08-21,1018.0,1108.0,1012.0,1068.0,32277
TPGM.TA,2026-08-24,1068.0,1072.0,1008.0,1013.0,36460
TPGM.TA,2026-08-25,1013.0,1015.0,935.0999755859375,993.4000244140625,218730
TPGM.TA,2026-08-26,992.0,1047.0,992.0,1028.0,35354
TPGM.TA,2026-08-27,1028.0,1060.0,1028.0,1056.0,39302
TPGM.TA,2026-08-28,1056.0,1070.0,1040.0,1067.0,15714
TPGM.TA,2026-08-31,1067.0,1067.0,1025.0,1050.0,92886
TPGM.TA,2026-09-01,1050.0,1066.0,1029.0,1039.0,47907
TPGM.TA,2026-09-02,1039.0,1049.0,1018.0,1041.0,164865
TPGM.TA,2026-09-03,1041.0,1128.0,1041.0,1083.0,70858
TPGM.TA,2026-09-04,1083.0,1100.0,1069.0,1090.0,19981
TPGM.TA,2026-09-07,1090.0,1090.0,1046.0,1051.0,35208
TPGM.TA,2026-09-08,1051.0,1071.0,1037.0,1065.0,30708
TPGM.TA,2026-09-09,1065.0,1102.0,1064.0,1087.0,62296
TPGM.TA,2026-09-10,1087.0,1088.0,1060.0,1067.0,37903
TPGM.TA,2026-09-11,1067.0,1067.0,1067.0,1067.0,0
TPGM.TA,2026-09-14,1067.0,1070.0,1031.0,1037.0,27093
TPGM.TA,2026-09-15,1037.0,1032.0,1014.0,1026.0,96066
TPGM.TA,2026-09-16,1026.0,1035.0,1007.0,1011.0,30666
TPGM.TA,2026-09-17,1011.0,1042.0,1000.0,1014.0,26830
TPGM.TA,2026-09-18,1014.0,1014.0,1014.0,1014.0,0
TPGM.TA,2026-09-21,1014.0,1014.0,1014.0,1014.0,0
TPGM.TA,2026-09-22,1014.0,1014.0,967.7999877929688,984.5,132349
TPGM.TA,2026-09-23,988.4000244140625,1028.0,975.0999755859375,1010.0,20780
TPGM.TA,2026-09-24,1020.0,1020.0,985.0,990.0999755859375,36285
ENRG.TA,2026-07-16,2369.0,2443.0,2338.0,2434.0,1240067
ENRG.TA,2026-07-17,2417.0,2439.0,2330.0,2381.0,1005396
ENRG.TA,2026-07-20,2372.0,2431.0,2344.0,2398.0,374212
ENRG.TA,2026-07-21,2393.0,2463.0,2392.0,2425.0,293203
ENRG.TA,2026-07-22,2428.0,2465.0,2386.0,2412.0,329037
ENRG.TA,2026-07-24,2350.0,2409.0,2340.0,2382.0,731278
ENRG.TA,2026-07-27,2387.0,2508.0,2383.0,2433.0,731039
ENRG.TA,2026-07-28,2433.0,2433.0,2300.0,2300.0,508628
ENRG.TA,2026-07-29,2300.0,2335.0,2180.0,2211.0,574341
ENRG.TA,2026-07-30,2201.0,2254.0,2133.0,2240.0,397231
ENRG.TA,2026-07-31,2263.0,2275.0,2196.0,2220.0,550873
ENRG.TA,2026-08-03,2165.0,2214.0,2080.0,2130.0,727267
ENRG.TA,2026-08-04,2165.0,2247.0,2052.0,2068.0,742905
ENRG.TA,2026-08-05,2068.0,2100.0,1981.0,2046.0,1899463
ENRG.TA,2026-08-06,2046.0,2157.0,2038.0,2097.0,7689632
ENRG.TA,2026-08-07,2100.0,2154.0,2098.0,2124.0,406406
ENRG.TA,2026-08-10,2124.0,2200.0,2101.0,2124.0,1148819
ENRG.TA,2026-08-11,2115.0,2165.0,2098.0,2148.0,509130
ENRG.TA,2026-08-12,2148.0,2221.0,2118.0,2207.0,978987
ENRG.TA,2026-08-13,2207.0,2274.0,2146.0,2248.0,549506
ENRG.TA,2026-08-14,2258.0,2262.0,2153.0,2192.0,890517
ENRG.TA,2026-08-17,2192.0,2211.0,2067.0,2105.0,931767
ENRG.TA,2026-08-18,2105.0,2128.0,2065.0,2090.0,342437
ENRG.TA,2026-08-19,2090.0,2128.0,2055.0,2108.0,610301
ENRG.TA,2026-08-20,2108.0,2208.0,2108.0,2147.0,804734
ENRG.TA,2026-08-21,2147.0,2182.0,2119.0,2135.0,548749
ENRG.TA,2026-08-24,2135.0,2149.0,2024.0,2024.0,678511
ENRG.TA,2026-08-25,2024.0,2047.0,1994.0,2034.0,447851
ENRG.TA,2026-08-26,2034.0,2048.0,1970.0,2005.0,1182451
ENRG.TA,2026-08-27,2008.0,2075.0,1997.0,2060.0,828966
ENRG.TA,2026-08-28,2044.0,2051.0,1979.0,2022.0,558964
ENRG.TA,2026-08-31,2022.0,2054.0,1967.0,2054.0,706403
ENRG.TA,2026-09-01,2034.0,2075.0,1978.0,2007.0,4251020
ENRG.TA,2026-09-02,2022.0,2111.0,1996.0,2076.0,1008433
ENRG.TA,2026-09-03,2076.0,2095.0,2051.0,2090.0,595889
ENRG.TA,2026-09-04,2067.0,2156.0,2067.0,2150.0,444916
ENRG.TA,2026-09-07,2163.0,2201.0,2091.0,2106.0,419384
ENRG.TA,2026-09-08,2106.0,2128.0,2053.0,2115.0,1493837
ENRG.TA,2026-09-09,2120.0,2144.0,2012.0,2012.0,1048774
ENRG.TA,2026-09-10,2012.0,2062.0,1960.0,2012.0,993313
ENRG.TA,2026-09-11,2012.0,2012.0,2012.0,2012.0,0
ENRG.TA,2026-09-14,1961.0,1981.0,1903.0,1930.0,658866
ENRG.TA,2026-09-15,1930.0,1932.0,1881.0,1912.0,1001289
ENRG.TA,2026-09-16,1960.0,2034.0,1910.0,1960.0,1126741
ENRG.TA,2026-09-17,1960.0,2038.0,1931.0,2031.0,2352093
ENRG.TA,2026-09-18,2031.0,2031.0,2031.0,2031.0,0
ENRG.TA,2026-09-21,2031.0,2031.0,2031.0,2031.0,0
ENRG.TA,2026-09-22,2045.0,2072.0,1951.0,1981.0,1873629
ENRG.TA,2026-09-23,1980.0,2004.0,1961.0,1974.0,604776
ENRG.TA,2026-09-24,1961.0,1970.0,1887.0,1930.0,1937374
CPPL.TA,2026-07-16,343.8999938964844,353.0,319.0,342.0,9901
CPPL.TA,2026-07-17,342.0,342.8999938964844,328.20001220703125,337.1000061035156,18386
CPPL.TA,2026-07-20,337.1000061035156,341.1000061035156,320.20001220703125,324.5,25988
CPPL.TA,2026-07-21,324.5,325.5,318.0,321.5,5602
CPPL.TA,2026-07-22,321.5,323.8999938964844,300.0,318.1000061035156,4751
CPPL.TA,2026-07-24,318.1000061035156,328.1000061035156,318.0,322.8999938964844,30763
CPPL.TA,2026-07-27,325.20001220703125,325.20001220703125,322.8999938964844,323.0,4227
CPPL.TA,2026-07-28,323.0,322.8999938964844,302.1000061035156,319.20001220703125,11955
CPPL.TA,2026-07-29,319.20001220703125,319.20001220703125,307.0,314.0,2889
CPPL.TA,2026-07-30,314.0,317.79998779296875,300.0,310.20001220703125,103084
CPPL.TA,2026-07-31,310.20001220703125,313.79998779296875,313.79998779296875,311.6000061035156,233
CPPL.TA,2026-08-03,311.6000061035156,311.6000061035156,304.0,307.0,2374
CPPL.TA,2026-08-04,307.0,307.0,303.29998779296875,304.0,8430
CPPL.TA,2026-08-05,304.0,333.0,304.0,317.79998779296875,118663
CPPL.TA,2026-08-06,310.0,321.79998779296875,310.0,320.1000061035156,85577
CPPL.TA,2026-08-07,320.1000061035156,325.0,318.5,320.0,12950
CPPL.TA,2026-08-10,320.0,330.0,320.0,322.5,31284
CPPL.TA,2026-08-11,322.5,322.5,315.0,317.20001220703125,8480
CPPL.TA,2026-08-12,317.20001220703125,326.0,314.8999938964844,316.6000061035156,23509
CPPL.TA,2026-08-13,316.6000061035156,319.70001220703125,316.6000061035156,319.1000061035156,980
CPPL.TA,2026-08-14,319.1000061035156,322.8999938964844,311.3999938964844,316.1000061035156,24600
CPPL.TA,2026-08-17,345.0,345.0,310.0,312.29998779296875,938
CPPL.TA,2026-08-18,308.0,311.8999938964844,300.1000061035156,304.70001220703125,33261
CPPL.TA,2026-08-19,304.70001220703125,316.1000061035156,305.0,309.20001220703125,6994
CPPL.TA,2026-08-20,316.1000061035156,316.1000061035156,309.0,311.8999938964844,1430
CPPL.TA,2026-08-21,311.8999938964844,311.8999938964844,311.8999938964844,311.8999938964844,4211
CPPL.TA,2026-08-24,311.8999938964844,314.3999938964844,307.0,308.29998779296875,1041
CPPL.TA,2026-08-25,311.0,311.0,304.3999938964844,305.0,4628
CPPL.TA,2026-08-26,316.1000061035156,316.1000061035156,305.0,305.3999938964844,2804
CPPL.TA,2026-08-27,305.3999938964844,307.3999938964844,305.0,306.1000061035156,1077
CPPL.TA,2026-08-28,306.1000061035156,306.1000061035156,296.70001220703125,305.29998779296875,53445
CPPL.TA,2026-08-31,305.29998779296875,308.6000061035156,304.8999938964844,306.6000061035156,7406
CPPL.TA,2026-09-01,301.0,320.0,301.0,312.5,138813
CPPL.TA,2026-09-02,312.5,324.79998779296875,308.6000061035156,317.20001220703125,35531
CPPL.TA,2026-09-03,305.0,315.29998779296875,305.0,314.79998779296875,8274
CPPL.TA,2026-09-04,302.1000061035156,315.0,302.1000061035156,314.8999938964844,29613
CPPL.TA,2026-09-07,314.8999938964844,315.0,314.8999938964844,315.0,7033
CPPL.TA,2026-09-08,335.0,335.0,313.0,320.0,2250
CPPL.TA,2026-09-09,320.0,320.1000061035156,313.8999938964844,315.70001220703125,13979
CPPL.TA,2026-09-10,315.70001220703125,313.8999938964844,308.5,308.8999938964844,22012
CPPL.TA,2026-09-11,308.8999938964844,308.8999938964844,308.8999938964844,308.8999938964844,0
CPPL.TA,2026-09-14,308.8999938964844,308.8999938964844,306.0,307.5,2676
CPPL.TA,2026-09-15,307.5,307.5,307.20001220703125,307.3999938964844,199
CPPL.TA,2026-09-16,307.3999938964844,307.3999938964844,300.0,303.3999938964844,7603
CPPL.TA,2026-09-17,295.0,304.0,295.0,298.8999938964844,14750
CPPL.TA,2026-09-18,298.8999938964844,298.8999938964844,298.8999938964844,298.8999938964844,0
CPPL.TA,2026-09-21,298.8999938964844,298.8999938964844,298.8999938964844,298.8999938964844,0
CPPL.TA,2026-09-22,298.8999938964844,306.70001220703125,295.0,297.5,51109
CPPL.TA,2026-09-23,298.70001220703125,306.0,294.70001220703125,301.20001220703125,26533
CPPL.TA,2026-09-24,335.0,335.0,301.1000061035156,302.29998779296875,2963
LBRA.TA,2026-07-16,2169.0,2169.0,2120.0,2153.0,50992
LBRA.TA,2026-07-17,2168.0,2168.0,2127.0,2138.0,17829
LBRA.TA,2026-07-20,2137.0,2170.0,2112.0,2158.0,29111
LBRA.TA,2026-07-21,2164.0,2210.0,2164.0,2202.0,105065
LBRA.TA,2026-07-22,2226.0,2226.0,2184.0,2193.0,54837
LBRA.TA,2026-07-24,2193.0,2227.0,2157.0,2203.0,30650
LBRA.TA,2026-07-27,2203.0,2220.0,2159.0,2161.0,76523
LBRA.TA,2026-07-28,2161.0,2183.0,2136.0,2162.0,45887
LBRA.TA,2026-07-29,2162.0,2178.0,2105.0,2139.0,87405
LBRA.TA,2026-07-30,2139.0,2173.0,2118.0,2165.0,109800
LBRA.TA,2026-07-31,2165.0,2192.0,2133.0,2162.0,84480
LBRA.TA,2026-08-03,2162.0,2185.0,2102.0,2174.0,49674
LBRA.TA,2026-08-04,2192.0,2220.0,2178.0,2219.0,115049
LBRA.TA,2026-08-05,2220.0,2250.0,2179.0,2201.0,73314
LBRA.TA,2026-08-06,2212.0,2324.0,2197.0,2299.0,247755
LBRA.TA,2026-08-07,2284.0,2357.0,2284.0,2353.0,83652
LBRA.TA,2026-08-10,2387.0,2400.0,2356.0,2362.0,139697
LBRA.TA,2026-08-11,2362.0,2448.0,2301.0,2448.0,226519
LBRA.TA,2026-08-12,2410.0,2436.0,2390.0,2401.0,78240
LBRA.TA,2026-08-13,2401.0,2423.0,2352.0,2404.0,65075
LBRA.TA,2026-08-14,2404.0,2478.0,2404.0,2470.0,75663
LBRA.TA,2026-08-17,2479.0,2489.0,2362.0,2372.0,87004
LBRA.TA,2026-08-18,2372.0,2375.0,2340.0,2368.0,51389
LBRA.TA,2026-08-19,2368.0,2395.0,2333.0,2348.0,48854
LBRA.TA,2026-08-20,2360.0,2399.0,2319.0,2373.0,98112
LBRA.TA,2026-08-21,2306.0,2396.0,2306.0,2387.0,12046
LBRA.TA,2026-08-24,2387.0,2518.0,2387.0,2483.0,164606
LBRA.TA,2026-08-25,2490.0,2660.0,2468.0,2642.0,194666
LBRA.TA,2026-08-26,2603.0,2760.0,2603.0,2760.0,274355
LBRA.TA,2026-08-27,2760.0,2784.0,2680.0,2700.0,121732
LBRA.TA,2026-08-28,2700.0,2808.0,2697.0,2776.0,105371
LBRA.TA,2026-08-31,2776.0,2848.0,2776.0,2835.0,134241
LBRA.TA,2026-09-01,2836.0,2948.0,2836.0,2941.0,218544
LBRA.TA,2026-09-02,2941.0,2969.0,2882.0,2900.0,143929
LBRA.TA,2026-09-03,2911.0,3146.0,2875.0,3138.0,244554
LBRA.TA,2026-09-04,3138.0,3179.0,3085.0,3119.0,121137
LBRA.TA,2026-09-07,3150.0,3220.0,3125.0,3147.0,164113
LBRA.TA,2026-09-08,3211.0,3327.0,3170.0,3209.0,218656
LBRA.TA,2026-09-09,3209.0,3288.0,3090.0,3094.0,219057
LBRA.TA,2026-09-10,3123.0,3123.0,2912.0,3024.0,212976
LBRA.TA,2026-09-11,3024.0,3024.0,3024.0,3024.0,0
LBRA.TA,2026-09-14,3024.0,3035.0,2975.0,3006.0,147367
LBRA.TA,2026-09-15,3025.0,3245.0,2986.0,3225.0,297630
LBRA.TA,2026-09-16,3225.0,3299.0,3000.0,3050.0,319597
LBRA.TA,2026-09-17,3050.0,3186.0,3050.0,3155.0,146621
LBRA.TA,2026-09-18,3155.0,3155.0,3155.0,3155.0,0
LBRA.TA,2026-09-21,3155.0,3155.0,3155.0,3155.0,0
LBRA.TA,2026-09-22,3200.0,3210.0,3100.0,3140.0,258515
LBRA.TA,2026-09-23,3140.0,3197.0,3077.0,3081.0,87587
LBRA.TA,2026-09-24,3081.0,3089.0,2988.0,3089.0,109992
VTNA.TA,2026-07-16,1700.0,1734.0,1700.0,1717.0,2554
VTNA.TA,2026-07-17,1717.0,1721.0,1677.0,1691.0,5252
VTNA.TA,2026-07-20,1691.0,1698.0,1648.0,1665.0,2289
VTNA.TA,2026-07-21,1665.0,1698.0,1649.0,1675.0,1289
VTNA.TA,2026-07-22,1675.0,1707.0,1674.0,1689.0,1834
VTNA.TA,2026-07-24,1689.0,1695.0,1648.0,1661.0,1030
VTNA.TA,2026-07-27,1661.0,1673.0,1634.0,1644.0,5446
VTNA.TA,2026-07-28,1644.0,1644.0,1616.0,1630.0,1259
VTNA.TA,2026-07-29,1630.0,1650.0,1591.0,1627.0,3355
VTNA.TA,2026-07-30,1627.0,1660.0,1580.0,1593.0,4266
VTNA.TA,2026-07-31,1593.0,1649.0,1588.0,1612.0,2878
VTNA.TA,2026-08-03,1612.0,1625.0,1591.0,1615.0,4850
VTNA.TA,2026-08-04,1615.0,1624.0,1568.0,1597.0,1547
VTNA.TA,2026-08-05,1597.0,1597.0,1567.0,1574.0,1291
VTNA.TA,2026-08-06,1567.0,1573.0,1477.0,1477.0,35613
VTNA.TA,2026-08-07,1477.0,1560.0,1477.0,1512.0,1202
VTNA.TA,2026-08-10,1512.0,1519.0,1470.0,1492.0,5012
VTNA.TA,2026-08-11,1492.0,1492.0,1400.0,1443.0,4303
VTNA.TA,2026-08-12,1443.0,1458.0,1417.0,1437.0,1655
VTNA.TA,2026-08-13,1420.0,1534.0,1370.0,1482.0,16268
VTNA.TA,2026-08-14,1482.0,1556.0,1482.0,1554.0,1484
VTNA.TA,2026-08-17,1554.0,1624.0,1497.0,1527.0,2807
VTNA.TA,2026-08-18,1527.0,1582.0,1484.0,1520.0,3263
VTNA.TA,2026-08-19,1520.0,1583.0,1525.0,1560.0,945
VTNA.TA,2026-08-20,1560.0,1598.0,1494.0,1504.0,2834
VTNA.TA,2026-08-21,1504.0,1520.0,1504.0,1507.0,3703
VTNA.TA,2026-08-24,1507.0,1461.0,1400.0,1423.0,13270
VTNA.TA,2026-08-25,1423.0,1494.0,1423.0,1444.0,3088
VTNA.TA,2026-08-26,1444.0,1464.0,1408.0,1446.0,2778
VTNA.TA,2026-08-27,1445.0,1500.0,1404.0,1461.0,6578
VTNA.TA,2026-08-28,1461.0,1499.0,1460.0,1479.0,282
VTNA.TA,2026-08-31,1479.0,1525.0,1450.0,1488.0,2764
VTNA.TA,2026-09-01,1488.0,1564.0,1488.0,1554.0,12203
VTNA.TA,2026-09-02,1554.0,1600.0,1500.0,1593.0,7199
VTNA.TA,2026-09-03,1593.0,1720.0,1593.0,1677.0,7646
VTNA.TA,2026-09-04,1677.0,1686.0,1677.0,1685.0,3791
VTNA.TA,2026-09-07,1685.0,1760.0,1647.0,1678.0,3647
VTNA.TA,2026-09-08,1678.0,1791.0,1647.0,1706.0,4445
VTNA.TA,2026-09-09,1706.0,1797.0,1706.0,1752.0,1442
VTNA.TA,2026-09-10,1754.0,1754.0,1660.0,1666.0,6758
VTNA.TA,2026-09-11,1666.0,1666.0,1666.0,1666.0,0
VTNA.TA,2026-09-14,1666.0,1774.0,1666.0,1695.0,2223
VTNA.TA,2026-09-15,1695.0,1695.0,1640.0,1641.0,3400
VTNA.TA,2026-09-16,1641.0,1659.0,1641.0,1656.0,741
VTNA.TA,2026-09-17,1656.0,1770.0,1656.0,1713.0,1203
VTNA.TA,2026-09-18,1713.0,1713.0,1713.0,1713.0,0
VTNA.TA,2026-09-21,1713.0,1713.0,1713.0,1713.0,0
VTNA.TA,2026-09-22,1713.0,1725.0,1701.0,1703.0,178
VTNA.TA,2026-09-23,1703.0,1704.0,1646.0,1687.0,458
VTNA.TA,2026-09-24,1687.0,1687.0,1623.0,1627.0,688
TRPZ.TA,2026-07-16,6534.0,6534.0,6246.0,6329.0,95070
TRPZ.TA,2026-07-17,6329.0,6458.0,6204.0,6329.0,111600
TRPZ.TA,2026-07-20,6328.0,6582.0,6206.0,6550.0,212097
TRPZ.TA,2026-07-21,6545.0,6774.0,6424.0,6692.0,259624
TRPZ.TA,2026-07-22,6692.0,6742.0,6537.0,6589.0,72144
TRPZ.TA,2026-07-24,6351.0,6667.0,6351.0,6640.0,164293
TRPZ.TA,2026-07-27,6640.0,6686.0,6411.0,6411.0,95413
TRPZ.TA,2026-07-28,6411.0,6475.0,6250.0,6250.0,71031
TRPZ.TA,2026-07-29,6250.0,6343.0,6133.0,6207.0,87288
TRPZ.TA,2026-07-30,6207.0,6245.0,5928.0,6176.0,115240
TRPZ.TA,2026-07-31,6216.0,6554.0,6216.0,6431.0,133595
TRPZ.TA,2026-08-03,6431.0,6584.0,6287.0,6478.0,104994
TRPZ.TA,2026-08-04,6406.0,6585.0,6309.0,6348.0,121551
TRPZ.TA,2026-08-05,6396.0,6519.0,6197.0,6224.0,147210
TRPZ.TA,2026-08-06,6224.0,6496.0,6101.0,6305.0,837528
TRPZ.TA,2026-08-07,6305.0,6487.0,6305.0,6428.0,56408
TRPZ.TA,2026-08-10,6428.0,6539.0,6332.0,6332.0,148732
TRPZ.TA,2026-08-11,6396.0,6396.0,5393.0,5393.0,851401
TRPZ.TA,2026-08-12,5515.0,5625.0,5057.0,5446.0,723867
TRPZ.TA,2026-08-13,5555.0,5577.0,5364.0,5577.0,211260
TRPZ.TA,2026-08-14,5577.0,5666.0,5496.0,5638.0,53127
TRPZ.TA,2026-08-17,5631.0,5737.0,5489.0,5570.0,127471
TRPZ.TA,2026-08-18,5570.0,5570.0,5319.0,5416.0,141208
TRPZ.TA,2026-08-19,5416.0,5530.0,5377.0,5471.0,109931
TRPZ.TA,2026-08-20,5490.0,5657.0,5349.0,5399.0,158622
TRPZ.TA,2026-08-21,5431.0,5558.0,5399.0,5540.0,88421
TRPZ.TA,2026-08-24,5540.0,5666.0,5456.0,5630.0,76481
TRPZ.TA,2026-08-25,5630.0,5700.0,5491.0,5610.0,109125
TRPZ.TA,2026-08-26,5610.0,5800.0,5519.0,5783.0,147494
TRPZ.TA,2026-08-27,5886.0,5915.0,5666.0,5791.0,89125
TRPZ.TA,2026-08-28,5702.0,5850.0,5702.0,5820.0,66910
TRPZ.TA,2026-08-31,5820.0,5835.0,5676.0,5676.0,176757
TRPZ.TA,2026-09-01,5766.0,5925.0,5732.0,5897.0,124788
TRPZ.TA,2026-09-02,5897.0,6288.0,5876.0,6288.0,182017
TRPZ.TA,2026-09-03,6300.0,6359.0,6172.0,6328.0,108534
TRPZ.TA,2026-09-04,6301.0,6543.0,6301.0,6485.0,65819
TRPZ.TA,2026-09-07,6485.0,6519.0,6326.0,6476.0,101250
TRPZ.TA,2026-09-08,6350.0,6462.0,6138.0,6236.0,145239
TRPZ.TA,2026-09-09,6236.0,6391.0,6213.0,6340.0,173933
TRPZ.TA,2026-09-10,6379.0,6384.0,6191.0,6326.0,208575
TRPZ.TA,2026-09-11,6326.0,6326.0,6326.0,6326.0,0
TRPZ.TA,2026-09-14,6326.0,6343.0,6137.0,6200.0,119796
TRPZ.TA,2026-09-15,6200.0,6226.0,6077.0,6192.0,82315
TRPZ.TA,2026-09-16,6192.0,6271.0,5934.0,5948.0,133503
TRPZ.TA,2026-09-17,5948.0,6118.0,5700.0,5752.0,399251
TRPZ.TA,2026-09-18,5752.0,5752.0,5752.0,5752.0,0
TRPZ.TA,2026-09-21,5752.0,5752.0,5752.0,5752.0,0
TRPZ.TA,2026-09-22,5740.0,5740.0,5463.0,5536.0,126378
TRPZ.TA,2026-09-23,5558.0,5673.0,5530.0,5633.0,400103
TRPZ.TA,2026-09-24,5633.0,5669.0,5379.0,5400.0,408487
ALBA.TA,2026-07-16,2859.0,2912.0,2807.0,2828.0,15942
ALBA.TA,2026-07-17,2828.0,2903.0,2744.0,2765.0,31450
ALBA.TA,2026-07-20,2765.0,2904.0,2701.0,2726.0,21747
ALBA.TA,2026-07-21,2726.0,2751.0,2675.0,2704.0,74931
ALBA.TA,2026-07-22,2704.0,2825.0,2654.0,2689.0,42577
ALBA.TA,2026-07-24,2690.0,2940.0,2689.0,2940.0,13523
ALBA.TA,2026-07-27,2940.0,3057.0,2876.0,2938.0,11789
ALBA.TA,2026-07-28,2938.0,2956.0,2874.0,2935.0,6947
ALBA.TA,2026-07-29,2935.0,2981.0,2881.0,2916.0,3801
ALBA.TA,2026-07-30,3000.0,3000.0,2821.0,2947.0,14551
ALBA.TA,2026-07-31,2947.0,3000.0,2901.0,2997.0,8405
ALBA.TA,2026-08-03,2997.0,3146.0,2997.0,3033.0,14556
ALBA.TA,2026-08-04,3033.0,3086.0,2991.0,3037.0,3134
ALBA.TA,2026-08-05,3037.0,3097.0,3026.0,3068.0,22004
ALBA.TA,2026-08-06,3068.0,3134.0,3085.0,3130.0,9887
ALBA.TA,2026-08-07,3130.0,3188.0,3121.0,3143.0,3020
ALBA.TA,2026-08-10,3143.0,3200.0,3042.0,3093.0,3971
ALBA.TA,2026-08-11,3093.0,3170.0,3036.0,3125.0,4393
ALBA.TA,2026-08-12,3125.0,3167.0,3105.0,3140.0,3300
ALBA.TA,2026-08-13,3140.0,3184.0,3097.0,3171.0,3316
ALBA.TA,2026-08-14,3171.0,3199.0,3171.0,3198.0,2110
ALBA.TA,2026-08-17,3198.0,3355.0,3196.0,3250.0,48169
ALBA.TA,2026-08-18,3250.0,3397.0,3226.0,3397.0,27480
ALBA.TA,2026-08-19,3397.0,3430.0,3366.0,3388.0,21585
ALBA.TA,2026-08-20,3388.0,3388.0,3338.0,3362.0,21792
ALBA.TA,2026-08-21,3362.0,3358.0,3318.0,3352.0,18295
ALBA.TA,2026-08-24,3352.0,3352.0,3221.0,3255.0,12273
ALBA.TA,2026-08-25,3255.0,3250.0,3088.0,3223.0,35468
ALBA.TA,2026-08-26,3223.0,3214.0,3135.0,3198.0,15243
ALBA.TA,2026-08-27,3198.0,3221.0,3181.0,3200.0,9909
ALBA.TA,2026-08-28,3200.0,3263.0,3184.0,3263.0,13430
ALBA.TA,2026-08-31,3332.0,3374.0,3237.0,3374.0,7620
ALBA.TA,2026-09-01,3374.0,3396.0,3307.0,3330.0,9120
ALBA.TA,2026-09-02,3330.0,3365.0,3282.0,3309.0,8870
ALBA.TA,2026-09-03,3309.0,3330.0,3255.0,3283.0,5878
ALBA.TA,2026-09-04,3283.0,3339.0,3265.0,3288.0,1237
ALBA.TA,2026-09-07,3288.0,3288.0,3237.0,3272.0,19177
ALBA.TA,2026-09-08,3272.0,3277.0,3209.0,3234.0,6716
ALBA.TA,2026-09-09,3234.0,3283.0,3180.0,3204.0,24023
ALBA.TA,2026-09-10,3284.0,3284.0,3066.0,3104.0,14112
ALBA.TA,2026-09-11,3104.0,3104.0,3104.0,3104.0,0
ALBA.TA,2026-09-14,3147.0,3147.0,3051.0,3062.0,8716
ALBA.TA,2026-09-15,3062.0,3073.0,3010.0,3038.0,8079
ALBA.TA,2026-09-16,3180.0,3180.0,2933.0,2994.0,20798
ALBA.TA,2026-09-17,2994.0,2989.0,2900.0,2907.0,38229
ALBA.TA,2026-09-18,2907.0,2907.0,2907.0,2907.0,0
ALBA.TA,2026-09-21,2907.0,2907.0,2907.0,2907.0,0
ALBA.TA,2026-09-22,3000.0,3000.0,2850.0,2906.0,40675
ALBA.TA,2026-09-23,2965.0,2970.0,2912.0,2934.0,8333
ALBA.TA,2026-09-24,2995.0,3078.0,2944.0,3016.0,3421
ROTS.TA,2026-07-16,7700.0,7889.0,7255.0,7563.0,1838
ROTS.TA,2026-07-17,7563.0,7498.0,7310.0,7347.0,349
ROTS.TA,2026-07-20,7347.0,7533.0,7112.0,7329.0,5820
ROTS.TA,2026-07-21,7329.0,7406.0,7272.0,7292.0,2983
ROTS.TA,2026-07-22,7292.0,7293.0,7108.0,7193.0,1466
ROTS.TA,2026-07-24,7193.0,7300.0,6820.0,7191.0,3956
ROTS.TA,2026-07-27,7191.0,7300.0,6907.0,6925.0,8273
ROTS.TA,2026-07-28,6925.0,7210.0,6800.0,6826.0,3064
ROTS.TA,2026-07-29,6826.0,6845.0,6523.0,6800.0,7828
ROTS.TA,2026-07-30,6800.0,6800.0,6601.0,6689.0,3464
ROTS.TA,2026-07-31,6689.0,6832.0,6639.0,6707.0,10194
ROTS.TA,2026-08-03,6707.0,6764.0,6544.0,6694.0,3428
ROTS.TA,2026-08-04,6694.0,6744.0,6464.0,6464.0,11208
ROTS.TA,2026-08-05,6464.0,6628.0,6291.0,6419.0,6024
ROTS.TA,2026-08-06,6730.0,6730.0,6100.0,6100.0,50426
ROTS.TA,2026-08-07,6100.0,6415.0,6015.0,6100.0,13073
ROTS.TA,2026-08-10,6100.0,6142.0,5821.0,5927.0,3232
ROTS.TA,2026-08-11,5927.0,5927.0,5662.0,5768.0,6776
ROTS.TA,2026-08-12,5768.0,5779.0,5509.0,5581.0,7277
ROTS.TA,2026-08-13,5581.0,5581.0,5433.0,5544.0,15078
ROTS.TA,2026-08-14,5544.0,5600.0,5486.0,5542.0,3152
ROTS.TA,2026-08-17,5542.0,5564.0,5128.0,5237.0,3952
ROTS.TA,2026-08-18,5237.0,5240.0,4968.0,5178.0,17379
ROTS.TA,2026-08-19,5178.0,5748.0,5178.0,5629.0,11389
ROTS.TA,2026-08-20,5649.0,5826.0,5649.0,5788.0,2157
ROTS.TA,2026-08-21,5788.0,6075.0,5788.0,5957.0,3132
ROTS.TA,2026-08-24,5957.0,6029.0,5801.0,5971.0,5693
ROTS.TA,2026-08-25,5971.0,6148.0,5910.0,5973.0,5227
ROTS.TA,2026-08-26,5973.0,6150.0,5792.0,6097.0,7691
ROTS.TA,2026-08-27,6097.0,6501.0,6097.0,6438.0,5172
ROTS.TA,2026-08-28,6438.0,6770.0,6438.0,6713.0,2621
ROTS.TA,2026-08-31,6713.0,7006.0,6600.0,6955.0,5001
ROTS.TA,2026-09-01,6955.0,7415.0,6916.0,6959.0,17660
ROTS.TA,2026-09-02,6956.0,7328.0,6935.0,7242.0,39040
ROTS.TA,2026-09-03,7500.0,7517.0,7216.0,7497.0,17130
ROTS.TA,2026-09-04,7497.0,7660.0,7497.0,7601.0,2416
ROTS.TA,2026-09-07,7601.0,7637.0,7359.0,7551.0,2659
ROTS.TA,2026-09-08,7551.0,7551.0,7307.0,7385.0,3083
ROTS.TA,2026-09-09,7385.0,7408.0,6984.0,7080.0,4451
ROTS.TA,2026-09-10,7080.0,7128.0,6700.0,6776.0,3573
ROTS.TA,2026-09-11,6776.0,6776.0,6776.0,6776.0,0
ROTS.TA,2026-09-14,6776.0,6790.0,6445.0,6455.0,4331
ROTS.TA,2026-09-15,6455.0,6573.0,6293.0,6449.0,3323
ROTS.TA,2026-09-16,6449.0,6799.0,6449.0,6578.0,2692
ROTS.TA,2026-09-17,6578.0,6720.0,6400.0,6623.0,5000
ROTS.TA,2026-09-18,6623.0,6623.0,6623.0,6623.0,0
ROTS.TA,2026-09-21,6623.0,6623.0,6623.0,6623.0,0
ROTS.TA,2026-09-22,6620.0,6623.0,6288.0,6365.0,6991
ROTS.TA,2026-09-23,6390.0,6612.0,6344.0,6456.0,3317
ROTS.TA,2026-09-24,6456.0,6456.0,6268.0,6351.0,3300
IDIN.TA,2026-07-16,24740.0,24880.0,24410.0,24650.0,23152
IDIN.TA,2026-07-17,24650.0,24920.0,24470.0,24840.0,11332
IDIN.TA,2026-07-20,24840.0,24990.0,24300.0,24480.0,13054
IDIN.TA,2026-07-21,24550.0,25160.0,24550.0,24900.0,23565
IDIN.TA,2026-07-22,24900.0,25970.0,24900.0,25930.0,31048
IDIN.TA,2026-07-24,25430.0,25530.0,24710.0,24850.0,42305
IDIN.TA,2026-07-27,24850.0,25310.0,24380.0,24390.0,14852
IDIN.TA,2026-07-28,24610.0,24830.0,23870.0,23980.0,10066
IDIN.TA,2026-07-29,24120.0,24380.0,23500.0,23580.0,12025
IDIN.TA,2026-07-30,23580.0,24160.0,23490.0,23960.0,15518
IDIN.TA,2026-07-31,23960.0,24500.0,23860.0,24200.0,19998
IDIN.TA,2026-08-03,24200.0,24580.0,23970.0,24280.0,25299
IDIN.TA,2026-08-04,24090.0,24540.0,23740.0,23830.0,19286
IDIN.TA,2026-08-05,23830.0,24340.0,23810.0,23830.0,20442
IDIN.TA,2026-08-06,24500.0,24500.0,23680.0,24050.0,146957
IDIN.TA,2026-08-07,24050.0,24450.0,24050.0,24290.0,16061
IDIN.TA,2026-08-10,24290.0,24550.0,24030.0,24300.0,14297
IDIN.TA,2026-08-11,24300.0,24440.0,23660.0,23660.0,16584
IDIN.TA,2026-08-12,23660.0,23870.0,23320.0,23400.0,13350
IDIN.TA,2026-08-13,23400.0,24180.0,23320.0,24160.0,10459
IDIN.TA,2026-08-14,23940.0,24390.0,23940.0,24140.0,4165
IDIN.TA,2026-08-17,24100.0,24600.0,23300.0,23300.0,15254
IDIN.TA,2026-08-18,23300.0,23340.0,22630.0,23090.0,13629
IDIN.TA,2026-08-19,23090.0,24080.0,22980.0,23630.0,14766
IDIN.TA,2026-08-20,24900.0,26190.0,24900.0,25800.0,174166
IDIN.TA,2026-08-21,25510.0,25980.0,25500.0,25880.0,13154
IDIN.TA,2026-08-24,25780.0,25840.0,25000.0,25300.0,16579
IDIN.TA,2026-08-25,25060.0,25520.0,24960.0,25350.0,134188
IDIN.TA,2026-08-26,25350.0,25600.0,24790.0,25600.0,34815
IDIN.TA,2026-08-27,26210.0,26210.0,25110.0,25900.0,19812
IDIN.TA,2026-08-28,25530.0,26570.0,25530.0,26410.0,19946
IDIN.TA,2026-08-31,26090.0,26540.0,25880.0,26280.0,14967
IDIN.TA,2026-09-01,26280.0,27200.0,26280.0,26750.0,49675
IDIN.TA,2026-09-02,26520.0,27310.0,26520.0,27120.0,22398
IDIN.TA,2026-09-03,27120.0,27680.0,26810.0,27390.0,27570
IDIN.TA,2026-09-04,27390.0,27590.0,27240.0,27400.0,12522
IDIN.TA,2026-09-07,27400.0,27400.0,26790.0,27000.0,16598
IDIN.TA,2026-09-08,27000.0,27000.0,26540.0,26600.0,12750
IDIN.TA,2026-09-09,26600.0,26640.0,25750.0,25900.0,20640
IDIN.TA,2026-09-10,26000.0,26000.0,25180.0,25230.0,22990
IDIN.TA,2026-09-11,25230.0,25230.0,25230.0,25230.0,0
IDIN.TA,2026-09-14,25230.0,25530.0,24670.0,25360.0,15003
IDIN.TA,2026-09-15,25360.0,25540.0,24830.0,25000.0,20931
IDIN.TA,2026-09-16,25000.0,25490.0,23970.0,25260.0,43291
IDIN.TA,2026-09-17,25570.0,25570.0,24960.0,25410.0,23111
IDIN.TA,2026-09-18,25410.0,25410.0,25410.0,25410.0,0
IDIN.TA,2026-09-21,25410.0,25410.0,25410.0,25410.0,0
IDIN.TA,2026-09-22,25450.0,25850.0,25210.0,25640.0,11923
IDIN.TA,2026-09-23,25640.0,25640.0,24310.0,24750.0,9297
IDIN.TA,2026-09-24,24610.0,24900.0,24330.0,24500.0,23620
MIA.TA,2026-07-16,50.900001525878906,50.900001525878906,48.5,49.5,127216
MIA.TA,2026-07-17,51.900001525878906,51.900001525878906,48.29999923706055,49.5,289401
MIA.TA,2026-07-20,51.5,51.5,49.0,49.900001525878906,61105
MIA.TA,2026-07-21,51.5,51.5,49.70000076293945,50.099998474121094,361077
MIA.TA,2026-07-22,51.400001525878906,51.400001525878906,49.0,49.29999923706055,358147
MIA.TA,2026-07-24,50.0,50.0,47.599998474121094,48.400001525878906,62342
MIA.TA,2026-07-27,48.400001525878906,51.79999923706055,48.29999923706055,49.0,422686
MIA.TA,2026-07-28,50.900001525878906,51.79999923706055,47.79999923706055,48.20000076293945,872240
MIA.TA,2026-07-29,48.20000076293945,48.5,46.0,46.400001525878906,344171
MIA.TA,2026-07-30,48.5,48.5,43.0,43.900001525878906,630067
MIA.TA,2026-07-31,44.099998474121094,48.599998474121094,44.0,45.099998474121094,995569
MIA.TA,2026-08-03,45.099998474121094,45.099998474121094,43.70000076293945,44.79999923706055,102545
MIA.TA,2026-08-04,46.79999923706055,46.79999923706055,44.099998474121094,44.5,73746
MIA.TA,2026-08-05,46.0,46.0,43.0,43.5,199884
MIA.TA,2026-08-06,43.5,43.5,39.0,39.0,2766168
MIA.TA,2026-08-07,39.0,41.900001525878906,38.5,40.400001525878906,1300967
MIA.TA,2026-08-10,40.0,40.0,34.5,35.5,1226794
MIA.TA,2026-08-11,36.900001525878906,38.0,33.099998474121094,34.400001525878906,2146792
MIA.TA,2026-08-12,36.0,38.5,35.5,36.400001525878906,883204
MIA.TA,2026-08-13,39.0,39.0,36.400001525878906,37.0,363152
MIA.TA,2026-08-14,38.5,39.099998474121094,36.5,37.20000076293945,553056
MIA.TA,2026-08-17,39.0,39.0,36.70000076293945,37.599998474121094,270982
MIA.TA,2026-08-18,39.0,39.0,36.0,37.70000076293945,1155795
MIA.TA,2026-08-19,39.400001525878906,39.400001525878906,37.5,38.20000076293945,192360
MIA.TA,2026-08-20,39.400001525878906,39.400001525878906,37.599998474121094,37.900001525878906,92765
MIA.TA,2026-08-21,39.29999923706055,39.29999923706055,37.0,37.70000076293945,703421
MIA.TA,2026-08-24,38.599998474121094,38.599998474121094,35.70000076293945,36.400001525878906,233754
MIA.TA,2026-08-25,37.29999923706055,38.0,36.20000076293945,36.79999923706055,635365
MIA.TA,2026-08-26,37.20000076293945,37.20000076293945,36.70000076293945,37.20000076293945,283910
MIA.TA,2026-08-27,37.5,37.5,35.70000076293945,36.0,143189
MIA.TA,2026-08-28,37.900001525878906,37.900001525878906,35.900001525878906,36.400001525878906,232236
MIA.TA,2026-08-31,36.400001525878906,38.099998474121094,35.599998474121094,36.599998474121094,347278
MIA.TA,2026-09-01,34.099998474121094,34.099998474121094,25.0,26.899999618530273,7866174
MIA.TA,2026-09-02,26.899999618530273,30.700000762939453,26.700000762939453,29.799999237060547,2382313
MIA.TA,2026-09-03,30.0,31.799999237060547,30.0,31.0,1062172
MIA.TA,2026-09-04,32.29999923706055,32.29999923706055,30.200000762939453,30.700000762939453,347143
MIA.TA,2026-09-07,30.700000762939453,31.299999237060547,30.299999237060547,30.700000762939453,116142
MIA.TA,2026-09-08,30.299999237060547,31.200000762939453,30.0,30.299999237060547,263753
MIA.TA,2026-09-09,30.899999618530273,30.899999618530273,29.0,29.299999237060547,363480
MIA.TA,2026-09-10,30.600000381469727,30.600000381469727,28.600000381469727,28.899999618530273,429074
MIA.TA,2026-09-11,28.899999618530273,28.899999618530273,28.899999618530273,28.899999618530273,0
MIA.TA,2026-09-14,28.899999618530273,29.700000762939453,28.0,28.5,408287
MIA.TA,2026-09-15,28.5,29.399999618530273,27.899999618530273,28.0,532559
MIA.TA,2026-09-16,28.0,28.0,27.0,27.100000381469727,239506
MIA.TA,2026-09-17,27.100000381469727,29.5,26.700000762939453,27.799999237060547,919628
MIA.TA,2026-09-18,27.799999237060547,27.799999237060547,27.799999237060547,27.799999237060547,0
MIA.TA,2026-09-21,27.799999237060547,27.799999237060547,27.799999237060547,27.799999237060547,0
MIA.TA,2026-09-22,27.799999237060547,28.600000381469727,26.100000381469727,26.799999237060547,573209
MIA.TA,2026-09-23,26.799999237060547,28.100000381469727,26.5,27.600000381469727,319608
MIA.TA,2026-09-24,28.200000762939453,28.399999618530273,27.5,27.899999618530273,297847
GIX.TA,2026-07-17,2308.0,2375.0,2150.0,2194.0,6822
GIX.TA,2026-07-20,2194.0,2495.0,2131.0,2235.0,2312
GIX.TA,2026-07-21,2299.0,2474.0,2200.0,2264.0,2734
GIX.TA,2026-07-22,2264.0,2298.0,2136.0,2143.0,5046
GIX.TA,2026-07-24,2205.0,2295.0,2187.0,2230.0,768
GIX.TA,2026-07-27,2230.0,2469.0,2150.0,2200.0,16057
GIX.TA,2026-07-28,2200.0,2355.0,2136.0,2173.0,1589
GIX.TA,2026-07-29,2173.0,2299.0,2093.0,2103.0,7172
GIX.TA,2026-07-30,2103.0,2299.0,1950.0,1980.0,6378
GIX.TA,2026-07-31,2199.0,2200.0,2000.0,2018.0,1412
GIX.TA,2026-08-03,2074.0,2074.0,2000.0,2001.0,1623
GIX.TA,2026-08-04,2298.0,2298.0,2055.0,2154.0,5087
GIX.TA,2026-08-05,2154.0,2215.0,2155.0,2176.0,713
GIX.TA,2026-08-06,2176.0,2347.0,2171.0,2285.0,2766
GIX.TA,2026-08-07,2285.0,2428.0,2219.0,2391.0,2936
GIX.TA,2026-08-10,2400.0,2438.0,2237.0,2391.0,3978
GIX.TA,2026-08-11,2498.0,2498.0,2238.0,2402.0,2188
GIX.TA,2026-08-12,2402.0,2500.0,2162.0,2416.0,1390
GIX.TA,2026-08-13,2416.0,2380.0,2235.0,2306.0,97
GIX.TA,2026-08-14,2306.0,2495.0,2198.0,2310.0,2478
GIX.TA,2026-08-17,2310.0,2499.0,2309.0,2374.0,3958
GIX.TA,2026-08-18,2374.0,2450.0,2137.0,2402.0,5501
GIX.TA,2026-08-19,2402.0,2398.0,2333.0,2368.0,940
GIX.TA,2026-08-20,2495.0,2500.0,2300.0,2383.0,8249
GIX.TA,2026-08-21,2383.0,2474.0,2283.0,2386.0,3317
GIX.TA,2026-08-24,2386.0,2400.0,2330.0,2377.0,2359
GIX.TA,2026-08-25,2377.0,2498.0,2258.0,2357.0,1056
GIX.TA,2026-08-26,2357.0,2485.0,2178.0,2416.0,11582
GIX.TA,2026-08-27,2416.0,2420.0,2420.0,2420.0,181
GIX.TA,2026-08-28,2420.0,2420.0,2420.0,2420.0,0
GIX.TA,2026-08-31,2420.0,2419.0,2300.0,2359.0,922
GIX.TA,2026-09-01,2359.0,2305.0,2301.0,2301.0,550
GIX.TA,2026-09-02,2210.0,2700.0,2120.0,2569.0,16498
GIX.TA,2026-09-03,2643.0,2899.0,1970.0,2071.0,31948
GIX.TA,2026-09-04,1918.0,2128.0,1892.0,1989.0,13209
GIX.TA,2026-09-07,1810.0,1936.0,1700.0,1903.0,15397
GIX.TA,2026-09-08,1825.0,1900.0,1723.0,1774.0,13662
GIX.TA,2026-09-09,1774.0,1822.0,1600.0,1621.0,16141
GIX.TA,2026-09-10,1592.0,1670.0,1580.0,1603.0,14571
GIX.TA,2026-09-11,1603.0,1603.0,1603.0,1603.0,0
GIX.TA,2026-09-14,1588.0,1725.0,1588.0,1648.0,10636
GIX.TA,2026-09-15,1648.0,1800.0,1560.0,1712.0,17993
GIX.TA,2026-09-16,1712.0,1694.0,1610.0,1647.0,1435
GIX.TA,2026-09-17,1694.0,1694.0,1600.0,1630.0,3374
GIX.TA,2026-09-18,1630.0,1630.0,1630.0,1630.0,0
GIX.TA,2026-09-21,1630.0,1630.0,1630.0,1630.0,0
GIX.TA,2026-09-22,1630.0,1627.0,1583.0,1585.0,6258
GIX.TA,2026-09-23,1585.0,1678.0,1523.0,1615.0,2779
GIX.TA,2026-09-24,1615.0,1662.0,1492.0,1542.0,1125
HGGE.TA,2026-07-16,1504.0,1675.0,1503.0,1627.0,148534
HGGE.TA,2026-07-17,1627.0,1718.0,1600.0,1637.0,43456
HGGE.TA,2026-07-20,1637.0,1745.0,1591.0,1610.0,57925
HGGE.TA,2026-07-21,1679.0,1679.0,1582.0,1607.0,23783
HGGE.TA,2026-07-22,1622.0,1698.0,1580.0,1634.0,49745
HGGE.TA,2026-07-24,1634.0,1690.0,1600.0,1619.0,23990
HGGE.TA,2026-07-27,1634.0,1697.0,1555.0,1589.0,64978
HGGE.TA,2026-07-28,1649.0,1649.0,1522.0,1577.0,55355
HGGE.TA,2026-07-29,1649.0,1649.0,1506.0,1569.0,19335
HGGE.TA,2026-07-30,1629.0,1650.0,1567.0,1633.0,33290
HGGE.TA,2026-07-31,1643.0,1799.0,1600.0,1734.0,113041
HGGE.TA,2026-08-03,1734.0,1788.0,1590.0,1618.0,107338
HGGE.TA,2026-08-04,1618.0,1618.0,1581.0,1598.0,56003
HGGE.TA,2026-08-05,1610.0,1655.0,1582.0,1612.0,48018
HGGE.TA,2026-08-06,1640.0,1640.0,1532.0,1532.0,240491
HGGE.TA,2026-08-07,1550.0,1624.0,1503.0,1554.0,94587
HGGE.TA,2026-08-10,1554.0,1614.0,1510.0,1579.0,29803
HGGE.TA,2026-08-11,1579.0,1625.0,1540.0,1572.0,21893
HGGE.TA,2026-08-12,1572.0,1580.0,1501.0,1569.0,65733
HGGE.TA,2026-08-13,1571.0,1659.0,1545.0,1648.0,57849
HGGE.TA,2026-08-14,1659.0,1677.0,1600.0,1618.0,76790
HGGE.TA,2026-08-17,1618.0,1618.0,1573.0,1610.0,20579
HGGE.TA,2026-08-18,1618.0,1618.0,1550.0,1598.0,107404
HGGE.TA,2026-08-19,1598.0,1620.0,1577.0,1593.0,20945
HGGE.TA,2026-08-20,1593.0,1655.0,1550.0,1595.0,8577
HGGE.TA,2026-08-21,1595.0,1643.0,1595.0,1610.0,8265
HGGE.TA,2026-08-24,1610.0,1677.0,1583.0,1607.0,228592
HGGE.TA,2026-08-25,1607.0,1623.0,1555.0,1585.0,16208
HGGE.TA,2026-08-26,1585.0,1650.0,1560.0,1608.0,38672
HGGE.TA,2026-08-27,1608.0,1641.0,1557.0,1580.0,24571
HGGE.TA,2026-08-28,1618.0,1641.0,1563.0,1603.0,20390
HGGE.TA,2026-08-31,1603.0,1675.0,1560.0,1597.0,51872
HGGE.TA,2026-09-01,1586.0,1680.0,1563.0,1633.0,241514
HGGE.TA,2026-09-02,1633.0,1633.0,1564.0,1622.0,119787
HGGE.TA,2026-09-03,1631.0,1631.0,1567.0,1594.0,43349
HGGE.TA,2026-09-04,1602.0,1628.0,1574.0,1595.0,16959
HGGE.TA,2026-09-07,1595.0,1629.0,1564.0,1583.0,26910
HGGE.TA,2026-09-08,1583.0,1600.0,1561.0,1586.0,34330
HGGE.TA,2026-09-09,1586.0,1627.0,1539.0,1549.0,24839
HGGE.TA,2026-09-10,1599.0,1599.0,1515.0,1521.0,13567
HGGE.TA,2026-09-11,1521.0,1521.0,1521.0,1521.0,0
HGGE.TA,2026-09-14,1585.0,1585.0,1487.0,1507.0,50321
HGGE.TA,2026-09-15,1507.0,1512.0,1472.0,1487.0,13132
HGGE.TA,2026-09-16,1487.0,1553.0,1459.0,1476.0,59820
HGGE.TA,2026-09-17,1476.0,1579.0,1425.0,1521.0,63291
HGGE.TA,2026-09-18,1521.0,1521.0,1521.0,1521.0,0
HGGE.TA,2026-09-21,1521.0,1521.0,1521.0,1521.0,0
HGGE.TA,2026-09-22,1579.0,1579.0,1506.0,1540.0,13117
HGGE.TA,2026-09-23,1540.0,1578.0,1478.0,1498.0,34103
HGGE.TA,2026-09-24,1498.0,1572.0,1464.0,1513.0,64376
GVYM.TA,2026-07-16,3741.0,3741.0,3613.0,3660.0,237541
GVYM.TA,2026-07-17,3660.0,3661.0,3592.0,3637.0,114632
GVYM.TA,2026-07-20,3637.0,3690.0,3596.0,3681.0,143578
GVYM.TA,2026-07-21,3644.0,3740.0,3642.0,3703.0,148209
GVYM.TA,2026-07-22,3677.0,3793.0,3672.0,3780.0,227917
GVYM.TA,2026-07-24,3706.0,3780.0,3706.0,3706.0,184979
GVYM.TA,2026-07-27,3706.0,3801.0,3706.0,3711.0,122166
GVYM.TA,2026-07-28,3711.0,3755.0,3693.0,3735.0,84729
GVYM.TA,2026-07-29,3735.0,3791.0,3680.0,3769.0,280141
GVYM.TA,2026-07-30,3769.0,3854.0,3671.0,3850.0,356500
GVYM.TA,2026-07-31,3844.0,3927.0,3807.0,3927.0,222812
GVYM.TA,2026-08-03,3861.0,3944.0,3738.0,3738.0,180760
GVYM.TA,2026-08-04,3731.0,3766.0,3605.0,3651.0,190528
GVYM.TA,2026-08-05,3553.0,3660.0,3553.0,3574.0,177674
GVYM.TA,2026-08-06,3570.0,3639.0,3533.0,3607.0,848730
GVYM.TA,2026-08-07,3607.0,3661.0,3607.0,3630.0,55851
GVYM.TA,2026-08-10,3602.0,3706.0,3602.0,3629.0,165791
GVYM.TA,2026-08-11,3629.0,3663.0,3570.0,3580.0,50216
GVYM.TA,2026-08-12,3603.0,3635.0,3551.0,3623.0,133858
GVYM.TA,2026-08-13,3623.0,3671.0,3609.0,3664.0,71725
GVYM.TA,2026-08-14,3664.0,3814.0,3664.0,3745.0,145796
GVYM.TA,2026-08-17,3745.0,3745.0,3537.0,3557.0,212482
GVYM.TA,2026-08-18,3557.0,3588.0,3454.0,3579.0,1325882
GVYM.TA,2026-08-19,3579.0,3698.0,3557.0,3650.0,281538
GVYM.TA,2026-08-20,3670.0,3697.0,3601.0,3625.0,205309
GVYM.TA,2026-08-21,3639.0,3681.0,3592.0,3634.0,223520
GVYM.TA,2026-08-24,3626.0,3643.0,3567.0,3609.0,66053
GVYM.TA,2026-08-25,3609.0,3636.0,3565.0,3583.0,110928
GVYM.TA,2026-08-26,3612.0,3687.0,3539.0,3674.0,155349
GVYM.TA,2026-08-27,3674.0,3736.0,3651.0,3700.0,113146
GVYM.TA,2026-08-28,3667.0,3800.0,3656.0,3770.0,127164
GVYM.TA,2026-08-31,3770.0,3788.0,3677.0,3769.0,226957
GVYM.TA,2026-09-01,3744.0,3916.0,3744.0,3896.0,153678
GVYM.TA,2026-09-02,3896.0,3941.0,3874.0,3896.0,197434
GVYM.TA,2026-09-03,3819.0,3959.0,3819.0,3948.0,243304
GVYM.TA,2026-09-04,3948.0,3984.0,3919.0,3948.0,73419
GVYM.TA,2026-09-07,3920.0,3972.0,3875.0,3913.0,73867
GVYM.TA,2026-09-08,3913.0,3935.0,3842.0,3874.0,70865
GVYM.TA,2026-09-09,3874.0,3906.0,3813.0,3822.0,55013
GVYM.TA,2026-09-10,3953.0,3953.0,3735.0,3770.0,99326
GVYM.TA,2026-09-11,3770.0,3770.0,3770.0,3770.0,0
GVYM.TA,2026-09-14,3770.0,3810.0,3727.0,3797.0,35128
GVYM.TA,2026-09-15,3797.0,3798.0,3700.0,3769.0,38520
GVYM.TA,2026-09-16,3769.0,3830.0,3760.0,3808.0,69267
GVYM.TA,2026-09-17,3808.0,3854.0,3778.0,3827.0,159370
GVYM.TA,2026-09-18,3827.0,3827.0,3827.0,3827.0,0
GVYM.TA,2026-09-21,3827.0,3827.0,3827.0,3827.0,0
GVYM.TA,2026-09-22,3823.0,3852.0,3764.0,3764.0,78000
GVYM.TA,2026-09-23,3801.0,3821.0,3743.0,3747.0,79310
GVYM.TA,2026-09-24,3721.0,3753.0,3641.0,3699.0,138712
TIGBUR.TA,2026-07-16,6237.0,6484.0,6359.0,6375.0,279
TIGBUR.TA,2026-07-17,6375.0,6489.0,6487.0,6488.0,113
TIGBUR.TA,2026-07-20,6488.0,6505.0,6286.0,6475.0,731
TIGBUR.TA,2026-07-21,6475.0,6505.0,6211.0,6349.0,6487
TIGBUR.TA,2026-07-22,6349.0,6312.0,6000.0,6051.0,4138
TIGBUR.TA,2026-07-24,6051.0,6146.0,5799.0,6003.0,5731
TIGBUR.TA,2026-07-27,6050.0,6050.0,5714.0,5819.0,15047
TIGBUR.TA,2026-07-28,5819.0,5907.0,5523.0,5803.0,27223
TIGBUR.TA,2026-07-29,5803.0,5950.0,5740.0,5846.0,3816
TIGBUR.TA,2026-07-30,5846.0,5885.0,5765.0,5885.0,3094
TIGBUR.TA,2026-07-31,5900.0,6197.0,5898.0,5988.0,2129
TIGBUR.TA,2026-08-03,5988.0,5951.0,5800.0,5902.0,660
TIGBUR.TA,2026-08-04,5902.0,5842.0,5780.0,5798.0,514
TIGBUR.TA,2026-08-05,5798.0,5801.0,5690.0,5726.0,2780
TIGBUR.TA,2026-08-06,5726.0,5963.0,5750.0,5963.0,3993
TIGBUR.TA,2026-08-07,5963.0,5980.0,5963.0,5978.0,528
TIGBUR.TA,2026-08-10,5978.0,5978.0,5885.0,5954.0,354
TIGBUR.TA,2026-08-11,5954.0,5954.0,5576.0,5577.0,17317
TIGBUR.TA,2026-08-12,5585.0,5668.0,5295.0,5334.0,14954
TIGBUR.TA,2026-08-13,5334.0,5546.0,5334.0,5468.0,2043
TIGBUR.TA,2026-08-14,5468.0,5554.0,5459.0,5498.0,2110
TIGBUR.TA,2026-08-17,5498.0,5498.0,5340.0,5357.0,6077
TIGBUR.TA,2026-08-18,5357.0,5449.0,5188.0,5272.0,1849
TIGBUR.TA,2026-08-19,5272.0,5320.0,5186.0,5288.0,2649
TIGBUR.TA,2026-08-20,5288.0,5555.0,5209.0,5371.0,4804
TIGBUR.TA,2026-08-21,5371.0,5482.0,5282.0,5302.0,467
TIGBUR.TA,2026-08-24,5302.0,5302.0,5225.0,5265.0,4375
TIGBUR.TA,2026-08-25,5265.0,5265.0,5186.0,5231.0,252
TIGBUR.TA,2026-08-26,5231.0,5231.0,5007.0,5099.0,31429
TIGBUR.TA,2026-08-27,5099.0,5353.0,4857.0,5273.0,5377
TIGBUR.TA,2026-08-28,5273.0,5350.0,5295.0,5310.0,3541
TIGBUR.TA,2026-08-31,5310.0,5340.0,5289.0,5318.0,2462
TIGBUR.TA,2026-09-01,5318.0,5378.0,5180.0,5231.0,2954
TIGBUR.TA,2026-09-02,5231.0,5231.0,5100.0,5125.0,7634
TIGBUR.TA,2026-09-03,5125.0,5125.0,5031.0,5041.0,2106
TIGBUR.TA,2026-09-04,5041.0,5078.0,5041.0,5052.0,633
TIGBUR.TA,2026-09-07,5052.0,5053.0,4989.0,5047.0,1940
TIGBUR.TA,2026-09-08,5050.0,5050.0,5047.0,5047.0,1088
TIGBUR.TA,2026-09-09,5000.0,5298.0,4969.0,5029.0,2890
TIGBUR.TA,2026-09-10,4975.0,4986.0,4921.0,4961.0,655
TIGBUR.TA,2026-09-11,4961.0,4961.0,4961.0,4961.0,0
TIGBUR.TA,2026-09-14,4961.0,5099.0,4954.0,5036.0,1337
TIGBUR.TA,2026-09-15,5036.0,5036.0,4953.0,5022.0,2048
TIGBUR.TA,2026-09-16,5022.0,5211.0,4975.0,5146.0,1125
TIGBUR.TA,2026-09-17,5146.0,5296.0,5208.0,5241.0,1010
TIGBUR.TA,2026-09-18,5241.0,5241.0,5241.0,5241.0,0
TIGBUR.TA,2026-09-21,5241.0,5241.0,5241.0,5241.0,0
TIGBUR.TA,2026-09-22,5249.0,5249.0,5155.0,5241.0,755
TIGBUR.TA,2026-09-23,5241.0,5248.0,5200.0,5238.0,738
TIGBUR.TA,2026-09-24,5238.0,5249.0,5219.0,5238.0,925
ISHI.TA,2026-07-16,12870.0,12880.0,12260.0,12290.0,42390
ISHI.TA,2026-07-17,12290.0,12380.0,11950.0,12090.0,9987
ISHI.TA,2026-07-20,12000.0,12180.0,11900.0,11900.0,8040
ISHI.TA,2026-07-21,11900.0,12230.0,11880.0,12100.0,8886
ISHI.TA,2026-07-22,12100.0,12150.0,11920.0,12030.0,8943
ISHI.TA,2026-07-24,11860.0,12140.0,11780.0,11830.0,13982
ISHI.TA,2026-07-27,11890.0,11960.0,11470.0,11550.0,16858
ISHI.TA,2026-07-28,11550.0,11620.0,11350.0,11360.0,6449
ISHI.TA,2026-07-29,11400.0,11500.0,11180.0,11300.0,11758
ISHI.TA,2026-07-30,11230.0,11390.0,11020.0,11120.0,10094
ISHI.TA,2026-07-31,11320.0,11560.0,11240.0,11470.0,3829
ISHI.TA,2026-08-03,11470.0,11550.0,10990.0,11160.0,16364
ISHI.TA,2026-08-04,11160.0,11340.0,10770.0,10770.0,18605
ISHI.TA,2026-08-05,10770.0,11090.0,10500.0,10530.0,21444
ISHI.TA,2026-08-06,10590.0,10590.0,10000.0,10000.0,192917
ISHI.TA,2026-08-07,10100.0,10260.0,9927.0,10090.0,44339
ISHI.TA,2026-08-10,10090.0,10280.0,10020.0,10130.0,28671
ISHI.TA,2026-08-11,10130.0,10270.0,10020.0,10100.0,23314
ISHI.TA,2026-08-12,10210.0,10380.0,10000.0,10100.0,26633
ISHI.TA,2026-08-13,10100.0,10400.0,10080.0,10320.0,16054
ISHI.TA,2026-08-14,10320.0,10410.0,10160.0,10240.0,6027
ISHI.TA,2026-08-17,10200.0,10340.0,9918.0,9999.0,25135
ISHI.TA,2026-08-18,9999.0,9999.0,9555.0,9693.0,45538
ISHI.TA,2026-08-19,9693.0,9821.0,9560.0,9766.0,29109
ISHI.TA,2026-08-20,9700.0,9950.0,9689.0,9914.0,11942
ISHI.TA,2026-08-21,9914.0,9981.0,9688.0,9774.0,13473
ISHI.TA,2026-08-24,9774.0,9782.0,9474.0,9666.0,16026
ISHI.TA,2026-08-25,9726.0,10670.0,9725.0,9949.0,117736
ISHI.TA,2026-08-26,9952.0,10050.0,9375.0,9672.0,41394
ISHI.TA,2026-08-27,9671.0,10140.0,9669.0,10130.0,23466
ISHI.TA,2026-08-28,10130.0,10190.0,9888.0,10080.0,10072
ISHI.TA,2026-08-31,10320.0,10320.0,9837.0,9859.0,11043
ISHI.TA,2026-09-01,9917.0,10400.0,9830.0,10370.0,15816
ISHI.TA,2026-09-02,10440.0,10710.0,10320.0,10440.0,14453
ISHI.TA,2026-09-03,10440.0,10810.0,10410.0,10720.0,13065
ISHI.TA,2026-09-04,10710.0,10890.0,10640.0,10830.0,7525
ISHI.TA,2026-09-07,10830.0,10960.0,10480.0,10590.0,15387
ISHI.TA,2026-09-08,10750.0,10780.0,10400.0,10460.0,10465
ISHI.TA,2026-09-09,10460.0,10720.0,10310.0,10320.0,11104
ISHI.TA,2026-09-10,10490.0,10490.0,10100.0,10200.0,12410
ISHI.TA,2026-09-11,10200.0,10200.0,10200.0,10200.0,0
ISHI.TA,2026-09-14,10200.0,10400.0,10050.0,10240.0,7585
ISHI.TA,2026-09-15,10240.0,10240.0,9868.0,9910.0,9653
ISHI.TA,2026-09-16,10010.0,10130.0,9960.0,10010.0,7613
ISHI.TA,2026-09-17,10010.0,10200.0,9976.0,10150.0,27941
ISHI.TA,2026-09-18,10150.0,10150.0,10150.0,10150.0,0
ISHI.TA,2026-09-21,10150.0,10150.0,10150.0,10150.0,0
ISHI.TA,2026-09-22,10150.0,10400.0,10050.0,10060.0,7481
ISHI.TA,2026-09-23,10060.0,10240.0,9976.0,10040.0,6898
ISHI.TA,2026-09-24,9938.0,10030.0,9818.0,9900.0,8553
IMCO.TA,2026-07-16,4289.0,4403.0,4200.0,4356.0,5139
IMCO.TA,2026-07-17,4356.0,4444.0,4235.0,4270.0,2629
IMCO.TA,2026-07-20,4270.0,4303.0,4060.0,4158.0,4155
IMCO.TA,2026-07-21,4170.0,4488.0,4170.0,4340.0,8311
IMCO.TA,2026-07-22,4450.0,4450.0,4303.0,4334.0,2912
IMCO.TA,2026-07-24,4334.0,4642.0,4291.0,4433.0,11836
IMCO.TA,2026-07-27,4433.0,4433.0,4200.0,4222.0,5945
IMCO.TA,2026-07-28,4479.0,4479.0,3970.0,3981.0,11671
IMCO.TA,2026-07-29,3981.0,4098.0,3815.0,3888.0,12290
IMCO.TA,2026-07-30,3888.0,3888.0,3750.0,3761.0,5139
IMCO.TA,2026-07-31,3850.0,3940.0,3775.0,3899.0,3376
IMCO.TA,2026-08-03,3899.0,4079.0,3850.0,4042.0,8685
IMCO.TA,2026-08-04,4094.0,4100.0,4005.0,4047.0,5283
IMCO.TA,2026-08-05,4066.0,4088.0,3960.0,4035.0,8332
IMCO.TA,2026-08-06,4035.0,4103.0,3770.0,3770.0,77682
IMCO.TA,2026-08-07,3860.0,3860.0,3611.0,3651.0,12370
IMCO.TA,2026-08-10,3651.0,3750.0,3400.0,3489.0,21221
IMCO.TA,2026-08-11,3588.0,3588.0,3250.0,3398.0,12677
IMCO.TA,2026-08-12,3398.0,3399.0,3270.0,3313.0,10369
IMCO.TA,2026-08-13,3313.0,3350.0,3240.0,3336.0,7608
IMCO.TA,2026-08-14,3336.0,3352.0,3313.0,3339.0,3537
IMCO.TA,2026-08-17,3339.0,3401.0,3257.0,3295.0,8306
IMCO.TA,2026-08-18,3398.0,3398.0,3150.0,3188.0,8579
IMCO.TA,2026-08-19,3188.0,3379.0,3185.0,3295.0,17050
IMCO.TA,2026-08-20,3295.0,3319.0,3151.0,3211.0,1810
IMCO.TA,2026-08-21,3211.0,3266.0,3203.0,3234.0,2706
IMCO.TA,2026-08-24,3234.0,3273.0,3102.0,3129.0,9991
IMCO.TA,2026-08-25,3000.0,3000.0,2600.0,2644.0,91745
IMCO.TA,2026-08-26,2630.0,2646.0,2440.0,2514.0,38840
IMCO.TA,2026-08-27,2644.0,2700.0,2536.0,2670.0,56716
IMCO.TA,2026-08-28,2692.0,2692.0,2555.0,2589.0,7463
IMCO.TA,2026-08-31,2644.0,2670.0,2540.0,2591.0,7638
IMCO.TA,2026-09-01,2591.0,2691.0,2552.0,2675.0,7815
IMCO.TA,2026-09-02,2675.0,2844.0,2660.0,2709.0,35552
IMCO.TA,2026-09-03,2709.0,2720.0,2529.0,2558.0,31253
IMCO.TA,2026-09-04,2578.0,2590.0,2500.0,2525.0,7932
IMCO.TA,2026-09-07,2525.0,2686.0,2472.0,2643.0,24062
IMCO.TA,2026-09-08,2643.0,2677.0,2581.0,2651.0,12924
IMCO.TA,2026-09-09,2651.0,2750.0,2645.0,2703.0,21722
IMCO.TA,2026-09-10,2703.0,2800.0,2648.0,2651.0,18832
IMCO.TA,2026-09-11,2651.0,2651.0,2651.0,2651.0,0
IMCO.TA,2026-09-14,2651.0,2602.0,2500.0,2545.0,17273
IMCO.TA,2026-09-15,2545.0,2645.0,2500.0,2543.0,14452
IMCO.TA,2026-09-16,2543.0,2609.0,2543.0,2587.0,4525
IMCO.TA,2026-09-17,2587.0,2619.0,2520.0,2558.0,17182
IMCO.TA,2026-09-18,2558.0,2558.0,2558.0,2558.0,0
IMCO.TA,2026-09-21,2558.0,2558.0,2558.0,2558.0,0
IMCO.TA,2026-09-22,2558.0,2647.0,2540.0,2556.0,10361
IMCO.TA,2026-09-23,2556.0,2600.0,2501.0,2511.0,9984
IMCO.TA,2026-09-24,2511.0,2520.0,2440.0,2496.0,9676
ARPT.TA,2026-07-16,5622.0,5739.0,5435.0,5450.0,997825
ARPT.TA,2026-07-17,5450.0,5507.0,5411.0,5455.0,56279
ARPT.TA,2026-07-20,5428.0,5514.0,5363.0,5487.0,569880
ARPT.TA,2026-07-21,5487.0,5648.0,5480.0,5500.0,114049
ARPT.TA,2026-07-22,5500.0,5635.0,5489.0,5578.0,148825
ARPT.TA,2026-07-24,5464.0,5636.0,5460.0,5605.0,216867
ARPT.TA,2026-07-27,5633.0,5703.0,5452.0,5452.0,116015
ARPT.TA,2026-07-28,5481.0,5553.0,5453.0,5480.0,78656
ARPT.TA,2026-07-29,5480.0,5567.0,5418.0,5431.0,137766
ARPT.TA,2026-07-30,5460.0,5593.0,5411.0,5475.0,111686
ARPT.TA,2026-07-31,5437.0,5554.0,5437.0,5510.0,116953
ARPT.TA,2026-08-03,5510.0,5573.0,5290.0,5303.0,261366
ARPT.TA,2026-08-04,5303.0,5390.0,5201.0,5250.0,191633
ARPT.TA,2026-08-05,5250.0,5319.0,5202.0,5202.0,225597
ARPT.TA,2026-08-06,5202.0,5279.0,5150.0,5251.0,1648434
ARPT.TA,2026-08-07,5251.0,5378.0,5225.0,5246.0,77416
ARPT.TA,2026-08-10,5264.0,5300.0,5162.0,5162.0,124502
ARPT.TA,2026-08-11,5162.0,5238.0,5131.0,5165.0,81753
ARPT.TA,2026-08-12,5200.0,5239.0,5088.0,5088.0,109159
ARPT.TA,2026-08-13,5088.0,5186.0,5067.0,5134.0,81834
ARPT.TA,2026-08-14,5134.0,5201.0,5105.0,5171.0,28825
ARPT.TA,2026-08-17,5171.0,5172.0,5000.0,5000.0,122051
ARPT.TA,2026-08-18,4957.0,5073.0,4922.0,5050.0,93600
ARPT.TA,2026-08-19,5098.0,5145.0,5019.0,5136.0,102995
ARPT.TA,2026-08-20,5140.0,5205.0,5064.0,5097.0,70120
ARPT.TA,2026-08-21,5056.0,5136.0,5056.0,5117.0,57938
ARPT.TA,2026-08-24,5117.0,5202.0,5044.0,5069.0,85479
ARPT.TA,2026-08-25,5069.0,5132.0,5050.0,5109.0,114589
ARPT.TA,2026-08-26,5109.0,5229.0,5076.0,5217.0,158915
ARPT.TA,2026-08-27,5266.0,5355.0,5222.0,5355.0,119562
ARPT.TA,2026-08-28,5303.0,5376.0,5300.0,5355.0,84540
ARPT.TA,2026-08-31,5312.0,5388.0,5286.0,5388.0,244392
ARPT.TA,2026-09-01,5388.0,5546.0,5340.0,5500.0,265976
ARPT.TA,2026-09-02,5500.0,5665.0,5474.0,5665.0,220861
ARPT.TA,2026-09-03,5665.0,5702.0,5629.0,5694.0,158988
ARPT.TA,2026-09-04,5700.0,5750.0,5612.0,5726.0,94139
ARPT.TA,2026-09-07,5792.0,5794.0,5600.0,5648.0,124672
ARPT.TA,2026-09-08,5674.0,5675.0,5480.0,5520.0,171385
ARPT.TA,2026-09-09,5520.0,5571.0,5460.0,5518.0,123032
ARPT.TA,2026-09-10,5518.0,5525.0,5390.0,5425.0,77202
ARPT.TA,2026-09-11,5425.0,5425.0,5425.0,5425.0,0
ARPT.TA,2026-09-14,5425.0,5472.0,5398.0,5472.0,43554
ARPT.TA,2026-09-15,5472.0,5534.0,5381.0,5418.0,235319
ARPT.TA,2026-09-16,5418.0,5514.0,5395.0,5435.0,828974
ARPT.TA,2026-09-17,5435.0,5493.0,5362.0,5367.0,426899
ARPT.TA,2026-09-18,5367.0,5367.0,5367.0,5367.0,0
ARPT.TA,2026-09-21,5367.0,5367.0,5367.0,5367.0,0
ARPT.TA,2026-09-22,5367.0,5453.0,5292.0,5367.0,247922
ARPT.TA,2026-09-23,5367.0,5437.0,5288.0,5337.0,103378
ARPT.TA,2026-09-24,5310.0,5311.0,5219.0,5304.0,207945
AYAL.TA,2026-07-16,13200.0,13330.0,12970.0,13280.0,35464
AYAL.TA,2026-07-17,13280.0,13430.0,12980.0,13290.0,55829
AYAL.TA,2026-07-20,13240.0,13630.0,13040.0,13500.0,48216
AYAL.TA,2026-07-21,13640.0,14120.0,13640.0,14110.0,78235
AYAL.TA,2026-07-22,14110.0,14500.0,13930.0,14360.0,82588
AYAL.TA,2026-07-24,14200.0,14660.0,14050.0,14360.0,48990
AYAL.TA,2026-07-27,14460.0,15000.0,14340.0,14400.0,118931
AYAL.TA,2026-07-28,14400.0,14590.0,14140.0,14280.0,39888
AYAL.TA,2026-07-29,14320.0,14420.0,13830.0,13930.0,57711
AYAL.TA,2026-07-30,13930.0,14050.0,13450.0,13850.0,92923
AYAL.TA,2026-07-31,14000.0,14250.0,13660.0,14140.0,87359
AYAL.TA,2026-08-03,14270.0,14540.0,14150.0,14410.0,81795
AYAL.TA,2026-08-04,14580.0,14700.0,14110.0,14300.0,110869
AYAL.TA,2026-08-05,14410.0,14760.0,14370.0,14740.0,67566
AYAL.TA,2026-08-06,14740.0,14740.0,14300.0,14590.0,1030546
AYAL.TA,2026-08-07,14590.0,15370.0,14590.0,15250.0,59256
AYAL.TA,2026-08-10,15240.0,15250.0,14730.0,14910.0,91889
AYAL.TA,2026-08-11,14950.0,14960.0,14320.0,14470.0,72351
AYAL.TA,2026-08-12,14630.0,14920.0,14450.0,14710.0,62567
AYAL.TA,2026-08-13,14870.0,15250.0,14640.0,15110.0,58723
AYAL.TA,2026-08-14,15110.0,15220.0,14890.0,14900.0,21194
AYAL.TA,2026-08-17,15030.0,15570.0,15030.0,15160.0,64956
AYAL.TA,2026-08-18,15190.0,15250.0,14540.0,15050.0,60767
AYAL.TA,2026-08-19,15190.0,15530.0,14900.0,15110.0,64918
AYAL.TA,2026-08-20,15160.0,15650.0,15020.0,15500.0,88009
AYAL.TA,2026-08-21,15660.0,15660.0,15310.0,15550.0,35601
AYAL.TA,2026-08-24,15550.0,15760.0,15320.0,15410.0,43959
AYAL.TA,2026-08-25,15410.0,16100.0,15160.0,15940.0,137980
AYAL.TA,2026-08-26,15940.0,16340.0,15870.0,16210.0,68961
AYAL.TA,2026-08-27,16210.0,16570.0,16210.0,16550.0,78009
AYAL.TA,2026-08-28,16370.0,16650.0,16100.0,16630.0,36159
AYAL.TA,2026-08-31,16630.0,17180.0,16320.0,17180.0,90006
AYAL.TA,2026-09-01,17180.0,17410.0,16770.0,16960.0,67207
AYAL.TA,2026-09-02,16960.0,17160.0,16440.0,17160.0,84461
AYAL.TA,2026-09-03,17200.0,18710.0,16890.0,18710.0,212421
AYAL.TA,2026-09-04,18750.0,18850.0,18200.0,18360.0,65219
AYAL.TA,2026-09-07,18710.0,18910.0,18150.0,18520.0,73130
AYAL.TA,2026-09-08,18520.0,18640.0,18200.0,18450.0,102095
AYAL.TA,2026-09-09,18450.0,18900.0,18370.0,18700.0,85894
AYAL.TA,2026-09-10,18700.0,18960.0,18350.0,18500.0,70154
AYAL.TA,2026-09-11,18500.0,18500.0,18500.0,18500.0,0
AYAL.TA,2026-09-14,18600.0,19300.0,18380.0,19250.0,164167
AYAL.TA,2026-09-15,19250.0,19390.0,18550.0,18700.0,115726
AYAL.TA,2026-09-16,18600.0,18640.0,18120.0,18250.0,62219
AYAL.TA,2026-09-17,18250.0,18510.0,18000.0,18200.0,99724
AYAL.TA,2026-09-18,18200.0,18200.0,18200.0,18200.0,0
AYAL.TA,2026-09-21,18200.0,18200.0,18200.0,18200.0,0
AYAL.TA,2026-09-22,18440.0,19140.0,18270.0,19140.0,58594
AYAL.TA,2026-09-23,18850.0,19780.0,18850.0,19780.0,65862
AYAL.TA,2026-09-24,19780.0,19780.0,18760.0,19510.0,85889
RATI.TA,2026-07-16,424.3999938964844,441.0,423.20001220703125,436.20001220703125,1323985
RATI.TA,2026-07-17,437.0,442.0,435.20001220703125,437.8999938964844,698213
RATI.TA,2026-07-20,437.8999938964844,447.8999938964844,428.3999938964844,435.3999938964844,1047485
RATI.TA,2026-07-21,435.3999938964844,443.3999938964844,434.0,437.8999938964844,1129238
RATI.TA,2026-07-22,436.70001220703125,457.3999938964844,436.70001220703125,455.0,1529159
RATI.TA,2026-07-24,450.3999938964844,452.5,438.29998779296875,442.0,2125644
RATI.TA,2026-07-27,440.79998779296875,447.3999938964844,435.20001220703125,436.5,1215606
RATI.TA,2026-07-28,436.5,443.8999938964844,434.0,436.3999938964844,532955
RATI.TA,2026-07-29,430.1000061035156,438.6000061035156,428.6000061035156,429.8999938964844,729139
RATI.TA,2026-07-30,439.8999938964844,441.0,425.0,431.5,1686737
RATI.TA,2026-07-31,429.20001220703125,447.1000061035156,429.20001220703125,443.6000061035156,1212523
RATI.TA,2026-08-03,443.6000061035156,443.6000061035156,428.5,433.1000061035156,1543397
RATI.TA,2026-08-04,430.1000061035156,434.1000061035156,421.5,430.0,1625986
RATI.TA,2026-08-05,432.0,432.1000061035156,419.29998779296875,419.29998779296875,1980518
RATI.TA,2026-08-06,419.5,422.5,412.0,413.0,11028278
RATI.TA,2026-08-07,415.0,419.0,413.6000061035156,415.3999938964844,685009
RATI.TA,2026-08-10,415.3999938964844,417.70001220703125,403.0,406.3999938964844,1640929
RATI.TA,2026-08-11,406.3999938964844,411.8999938964844,401.0,404.0,819365
RATI.TA,2026-08-12,407.3999938964844,414.0,395.79998779296875,410.0,1777779
RATI.TA,2026-08-13,411.20001220703125,428.5,411.20001220703125,422.0,2542049
RATI.TA,2026-08-14,422.0,429.0,417.6000061035156,429.0,578945
RATI.TA,2026-08-17,429.0,429.70001220703125,418.6000061035156,425.20001220703125,1917685
RATI.TA,2026-08-18,425.20001220703125,427.0,417.29998779296875,427.0,1241553
RATI.TA,2026-08-19,427.0,438.6000061035156,423.8999938964844,438.0,1136670
RATI.TA,2026-08-20,433.0,443.0,433.0,437.5,876458
RATI.TA,2026-08-21,431.79998779296875,444.0,431.79998779296875,439.29998779296875,471911
RATI.TA,2026-08-24,439.29998779296875,443.0,430.0,439.29998779296875,814714
RATI.TA,2026-08-25,439.29998779296875,443.29998779296875,433.70001220703125,443.0,977847
RATI.TA,2026-08-26,443.0,452.8999938964844,437.0,452.5,1572457
RATI.TA,2026-08-27,454.5,454.5,446.5,451.3999938964844,1045322
RATI.TA,2026-08-28,445.0,456.8999938964844,445.0,456.8999938964844,722707
RATI.TA,2026-08-31,452.6000061035156,470.6000061035156,451.5,470.6000061035156,1894850
RATI.TA,2026-09-01,470.6000061035156,470.6000061035156,456.0,468.0,3994221
RATI.TA,2026-09-02,467.8999938964844,469.79998779296875,458.0,469.79998779296875,1085617
RATI.TA,2026-09-03,470.0,473.0,460.8999938964844,468.20001220703125,965499
RATI.TA,2026-09-04,465.0,477.5,464.79998779296875,473.3999938964844,1753255
RATI.TA,2026-09-07,473.0,476.20001220703125,467.0,469.0,2999929
RATI.TA,2026-09-08,469.0,474.1000061035156,461.0,466.0,1063926
RATI.TA,2026-09-09,466.0,477.0,466.0,474.0,946944
RATI.TA,2026-09-10,470.1000061035156,475.6000061035156,465.5,472.79998779296875,1357953
RATI.TA,2026-09-11,472.79998779296875,472.79998779296875,472.79998779296875,472.79998779296875,0
RATI.TA,2026-09-14,472.79998779296875,474.29998779296875,467.8999938964844,470.6000061035156,455098
RATI.TA,2026-09-15,468.20001220703125,480.0,467.0,471.20001220703125,993759
RATI.TA,2026-09-16,471.20001220703125,477.0,470.5,475.0,914880
RATI.TA,2026-09-17,475.0,481.70001220703125,473.0,479.29998779296875,1149992
RATI.TA,2026-09-18,479.29998779296875,479.29998779296875,479.29998779296875,479.29998779296875,0
RATI.TA,2026-09-21,479.29998779296875,479.29998779296875,479.29998779296875,479.29998779296875,0
RATI.TA,2026-09-22,479.79998779296875,484.5,468.0,476.3999938964844,1232912
RATI.TA,2026-09-23,476.3999938964844,481.79998779296875,472.6000061035156,473.70001220703125,2680747
RATI.TA,2026-09-24,469.20001220703125,475.0,456.5,460.0,1566037
LURO.TA,2026-07-16,3796.0,3800.0,3707.0,3784.0,5176
LURO.TA,2026-07-17,3784.0,3784.0,3709.0,3780.0,1726
LURO.TA,2026-07-20,3780.0,3965.0,3606.0,3709.0,7182
LURO.TA,2026-07-21,3857.0,3857.0,3510.0,3637.0,12438
LURO.TA,2026-07-22,3637.0,3683.0,3346.0,3620.0,9048
LURO.TA,2026-07-24,3620.0,3670.0,3455.0,3615.0,7575
LURO.TA,2026-07-27,3615.0,3667.0,3337.0,3601.0,16198
LURO.TA,2026-07-28,3601.0,3600.0,3415.0,3550.0,7316
LURO.TA,2026-07-29,3550.0,3544.0,3347.0,3497.0,6781
LURO.TA,2026-07-30,3497.0,3550.0,3302.0,3550.0,6845
LURO.TA,2026-07-31,3550.0,3565.0,3428.0,3550.0,6615
LURO.TA,2026-08-03,3550.0,3550.0,3200.0,3252.0,12389
LURO.TA,2026-08-04,3252.0,3350.0,2820.0,2846.0,21077
LURO.TA,2026-08-05,2846.0,2845.0,2625.0,2845.0,27091
LURO.TA,2026-08-06,2845.0,2883.0,2688.0,2688.0,88820
LURO.TA,2026-08-07,2688.0,2919.0,2659.0,2802.0,8063
LURO.TA,2026-08-10,2802.0,2909.0,2689.0,2877.0,8014
LURO.TA,2026-08-11,2877.0,2918.0,2682.0,2910.0,19290
LURO.TA,2026-08-12,2910.0,2909.0,2703.0,2766.0,14247
LURO.TA,2026-08-13,2766.0,2766.0,2626.0,2731.0,9111
LURO.TA,2026-08-14,2768.0,2823.0,2690.0,2823.0,6805
LURO.TA,2026-08-17,2823.0,2895.0,2705.0,2895.0,9069
LURO.TA,2026-08-18,2895.0,2915.0,2747.0,2915.0,11462
LURO.TA,2026-08-19,2915.0,2915.0,2746.0,2915.0,15394
LURO.TA,2026-08-20,2925.0,2950.0,2775.0,2908.0,11713
LURO.TA,2026-08-21,2908.0,2908.0,2770.0,2908.0,11946
LURO.TA,2026-08-24,2908.0,2908.0,2777.0,2907.0,16278
LURO.TA,2026-08-25,2907.0,3000.0,2789.0,3000.0,17860
LURO.TA,2026-08-26,3000.0,3100.0,2910.0,3075.0,7805
LURO.TA,2026-08-27,3075.0,3100.0,2916.0,2988.0,11642
LURO.TA,2026-08-28,2988.0,3212.0,2815.0,2988.0,17921
LURO.TA,2026-08-31,2988.0,3103.0,2936.0,2980.0,11567
LURO.TA,2026-09-01,2980.0,3190.0,2980.0,3100.0,31808
LURO.TA,2026-09-02,3100.0,3139.0,3023.0,3066.0,15711
LURO.TA,2026-09-03,3339.0,3339.0,2992.0,3115.0,6256
LURO.TA,2026-09-04,3131.0,3148.0,3033.0,3148.0,17572
LURO.TA,2026-09-07,3175.0,3186.0,3026.0,3186.0,22648
LURO.TA,2026-09-08,3186.0,3149.0,3036.0,3149.0,28165
LURO.TA,2026-09-09,3149.0,3160.0,2976.0,3160.0,20762
LURO.TA,2026-09-10,3160.0,3160.0,3000.0,3091.0,23879
LURO.TA,2026-09-11,3091.0,3091.0,3091.0,3091.0,0
LURO.TA,2026-09-14,2998.0,3166.0,2983.0,3113.0,9831
LURO.TA,2026-09-15,3113.0,3079.0,3018.0,3077.0,9373
LURO.TA,2026-09-16,3077.0,3194.0,3032.0,3194.0,11728
LURO.TA,2026-09-17,3194.0,3351.0,3147.0,3250.0,13480
LURO.TA,2026-09-18,3250.0,3250.0,3250.0,3250.0,0
LURO.TA,2026-09-21,3250.0,3250.0,3250.0,3250.0,0
LURO.TA,2026-09-22,3250.0,3413.0,3190.0,3256.0,13510
LURO.TA,2026-09-23,3295.0,3300.0,3202.0,3251.0,16684
LURO.TA,2026-09-24,3266.0,3266.0,3122.0,3258.0,17378
TASE.TA,2026-07-16,13000.0,13020.0,12560.0,12600.0,225660
TASE.TA,2026-07-17,12500.0,12730.0,12370.0,12710.0,145953
TASE.TA,2026-07-20,12710.0,12820.0,12240.0,12250.0,293937
TASE.TA,2026-07-21,12390.0,12600.0,12200.0,12540.0,270107
TASE.TA,2026-07-22,12540.0,12930.0,12460.0,12910.0,286854
TASE.TA,2026-07-24,12600.0,13080.0,12510.0,12970.0,264623
TASE.TA,2026-07-27,13180.0,13250.0,12940.0,13020.0,227968
TASE.TA,2026-07-28,12820.0,13100.0,12300.0,12330.0,202651
TASE.TA,2026-07-29,12180.0,12280.0,11800.0,11930.0,450961
TASE.TA,2026-07-30,11930.0,12000.0,11500.0,11530.0,438069
TASE.TA,2026-07-31,11700.0,11860.0,11630.0,11800.0,237569
TASE.TA,2026-08-03,11720.0,12220.0,11710.0,11800.0,334282
TASE.TA,2026-08-04,11800.0,11960.0,11430.0,11660.0,277082
TASE.TA,2026-08-05,12260.0,12390.0,11850.0,12200.0,869833
TASE.TA,2026-08-06,12180.0,12350.0,11880.0,12320.0,626739
TASE.TA,2026-08-07,12320.0,12400.0,12000.0,12000.0,167078
TASE.TA,2026-08-10,11970.0,12040.0,11400.0,11480.0,470696
TASE.TA,2026-08-11,11480.0,11580.0,11240.0,11290.0,513493
TASE.TA,2026-08-12,11200.0,11480.0,11040.0,11180.0,427771
TASE.TA,2026-08-13,11170.0,12090.0,11020.0,12090.0,461118
TASE.TA,2026-08-14,12220.0,12330.0,11650.0,11700.0,292426
TASE.TA,2026-08-17,11750.0,11920.0,11600.0,11640.0,394240
TASE.TA,2026-08-18,11530.0,11670.0,11300.0,11590.0,379024
TASE.TA,2026-08-19,11590.0,11650.0,11320.0,11330.0,323505
TASE.TA,2026-08-20,11360.0,11630.0,11340.0,11500.0,219490
TASE.TA,2026-08-21,11310.0,11540.0,11310.0,11490.0,100150
TASE.TA,2026-08-24,11490.0,11920.0,11410.0,11890.0,207439
TASE.TA,2026-08-25,11890.0,12180.0,11630.0,12140.0,679301
TASE.TA,2026-08-26,12140.0,12690.0,12050.0,12620.0,451753
TASE.TA,2026-08-27,12600.0,12720.0,12500.0,12610.0,154379
TASE.TA,2026-08-28,12480.0,12690.0,12450.0,12490.0,239929
TASE.TA,2026-08-31,12490.0,12940.0,12440.0,12720.0,199039
TASE.TA,2026-09-01,12780.0,12900.0,12480.0,12680.0,630615
TASE.TA,2026-09-02,12500.0,13130.0,12320.0,13120.0,550138
TASE.TA,2026-09-03,13050.0,13790.0,12950.0,13650.0,558742
TASE.TA,2026-09-04,13570.0,13890.0,13520.0,13790.0,310933
TASE.TA,2026-09-07,13790.0,14100.0,13680.0,13860.0,239295
TASE.TA,2026-09-08,13860.0,14330.0,13520.0,13730.0,331254
TASE.TA,2026-09-09,13800.0,13990.0,13320.0,13450.0,229604
TASE.TA,2026-09-10,13660.0,13690.0,12720.0,12980.0,563713
TASE.TA,2026-09-11,12980.0,12980.0,12980.0,12980.0,0
TASE.TA,2026-09-14,12880.0,13260.0,12710.0,13200.0,227162
TASE.TA,2026-09-15,13150.0,13280.0,12630.0,12700.0,323945
TASE.TA,2026-09-16,12820.0,13040.0,12690.0,12820.0,384902
TASE.TA,2026-09-17,14110.0,14990.0,13820.0,14740.0,3141130
TASE.TA,2026-09-18,14740.0,14740.0,14740.0,14740.0,0
TASE.TA,2026-09-21,14740.0,14740.0,14740.0,14740.0,0
TASE.TA,2026-09-22,14880.0,14960.0,14300.0,14520.0,642687
TASE.TA,2026-09-23,14660.0,14820.0,14560.0,14690.0,294422
TASE.TA,2026-09-24,14410.0,14590.0,14020.0,14090.0,341122
CAST.TA,2026-07-16,15000.0,15750.0,14300.0,15020.0,1372
CAST.TA,2026-07-17,14050.0,15300.0,14050.0,14610.0,650
CAST.TA,2026-07-20,14610.0,15000.0,14130.0,14670.0,543
CAST.TA,2026-07-21,14670.0,15980.0,14140.0,14810.0,2749
CAST.TA,2026-07-22,14810.0,14970.0,14300.0,14690.0,3019
CAST.TA,2026-07-24,14690.0,14700.0,14310.0,14560.0,221
CAST.TA,2026-07-27,14560.0,14940.0,14260.0,14460.0,540
CAST.TA,2026-07-28,14460.0,14460.0,13170.0,14460.0,2351
CAST.TA,2026-07-29,14460.0,14550.0,14300.0,14310.0,448
CAST.TA,2026-07-30,14310.0,14570.0,13620.0,14540.0,1166
CAST.TA,2026-07-31,14540.0,14610.0,14310.0,14610.0,987
CAST.TA,2026-08-03,14610.0,14400.0,13880.0,14180.0,1406
CAST.TA,2026-08-04,14250.0,14250.0,13790.0,14140.0,1263
CAST.TA,2026-08-05,14140.0,14210.0,13160.0,13970.0,4965
CAST.TA,2026-08-06,14040.0,14040.0,13260.0,13530.0,17181
CAST.TA,2026-08-07,13530.0,14010.0,13330.0,13750.0,1148
CAST.TA,2026-08-10,13750.0,13800.0,13480.0,13690.0,726
CAST.TA,2026-08-11,13690.0,13750.0,13420.0,13620.0,648
CAST.TA,2026-08-12,13620.0,14010.0,13260.0,13620.0,7093
CAST.TA,2026-08-13,13620.0,13690.0,13020.0,13640.0,493
CAST.TA,2026-08-14,13640.0,13980.0,13250.0,13510.0,127
CAST.TA,2026-08-17,13510.0,13800.0,13500.0,13630.0,894
CAST.TA,2026-08-18,13630.0,14200.0,13480.0,13980.0,611
CAST.TA,2026-08-19,14810.0,15240.0,14670.0,14880.0,2977
CAST.TA,2026-08-20,14930.0,15490.0,14900.0,15380.0,3116
CAST.TA,2026-08-21,15980.0,15980.0,15220.0,15220.0,2501
CAST.TA,2026-08-24,15220.0,15860.0,15220.0,15750.0,3456
CAST.TA,2026-08-25,15750.0,15720.0,15640.0,15650.0,202
CAST.TA,2026-08-26,15980.0,15980.0,15860.0,15860.0,447
CAST.TA,2026-08-27,15860.0,15820.0,15070.0,15760.0,595
CAST.TA,2026-08-28,15760.0,15970.0,15900.0,15930.0,868
CAST.TA,2026-08-31,15930.0,16370.0,15600.0,16160.0,1786
CAST.TA,2026-09-01,16160.0,16990.0,15840.0,16360.0,1253
CAST.TA,2026-09-02,16360.0,17320.0,16360.0,16970.0,840
CAST.TA,2026-09-03,16970.0,17930.0,16890.0,17740.0,2541
CAST.TA,2026-09-04,17740.0,17740.0,17640.0,17720.0,666
CAST.TA,2026-09-07,17640.0,17640.0,15900.0,16220.0,2236
CAST.TA,2026-09-08,16220.0,17130.0,16220.0,16960.0,942
CAST.TA,2026-09-09,17250.0,17320.0,16900.0,17060.0,747
CAST.TA,2026-09-10,17060.0,16560.0,15750.0,16550.0,2692
CAST.TA,2026-09-11,16550.0,16550.0,16550.0,16550.0,0
CAST.TA,2026-09-14,16540.0,16720.0,15790.0,16090.0,770
CAST.TA,2026-09-15,16020.0,16090.0,15290.0,15450.0,1038
CAST.TA,2026-09-16,15450.0,16100.0,15300.0,15490.0,269
CAST.TA,2026-09-17,15020.0,15100.0,14800.0,14980.0,1253
CAST.TA,2026-09-18,14980.0,14980.0,14980.0,14980.0,0
CAST.TA,2026-09-21,14980.0,14980.0,14980.0,14980.0,0
CAST.TA,2026-09-22,14980.0,15520.0,14890.0,15380.0,2239
CAST.TA,2026-09-23,15450.0,15980.0,15360.0,15740.0,638
CAST.TA,2026-09-24,14340.0,16190.0,14340.0,15960.0,845
MZTF.TA,2026-07-16,22500.0,22510.0,22100.0,22100.0,882318
MZTF.TA,2026-07-17,22050.0,22560.0,22020.0,22440.0,501519
MZTF.TA,2026-07-20,22440.0,22660.0,22180.0,22400.0,1130063
MZTF.TA,2026-07-21,22480.0,22790.0,22260.0,22760.0,918768
MZTF.TA,2026-07-22,22660.0,23100.0,22470.0,22640.0,533355
MZTF.TA,2026-07-24,22410.0,22990.0,22250.0,22780.0,792601
MZTF.TA,2026-07-27,22900.0,23100.0,22840.0,22860.0,590895
MZTF.TA,2026-07-28,22860.0,23010.0,22520.0,22520.0,562885
MZTF.TA,2026-07-29,22520.0,22700.0,22120.0,22210.0,585794
MZTF.TA,2026-07-30,22290.0,22600.0,22100.0,22600.0,456319
MZTF.TA,2026-07-31,22600.0,22900.0,22520.0,22770.0,623518
MZTF.TA,2026-08-03,22800.0,23000.0,22400.0,22520.0,401751
MZTF.TA,2026-08-04,22500.0,22780.0,22210.0,22780.0,684738
MZTF.TA,2026-08-05,22870.0,22900.0,22320.0,22320.0,628118
MZTF.TA,2026-08-06,22210.0,22560.0,22080.0,22560.0,1594036
MZTF.TA,2026-08-07,22570.0,22950.0,22490.0,22880.0,214676
MZTF.TA,2026-08-10,22750.0,22800.0,22420.0,22470.0,587567
MZTF.TA,2026-08-11,22520.0,23210.0,22450.0,23190.0,648960
MZTF.TA,2026-08-12,23220.0,23580.0,23200.0,23560.0,399653
MZTF.TA,2026-08-13,23420.0,23820.0,23400.0,23540.0,340677
MZTF.TA,2026-08-14,23680.0,23680.0,23380.0,23450.0,159364
MZTF.TA,2026-08-17,23210.0,23400.0,22510.0,22680.0,890653
MZTF.TA,2026-08-18,22670.0,23230.0,22430.0,23230.0,518326
MZTF.TA,2026-08-19,23230.0,23330.0,23030.0,23220.0,352012
MZTF.TA,2026-08-20,23220.0,23300.0,22830.0,22850.0,265818
MZTF.TA,2026-08-21,22920.0,23150.0,22850.0,23150.0,241520
MZTF.TA,2026-08-24,23040.0,23040.0,22660.0,22920.0,209456
MZTF.TA,2026-08-25,22880.0,23230.0,22830.0,23180.0,179952
MZTF.TA,2026-08-26,22970.0,23280.0,22970.0,23170.0,352551
MZTF.TA,2026-08-27,23080.0,23290.0,23020.0,23230.0,188842
MZTF.TA,2026-08-28,22990.0,23300.0,22980.0,23110.0,509696
MZTF.TA,2026-08-31,23100.0,23400.0,23070.0,23190.0,430886
MZTF.TA,2026-09-01,23190.0,23620.0,22800.0,23340.0,511134
MZTF.TA,2026-09-02,23390.0,23750.0,23320.0,23720.0,362706
MZTF.TA,2026-09-03,23840.0,23970.0,23720.0,23970.0,253326
MZTF.TA,2026-09-04,24060.0,24090.0,23730.0,23900.0,137850
MZTF.TA,2026-09-07,23850.0,24150.0,23800.0,24000.0,410884
MZTF.TA,2026-09-08,23950.0,24000.0,22900.0,23720.0,435415
MZTF.TA,2026-09-09,23760.0,23930.0,23470.0,23570.0,386868
MZTF.TA,2026-09-10,23570.0,23740.0,23320.0,23480.0,419191
MZTF.TA,2026-09-11,23480.0,23480.0,23480.0,23480.0,0
MZTF.TA,2026-09-14,23460.0,23760.0,23440.0,23660.0,339175
MZTF.TA,2026-09-15,23660.0,23700.0,23360.0,23560.0,179366
MZTF.TA,2026-09-16,23670.0,24130.0,23640.0,24040.0,488702
MZTF.TA,2026-09-17,24080.0,24380.0,23880.0,23960.0,802683
MZTF.TA,2026-09-18,23960.0,23960.0,23960.0,23960.0,0
MZTF.TA,2026-09-21,23960.0,23960.0,23960.0,23960.0,0
MZTF.TA,2026-09-22,23910.0,23940.0,23490.0,23690.0,505248
MZTF.TA,2026-09-23,23750.0,23800.0,23170.0,23650.0,725814
MZTF.TA,2026-09-24,23340.0,23670.0,23320.0,23520.0,652603
TURB.TA,2026-07-16,1726.0,1748.0,1690.0,1714.0,5410
TURB.TA,2026-07-17,1714.0,1739.0,1700.0,1714.0,407
TURB.TA,2026-07-20,1714.0,1714.0,1638.0,1695.0,16483
TURB.TA,2026-07-21,1695.0,1766.0,1630.0,1683.0,16448
TURB.TA,2026-07-22,1696.0,1696.0,1604.0,1643.0,23455
TURB.TA,2026-07-24,1643.0,1643.0,1610.0,1626.0,5735
TURB.TA,2026-07-27,1626.0,1627.0,1585.0,1587.0,27556
TURB.TA,2026-07-28,1587.0,1650.0,1554.0,1577.0,18181
TURB.TA,2026-07-29,1577.0,1589.0,1506.0,1549.0,19489
TURB.TA,2026-07-30,1549.0,1535.0,1460.0,1504.0,24245
TURB.TA,2026-07-31,1514.0,1588.0,1488.0,1531.0,5383
TURB.TA,2026-08-03,1531.0,1588.0,1500.0,1533.0,11465
TURB.TA,2026-08-04,1533.0,1547.0,1487.0,1514.0,490
TURB.TA,2026-08-05,1514.0,1531.0,1415.0,1429.0,13685
TURB.TA,2026-08-06,1429.0,1429.0,1355.0,1385.0,31238
TURB.TA,2026-08-07,1385.0,1394.0,1339.0,1388.0,7341
TURB.TA,2026-08-10,1388.0,1400.0,1380.0,1386.0,13324
TURB.TA,2026-08-11,1386.0,1386.0,1290.0,1313.0,34158
TURB.TA,2026-08-12,1313.0,1336.0,1250.0,1286.0,22845
TURB.TA,2026-08-13,1286.0,1288.0,1238.0,1271.0,25315
TURB.TA,2026-08-14,1282.0,1399.0,1282.0,1393.0,19800
TURB.TA,2026-08-17,1393.0,1447.0,1350.0,1369.0,14594
TURB.TA,2026-08-18,1369.0,1394.0,1247.0,1374.0,20561
TURB.TA,2026-08-19,1374.0,1370.0,1301.0,1344.0,33430
TURB.TA,2026-08-20,1344.0,1349.0,1300.0,1322.0,2101
TURB.TA,2026-08-21,1322.0,1360.0,1322.0,1358.0,6583
TURB.TA,2026-08-24,1358.0,1488.0,1358.0,1477.0,37951
TURB.TA,2026-08-25,1477.0,1574.0,1476.0,1515.0,66008
TURB.TA,2026-08-26,1515.0,1598.0,1468.0,1504.0,18372
TURB.TA,2026-08-27,1504.0,1550.0,1478.0,1531.0,21687
TURB.TA,2026-08-28,1531.0,1650.0,1470.0,1572.0,11301
TURB.TA,2026-08-31,1599.0,1710.0,1576.0,1673.0,37923
TURB.TA,2026-09-01,1673.0,1721.0,1610.0,1619.0,24070
TURB.TA,2026-09-02,1600.0,1712.0,1542.0,1685.0,29747
TURB.TA,2026-09-03,1685.0,2000.0,1683.0,2000.0,78597
TURB.TA,2026-09-04,2400.0,2400.0,1999.0,1999.0,171473
TURB.TA,2026-09-07,1952.0,1952.0,1729.0,1737.0,113679
TURB.TA,2026-09-08,1737.0,1794.0,1670.0,1692.0,70116
TURB.TA,2026-09-09,1612.0,1659.0,1330.0,1440.0,244392
TURB.TA,2026-09-10,1350.0,1399.0,1240.0,1280.0,198506
TURB.TA,2026-09-11,1280.0,1280.0,1280.0,1280.0,0
TURB.TA,2026-09-14,1280.0,1317.0,1250.0,1300.0,99285
TURB.TA,2026-09-15,1290.0,1297.0,1240.0,1260.0,46200
TURB.TA,2026-09-16,1260.0,1325.0,1166.0,1193.0,224144
TURB.TA,2026-09-17,1160.0,1160.0,1095.0,1140.0,120451
TURB.TA,2026-09-18,1140.0,1140.0,1140.0,1140.0,0
TURB.TA,2026-09-21,1140.0,1140.0,1140.0,1140.0,0
TURB.TA,2026-09-22,1100.0,1133.0,1053.0,1072.0,76223
TURB.TA,2026-09-23,1072.0,1160.0,1039.0,1126.0,97736
TURB.TA,2026-09-24,1126.0,1126.0,1057.0,1081.0,24548
HGG.TA,2026-07-16,2521.0,2521.0,2406.0,2433.0,25026
HGG.TA,2026-07-17,2433.0,2439.0,2361.0,2411.0,18708
HGG.TA,2026-07-20,2411.0,2411.0,2337.0,2392.0,123702
HGG.TA,2026-07-21,2392.0,2439.0,2357.0,2390.0,30218
HGG.TA,2026-07-22,2431.0,2431.0,2297.0,2328.0,50096
HGG.TA,2026-07-24,2322.0,2328.0,2251.0,2270.0,37297
HGG.TA,2026-07-27,2313.0,2346.0,2237.0,2237.0,48044
HGG.TA,2026-07-28,2237.0,2237.0,2163.0,2182.0,56220
HGG.TA,2026-07-29,2182.0,2182.0,2130.0,2130.0,56555
HGG.TA,2026-07-30,2130.0,2160.0,2101.0,2143.0,36400
HGG.TA,2026-07-31,2137.0,2207.0,2133.0,2168.0,34409
HGG.TA,2026-08-03,2168.0,2168.0,2075.0,2075.0,38576
HGG.TA,2026-08-04,2075.0,2159.0,2068.0,2070.0,34356
HGG.TA,2026-08-05,2070.0,2137.0,2041.0,2080.0,120871
HGG.TA,2026-08-06,2042.0,2143.0,2036.0,2036.0,220830
HGG.TA,2026-08-07,2057.0,2133.0,2057.0,2124.0,154620
HGG.TA,2026-08-10,2124.0,2184.0,2113.0,2149.0,23923
HGG.TA,2026-08-11,2133.0,2184.0,2133.0,2158.0,32885
HGG.TA,2026-08-12,2158.0,2199.0,2115.0,2155.0,70773
HGG.TA,2026-08-13,2163.0,2200.0,2142.0,2186.0,23629
HGG.TA,2026-08-14,2186.0,2295.0,2169.0,2198.0,17436
HGG.TA,2026-08-17,2185.0,2214.0,2112.0,2161.0,55600
HGG.TA,2026-08-18,2161.0,2197.0,2098.0,2189.0,52548
HGG.TA,2026-08-19,2189.0,2327.0,2189.0,2270.0,74264
HGG.TA,2026-08-20,2270.0,2310.0,2225.0,2257.0,31477
HGG.TA,2026-08-21,2257.0,2293.0,2230.0,2258.0,17164
HGG.TA,2026-08-24,2258.0,2258.0,2144.0,2144.0,32009
HGG.TA,2026-08-25,2144.0,2164.0,2136.0,2146.0,31171
HGG.TA,2026-08-26,2146.0,2150.0,2091.0,2125.0,50662
HGG.TA,2026-08-27,2125.0,2150.0,2095.0,2103.0,41681
HGG.TA,2026-08-28,2103.0,2118.0,2068.0,2110.0,21390
HGG.TA,2026-08-31,2110.0,2149.0,2067.0,2073.0,20193
HGG.TA,2026-09-01,2080.0,2245.0,2080.0,2191.0,177506
HGG.TA,2026-09-02,2191.0,2268.0,2155.0,2214.0,108704
HGG.TA,2026-09-03,2222.0,2286.0,2194.0,2273.0,25021
HGG.TA,2026-09-04,2273.0,2308.0,2236.0,2263.0,24827
HGG.TA,2026-09-07,2263.0,2263.0,2180.0,2180.0,26298
HGG.TA,2026-09-08,2180.0,2248.0,2176.0,2212.0,31322
HGG.TA,2026-09-09,2182.0,2397.0,2138.0,2153.0,40975
HGG.TA,2026-09-10,2164.0,2164.0,2045.0,2061.0,33099
HGG.TA,2026-09-11,2061.0,2061.0,2061.0,2061.0,0
HGG.TA,2026-09-14,2098.0,2098.0,2010.0,2017.0,33286
HGG.TA,2026-09-15,2017.0,2035.0,1965.0,1999.0,26196
HGG.TA,2026-09-16,2094.0,2094.0,1950.0,2042.0,48698
HGG.TA,2026-09-17,2069.0,2097.0,2038.0,2084.0,64279
HGG.TA,2026-09-18,2084.0,2084.0,2084.0,2084.0,0
HGG.TA,2026-09-21,2084.0,2084.0,2084.0,2084.0,0
HGG.TA,2026-09-22,2149.0,2149.0,2020.0,2046.0,26420
HGG.TA,2026-09-23,2073.0,2155.0,2027.0,2091.0,16533
HGG.TA,2026-09-24,2091.0,2091.0,2009.0,2066.0,74377
ARDM.TA,2026-07-16,114.30000305175781,114.30000305175781,111.30000305175781,111.80000305175781,552382
ARDM.TA,2026-07-17,111.80000305175781,113.5999984741211,110.0,111.5999984741211,547911
ARDM.TA,2026-07-20,116.0,116.0,109.4000015258789,109.9000015258789,1042447
ARDM.TA,2026-07-21,113.4000015258789,122.0,110.5,118.80000305175781,2419916
ARDM.TA,2026-07-22,118.80000305175781,131.60000610351562,116.0,130.0,5575786
ARDM.TA,2026-07-24,130.0,153.0,130.0,153.0,6634177
ARDM.TA,2026-07-27,150.0,150.0,133.10000610351562,133.10000610351562,7411960
ARDM.TA,2026-07-28,131.1999969482422,143.6999969482422,130.3000030517578,131.0,7119117
ARDM.TA,2026-07-29,130.0,137.8000030517578,128.10000610351562,133.0,3915495
ARDM.TA,2026-07-30,133.1999969482422,138.89999389648438,125.80000305175781,128.5,1857488
ARDM.TA,2026-07-31,132.0,133.89999389648438,128.0,132.0,1015236
ARDM.TA,2026-08-03,128.5,130.6999969482422,119.19999694824219,122.0,3027708
ARDM.TA,2026-08-04,125.0,127.0999984741211,118.0,118.4000015258789,2128899
ARDM.TA,2026-08-05,120.0,122.0,116.0,117.4000015258789,1119895
ARDM.TA,2026-08-06,119.30000305175781,138.0,117.4000015258789,138.0,4928080
ARDM.TA,2026-08-07,133.0,141.89999389648438,130.3000030517578,140.10000610351562,3791702
ARDM.TA,2026-08-10,140.10000610351562,142.0,129.0,131.89999389648438,2158066
ARDM.TA,2026-08-11,135.10000610351562,136.5,124.0999984741211,126.0,1258889
ARDM.TA,2026-08-12,127.9000015258789,132.89999389648438,123.5,123.80000305175781,2070999
ARDM.TA,2026-08-13,123.80000305175781,128.10000610351562,122.69999694824219,124.9000015258789,725794
ARDM.TA,2026-08-14,124.9000015258789,127.69999694824219,121.5,122.30000305175781,308825
ARDM.TA,2026-08-17,128.5,128.5,122.0,122.5999984741211,821120
ARDM.TA,2026-08-18,126.0,127.0,118.9000015258789,120.0,964122
ARDM.TA,2026-08-19,124.0,124.30000305175781,118.0999984741211,118.30000305175781,753927
ARDM.TA,2026-08-20,118.30000305175781,120.4000015258789,115.5999984741211,115.9000015258789,817345
ARDM.TA,2026-08-21,115.9000015258789,120.0,115.9000015258789,118.5,320918
ARDM.TA,2026-08-24,118.0,118.4000015258789,113.80000305175781,114.0,695928
ARDM.TA,2026-08-25,114.0,116.9000015258789,110.0999984741211,111.0,750477
ARDM.TA,2026-08-26,105.0,105.0,90.0999984741211,95.0999984741211,5329767
ARDM.TA,2026-08-27,97.9000015258789,98.30000305175781,93.69999694824219,96.4000015258789,1285735
ARDM.TA,2026-08-28,99.0,99.0,94.0,94.5,561903
ARDM.TA,2026-08-31,94.5,96.69999694824219,89.30000305175781,91.0,1118010
ARDM.TA,2026-09-01,91.0,92.5999984741211,86.0,88.4000015258789,1488510
ARDM.TA,2026-09-02,87.5,94.0,86.0,91.4000015258789,1303379
ARDM.TA,2026-09-03,92.9000015258789,93.80000305175781,90.19999694824219,92.0999984741211,369821
ARDM.TA,2026-09-04,92.5999984741211,93.9000015258789,90.69999694824219,91.69999694824219,301687
ARDM.TA,2026-09-07,91.19999694824219,102.0,90.30000305175781,101.5999984741211,2335518
ARDM.TA,2026-09-08,102.9000015258789,102.9000015258789,94.0999984741211,97.69999694824219,1754532
ARDM.TA,2026-09-09,97.69999694824219,99.4000015258789,95.80000305175781,97.0999984741211,606494
ARDM.TA,2026-09-10,97.0999984741211,98.0,94.9000015258789,97.0999984741211,779598
ARDM.TA,2026-09-11,97.0999984741211,97.0999984741211,97.0999984741211,97.0999984741211,0
ARDM.TA,2026-09-14,97.0999984741211,98.0,92.5999984741211,93.69999694824219,891490
ARDM.TA,2026-09-15,92.0,94.5,91.0,91.4000015258789,646433
ARDM.TA,2026-09-16,91.0,94.5,91.0,92.9000015258789,634279
ARDM.TA,2026-09-17,91.80000305175781,92.9000015258789,89.30000305175781,89.30000305175781,592518
ARDM.TA,2026-09-18,89.30000305175781,89.30000305175781,89.30000305175781,89.30000305175781,0
ARDM.TA,2026-09-21,89.30000305175781,89.30000305175781,89.30000305175781,89.30000305175781,0
ARDM.TA,2026-09-22,89.30000305175781,93.69999694824219,89.30000305175781,91.80000305175781,519015
ARDM.TA,2026-09-23,90.0,93.0,88.0,89.5999984741211,974844
ARDM.TA,2026-09-24,89.5999984741211,89.5999984741211,84.0999984741211,86.30000305175781,653493
NSTR.TA,2026-07-16,909.2999877929688,916.0,879.0,882.5999755859375,46956
NSTR.TA,2026-07-17,882.5999755859375,876.0,848.4000244140625,861.5999755859375,80235
NSTR.TA,2026-07-20,861.5999755859375,865.0,842.0,844.5999755859375,108130
NSTR.TA,2026-07-21,883.0,905.9000244140625,877.0,899.2000122070312,462631
NSTR.TA,2026-07-22,901.5999755859375,910.0,875.0,889.0999755859375,138558
NSTR.TA,2026-07-24,889.0999755859375,889.9000244140625,876.0,877.2000122070312,76532
NSTR.TA,2026-07-27,870.0,906.0,858.7000122070312,859.9000244140625,174094
NSTR.TA,2026-07-28,859.9000244140625,868.2999877929688,851.7000122070312,853.0999755859375,78422
NSTR.TA,2026-07-29,853.0999755859375,853.0999755859375,828.0,833.5999755859375,65539
NSTR.TA,2026-07-30,833.5999755859375,835.0,793.0,829.0,142027
NSTR.TA,2026-07-31,829.0,829.0,812.5999755859375,822.9000244140625,53237
NSTR.TA,2026-08-03,822.9000244140625,822.0,773.0,786.4000244140625,186562
NSTR.TA,2026-08-04,786.4000244140625,786.4000244140625,733.0,745.0999755859375,564031
NSTR.TA,2026-08-05,745.0999755859375,763.5,745.0999755859375,753.0999755859375,150905
NSTR.TA,2026-08-06,762.0,762.0,727.2000122070312,727.2000122070312,381787
NSTR.TA,2026-08-07,727.2000122070312,745.5999755859375,727.2000122070312,736.0999755859375,44964
NSTR.TA,2026-08-10,736.0999755859375,755.0,735.0,736.4000244140625,79612
NSTR.TA,2026-08-11,736.4000244140625,746.0,728.7999877929688,733.7000122070312,48632
NSTR.TA,2026-08-12,733.7000122070312,739.7999877929688,728.2000122070312,729.5,50333
NSTR.TA,2026-08-13,727.2000122070312,745.0,727.2000122070312,742.0,39043
NSTR.TA,2026-08-14,742.0,742.0,722.0,731.0999755859375,127816
NSTR.TA,2026-08-17,731.0999755859375,760.0,723.0999755859375,747.5,209478
NSTR.TA,2026-08-18,747.5,760.0,742.0,750.2999877929688,105039
NSTR.TA,2026-08-19,750.2999877929688,775.0,749.5999755859375,757.4000244140625,34676
NSTR.TA,2026-08-20,777.0,798.0,749.2000122070312,764.5999755859375,79060
NSTR.TA,2026-08-21,764.5999755859375,776.0999755859375,754.0999755859375,770.0999755859375,17325
NSTR.TA,2026-08-24,770.0999755859375,770.5999755859375,748.0,750.2000122070312,73777
NSTR.TA,2026-08-25,770.9000244140625,770.9000244140625,745.4000244140625,750.7000122070312,63157
NSTR.TA,2026-08-26,767.0,767.0,744.7999877929688,747.0,25016
NSTR.TA,2026-08-27,747.0,760.0999755859375,734.5,737.2999877929688,81546
NSTR.TA,2026-08-28,738.0,740.0999755859375,728.0,732.5,13895
NSTR.TA,2026-08-31,732.5,735.0,722.0,728.9000244140625,30799
NSTR.TA,2026-09-01,728.9000244140625,750.0,728.7999877929688,737.9000244140625,154284
NSTR.TA,2026-09-02,737.9000244140625,755.0,737.9000244140625,749.0,298577
NSTR.TA,2026-09-03,749.0,763.0,750.0,762.5999755859375,205790
NSTR.TA,2026-09-04,770.0999755859375,770.0999755859375,752.0,755.5999755859375,41672
NSTR.TA,2026-09-07,755.5999755859375,782.0,749.0,777.2000122070312,197521
NSTR.TA,2026-09-08,777.2000122070312,789.0,762.7000122070312,782.5999755859375,81765
NSTR.TA,2026-09-09,782.5999755859375,782.5999755859375,762.0,770.2000122070312,205088
NSTR.TA,2026-09-10,770.2000122070312,778.0,747.2999877929688,753.9000244140625,106962
NSTR.TA,2026-09-11,753.9000244140625,753.9000244140625,753.9000244140625,753.9000244140625,0
NSTR.TA,2026-09-14,753.9000244140625,754.0,729.0999755859375,732.5,83890
NSTR.TA,2026-09-15,732.5,735.0999755859375,719.7000122070312,727.2000122070312,67359
NSTR.TA,2026-09-16,727.2000122070312,750.9000244140625,729.0,748.2000122070312,131853
NSTR.TA,2026-09-17,748.2000122070312,755.9000244140625,740.5,748.5,72373
NSTR.TA,2026-09-18,748.5,748.5,748.5,748.5,0
NSTR.TA,2026-09-21,748.5,748.5,748.5,748.5,0
NSTR.TA,2026-09-22,748.5,767.9000244140625,748.2999877929688,752.2999877929688,43276
NSTR.TA,2026-09-23,752.2999877929688,761.0999755859375,737.0999755859375,744.0,41931
NSTR.TA,2026-09-24,744.0,753.7999877929688,728.2000122070312,749.0,96334
ARGO.TA,2026-07-16,13500.0,13580.0,13310.0,13530.0,19444
ARGO.TA,2026-07-17,13250.0,13510.0,13250.0,13470.0,10243
ARGO.TA,2026-07-20,13470.0,13770.0,13270.0,13420.0,29517
ARGO.TA,2026-07-21,13420.0,13590.0,13070.0,13270.0,48035
ARGO.TA,2026-07-22,13370.0,13620.0,12930.0,12990.0,30622
ARGO.TA,2026-07-24,12740.0,13150.0,12740.0,13060.0,46164
ARGO.TA,2026-07-27,12950.0,13160.0,12750.0,12750.0,26000
ARGO.TA,2026-07-28,12750.0,12990.0,11990.0,12360.0,54093
ARGO.TA,2026-07-29,12360.0,12910.0,12360.0,12600.0,74063
ARGO.TA,2026-07-30,12220.0,12720.0,12220.0,12660.0,19372
ARGO.TA,2026-07-31,12740.0,12920.0,12640.0,12660.0,13509
ARGO.TA,2026-08-03,12660.0,12730.0,12150.0,12150.0,45296
ARGO.TA,2026-08-04,12020.0,12470.0,11670.0,12370.0,140909
ARGO.TA,2026-08-05,12370.0,12600.0,11990.0,11990.0,45893
ARGO.TA,2026-08-06,11920.0,12430.0,11770.0,12310.0,208794
ARGO.TA,2026-08-07,12430.0,12570.0,12160.0,12240.0,8813
ARGO.TA,2026-08-10,12240.0,12470.0,12000.0,12340.0,58649
ARGO.TA,2026-08-11,12240.0,12450.0,12030.0,12160.0,23223
ARGO.TA,2026-08-12,12160.0,12230.0,11550.0,11660.0,40150
ARGO.TA,2026-08-13,11660.0,11800.0,11550.0,11700.0,11107
ARGO.TA,2026-08-14,11700.0,11930.0,11560.0,11930.0,7634
ARGO.TA,2026-08-17,11930.0,12370.0,11770.0,11820.0,41036
ARGO.TA,2026-08-18,11820.0,12020.0,11520.0,12000.0,26302
ARGO.TA,2026-08-19,12000.0,12270.0,11830.0,12270.0,43041
ARGO.TA,2026-08-20,12310.0,12580.0,12160.0,12360.0,27584
ARGO.TA,2026-08-21,12360.0,12610.0,12330.0,12600.0,11810
ARGO.TA,2026-08-24,12500.0,12660.0,12380.0,12560.0,15172
ARGO.TA,2026-08-25,12560.0,12820.0,12440.0,12710.0,19278
ARGO.TA,2026-08-26,12790.0,13140.0,12490.0,12930.0,34498
ARGO.TA,2026-08-27,13140.0,13140.0,12840.0,13070.0,15885
ARGO.TA,2026-08-28,12950.0,13180.0,12900.0,13110.0,23849
ARGO.TA,2026-08-31,13110.0,13660.0,12850.0,13110.0,39037
ARGO.TA,2026-09-01,13110.0,13570.0,13000.0,13450.0,58204
ARGO.TA,2026-09-02,13450.0,14020.0,13310.0,13730.0,34192
ARGO.TA,2026-09-03,13730.0,13990.0,13300.0,13860.0,25679
ARGO.TA,2026-09-04,13690.0,14050.0,13690.0,14020.0,13922
ARGO.TA,2026-09-07,14020.0,14070.0,13710.0,13840.0,14723
ARGO.TA,2026-09-08,13840.0,13950.0,13150.0,13470.0,30423
ARGO.TA,2026-09-09,13180.0,13510.0,13100.0,13170.0,17986
ARGO.TA,2026-09-10,13170.0,13170.0,12720.0,12720.0,38176
ARGO.TA,2026-09-11,12720.0,12720.0,12720.0,12720.0,0
ARGO.TA,2026-09-14,12510.0,12780.0,12140.0,12610.0,19128
ARGO.TA,2026-09-15,12610.0,12780.0,12320.0,12470.0,62815
ARGO.TA,2026-09-16,12130.0,12770.0,12130.0,12670.0,24285
ARGO.TA,2026-09-17,12670.0,12900.0,12620.0,12820.0,53858
ARGO.TA,2026-09-18,12820.0,12820.0,12820.0,12820.0,0
ARGO.TA,2026-09-21,12820.0,12820.0,12820.0,12820.0,0
ARGO.TA,2026-09-22,12840.0,12890.0,12140.0,12700.0,160931
ARGO.TA,2026-09-23,12700.0,13040.0,12600.0,12760.0,71707
ARGO.TA,2026-09-24,12600.0,12630.0,12200.0,12360.0,73580
TSEM.TA,2026-07-16,75400.0,75900.0,71140.0,73930.0,477756
TSEM.TA,2026-07-17,70090.0,70990.0,68780.0,70680.0,147106
TSEM.TA,2026-07-20,70950.0,73660.0,69810.0,70460.0,154976
TSEM.TA,2026-07-21,71900.0,75000.0,71600.0,75000.0,152120
TSEM.TA,2026-07-22,75080.0,76500.0,73930.0,75790.0,157590
TSEM.TA,2026-07-24,78500.0,79650.0,78010.0,79350.0,257123
TSEM.TA,2026-07-27,73800.0,75370.0,67800.0,67800.0,333073
TSEM.TA,2026-07-28,67000.0,67490.0,61870.0,61870.0,331099
TSEM.TA,2026-07-29,61600.0,64650.0,61500.0,61700.0,309694
TSEM.TA,2026-07-30,58570.0,65720.0,58530.0,64800.0,283843
TSEM.TA,2026-07-31,66600.0,67990.0,66150.0,67700.0,174575
TSEM.TA,2026-08-03,67700.0,67920.0,62970.0,66400.0,323710
TSEM.TA,2026-08-04,71890.0,74400.0,64070.0,66600.0,559467
TSEM.TA,2026-08-05,70790.0,70800.0,66500.0,66540.0,441724
TSEM.TA,2026-08-06,63000.0,66540.0,62810.0,66100.0,1550710
TSEM.TA,2026-08-07,68000.0,72600.0,67860.0,72100.0,192262
TSEM.TA,2026-08-10,75200.0,79720.0,73530.0,79010.0,411597
TSEM.TA,2026-08-11,75000.0,76990.0,72720.0,76990.0,318516
TSEM.TA,2026-08-12,75830.0,80170.0,75470.0,79350.0,195632
TSEM.TA,2026-08-13,77350.0,78950.0,75340.0,78800.0,166119
TSEM.TA,2026-08-14,75100.0,75990.0,74310.0,75370.0,93411
TSEM.TA,2026-08-17,79200.0,81450.0,78640.0,80730.0,179732
TSEM.TA,2026-08-18,77370.0,77570.0,72970.0,73700.0,246631
TSEM.TA,2026-08-19,72000.0,73390.0,67180.0,68480.0,224109
TSEM.TA,2026-08-20,68700.0,69140.0,66130.0,68000.0,158162
TSEM.TA,2026-08-21,67330.0,68360.0,66900.0,67480.0,92508
TSEM.TA,2026-08-24,65500.0,65950.0,62900.0,63920.0,326826
TSEM.TA,2026-08-25,64240.0,65860.0,62640.0,62640.0,146380
TSEM.TA,2026-08-26,63570.0,65090.0,62780.0,63850.0,148633
TSEM.TA,2026-08-27,67400.0,68830.0,65880.0,67290.0,194817
TSEM.TA,2026-08-28,66420.0,66420.0,64780.0,65630.0,279715
TSEM.TA,2026-08-31,62880.0,63300.0,61220.0,61220.0,403559
TSEM.TA,2026-09-01,61700.0,62350.0,59500.0,59500.0,401605
TSEM.TA,2026-09-02,60580.0,62380.0,59810.0,62050.0,219030
TSEM.TA,2026-09-03,62980.0,63000.0,60500.0,61980.0,144884
TSEM.TA,2026-09-04,62570.0,63150.0,62440.0,63080.0,84539
TSEM.TA,2026-09-07,66400.0,68800.0,66250.0,68280.0,153375
TSEM.TA,2026-09-08,67800.0,68680.0,65000.0,67130.0,284362
TSEM.TA,2026-09-09,66870.0,67990.0,65400.0,66850.0,133268
TSEM.TA,2026-09-10,66000.0,66000.0,62780.0,64190.0,218442
TSEM.TA,2026-09-11,64190.0,64190.0,64190.0,64190.0,0
TSEM.TA,2026-09-14,61950.0,61950.0,59840.0,61080.0,243816
TSEM.TA,2026-09-15,59200.0,59750.0,58640.0,59140.0,218364
TSEM.TA,2026-09-16,59670.0,62930.0,59500.0,62500.0,154188
TSEM.TA,2026-09-17,62500.0,66900.0,62500.0,64750.0,459824
TSEM.TA,2026-09-18,64750.0,64750.0,64750.0,64750.0,0
TSEM.TA,2026-09-21,64750.0,64750.0,64750.0,64750.0,0
TSEM.TA,2026-09-22,69980.0,71160.0,68630.0,70470.0,258222
TSEM.TA,2026-09-23,71100.0,72200.0,67800.0,68970.0,182351
TSEM.TA,2026-09-24,69030.0,69590.0,67310.0,68240.0,312995
ONE.TA,2026-07-16,6236.0,6598.0,6236.0,6374.0,216808
ONE.TA,2026-07-17,6329.0,6380.0,6222.0,6273.0,32894
ONE.TA,2026-07-20,6280.0,6500.0,6280.0,6483.0,49303
ONE.TA,2026-07-21,6483.0,6540.0,6418.0,6436.0,77999
ONE.TA,2026-07-22,6483.0,6506.0,6323.0,6346.0,66848
ONE.TA,2026-07-24,6131.0,6287.0,6131.0,6275.0,119747
ONE.TA,2026-07-27,6189.0,6464.0,6188.0,6300.0,62440
ONE.TA,2026-07-28,6360.0,6549.0,6360.0,6496.0,57818
ONE.TA,2026-07-29,6496.0,6746.0,6378.0,6725.0,147472
ONE.TA,2026-07-30,6676.0,6701.0,6397.0,6478.0,80303
ONE.TA,2026-07-31,6499.0,6628.0,6478.0,6538.0,52185
ONE.TA,2026-08-03,6538.0,6670.0,6425.0,6470.0,86859
ONE.TA,2026-08-04,6411.0,6662.0,6411.0,6606.0,132208
ONE.TA,2026-08-05,6655.0,6684.0,6415.0,6415.0,159012
ONE.TA,2026-08-06,6415.0,6499.0,6300.0,6473.0,768415
ONE.TA,2026-08-07,6473.0,6585.0,6473.0,6569.0,31741
ONE.TA,2026-08-10,6569.0,6690.0,6519.0,6559.0,70495
ONE.TA,2026-08-11,6559.0,6570.0,6294.0,6309.0,79520
ONE.TA,2026-08-12,6309.0,6355.0,6107.0,6107.0,76351
ONE.TA,2026-08-13,6175.0,6358.0,6084.0,6300.0,50311
ONE.TA,2026-08-14,6300.0,6404.0,6170.0,6232.0,23230
ONE.TA,2026-08-17,6232.0,6321.0,6122.0,6149.0,60881
ONE.TA,2026-08-18,6149.0,6695.0,6149.0,6566.0,294776
ONE.TA,2026-08-19,6672.0,6672.0,6306.0,6606.0,98933
ONE.TA,2026-08-20,6625.0,6625.0,6452.0,6500.0,45904
ONE.TA,2026-08-21,6500.0,6579.0,6441.0,6556.0,32322
ONE.TA,2026-08-24,6556.0,6556.0,6410.0,6410.0,41837
ONE.TA,2026-08-25,6410.0,6637.0,6408.0,6578.0,66646
ONE.TA,2026-08-26,6578.0,6734.0,6519.0,6726.0,71910
ONE.TA,2026-08-27,6760.0,6920.0,6743.0,6890.0,179987
ONE.TA,2026-08-28,6826.0,7042.0,6782.0,6998.0,58676
ONE.TA,2026-08-31,6940.0,7025.0,6847.0,6898.0,61328
ONE.TA,2026-09-01,6898.0,7243.0,6898.0,7243.0,233994
ONE.TA,2026-09-02,7243.0,7437.0,7170.0,7170.0,154347
ONE.TA,2026-09-03,7160.0,7236.0,7067.0,7175.0,111051
ONE.TA,2026-09-04,7210.0,7260.0,7155.0,7175.0,50685
ONE.TA,2026-09-07,7175.0,7175.0,6990.0,7114.0,43739
ONE.TA,2026-09-08,7114.0,7116.0,6967.0,6996.0,49509
ONE.TA,2026-09-09,6996.0,7049.0,6850.0,6850.0,77369
ONE.TA,2026-09-10,6801.0,7135.0,6801.0,6940.0,186868
ONE.TA,2026-09-11,6940.0,6940.0,6940.0,6940.0,0
ONE.TA,2026-09-14,7050.0,7070.0,6861.0,6896.0,48755
ONE.TA,2026-09-15,6896.0,6943.0,6810.0,6810.0,40592
ONE.TA,2026-09-16,6810.0,7068.0,6761.0,6880.0,93569
ONE.TA,2026-09-17,6984.0,7057.0,6804.0,6878.0,68341
ONE.TA,2026-09-18,6878.0,6878.0,6878.0,6878.0,0
ONE.TA,2026-09-21,6878.0,6878.0,6878.0,6878.0,0
ONE.TA,2026-09-22,6803.0,6999.0,6653.0,6901.0,47492
ONE.TA,2026-09-23,6901.0,6990.0,6757.0,6798.0,65373
ONE.TA,2026-09-24,6749.0,6750.0,6537.0,6575.0,84269
AUDC.TA,2026-07-16,3026.0,3026.0,2891.0,2912.0,14924
AUDC.TA,2026-07-17,2892.0,2943.0,2892.0,2922.0,11627
AUDC.TA,2026-07-20,2915.0,2994.0,2915.0,2956.0,21119
AUDC.TA,2026-07-21,2956.0,2965.0,2916.0,2963.0,14285
AUDC.TA,2026-07-22,2963.0,2995.0,2928.0,2943.0,18738
AUDC.TA,2026-07-24,2943.0,2959.0,2904.0,2913.0,3508
AUDC.TA,2026-07-27,2915.0,2986.0,2882.0,2964.0,19163
AUDC.TA,2026-07-28,2964.0,2990.0,2956.0,2969.0,19991
AUDC.TA,2026-07-29,2952.0,3015.0,2910.0,2928.0,13523
AUDC.TA,2026-07-30,3024.0,3024.0,2771.0,2779.0,27615
AUDC.TA,2026-07-31,2797.0,2863.0,2796.0,2848.0,8818
AUDC.TA,2026-08-03,2920.0,2985.0,2905.0,2927.0,28419
AUDC.TA,2026-08-04,2927.0,3230.0,2866.0,3214.0,96491
AUDC.TA,2026-08-05,3061.0,3105.0,2925.0,2944.0,28009
AUDC.TA,2026-08-06,2944.0,3000.0,2913.0,2978.0,93487
AUDC.TA,2026-08-07,2978.0,2986.0,2938.0,2975.0,6286
AUDC.TA,2026-08-10,2975.0,3024.0,2922.0,3014.0,31626
AUDC.TA,2026-08-11,3020.0,3053.0,2940.0,2976.0,17077
AUDC.TA,2026-08-12,2976.0,3003.0,2934.0,2970.0,34183
AUDC.TA,2026-08-13,2970.0,3064.0,2963.0,3039.0,42692
AUDC.TA,2026-08-14,3039.0,3090.0,3017.0,3032.0,6611
AUDC.TA,2026-08-17,3009.0,3075.0,2974.0,3032.0,41850
AUDC.TA,2026-08-18,3032.0,3024.0,2984.0,2988.0,13362
AUDC.TA,2026-08-19,2928.0,2935.0,2841.0,2879.0,6733
AUDC.TA,2026-08-20,2879.0,2906.0,2836.0,2855.0,7265
AUDC.TA,2026-08-21,2855.0,2870.0,2830.0,2842.0,14068
AUDC.TA,2026-08-24,2842.0,2893.0,2816.0,2847.0,21021
AUDC.TA,2026-08-25,2855.0,2945.0,2855.0,2926.0,33532
AUDC.TA,2026-08-26,2926.0,2962.0,2870.0,2945.0,8586
AUDC.TA,2026-08-27,2945.0,3068.0,2945.0,3050.0,34720
AUDC.TA,2026-08-28,3050.0,3050.0,2975.0,2996.0,8134
AUDC.TA,2026-08-31,2966.0,3042.0,2938.0,3032.0,7910
AUDC.TA,2026-09-01,3032.0,3032.0,2935.0,2964.0,5138
AUDC.TA,2026-09-02,3024.0,3072.0,3012.0,3015.0,21756
AUDC.TA,2026-09-03,3015.0,3115.0,3005.0,3048.0,30545
AUDC.TA,2026-09-04,3048.0,3085.0,3048.0,3072.0,19994
AUDC.TA,2026-09-07,3039.0,3039.0,3003.0,3014.0,3879
AUDC.TA,2026-09-08,3014.0,3037.0,2936.0,2956.0,15876
AUDC.TA,2026-09-09,2971.0,3034.0,2955.0,3015.0,12583
AUDC.TA,2026-09-10,3015.0,2964.0,2842.0,2867.0,16121
AUDC.TA,2026-09-11,2867.0,2867.0,2867.0,2867.0,0
AUDC.TA,2026-09-14,2867.0,2943.0,2867.0,2925.0,13411
AUDC.TA,2026-09-15,2925.0,2980.0,2902.0,2946.0,6814
AUDC.TA,2026-09-16,2946.0,3031.0,2956.0,3017.0,11726
AUDC.TA,2026-09-17,3017.0,3082.0,3001.0,3012.0,59474
AUDC.TA,2026-09-18,3012.0,3012.0,3012.0,3012.0,0
AUDC.TA,2026-09-21,3012.0,3012.0,3012.0,3012.0,0
AUDC.TA,2026-09-22,3012.0,3146.0,3012.0,3102.0,47276
AUDC.TA,2026-09-23,3102.0,3249.0,3102.0,3209.0,26241
AUDC.TA,2026-09-24,3209.0,3173.0,3087.0,3148.0,11029
PAZ.TA,2026-07-16,80330.0,81740.0,80210.0,80720.0,12350
PAZ.TA,2026-07-17,80720.0,81900.0,80050.0,80740.0,5734
PAZ.TA,2026-07-20,81990.0,83970.0,80890.0,83620.0,12961
PAZ.TA,2026-07-21,83620.0,85340.0,83010.0,84970.0,16745
PAZ.TA,2026-07-22,84970.0,86280.0,84970.0,86000.0,24952
PAZ.TA,2026-07-24,83710.0,86540.0,83710.0,86170.0,16589
PAZ.TA,2026-07-27,86170.0,87960.0,85170.0,86000.0,34356
PAZ.TA,2026-07-28,86000.0,88900.0,84680.0,85900.0,16348
PAZ.TA,2026-07-29,85900.0,86930.0,83700.0,84290.0,8564
PAZ.TA,2026-07-30,84290.0,86550.0,83400.0,86550.0,16948
PAZ.TA,2026-07-31,86660.0,87840.0,86110.0,86300.0,12084
PAZ.TA,2026-08-03,86840.0,88900.0,86100.0,86940.0,19849
PAZ.TA,2026-08-04,86940.0,87880.0,85650.0,86930.0,18093
PAZ.TA,2026-08-05,86930.0,87430.0,84520.0,84570.0,14142
PAZ.TA,2026-08-06,84560.0,86510.0,84090.0,86510.0,56105
PAZ.TA,2026-08-07,86510.0,88060.0,85000.0,85660.0,8670
PAZ.TA,2026-08-10,86120.0,86120.0,83440.0,84870.0,15992
PAZ.TA,2026-08-11,84870.0,85440.0,82640.0,84620.0,30814
PAZ.TA,2026-08-12,85120.0,85720.0,82660.0,83150.0,12171
PAZ.TA,2026-08-13,83150.0,84860.0,83150.0,84440.0,8080
PAZ.TA,2026-08-14,82540.0,86170.0,82540.0,84680.0,4576
PAZ.TA,2026-08-17,84680.0,85780.0,81000.0,81000.0,19381
PAZ.TA,2026-08-18,81590.0,84700.0,80430.0,84700.0,38172
PAZ.TA,2026-08-19,84700.0,85000.0,83410.0,85000.0,36845
PAZ.TA,2026-08-20,85500.0,88030.0,85280.0,87000.0,14257
PAZ.TA,2026-08-21,87000.0,88320.0,86260.0,86990.0,7064
PAZ.TA,2026-08-24,88000.0,88000.0,85250.0,87100.0,18687
PAZ.TA,2026-08-25,87100.0,87480.0,86260.0,86470.0,7731
PAZ.TA,2026-08-26,86470.0,87570.0,85060.0,87370.0,23214
PAZ.TA,2026-08-27,87960.0,88770.0,87060.0,88600.0,8719
PAZ.TA,2026-08-28,87700.0,88900.0,87460.0,88200.0,13061
PAZ.TA,2026-08-31,88200.0,88380.0,86810.0,86860.0,16099
PAZ.TA,2026-09-01,86860.0,90180.0,86860.0,88900.0,41976
PAZ.TA,2026-09-02,88900.0,92410.0,88530.0,91200.0,51474
PAZ.TA,2026-09-03,89390.0,91200.0,89390.0,91200.0,7697
PAZ.TA,2026-09-04,91200.0,91710.0,90610.0,91370.0,5174
PAZ.TA,2026-09-07,91370.0,91680.0,89790.0,90050.0,6758
PAZ.TA,2026-09-08,90050.0,90530.0,87160.0,88030.0,14317
PAZ.TA,2026-09-09,88460.0,88720.0,86310.0,87970.0,8209
PAZ.TA,2026-09-10,87250.0,88150.0,86770.0,87280.0,7091
PAZ.TA,2026-09-11,87280.0,87280.0,87280.0,87280.0,0
PAZ.TA,2026-09-14,86070.0,88000.0,85780.0,87790.0,6720
PAZ.TA,2026-09-15,88220.0,88220.0,84510.0,84560.0,10986
PAZ.TA,2026-09-16,85100.0,85750.0,84520.0,84520.0,9212
PAZ.TA,2026-09-17,84520.0,86630.0,84520.0,85120.0,37346
PAZ.TA,2026-09-18,85120.0,85120.0,85120.0,85120.0,0
PAZ.TA,2026-09-21,85120.0,85120.0,85120.0,85120.0,0
PAZ.TA,2026-09-22,85120.0,86810.0,84320.0,86410.0,27182
PAZ.TA,2026-09-23,86410.0,87000.0,85200.0,85960.0,7972
PAZ.TA,2026-09-24,86250.0,86440.0,84700.0,85830.0,26956
DIFI.TA,2026-07-16,55920.0,57700.0,55350.0,57400.0,1975
DIFI.TA,2026-07-17,55290.0,57860.0,55290.0,57500.0,1154
DIFI.TA,2026-07-20,57500.0,58280.0,56890.0,58110.0,1349
DIFI.TA,2026-07-21,58110.0,59880.0,58050.0,59460.0,1859
DIFI.TA,2026-07-22,59460.0,61760.0,59200.0,61290.0,6483
DIFI.TA,2026-07-24,61290.0,61290.0,59570.0,60110.0,809
DIFI.TA,2026-07-27,60110.0,61520.0,59630.0,60170.0,3839
DIFI.TA,2026-07-28,60170.0,61690.0,60160.0,61000.0,3162
DIFI.TA,2026-07-29,61000.0,63440.0,60150.0,62420.0,4517
DIFI.TA,2026-07-30,62420.0,63500.0,61230.0,63270.0,2489
DIFI.TA,2026-07-31,63270.0,64410.0,62880.0,63300.0,4571
DIFI.TA,2026-08-03,63300.0,65340.0,62350.0,62530.0,7644
DIFI.TA,2026-08-04,61710.0,63510.0,61700.0,62510.0,6388
DIFI.TA,2026-08-05,62510.0,64020.0,61210.0,62900.0,5419
DIFI.TA,2026-08-06,62660.0,62850.0,60870.0,62850.0,26932
DIFI.TA,2026-08-07,62850.0,64480.0,62850.0,63950.0,3287
DIFI.TA,2026-08-10,63950.0,64200.0,62500.0,62670.0,1975
DIFI.TA,2026-08-11,62670.0,63820.0,62290.0,62830.0,979
DIFI.TA,2026-08-12,60010.0,64070.0,60010.0,63000.0,2286
DIFI.TA,2026-08-13,63000.0,67850.0,62800.0,65600.0,4801
DIFI.TA,2026-08-14,65600.0,66650.0,63220.0,66280.0,606
DIFI.TA,2026-08-17,66280.0,67000.0,63360.0,63900.0,2083
DIFI.TA,2026-08-18,63920.0,65450.0,63250.0,64620.0,896
DIFI.TA,2026-08-19,64620.0,65180.0,62200.0,62200.0,5480
DIFI.TA,2026-08-20,61500.0,63120.0,60820.0,61150.0,5451
DIFI.TA,2026-08-21,59520.0,61150.0,59150.0,60460.0,1323
DIFI.TA,2026-08-24,60460.0,60770.0,59550.0,60700.0,753
DIFI.TA,2026-08-25,61020.0,65470.0,60690.0,62690.0,5306
DIFI.TA,2026-08-26,64950.0,64950.0,61440.0,61640.0,1567
DIFI.TA,2026-08-27,63750.0,64960.0,61570.0,62990.0,4857
DIFI.TA,2026-08-28,62990.0,66310.0,62710.0,65630.0,5402
DIFI.TA,2026-08-31,65630.0,66830.0,65090.0,65850.0,2985
DIFI.TA,2026-09-01,65010.0,69000.0,65010.0,68890.0,6083
DIFI.TA,2026-09-02,68240.0,70970.0,68240.0,70970.0,4053
DIFI.TA,2026-09-03,71000.0,71180.0,68100.0,68170.0,3474
DIFI.TA,2026-09-04,68190.0,70760.0,68170.0,70500.0,2161
DIFI.TA,2026-09-07,70500.0,70400.0,68510.0,69520.0,1191
DIFI.TA,2026-09-08,69520.0,70500.0,68130.0,69700.0,3540
DIFI.TA,2026-09-09,69700.0,70250.0,68820.0,69840.0,573
DIFI.TA,2026-09-10,69840.0,70760.0,65290.0,67000.0,1514
DIFI.TA,2026-09-11,67000.0,67000.0,67000.0,67000.0,0
DIFI.TA,2026-09-14,67000.0,69170.0,66520.0,67830.0,4840
DIFI.TA,2026-09-15,67830.0,68760.0,66890.0,67000.0,964
DIFI.TA,2026-09-16,67000.0,68490.0,66620.0,66620.0,1760
DIFI.TA,2026-09-17,66620.0,68000.0,65990.0,67130.0,1001
DIFI.TA,2026-09-18,67130.0,67130.0,67130.0,67130.0,0
DIFI.TA,2026-09-21,67130.0,67130.0,67130.0,67130.0,0
DIFI.TA,2026-09-22,67320.0,67320.0,65430.0,66190.0,528
DIFI.TA,2026-09-23,65020.0,68830.0,65000.0,66930.0,1701
DIFI.TA,2026-09-24,66280.0,67920.0,64010.0,64930.0,1327
LAPD.TA,2026-07-16,8179.0,8365.0,8159.0,8195.0,19645
LAPD.TA,2026-07-17,8195.0,8309.0,8069.0,8130.0,8594
LAPD.TA,2026-07-20,8170.0,8170.0,7798.0,7822.0,18861
LAPD.TA,2026-07-21,7892.0,8062.0,7799.0,7986.0,14101
LAPD.TA,2026-07-22,8000.0,8149.0,7918.0,8082.0,24680
LAPD.TA,2026-07-24,7968.0,8189.0,7928.0,8118.0,41672
LAPD.TA,2026-07-27,8118.0,8278.0,7550.0,7550.0,11078
LAPD.TA,2026-07-28,7550.0,7758.0,7514.0,7614.0,18089
LAPD.TA,2026-07-29,7614.0,7964.0,7442.0,7906.0,29185
LAPD.TA,2026-07-30,7906.0,8161.0,7876.0,8085.0,18712
LAPD.TA,2026-07-31,8044.0,8199.0,8044.0,8053.0,17654
LAPD.TA,2026-08-03,8053.0,8126.0,7720.0,7735.0,25259
LAPD.TA,2026-08-04,7735.0,7938.0,7450.0,7462.0,35131
LAPD.TA,2026-08-05,7518.0,7786.0,7508.0,7610.0,36907
LAPD.TA,2026-08-06,7749.0,7749.0,7420.0,7601.0,147237
LAPD.TA,2026-08-07,7601.0,7921.0,7601.0,7701.0,17579
LAPD.TA,2026-08-10,7701.0,7824.0,7480.0,7538.0,31716
LAPD.TA,2026-08-11,7597.0,7661.0,7410.0,7466.0,22914
LAPD.TA,2026-08-12,7689.0,7689.0,7191.0,7220.0,25594
LAPD.TA,2026-08-13,7220.0,7650.0,7220.0,7632.0,38882
LAPD.TA,2026-08-14,7632.0,7744.0,7348.0,7603.0,18731
LAPD.TA,2026-08-17,7627.0,7691.0,7456.0,7456.0,19558
LAPD.TA,2026-08-18,7495.0,7699.0,7435.0,7637.0,26671
LAPD.TA,2026-08-19,7637.0,7731.0,7485.0,7579.0,25203
LAPD.TA,2026-08-20,7606.0,7855.0,7606.0,7750.0,32814
LAPD.TA,2026-08-21,7750.0,8132.0,7732.0,8062.0,48076
LAPD.TA,2026-08-24,8062.0,8149.0,8007.0,8009.0,20303
LAPD.TA,2026-08-25,8009.0,8083.0,7855.0,7885.0,25462
LAPD.TA,2026-08-26,7885.0,8106.0,7575.0,8015.0,42343
LAPD.TA,2026-08-27,8335.0,8335.0,8013.0,8256.0,28714
LAPD.TA,2026-08-28,7927.0,8459.0,7927.0,8272.0,26757
LAPD.TA,2026-08-31,8272.0,8352.0,8005.0,8005.0,588890
LAPD.TA,2026-09-01,8005.0,8346.0,7453.0,8210.0,51053
LAPD.TA,2026-09-02,8210.0,8210.0,7968.0,8072.0,26504
LAPD.TA,2026-09-03,8001.0,8318.0,8001.0,8318.0,20990
LAPD.TA,2026-09-04,8091.0,8628.0,8091.0,8449.0,15556
LAPD.TA,2026-09-07,8449.0,8469.0,8242.0,8296.0,12488
LAPD.TA,2026-09-08,8296.0,8473.0,8160.0,8379.0,61110
LAPD.TA,2026-09-09,8379.0,8510.0,7889.0,7936.0,22737
LAPD.TA,2026-09-10,8134.0,8134.0,7668.0,7677.0,25923
LAPD.TA,2026-09-11,7677.0,7677.0,7677.0,7677.0,0
LAPD.TA,2026-09-14,7677.0,7782.0,7580.0,7718.0,9687
LAPD.TA,2026-09-15,7718.0,7740.0,7558.0,7680.0,22992
LAPD.TA,2026-09-16,7680.0,7837.0,7660.0,7791.0,25866
LAPD.TA,2026-09-17,7791.0,7989.0,7786.0,7833.0,56998
LAPD.TA,2026-09-18,7833.0,7833.0,7833.0,7833.0,0
LAPD.TA,2026-09-21,7833.0,7833.0,7833.0,7833.0,0
LAPD.TA,2026-09-22,7677.0,7917.0,7677.0,7779.0,20812
LAPD.TA,2026-09-23,7702.0,7842.0,7646.0,7682.0,19182
LAPD.TA,2026-09-24,7607.0,7658.0,7336.0,7351.0,27465
PRSK.TA,2026-07-16,15300.0,15390.0,15000.0,15010.0,23505
PRSK.TA,2026-07-17,15010.0,15030.0,14700.0,14970.0,12604
PRSK.TA,2026-07-20,14970.0,15310.0,14760.0,14860.0,18947
PRSK.TA,2026-07-21,14800.0,15230.0,14750.0,14920.0,15880
PRSK.TA,2026-07-22,14810.0,15070.0,14040.0,14050.0,38980
PRSK.TA,2026-07-24,13850.0,14370.0,13670.0,14190.0,25135
PRSK.TA,2026-07-27,14290.0,14390.0,13580.0,13700.0,26575
PRSK.TA,2026-07-28,13700.0,13700.0,13200.0,13200.0,26336
PRSK.TA,2026-07-29,13260.0,13430.0,13120.0,13250.0,17579
PRSK.TA,2026-07-30,13220.0,13290.0,13060.0,13190.0,19930
PRSK.TA,2026-07-31,13190.0,13680.0,13190.0,13310.0,15880
PRSK.TA,2026-08-03,13310.0,13310.0,12250.0,12660.0,85468
PRSK.TA,2026-08-04,12990.0,13000.0,12400.0,12940.0,34960
PRSK.TA,2026-08-05,12940.0,13310.0,12830.0,13040.0,37582
PRSK.TA,2026-08-06,13310.0,13850.0,12900.0,13360.0,127197
PRSK.TA,2026-08-07,13360.0,13830.0,13110.0,13210.0,29471
PRSK.TA,2026-08-10,13210.0,13270.0,12690.0,12780.0,31901
PRSK.TA,2026-08-11,12780.0,13070.0,12600.0,12920.0,19195
PRSK.TA,2026-08-12,12990.0,13000.0,12440.0,12500.0,28876
PRSK.TA,2026-08-13,12500.0,13330.0,12370.0,13200.0,39671
PRSK.TA,2026-08-14,13200.0,13360.0,13000.0,13180.0,10299
PRSK.TA,2026-08-17,13180.0,13240.0,12740.0,12740.0,30004
PRSK.TA,2026-08-18,12740.0,13020.0,12530.0,12750.0,21532
PRSK.TA,2026-08-19,12750.0,13200.0,12740.0,12970.0,19711
PRSK.TA,2026-08-20,13020.0,13230.0,11990.0,12110.0,37143
PRSK.TA,2026-08-21,12180.0,12970.0,12110.0,12770.0,20774
PRSK.TA,2026-08-24,12770.0,12840.0,12400.0,12580.0,21888
PRSK.TA,2026-08-25,12580.0,12690.0,12340.0,12530.0,28682
PRSK.TA,2026-08-26,12530.0,12880.0,12280.0,12730.0,28408
PRSK.TA,2026-08-27,12730.0,13090.0,12690.0,12970.0,25538
PRSK.TA,2026-08-28,12830.0,13330.0,12820.0,13020.0,24182
PRSK.TA,2026-08-31,13010.0,13120.0,12560.0,13120.0,35395
PRSK.TA,2026-09-01,12990.0,14300.0,12880.0,13730.0,82265
PRSK.TA,2026-09-02,13460.0,14210.0,13460.0,13930.0,35889
PRSK.TA,2026-09-03,13500.0,14200.0,13500.0,14100.0,17861
PRSK.TA,2026-09-04,13720.0,14530.0,13720.0,14320.0,16179
PRSK.TA,2026-09-07,14320.0,14420.0,14010.0,14170.0,10570
PRSK.TA,2026-09-08,14220.0,14220.0,13920.0,13980.0,16900
PRSK.TA,2026-09-09,13980.0,14210.0,13720.0,13720.0,15444
PRSK.TA,2026-09-10,13730.0,13730.0,13090.0,13090.0,21253
PRSK.TA,2026-09-11,13090.0,13090.0,13090.0,13090.0,0
PRSK.TA,2026-09-14,13090.0,13160.0,12810.0,12950.0,21606
PRSK.TA,2026-09-15,12950.0,13050.0,12710.0,12870.0,13783
PRSK.TA,2026-09-16,13020.0,13490.0,12870.0,13260.0,31522
PRSK.TA,2026-09-17,13260.0,13740.0,13200.0,13450.0,16893
PRSK.TA,2026-09-18,13450.0,13450.0,13450.0,13450.0,0
PRSK.TA,2026-09-21,13450.0,13450.0,13450.0,13450.0,0
PRSK.TA,2026-09-22,13450.0,13520.0,12800.0,12830.0,25188
PRSK.TA,2026-09-23,13020.0,13020.0,12350.0,12350.0,21032
PRSK.TA,2026-09-24,12210.0,12480.0,12200.0,12270.0,23644
GLDE.TA,2026-07-16,206.3000030517578,265.0,210.39999389648438,252.3000030517578,135596
GLDE.TA,2026-07-17,257.3999938964844,258.0,247.1999969482422,249.0,5697
GLDE.TA,2026-07-20,249.0,243.89999389648438,215.0,215.89999389648438,66172
GLDE.TA,2026-07-21,215.89999389648438,215.89999389648438,202.10000610351562,207.8000030517578,20663
GLDE.TA,2026-07-22,207.8000030517578,226.0,202.0,205.60000610351562,34764
GLDE.TA,2026-07-24,205.60000610351562,222.0,209.0,215.60000610351562,2400
GLDE.TA,2026-07-27,211.1999969482422,211.1999969482422,202.0,206.39999389648438,22476
GLDE.TA,2026-07-28,206.39999389648438,210.60000610351562,202.1999969482422,207.39999389648438,1835
GLDE.TA,2026-07-29,207.39999389648438,211.60000610351562,207.39999389648438,209.1999969482422,1029
GLDE.TA,2026-07-30,209.1999969482422,202.0,195.0,198.89999389648438,12525
GLDE.TA,2026-07-31,198.89999389648438,209.0,209.0,203.10000610351562,396
GLDE.TA,2026-08-03,203.10000610351562,206.0,201.8000030517578,203.60000610351562,5852
GLDE.TA,2026-08-04,203.60000610351562,199.5,190.0,193.8000030517578,9206
GLDE.TA,2026-08-05,193.8000030517578,191.89999389648438,186.0,190.3000030517578,11350
GLDE.TA,2026-08-06,190.3000030517578,184.8000030517578,182.5,184.60000610351562,3008
GLDE.TA,2026-08-07,184.60000610351562,182.5,176.5,176.6999969482422,28391
GLDE.TA,2026-08-10,176.6999969482422,191.0,176.6999969482422,183.3000030517578,35099
GLDE.TA,2026-08-11,183.3000030517578,207.60000610351562,187.0,192.5,30632
GLDE.TA,2026-08-12,192.5,207.8000030517578,189.3000030517578,194.60000610351562,23437
GLDE.TA,2026-08-13,194.60000610351562,193.89999389648438,190.60000610351562,192.6999969482422,888
GLDE.TA,2026-08-14,188.8000030517578,191.6999969482422,188.8000030517578,189.8000030517578,5662
GLDE.TA,2026-08-17,189.8000030517578,206.8000030517578,180.0,189.89999389648438,21581
GLDE.TA,2026-08-18,189.89999389648438,207.8000030517578,189.89999389648438,195.10000610351562,14831
GLDE.TA,2026-08-19,195.10000610351562,211.89999389648438,195.0,202.8000030517578,13253
GLDE.TA,2026-08-20,202.8000030517578,222.8000030517578,198.60000610351562,208.10000610351562,30792
GLDE.TA,2026-08-21,208.10000610351562,222.0,200.39999389648438,207.3000030517578,26552
GLDE.TA,2026-08-24,207.3000030517578,214.0,203.10000610351562,205.1999969482422,3962
GLDE.TA,2026-08-25,205.1999969482422,205.1999969482422,195.1999969482422,201.60000610351562,3911
GLDE.TA,2026-08-26,201.60000610351562,203.60000610351562,196.6999969482422,200.0,4848
GLDE.TA,2026-08-27,200.0,202.0,199.0,199.39999389648438,10509
GLDE.TA,2026-08-28,199.39999389648438,200.39999389648438,200.39999389648438,199.6999969482422,302
GLDE.TA,2026-08-31,199.6999969482422,210.0,183.0,189.39999389648438,12772
GLDE.TA,2026-09-01,193.1999969482422,198.0,193.0,194.8000030517578,8073
GLDE.TA,2026-09-02,194.8000030517578,197.89999389648438,197.89999389648438,197.0,792
GLDE.TA,2026-09-03,197.0,197.0,193.0,194.6999969482422,3451
GLDE.TA,2026-09-04,194.6999969482422,216.89999389648438,193.6999969482422,199.8000030517578,12219
GLDE.TA,2026-09-07,199.8000030517578,203.89999389648438,203.8000030517578,201.89999389648438,562
GLDE.TA,2026-09-08,201.89999389648438,197.8000030517578,191.39999389648438,194.39999389648438,6774
GLDE.TA,2026-09-09,194.39999389648438,195.39999389648438,195.39999389648438,194.6999969482422,307
GLDE.TA,2026-09-10,194.6999969482422,210.0,194.6999969482422,201.6999969482422,12924
GLDE.TA,2026-09-11,201.6999969482422,201.6999969482422,201.6999969482422,201.6999969482422,0
GLDE.TA,2026-09-14,201.6999969482422,223.89999389648438,201.0,208.10000610351562,18211
GLDE.TA,2026-09-15,208.10000610351562,217.0,196.0,203.10000610351562,28403
GLDE.TA,2026-09-16,203.10000610351562,204.0,185.0,192.6999969482422,31808
GLDE.TA,2026-09-17,192.6999969482422,192.6999969482422,190.0,190.8000030517578,2901
GLDE.TA,2026-09-18,190.8000030517578,190.8000030517578,190.8000030517578,190.8000030517578,0
GLDE.TA,2026-09-21,190.8000030517578,190.8000030517578,190.8000030517578,190.8000030517578,0
GLDE.TA,2026-09-22,190.8000030517578,207.89999389648438,185.0,187.89999389648438,60900
GLDE.TA,2026-09-23,175.0,181.89999389648438,175.0,177.1999969482422,19487
GLDE.TA,2026-09-24,177.1999969482422,189.0,170.6999969482422,176.8000030517578,17313
FBRT.TA,2026-07-16,20240.0,20460.0,20050.0,20240.0,6362
FBRT.TA,2026-07-17,20240.0,20240.0,19740.0,20240.0,6570
FBRT.TA,2026-07-20,20240.0,20240.0,19810.0,19910.0,4343
FBRT.TA,2026-07-21,19910.0,20040.0,19750.0,19940.0,4001
FBRT.TA,2026-07-22,19940.0,20100.0,19600.0,19860.0,4773
FBRT.TA,2026-07-24,19860.0,20300.0,19620.0,19890.0,9962
FBRT.TA,2026-07-27,19890.0,19890.0,18870.0,18870.0,5414
FBRT.TA,2026-07-28,18870.0,19200.0,18640.0,18840.0,5438
FBRT.TA,2026-07-29,19700.0,19700.0,18520.0,18520.0,6606
FBRT.TA,2026-07-30,18520.0,19080.0,18130.0,18750.0,7843
FBRT.TA,2026-07-31,18750.0,19550.0,18290.0,19350.0,3373
FBRT.TA,2026-08-03,19350.0,20190.0,19200.0,20130.0,8931
FBRT.TA,2026-08-04,20130.0,20280.0,19190.0,19520.0,5395
FBRT.TA,2026-08-05,19520.0,19670.0,18420.0,18420.0,3504
FBRT.TA,2026-08-06,18980.0,19130.0,18520.0,19020.0,14438
FBRT.TA,2026-08-07,19020.0,19100.0,18520.0,18520.0,2438
FBRT.TA,2026-08-10,19260.0,19260.0,18390.0,18430.0,3674
FBRT.TA,2026-08-11,18430.0,18470.0,18110.0,18270.0,4665
FBRT.TA,2026-08-12,18270.0,18410.0,18000.0,18000.0,4441
FBRT.TA,2026-08-13,18000.0,18050.0,17880.0,17950.0,2837
FBRT.TA,2026-08-14,17950.0,18030.0,17730.0,17770.0,1987
FBRT.TA,2026-08-17,17770.0,17770.0,16920.0,16920.0,5067
FBRT.TA,2026-08-18,16920.0,16920.0,16540.0,16920.0,4301
FBRT.TA,2026-08-19,16920.0,17290.0,16890.0,16900.0,4286
FBRT.TA,2026-08-20,16900.0,17090.0,16640.0,16730.0,2196
FBRT.TA,2026-08-21,16730.0,16760.0,16430.0,16650.0,2970
FBRT.TA,2026-08-24,16650.0,16520.0,15820.0,15820.0,6456
FBRT.TA,2026-08-25,15820.0,16240.0,15630.0,15630.0,9175
FBRT.TA,2026-08-26,15630.0,15880.0,15360.0,15440.0,4554
FBRT.TA,2026-08-27,15440.0,15770.0,15200.0,15690.0,9345
FBRT.TA,2026-08-28,16230.0,16240.0,15690.0,15910.0,3775
FBRT.TA,2026-08-31,15910.0,15950.0,15230.0,15410.0,14332
FBRT.TA,2026-09-01,15410.0,16060.0,15290.0,15840.0,8746
FBRT.TA,2026-09-02,15840.0,16500.0,15750.0,16500.0,6826
FBRT.TA,2026-09-03,16600.0,16670.0,15510.0,15640.0,8508
FBRT.TA,2026-09-04,15640.0,15720.0,15390.0,15440.0,3639
FBRT.TA,2026-09-07,15440.0,16030.0,15100.0,15600.0,5132
FBRT.TA,2026-09-08,15600.0,15700.0,15250.0,15340.0,7801
FBRT.TA,2026-09-09,15340.0,15500.0,14790.0,14910.0,8244
FBRT.TA,2026-09-10,14910.0,14910.0,14250.0,14450.0,16424
FBRT.TA,2026-09-11,14450.0,14450.0,14450.0,14450.0,0
FBRT.TA,2026-09-14,14450.0,14650.0,14090.0,14370.0,8618
FBRT.TA,2026-09-15,14370.0,14300.0,13880.0,13930.0,10422
FBRT.TA,2026-09-16,13930.0,14760.0,13930.0,14590.0,10192
FBRT.TA,2026-09-17,14590.0,15000.0,14440.0,14860.0,10685
FBRT.TA,2026-09-18,14860.0,14860.0,14860.0,14860.0,0
FBRT.TA,2026-09-21,14860.0,14860.0,14860.0,14860.0,0
FBRT.TA,2026-09-22,14880.0,15280.0,14480.0,14560.0,7250
FBRT.TA,2026-09-23,14000.0,14600.0,14000.0,14050.0,7330
FBRT.TA,2026-09-24,14050.0,15030.0,13700.0,14510.0,11763
MGRT.TA,2026-07-16,799.7999877929688,812.0,793.7000122070312,798.2000122070312,46018
MGRT.TA,2026-07-17,798.2000122070312,800.0,785.0999755859375,792.2999877929688,31343
MGRT.TA,2026-07-20,791.5,804.5999755859375,791.5,793.2000122070312,31456
MGRT.TA,2026-07-21,793.2000122070312,800.0,793.0,795.7999877929688,23356
MGRT.TA,2026-07-22,795.7999877929688,802.9000244140625,782.7000122070312,788.5999755859375,72555
MGRT.TA,2026-07-24,788.5999755859375,798.9000244140625,778.2000122070312,782.7000122070312,30937
MGRT.TA,2026-07-27,782.7000122070312,793.0,753.0,753.0,395079
MGRT.TA,2026-07-28,749.5999755859375,777.9000244140625,749.5999755859375,758.0,363744
MGRT.TA,2026-07-29,758.0,767.4000244140625,750.0,757.0999755859375,98066
MGRT.TA,2026-07-30,757.0999755859375,796.0,751.2000122070312,760.0,215017
MGRT.TA,2026-07-31,762.2999877929688,793.4000244140625,762.2999877929688,780.0,128733
MGRT.TA,2026-08-03,780.0,784.0999755859375,771.7999877929688,782.7000122070312,203351
MGRT.TA,2026-08-04,782.7000122070312,787.2000122070312,769.0999755859375,773.4000244140625,238052
MGRT.TA,2026-08-05,779.2000122070312,779.2000122070312,756.0,759.9000244140625,99313
MGRT.TA,2026-08-06,765.0,765.0,740.0,740.0,1073244
MGRT.TA,2026-08-07,740.0,760.0,740.0,746.4000244140625,33320
MGRT.TA,2026-08-10,746.4000244140625,749.5,730.9000244140625,741.2999877929688,69506
MGRT.TA,2026-08-11,741.2999877929688,751.4000244140625,732.7999877929688,743.7999877929688,55050
MGRT.TA,2026-08-12,743.7999877929688,753.0,731.0,731.0,109131
MGRT.TA,2026-08-13,731.0,742.2999877929688,725.5,738.5999755859375,62311
MGRT.TA,2026-08-14,732.0,749.0,732.0,746.7999877929688,186850
MGRT.TA,2026-08-17,750.0,752.5,722.0,722.0,153099
MGRT.TA,2026-08-18,715.0,735.5999755859375,714.0999755859375,727.5,86192
MGRT.TA,2026-08-19,727.5,750.0,724.2000122070312,726.4000244140625,88765
MGRT.TA,2026-08-20,728.9000244140625,738.0,715.7999877929688,715.7999877929688,115075
MGRT.TA,2026-08-21,715.7999877929688,730.0,712.0999755859375,715.7999877929688,90203
MGRT.TA,2026-08-24,715.7999877929688,722.4000244140625,708.0,708.0,146028
MGRT.TA,2026-08-25,708.7999877929688,721.0,707.0,713.0999755859375,260688
MGRT.TA,2026-08-26,713.0999755859375,722.2999877929688,706.2000122070312,718.2999877929688,222968
MGRT.TA,2026-08-27,718.2999877929688,730.9000244140625,706.2000122070312,726.0999755859375,174898
MGRT.TA,2026-08-28,726.0999755859375,735.0,721.7999877929688,734.9000244140625,209417
MGRT.TA,2026-08-31,731.5,731.5,715.0,729.5999755859375,107227
MGRT.TA,2026-09-01,738.0,752.2999877929688,718.2999877929688,741.5999755859375,306340
MGRT.TA,2026-09-02,756.4000244140625,769.2000122070312,734.2000122070312,769.2000122070312,183384
MGRT.TA,2026-09-03,731.0,767.9000244140625,731.0,760.0,209075
MGRT.TA,2026-09-04,760.0,767.2999877929688,750.5,760.0,56334
MGRT.TA,2026-09-07,760.0999755859375,760.2000122070312,734.2999877929688,738.0,113149
MGRT.TA,2026-09-08,731.0,735.0,705.0,712.0,690072
MGRT.TA,2026-09-09,715.5999755859375,730.5999755859375,699.0,704.9000244140625,634081
MGRT.TA,2026-09-10,704.9000244140625,715.0,698.4000244140625,702.9000244140625,71942
MGRT.TA,2026-09-11,702.9000244140625,702.9000244140625,702.9000244140625,702.9000244140625,0
MGRT.TA,2026-09-14,736.0,736.0,685.0999755859375,687.7999877929688,222649
MGRT.TA,2026-09-15,700.0,707.2999877929688,680.0,699.9000244140625,212004
MGRT.TA,2026-09-16,699.9000244140625,733.5,695.7999877929688,710.0,250880
MGRT.TA,2026-09-17,712.0,713.2000122070312,704.2999877929688,711.0,107839
MGRT.TA,2026-09-18,711.0,711.0,711.0,711.0,0
MGRT.TA,2026-09-21,711.0,711.0,711.0,711.0,0
MGRT.TA,2026-09-22,712.0,722.9000244140625,707.0,709.5,232836
MGRT.TA,2026-09-23,709.5,709.5,692.0999755859375,696.7000122070312,123945
MGRT.TA,2026-09-24,696.7000122070312,696.7000122070312,688.0,690.0,185436
KRDI.TA,2026-07-16,546.2999877929688,568.2999877929688,546.2999877929688,550.4000244140625,29658
KRDI.TA,2026-07-17,550.4000244140625,558.2000122070312,546.0,554.5,42288
KRDI.TA,2026-07-20,554.5,578.2000122070312,522.2000122070312,529.4000244140625,32930
KRDI.TA,2026-07-21,529.4000244140625,542.0,529.0,533.9000244140625,24307
KRDI.TA,2026-07-22,537.9000244140625,564.0999755859375,510.0,558.2000122070312,47776
KRDI.TA,2026-07-24,558.2000122070312,588.9000244140625,551.2000122070312,578.5999755859375,10519
KRDI.TA,2026-07-27,578.5999755859375,629.0,578.5999755859375,585.7999877929688,40630
KRDI.TA,2026-07-28,585.7999877929688,599.0999755859375,585.7999877929688,588.4000244140625,15253
KRDI.TA,2026-07-29,583.7999877929688,588.4000244140625,567.0,586.9000244140625,19979
KRDI.TA,2026-07-30,586.9000244140625,586.9000244140625,539.2000122070312,569.9000244140625,35807
KRDI.TA,2026-07-31,569.9000244140625,605.0,569.9000244140625,600.4000244140625,65844
KRDI.TA,2026-08-03,600.4000244140625,600.4000244140625,574.0,584.2999877929688,15482
KRDI.TA,2026-08-04,584.2999877929688,584.2999877929688,570.0,579.2000122070312,18176
KRDI.TA,2026-08-05,579.2000122070312,579.2000122070312,555.5999755859375,572.2999877929688,14730
KRDI.TA,2026-08-06,572.2999877929688,573.0,552.7000122070312,555.0,41078
KRDI.TA,2026-08-07,552.0999755859375,574.2999877929688,552.0,561.9000244140625,2077
KRDI.TA,2026-08-10,561.9000244140625,592.0,552.0999755859375,582.7000122070312,16590
KRDI.TA,2026-08-11,582.7000122070312,571.0,557.0,562.0999755859375,13330
KRDI.TA,2026-08-12,562.0999755859375,575.7999877929688,554.7999877929688,564.5,5853
KRDI.TA,2026-08-13,564.5,569.9000244140625,533.7999877929688,546.5999755859375,9020
KRDI.TA,2026-08-14,546.5999755859375,552.0,546.5999755859375,550.0,4028
KRDI.TA,2026-08-17,550.0,550.2999877929688,540.0,547.9000244140625,5501
KRDI.TA,2026-08-18,547.9000244140625,544.4000244140625,524.7999877929688,526.7000122070312,12212
KRDI.TA,2026-08-19,526.7000122070312,547.2000122070312,510.0,514.9000244140625,12897
KRDI.TA,2026-08-20,510.6000061035156,533.0,510.5,526.0999755859375,46122
KRDI.TA,2026-08-21,526.0999755859375,538.2999877929688,519.7000122070312,525.7000122070312,5184
KRDI.TA,2026-08-24,525.7000122070312,528.2999877929688,520.0,526.7000122070312,18076
KRDI.TA,2026-08-25,526.7000122070312,525.0,519.0999755859375,523.4000244140625,2073
KRDI.TA,2026-08-26,523.4000244140625,523.4000244140625,514.7000122070312,517.9000244140625,4041
KRDI.TA,2026-08-27,517.9000244140625,575.0,515.0,557.0,253832
KRDI.TA,2026-08-28,557.0,575.0,555.7999877929688,568.7000122070312,9499
KRDI.TA,2026-08-31,568.7000122070312,595.0,554.0,581.9000244140625,22568
KRDI.TA,2026-09-01,556.0,635.0,556.0,622.7999877929688,39038
KRDI.TA,2026-09-02,622.7999877929688,635.0,605.5,624.0999755859375,20062
KRDI.TA,2026-09-03,624.0999755859375,634.7999877929688,605.2000122070312,617.7000122070312,19056
KRDI.TA,2026-09-04,620.7000122070312,620.7000122070312,605.0999755859375,610.0,5654
KRDI.TA,2026-09-07,610.0,616.2999877929688,582.0,606.2000122070312,9694
KRDI.TA,2026-09-08,606.2000122070312,619.7000122070312,593.2000122070312,603.0,1515
KRDI.TA,2026-09-09,603.0,603.0,565.0,582.4000244140625,15200
KRDI.TA,2026-09-10,582.4000244140625,575.0,555.0999755859375,563.5,7790
KRDI.TA,2026-09-11,563.5,563.5,563.5,563.5,0
KRDI.TA,2026-09-14,555.0999755859375,562.5,542.7000122070312,556.2999877929688,11353
KRDI.TA,2026-09-15,556.2999877929688,558.0,529.2000122070312,543.2000122070312,6226
KRDI.TA,2026-09-16,531.2000122070312,550.0,531.2000122070312,544.7999877929688,12451
KRDI.TA,2026-09-17,544.7999877929688,560.5999755859375,531.0,544.7000122070312,13602
KRDI.TA,2026-09-18,544.7000122070312,544.7000122070312,544.7000122070312,544.7000122070312,0
KRDI.TA,2026-09-21,544.7000122070312,544.7000122070312,544.7000122070312,544.7000122070312,0
KRDI.TA,2026-09-22,544.7000122070312,556.9000244140625,541.5,546.4000244140625,7188
KRDI.TA,2026-09-23,546.4000244140625,555.7999877929688,535.5,545.2999877929688,1984
KRDI.TA,2026-09-24,545.2999877929688,551.9000244140625,525.0999755859375,534.7999877929688,5646
MAXO.TA,2026-07-16,3751.0,3751.0,3559.0,3586.0,356946
MAXO.TA,2026-07-17,3621.0,3699.0,3572.0,3668.0,327511
MAXO.TA,2026-07-20,3693.0,3752.0,3614.0,3628.0,193108
MAXO.TA,2026-07-21,3628.0,3761.0,3628.0,3630.0,195160
MAXO.TA,2026-07-22,3665.0,3665.0,3528.0,3571.0,425015
MAXO.TA,2026-07-24,3457.0,3630.0,3457.0,3598.0,289928
MAXO.TA,2026-07-27,3615.0,3687.0,3500.0,3500.0,226720
MAXO.TA,2026-07-28,3401.0,3532.0,3382.0,3445.0,471921
MAXO.TA,2026-07-29,3445.0,3595.0,3363.0,3570.0,446163
MAXO.TA,2026-07-30,3519.0,3568.0,3400.0,3479.0,267646
MAXO.TA,2026-07-31,3479.0,3526.0,3477.0,3496.0,98076
MAXO.TA,2026-08-03,3496.0,3520.0,3364.0,3374.0,330310
MAXO.TA,2026-08-04,3374.0,3422.0,3329.0,3400.0,370015
MAXO.TA,2026-08-05,3426.0,3455.0,3324.0,3387.0,463896
MAXO.TA,2026-08-06,3387.0,3420.0,3339.0,3353.0,704806
MAXO.TA,2026-08-07,3353.0,3514.0,3353.0,3514.0,156117
MAXO.TA,2026-08-10,3565.0,3565.0,3360.0,3457.0,333517
MAXO.TA,2026-08-11,3527.0,3639.0,3234.0,3391.0,976805
MAXO.TA,2026-08-12,3390.0,3448.0,3291.0,3324.0,262753
MAXO.TA,2026-08-13,3324.0,3380.0,3295.0,3371.0,163888
MAXO.TA,2026-08-14,3371.0,3438.0,3344.0,3403.0,104426
MAXO.TA,2026-08-17,3403.0,3469.0,3329.0,3329.0,286728
MAXO.TA,2026-08-18,3305.0,3491.0,3268.0,3442.0,180394
MAXO.TA,2026-08-19,3442.0,3558.0,3382.0,3558.0,993056
MAXO.TA,2026-08-20,3527.0,3583.0,3497.0,3535.0,1442433
MAXO.TA,2026-08-21,3535.0,3543.0,3459.0,3508.0,67375
MAXO.TA,2026-08-24,3508.0,3647.0,3472.0,3601.0,156638
MAXO.TA,2026-08-25,3602.0,3748.0,3578.0,3661.0,165460
MAXO.TA,2026-08-26,3661.0,3768.0,3625.0,3738.0,324343
MAXO.TA,2026-08-27,3739.0,3744.0,3630.0,3720.0,266282
MAXO.TA,2026-08-28,3684.0,3737.0,3669.0,3685.0,135784
MAXO.TA,2026-08-31,3683.0,3827.0,3652.0,3795.0,289917
MAXO.TA,2026-09-01,3795.0,3839.0,3663.0,3736.0,334192
MAXO.TA,2026-09-02,3763.0,3835.0,3736.0,3824.0,242655
MAXO.TA,2026-09-03,3824.0,3824.0,3635.0,3693.0,324872
MAXO.TA,2026-09-04,3728.0,3750.0,3652.0,3699.0,232733
MAXO.TA,2026-09-07,3699.0,3701.0,3659.0,3693.0,298305
MAXO.TA,2026-09-08,3664.0,3691.0,3581.0,3660.0,443710
MAXO.TA,2026-09-09,3677.0,3736.0,3583.0,3605.0,557091
MAXO.TA,2026-09-10,3619.0,3657.0,3580.0,3593.0,815041
MAXO.TA,2026-09-11,3593.0,3593.0,3593.0,3593.0,0
MAXO.TA,2026-09-14,3630.0,3718.0,3589.0,3647.0,364806
MAXO.TA,2026-09-15,3647.0,3650.0,3457.0,3464.0,159291
MAXO.TA,2026-09-16,3464.0,3507.0,3307.0,3334.0,401164
MAXO.TA,2026-09-17,3359.0,3489.0,3348.0,3450.0,971047
MAXO.TA,2026-09-18,3450.0,3450.0,3450.0,3450.0,0
MAXO.TA,2026-09-21,3450.0,3450.0,3450.0,3450.0,0
MAXO.TA,2026-09-22,3465.0,3601.0,3423.0,3597.0,1595401
MAXO.TA,2026-09-23,3597.0,3626.0,3402.0,3436.0,163033
MAXO.TA,2026-09-24,3409.0,3439.0,3340.0,3377.0,237017
SMT.TA,2026-07-16,5200.0,5234.0,5119.0,5167.0,37517
SMT.TA,2026-07-17,5167.0,5226.0,5090.0,5090.0,41399
SMT.TA,2026-07-20,5090.0,5239.0,5058.0,5192.0,69221
SMT.TA,2026-07-21,5192.0,5314.0,5038.0,5038.0,61117
SMT.TA,2026-07-22,5076.0,5131.0,4940.0,5115.0,75188
SMT.TA,2026-07-24,5038.0,5130.0,5019.0,5046.0,65345
SMT.TA,2026-07-27,5080.0,5150.0,4993.0,4995.0,29321
SMT.TA,2026-07-28,4995.0,5084.0,4907.0,4920.0,40935
SMT.TA,2026-07-29,4920.0,4965.0,4861.0,4948.0,32550
SMT.TA,2026-07-30,4948.0,4948.0,4866.0,4914.0,61168
SMT.TA,2026-07-31,4914.0,4989.0,4914.0,4989.0,31403
SMT.TA,2026-08-03,5049.0,5064.0,4925.0,5052.0,73427
SMT.TA,2026-08-04,5052.0,5059.0,4928.0,4949.0,70297
SMT.TA,2026-08-05,4949.0,4990.0,4823.0,4920.0,79082
SMT.TA,2026-08-06,4969.0,4969.0,4828.0,4900.0,1052129
SMT.TA,2026-08-07,4900.0,4937.0,4730.0,4815.0,164377
SMT.TA,2026-08-10,4815.0,4827.0,4668.0,4750.0,74002
SMT.TA,2026-08-11,4780.0,4780.0,4687.0,4718.0,58852
SMT.TA,2026-08-12,4718.0,4755.0,4622.0,4680.0,61158
SMT.TA,2026-08-13,4680.0,4768.0,4663.0,4742.0,24121
SMT.TA,2026-08-14,4730.0,4809.0,4700.0,4773.0,15551
SMT.TA,2026-08-17,4773.0,4795.0,4605.0,4605.0,40833
SMT.TA,2026-08-18,4605.0,4711.0,4584.0,4691.0,43148
SMT.TA,2026-08-19,4691.0,4789.0,4675.0,4786.0,52443
SMT.TA,2026-08-20,4803.0,4873.0,4789.0,4809.0,38147
SMT.TA,2026-08-21,4846.0,4865.0,4752.0,4865.0,25968
SMT.TA,2026-08-24,4865.0,4865.0,4665.0,4665.0,39646
SMT.TA,2026-08-25,4665.0,4677.0,4566.0,4566.0,63109
SMT.TA,2026-08-26,4566.0,4700.0,4532.0,4700.0,71509
SMT.TA,2026-08-27,4749.0,4791.0,4680.0,4719.0,41883
SMT.TA,2026-08-28,4656.0,4765.0,4642.0,4742.0,64838
SMT.TA,2026-08-31,4742.0,4849.0,4681.0,4824.0,115810
SMT.TA,2026-09-01,4789.0,4925.0,4787.0,4913.0,146962
SMT.TA,2026-09-02,4913.0,5020.0,4887.0,5013.0,78125
SMT.TA,2026-09-03,4902.0,5036.0,4902.0,5000.0,43609
SMT.TA,2026-09-04,4933.0,5044.0,4855.0,4887.0,66243
SMT.TA,2026-09-07,4887.0,4923.0,4816.0,4838.0,88013
SMT.TA,2026-09-08,4997.0,4997.0,4754.0,4755.0,82914
SMT.TA,2026-09-09,4778.0,4789.0,4617.0,4668.0,59676
SMT.TA,2026-09-10,4823.0,4823.0,4529.0,4529.0,245816
SMT.TA,2026-09-11,4529.0,4529.0,4529.0,4529.0,0
SMT.TA,2026-09-14,4529.0,4619.0,4497.0,4548.0,43820
SMT.TA,2026-09-15,4548.0,4631.0,4519.0,4631.0,37486
SMT.TA,2026-09-16,4631.0,4698.0,4513.0,4545.0,61494
SMT.TA,2026-09-17,4545.0,4576.0,4486.0,4522.0,77457
SMT.TA,2026-09-18,4522.0,4522.0,4522.0,4522.0,0
SMT.TA,2026-09-21,4522.0,4522.0,4522.0,4522.0,0
SMT.TA,2026-09-22,4586.0,4699.0,4510.0,4607.0,40922
SMT.TA,2026-09-23,4624.0,4625.0,4455.0,4455.0,64709
SMT.TA,2026-09-24,4455.0,4456.0,4317.0,4342.0,68590
SAE.TA,2026-07-16,4470.0,4470.0,4405.0,4462.0,422400
SAE.TA,2026-07-17,4494.0,4504.0,4379.0,4490.0,230097
SAE.TA,2026-07-20,4536.0,4599.0,4477.0,4570.0,204329
SAE.TA,2026-07-21,4597.0,4733.0,4541.0,4670.0,487018
SAE.TA,2026-07-22,4670.0,4760.0,4652.0,4660.0,364974
SAE.TA,2026-07-24,4611.0,4675.0,4506.0,4623.0,719820
SAE.TA,2026-07-27,4638.0,4750.0,4620.0,4620.0,428411
SAE.TA,2026-07-28,4626.0,4749.0,4566.0,4580.0,405234
SAE.TA,2026-07-29,4551.0,4646.0,4520.0,4529.0,190785
SAE.TA,2026-07-30,4531.0,4561.0,4369.0,4369.0,524832
SAE.TA,2026-07-31,4408.0,4446.0,4354.0,4371.0,293984
SAE.TA,2026-08-03,4371.0,4449.0,4309.0,4448.0,345957
SAE.TA,2026-08-04,4383.0,4448.0,4308.0,4341.0,485513
SAE.TA,2026-08-05,4339.0,4430.0,4313.0,4344.0,779415
SAE.TA,2026-08-06,4311.0,4356.0,4280.0,4280.0,1718262
SAE.TA,2026-08-07,4280.0,4335.0,4267.0,4287.0,141046
SAE.TA,2026-08-10,4287.0,4321.0,4241.0,4273.0,220429
SAE.TA,2026-08-11,4268.0,4298.0,4216.0,4247.0,158261
SAE.TA,2026-08-12,4230.0,4256.0,4182.0,4194.0,242218
SAE.TA,2026-08-13,4194.0,4235.0,4176.0,4229.0,401291
SAE.TA,2026-08-14,4250.0,4292.0,4220.0,4225.0,93860
SAE.TA,2026-08-17,4203.0,4235.0,4064.0,4064.0,253006
SAE.TA,2026-08-18,4071.0,4250.0,4071.0,4250.0,338343
SAE.TA,2026-08-19,4261.0,4350.0,4261.0,4323.0,436725
SAE.TA,2026-08-20,4341.0,4341.0,4256.0,4270.0,443994
SAE.TA,2026-08-21,4283.0,4316.0,4251.0,4268.0,138856
SAE.TA,2026-08-24,4300.0,4321.0,4240.0,4312.0,367460
SAE.TA,2026-08-25,4318.0,4318.0,4230.0,4230.0,202451
SAE.TA,2026-08-26,4230.0,4345.0,4207.0,4310.0,251396
SAE.TA,2026-08-27,4310.0,4327.0,3863.0,3994.0,2160169
SAE.TA,2026-08-28,3925.0,4000.0,3769.0,3819.0,2397716
SAE.TA,2026-08-31,3820.0,3864.0,3740.0,3771.0,926048
SAE.TA,2026-09-01,3771.0,3827.0,3741.0,3800.0,629488
SAE.TA,2026-09-02,3819.0,3819.0,3731.0,3740.0,1476529
SAE.TA,2026-09-03,3749.0,3756.0,3658.0,3694.0,605940
SAE.TA,2026-09-04,3694.0,3749.0,3660.0,3694.0,342111
SAE.TA,2026-09-07,3694.0,3749.0,3655.0,3700.0,584169
SAE.TA,2026-09-08,3645.0,3725.0,3611.0,3686.0,467871
SAE.TA,2026-09-09,3686.0,3737.0,3661.0,3701.0,461799
SAE.TA,2026-09-10,3715.0,3718.0,3665.0,3668.0,240078
SAE.TA,2026-09-11,3668.0,3668.0,3668.0,3668.0,0
SAE.TA,2026-09-14,3655.0,3721.0,3654.0,3682.0,358706
SAE.TA,2026-09-15,3700.0,3723.0,3655.0,3685.0,227918
SAE.TA,2026-09-16,3680.0,3692.0,3658.0,3658.0,193703
SAE.TA,2026-09-17,3693.0,3703.0,3658.0,3683.0,445420
SAE.TA,2026-09-18,3683.0,3683.0,3683.0,3683.0,0
SAE.TA,2026-09-21,3683.0,3683.0,3683.0,3683.0,0
SAE.TA,2026-09-22,3719.0,3737.0,3651.0,3651.0,1025937
SAE.TA,2026-09-23,3645.0,3693.0,3625.0,3693.0,1280075
SAE.TA,2026-09-24,3652.0,3707.0,3628.0,3628.0,569616
RZR.TA,2026-07-16,486.1000061035156,509.3999938964844,486.1000061035156,505.0,13733
RZR.TA,2026-07-17,505.0,526.0,505.0,521.2000122070312,1757
RZR.TA,2026-07-20,521.2000122070312,529.9000244140625,520.0,524.0999755859375,10797
RZR.TA,2026-07-21,524.0999755859375,541.9000244140625,520.0999755859375,540.2999877929688,13725
RZR.TA,2026-07-22,540.2999877929688,565.0999755859375,540.2999877929688,558.0999755859375,14279
RZR.TA,2026-07-24,558.0999755859375,564.9000244140625,558.0,560.0,2389
RZR.TA,2026-07-27,564.0999755859375,564.0999755859375,545.0,556.7000122070312,6826
RZR.TA,2026-07-28,564.9000244140625,597.4000244140625,540.0999755859375,560.4000244140625,19463
RZR.TA,2026-07-29,560.4000244140625,560.4000244140625,531.0,540.7000122070312,23572
RZR.TA,2026-07-30,540.7000122070312,563.2000122070312,513.7000122070312,519.7000122070312,14707
RZR.TA,2026-07-31,519.7000122070312,529.2999877929688,499.8999938964844,506.6000061035156,3053
RZR.TA,2026-08-03,506.6000061035156,530.0,506.6000061035156,521.2999877929688,3058
RZR.TA,2026-08-04,521.2999877929688,540.2000122070312,521.2999877929688,531.5999755859375,3523
RZR.TA,2026-08-05,535.0,559.9000244140625,535.0,546.4000244140625,13250
RZR.TA,2026-08-06,540.0,568.2000122070312,533.2999877929688,533.2999877929688,41935
RZR.TA,2026-08-07,533.2999877929688,538.5,530.0,532.2000122070312,8465
RZR.TA,2026-08-10,532.2000122070312,561.9000244140625,534.0,548.9000244140625,25715
RZR.TA,2026-08-11,548.9000244140625,570.0,540.5999755859375,558.5,9757
RZR.TA,2026-08-12,558.5,567.0,555.0,559.5999755859375,1546
RZR.TA,2026-08-13,559.5999755859375,569.7999877929688,560.0,568.2000122070312,7928
RZR.TA,2026-08-14,568.2000122070312,570.0,569.9000244140625,569.9000244140625,1004
RZR.TA,2026-08-17,569.9000244140625,633.2999877929688,568.4000244140625,595.2000122070312,203819
RZR.TA,2026-08-18,595.0,610.0,550.0,585.2000122070312,54055
RZR.TA,2026-08-19,585.2000122070312,581.0,540.0,542.7000122070312,37792
RZR.TA,2026-08-20,557.5,569.5,531.0,550.0999755859375,14851
RZR.TA,2026-08-21,550.0999755859375,559.7999877929688,550.0999755859375,554.0999755859375,4208
RZR.TA,2026-08-24,554.0999755859375,555.2000122070312,550.0,554.2000122070312,7033
RZR.TA,2026-08-25,554.2000122070312,559.7000122070312,539.5,546.9000244140625,6768
RZR.TA,2026-08-26,546.9000244140625,545.5,524.9000244140625,529.0999755859375,9327
RZR.TA,2026-08-27,529.0999755859375,540.0999755859375,512.5,524.9000244140625,6293
RZR.TA,2026-08-28,524.9000244140625,524.9000244140625,524.9000244140625,524.9000244140625,21
RZR.TA,2026-08-31,524.9000244140625,570.5999755859375,524.9000244140625,549.2000122070312,4377
RZR.TA,2026-09-01,549.2000122070312,567.9000244140625,555.0,559.2999877929688,4053
RZR.TA,2026-09-02,565.0,565.0,547.0,553.5999755859375,5805
RZR.TA,2026-09-03,553.5999755859375,553.5999755859375,534.7000122070312,545.9000244140625,10071
RZR.TA,2026-09-04,545.9000244140625,563.0,545.0,546.7000122070312,3157
RZR.TA,2026-09-07,515.0,545.0,515.0,542.0999755859375,3469
RZR.TA,2026-09-08,545.0,545.0,518.0,520.5,2067
RZR.TA,2026-09-09,545.0,545.0,532.0,538.7999877929688,11630
RZR.TA,2026-09-10,538.7999877929688,545.0,535.0,543.0999755859375,3455
RZR.TA,2026-09-11,543.0999755859375,543.0999755859375,543.0999755859375,543.0999755859375,0
RZR.TA,2026-09-14,543.0999755859375,543.0999755859375,543.0999755859375,543.0999755859375,18
RZR.TA,2026-09-15,545.0,559.0,530.0,548.7000122070312,13108
RZR.TA,2026-09-16,548.7000122070312,548.9000244140625,520.0,531.5999755859375,9802
RZR.TA,2026-09-17,531.5999755859375,559.0,531.5999755859375,549.9000244140625,5651
RZR.TA,2026-09-18,549.9000244140625,549.9000244140625,549.9000244140625,549.9000244140625,0
RZR.TA,2026-09-21,549.9000244140625,549.9000244140625,549.9000244140625,549.9000244140625,0
RZR.TA,2026-09-22,549.9000244140625,580.4000244140625,548.5,553.7999877929688,18408
RZR.TA,2026-09-23,555.0,560.0,555.0,559.4000244140625,10546
RZR.TA,2026-09-24,559.4000244140625,561.0,557.7000122070312,558.0,4243
AMAL.TA,2026-07-16,1684.0,1748.0,1670.0,1716.0,35177
AMAL.TA,2026-07-17,1716.0,1710.0,1672.0,1688.0,8603
AMAL.TA,2026-07-20,1688.0,1799.0,1683.0,1795.0,113353
AMAL.TA,2026-07-21,1800.0,1867.0,1752.0,1771.0,20259
AMAL.TA,2026-07-22,1771.0,1777.0,1740.0,1773.0,27050
AMAL.TA,2026-07-24,1758.0,1789.0,1758.0,1770.0,12705
AMAL.TA,2026-07-27,1770.0,1819.0,1740.0,1777.0,53722
AMAL.TA,2026-07-28,1777.0,1777.0,1737.0,1741.0,12386
AMAL.TA,2026-07-29,1741.0,1730.0,1705.0,1724.0,30742
AMAL.TA,2026-07-30,1730.0,1730.0,1694.0,1703.0,39548
AMAL.TA,2026-07-31,1720.0,1720.0,1698.0,1714.0,17886
AMAL.TA,2026-08-03,1714.0,1779.0,1700.0,1751.0,73240
AMAL.TA,2026-08-04,1751.0,1756.0,1723.0,1723.0,88231
AMAL.TA,2026-08-05,1723.0,1747.0,1675.0,1697.0,133652
AMAL.TA,2026-08-06,1697.0,1729.0,1662.0,1700.0,691853
AMAL.TA,2026-08-07,1670.0,1700.0,1667.0,1678.0,39234
AMAL.TA,2026-08-10,1678.0,1713.0,1653.0,1672.0,31499
AMAL.TA,2026-08-11,1672.0,1676.0,1654.0,1667.0,9294
AMAL.TA,2026-08-12,1627.0,1678.0,1620.0,1637.0,45366
AMAL.TA,2026-08-13,1637.0,1666.0,1617.0,1647.0,17359
AMAL.TA,2026-08-14,1647.0,1674.0,1647.0,1670.0,3389
AMAL.TA,2026-08-17,1670.0,1677.0,1615.0,1625.0,13789
AMAL.TA,2026-08-18,1625.0,1625.0,1587.0,1598.0,11731
AMAL.TA,2026-08-19,1598.0,1620.0,1595.0,1618.0,17633
AMAL.TA,2026-08-20,1618.0,1646.0,1593.0,1632.0,23045
AMAL.TA,2026-08-21,1632.0,1692.0,1613.0,1659.0,18954
AMAL.TA,2026-08-24,1659.0,1680.0,1620.0,1638.0,23185
AMAL.TA,2026-08-25,1638.0,1668.0,1619.0,1642.0,21664
AMAL.TA,2026-08-26,1642.0,1670.0,1632.0,1643.0,11820
AMAL.TA,2026-08-27,1643.0,1659.0,1632.0,1640.0,7465
AMAL.TA,2026-08-28,1640.0,1653.0,1637.0,1645.0,100584
AMAL.TA,2026-08-31,1645.0,1659.0,1618.0,1624.0,5036
AMAL.TA,2026-09-01,1624.0,1701.0,1602.0,1610.0,29144
AMAL.TA,2026-09-02,1596.0,1638.0,1593.0,1632.0,15285
AMAL.TA,2026-09-03,1632.0,1665.0,1618.0,1621.0,26040
AMAL.TA,2026-09-04,1621.0,1659.0,1613.0,1641.0,12699
AMAL.TA,2026-09-07,1641.0,1654.0,1603.0,1631.0,6060
AMAL.TA,2026-09-08,1631.0,1630.0,1591.0,1600.0,19909
AMAL.TA,2026-09-09,1600.0,1591.0,1562.0,1566.0,9202
AMAL.TA,2026-09-10,1566.0,1566.0,1472.0,1496.0,17095
AMAL.TA,2026-09-11,1496.0,1496.0,1496.0,1496.0,0
AMAL.TA,2026-09-14,1496.0,1525.0,1461.0,1493.0,168760
AMAL.TA,2026-09-15,1493.0,1483.0,1434.0,1441.0,22999
AMAL.TA,2026-09-16,1441.0,1475.0,1407.0,1454.0,120217
AMAL.TA,2026-09-17,1642.0,1642.0,1460.0,1561.0,30967
AMAL.TA,2026-09-18,1561.0,1561.0,1561.0,1561.0,0
AMAL.TA,2026-09-21,1561.0,1561.0,1561.0,1561.0,0
AMAL.TA,2026-09-22,1561.0,1658.0,1556.0,1647.0,45451
AMAL.TA,2026-09-23,1647.0,1695.0,1622.0,1678.0,64669
AMAL.TA,2026-09-24,1678.0,1678.0,1617.0,1632.0,151090
BEZQ.TA,2026-07-16,725.0,729.9000244140625,715.0,725.0,6276000
BEZQ.TA,2026-07-17,724.0,731.0,721.0999755859375,729.0999755859375,3600031
BEZQ.TA,2026-07-20,729.0999755859375,730.4000244140625,720.7999877929688,729.5,3847689
BEZQ.TA,2026-07-21,730.7999877929688,746.5999755859375,727.2000122070312,738.5,4265796
BEZQ.TA,2026-07-22,745.9000244140625,757.9000244140625,734.5,744.5999755859375,4503986
BEZQ.TA,2026-07-24,749.0,749.0,732.0,737.5,17008829
BEZQ.TA,2026-07-27,750.0,756.0999755859375,744.2000122070312,746.0999755859375,5711731
BEZQ.TA,2026-07-28,755.5999755859375,755.5999755859375,738.9000244140625,740.0,3206719
BEZQ.TA,2026-07-29,739.0999755859375,751.9000244140625,730.7000122070312,751.9000244140625,7926710
BEZQ.TA,2026-07-30,742.0,748.7000122070312,732.5999755859375,738.0,4730711
BEZQ.TA,2026-07-31,734.2000122070312,740.0,729.0,732.2000122070312,3536415
BEZQ.TA,2026-08-03,726.4000244140625,733.0,719.2000122070312,723.0,4299857
BEZQ.TA,2026-08-04,722.0,729.0,712.4000244140625,720.5999755859375,5107088
BEZQ.TA,2026-08-05,730.4000244140625,747.0999755859375,715.2999877929688,730.4000244140625,8121255
BEZQ.TA,2026-08-06,721.0999755859375,749.0,721.0999755859375,748.2000122070312,12438776
BEZQ.TA,2026-08-07,748.2000122070312,752.4000244140625,735.5,736.5,2710590
BEZQ.TA,2026-08-10,733.2000122070312,743.5999755859375,720.4000244140625,730.0,7420982
BEZQ.TA,2026-08-11,730.0,760.0,729.0,748.9000244140625,6512386
BEZQ.TA,2026-08-12,752.2000122070312,765.2000122070312,752.0999755859375,765.2000122070312,5363942
BEZQ.TA,2026-08-13,761.0,766.7999877929688,752.0999755859375,754.0,3300308
BEZQ.TA,2026-08-14,763.0,769.4000244140625,756.0999755859375,765.7999877929688,2758002
BEZQ.TA,2026-08-17,765.7000122070312,774.2999877929688,740.0,745.2999877929688,3866445
BEZQ.TA,2026-08-18,743.0,756.9000244140625,742.0,756.0,4047082
BEZQ.TA,2026-08-19,756.0,759.5999755859375,748.4000244140625,755.7000122070312,3816976
BEZQ.TA,2026-08-20,759.7000122070312,767.7000122070312,753.4000244140625,756.2999877929688,2783577
BEZQ.TA,2026-08-21,768.0,790.0,764.9000244140625,782.7999877929688,5866682
BEZQ.TA,2026-08-24,786.5999755859375,790.7999877929688,767.5999755859375,774.5,5164604
BEZQ.TA,2026-08-25,775.7999877929688,777.0,768.0,770.5,3699190
BEZQ.TA,2026-08-26,772.0,789.5999755859375,768.5999755859375,782.5999755859375,5449230
BEZQ.TA,2026-08-27,785.7000122070312,795.0,771.7999877929688,777.7999877929688,3649345
BEZQ.TA,2026-08-28,771.0,782.0,771.0,779.7999877929688,7798311
BEZQ.TA,2026-08-31,778.7999877929688,790.9000244140625,778.2999877929688,786.4000244140625,3844778
BEZQ.TA,2026-09-01,789.0,793.9000244140625,780.2000122070312,790.2999877929688,6418344
BEZQ.TA,2026-09-02,782.0,795.9000244140625,779.9000244140625,785.0,5099326
BEZQ.TA,2026-09-03,790.0,792.4000244140625,782.0,788.9000244140625,4553331
BEZQ.TA,2026-09-04,795.0,806.9000244140625,788.9000244140625,801.0,4649284
BEZQ.TA,2026-09-07,804.2000122070312,805.0,790.0,790.0,9953943
BEZQ.TA,2026-09-08,791.5999755859375,795.0,777.0,782.0999755859375,10202961
BEZQ.TA,2026-09-09,783.5999755859375,786.2000122070312,770.7000122070312,780.0,7801170
BEZQ.TA,2026-09-10,782.0999755859375,784.0999755859375,769.0999755859375,776.0,4019601
BEZQ.TA,2026-09-11,776.0,776.0,776.0,776.0,0
BEZQ.TA,2026-09-14,775.0,791.2999877929688,774.2999877929688,791.2999877929688,8562197
BEZQ.TA,2026-09-15,776.9000244140625,780.7000122070312,760.4000244140625,767.5,6017343
BEZQ.TA,2026-09-16,767.0,770.9000244140625,757.0,760.0,6204324
BEZQ.TA,2026-09-17,763.2000122070312,764.9000244140625,745.5999755859375,753.7999877929688,8952230
BEZQ.TA,2026-09-18,753.7999877929688,753.7999877929688,753.7999877929688,753.7999877929688,0
BEZQ.TA,2026-09-21,753.7999877929688,753.7999877929688,753.7999877929688,753.7999877929688,0
BEZQ.TA,2026-09-22,757.7000122070312,758.5999755859375,748.2000122070312,752.0999755859375,4454935
BEZQ.TA,2026-09-23,755.0999755859375,755.0999755859375,734.0,742.9000244140625,6194169
BEZQ.TA,2026-09-24,742.4000244140625,746.0,735.0,743.0,23329856
DIMRI.TA,2026-07-16,37450.0,37540.0,36580.0,36590.0,17481
DIMRI.TA,2026-07-17,36270.0,36570.0,36040.0,36170.0,5850
DIMRI.TA,2026-07-20,36420.0,37130.0,35990.0,36670.0,11027
DIMRI.TA,2026-07-21,36930.0,37650.0,36540.0,36810.0,11555
DIMRI.TA,2026-07-22,37180.0,38000.0,36430.0,36430.0,15928
DIMRI.TA,2026-07-24,36020.0,37500.0,35930.0,37170.0,22554
DIMRI.TA,2026-07-27,37740.0,38410.0,36300.0,36300.0,16151
DIMRI.TA,2026-07-28,36300.0,36860.0,35940.0,36260.0,12641
DIMRI.TA,2026-07-29,36010.0,36790.0,35810.0,35980.0,15498
DIMRI.TA,2026-07-30,36000.0,36230.0,35190.0,35330.0,26133
DIMRI.TA,2026-07-31,35440.0,36200.0,35440.0,36180.0,13249
DIMRI.TA,2026-08-03,36180.0,36470.0,35510.0,35520.0,12333
DIMRI.TA,2026-08-04,35620.0,35670.0,34400.0,34400.0,30303
DIMRI.TA,2026-08-05,34480.0,35460.0,34370.0,35150.0,20177
DIMRI.TA,2026-08-06,35150.0,35260.0,34040.0,34450.0,101167
DIMRI.TA,2026-08-07,34110.0,35290.0,34110.0,34760.0,11948
DIMRI.TA,2026-08-10,34730.0,35030.0,33340.0,33350.0,13768
DIMRI.TA,2026-08-11,33360.0,33850.0,33200.0,33230.0,12098
DIMRI.TA,2026-08-12,33450.0,33600.0,32510.0,32510.0,12538
DIMRI.TA,2026-08-13,32510.0,33890.0,32180.0,33710.0,14249
DIMRI.TA,2026-08-14,33870.0,34230.0,33410.0,33950.0,6780
DIMRI.TA,2026-08-17,33730.0,34100.0,32750.0,32760.0,12723
DIMRI.TA,2026-08-18,32470.0,33300.0,32290.0,33080.0,20625
DIMRI.TA,2026-08-19,33010.0,35280.0,32960.0,35280.0,40367
DIMRI.TA,2026-08-20,35280.0,36670.0,35200.0,35490.0,30519
DIMRI.TA,2026-08-21,35370.0,36790.0,35280.0,36490.0,10615
DIMRI.TA,2026-08-24,36280.0,36730.0,35880.0,36330.0,25037
DIMRI.TA,2026-08-25,36240.0,37090.0,36110.0,36880.0,18592
DIMRI.TA,2026-08-26,36680.0,37410.0,36470.0,37290.0,17652
DIMRI.TA,2026-08-27,37190.0,38030.0,37120.0,37710.0,15113
DIMRI.TA,2026-08-28,38120.0,38240.0,37130.0,37880.0,41480
DIMRI.TA,2026-08-31,37630.0,37760.0,36500.0,36940.0,20387
DIMRI.TA,2026-09-01,36810.0,39300.0,36500.0,38960.0,60046
DIMRI.TA,2026-09-02,38620.0,39070.0,38310.0,38310.0,31650
DIMRI.TA,2026-09-03,38330.0,39220.0,38090.0,39070.0,13953
DIMRI.TA,2026-09-04,39000.0,39990.0,39000.0,39630.0,8110
DIMRI.TA,2026-09-07,39520.0,39520.0,38550.0,38850.0,11136
DIMRI.TA,2026-09-08,38990.0,38990.0,38220.0,38340.0,11384
DIMRI.TA,2026-09-09,38340.0,38800.0,37910.0,38160.0,12204
DIMRI.TA,2026-09-10,38350.0,38630.0,36900.0,37110.0,15142
DIMRI.TA,2026-09-11,37110.0,37110.0,37110.0,37110.0,0
DIMRI.TA,2026-09-14,36800.0,37580.0,36500.0,37490.0,17446
DIMRI.TA,2026-09-15,37200.0,37560.0,36320.0,36810.0,28518
DIMRI.TA,2026-09-16,36810.0,37550.0,36760.0,37030.0,31587
DIMRI.TA,2026-09-17,37170.0,37660.0,36870.0,37090.0,86471
DIMRI.TA,2026-09-18,37090.0,37090.0,37090.0,37090.0,0
DIMRI.TA,2026-09-21,37090.0,37090.0,37090.0,37090.0,0
DIMRI.TA,2026-09-22,37340.0,39220.0,37150.0,38570.0,27081
DIMRI.TA,2026-09-23,38480.0,39140.0,38390.0,38700.0,18886
DIMRI.TA,2026-09-24,38340.0,38740.0,38000.0,38020.0,32811
OPK.TA,2026-07-16,365.29998779296875,365.29998779296875,355.5,357.20001220703125,235113
OPK.TA,2026-07-17,357.20001220703125,365.1000061035156,355.3999938964844,361.3999938964844,103628
OPK.TA,2026-07-20,361.3999938964844,368.1000061035156,360.5,365.29998779296875,124738
OPK.TA,2026-07-21,365.29998779296875,379.0,365.29998779296875,377.6000061035156,174563
OPK.TA,2026-07-22,377.6000061035156,377.6000061035156,368.29998779296875,371.29998779296875,293287
OPK.TA,2026-07-24,364.8999938964844,369.29998779296875,363.6000061035156,366.79998779296875,327323
OPK.TA,2026-07-27,366.79998779296875,376.0,366.79998779296875,375.0,277511
OPK.TA,2026-07-28,383.6000061035156,500.0,383.6000061035156,500.0,1323671
OPK.TA,2026-07-29,497.0,505.1000061035156,458.6000061035156,463.70001220703125,1106913
OPK.TA,2026-07-30,435.0,435.0,402.29998779296875,416.8999938964844,499222
OPK.TA,2026-07-31,416.8999938964844,416.8999938964844,399.5,408.1000061035156,234253
OPK.TA,2026-08-03,408.1000061035156,408.3999938964844,388.70001220703125,393.0,795631
OPK.TA,2026-08-04,395.8999938964844,403.3999938964844,393.1000061035156,393.1000061035156,593204
OPK.TA,2026-08-05,393.1000061035156,395.1000061035156,384.29998779296875,388.79998779296875,642380
OPK.TA,2026-08-06,401.0,408.8999938964844,400.1000061035156,400.1000061035156,2647970
OPK.TA,2026-08-07,404.8999938964844,404.8999938964844,400.20001220703125,401.8999938964844,128721
OPK.TA,2026-08-10,403.6000061035156,417.20001220703125,403.6000061035156,411.0,577201
OPK.TA,2026-08-11,411.0,416.29998779296875,410.20001220703125,413.79998779296875,176929
OPK.TA,2026-08-12,413.79998779296875,416.6000061035156,408.1000061035156,409.6000061035156,294464
OPK.TA,2026-08-13,409.6000061035156,423.0,409.6000061035156,418.5,279271
OPK.TA,2026-08-14,418.5,419.20001220703125,412.0,414.70001220703125,73932
OPK.TA,2026-08-17,414.70001220703125,414.70001220703125,396.0,398.70001220703125,351938
OPK.TA,2026-08-18,398.70001220703125,416.20001220703125,398.70001220703125,412.5,208880
OPK.TA,2026-08-19,412.5,418.20001220703125,402.6000061035156,417.0,275096
OPK.TA,2026-08-20,424.1000061035156,438.3999938964844,424.1000061035156,430.79998779296875,392118
OPK.TA,2026-08-21,432.0,439.0,432.0,437.70001220703125,102759
OPK.TA,2026-08-24,449.8999938964844,449.8999938964844,441.0,444.5,243923
OPK.TA,2026-08-25,449.70001220703125,449.70001220703125,440.0,443.20001220703125,114080
OPK.TA,2026-08-26,443.20001220703125,450.0,439.0,443.5,174415
OPK.TA,2026-08-27,445.8999938964844,455.20001220703125,444.6000061035156,448.29998779296875,257107
OPK.TA,2026-08-28,444.70001220703125,447.79998779296875,442.20001220703125,443.6000061035156,121389
OPK.TA,2026-08-31,443.6000061035156,443.70001220703125,435.8999938964844,437.70001220703125,127511
OPK.TA,2026-09-01,437.70001220703125,454.6000061035156,436.20001220703125,454.20001220703125,281235
OPK.TA,2026-09-02,456.0,499.0,456.0,494.29998779296875,394295
OPK.TA,2026-09-03,499.0,517.7000122070312,499.0,504.1000061035156,323700
OPK.TA,2026-09-04,504.1000061035156,504.1000061035156,484.0,487.0,114182
OPK.TA,2026-09-07,487.0,489.0,478.20001220703125,487.20001220703125,91694
OPK.TA,2026-09-08,487.20001220703125,492.0,475.29998779296875,479.8999938964844,158633
OPK.TA,2026-09-09,479.8999938964844,479.8999938964844,474.8999938964844,476.0,79224
OPK.TA,2026-09-10,467.70001220703125,469.0,457.0,459.0,171427
OPK.TA,2026-09-11,459.0,459.0,459.0,459.0,0
OPK.TA,2026-09-14,459.0,489.70001220703125,459.0,478.8999938964844,451750
OPK.TA,2026-09-15,478.8999938964844,485.0,472.0,477.79998779296875,392584
OPK.TA,2026-09-16,477.79998779296875,488.29998779296875,477.6000061035156,485.5,267488
OPK.TA,2026-09-17,485.5,499.20001220703125,485.5,496.70001220703125,197451
OPK.TA,2026-09-18,496.70001220703125,496.70001220703125,496.70001220703125,496.70001220703125,0
OPK.TA,2026-09-21,496.70001220703125,496.70001220703125,496.70001220703125,496.70001220703125,0
OPK.TA,2026-09-22,500.0,526.5,500.0,525.0,446336
OPK.TA,2026-09-23,520.2999877929688,524.0999755859375,513.9000244140625,517.7000122070312,105341
OPK.TA,2026-09-24,520.5999755859375,520.5999755859375,504.20001220703125,504.8999938964844,279968
VRDS.TA,2026-07-16,4980.0,5013.0,4935.0,4980.0,171101
VRDS.TA,2026-07-17,4980.0,5047.0,4975.0,5000.0,105457
VRDS.TA,2026-07-20,5000.0,5206.0,4950.0,5092.0,201238
VRDS.TA,2026-07-21,5092.0,5270.0,4924.0,4990.0,119163
VRDS.TA,2026-07-22,4990.0,5019.0,4945.0,4990.0,124842
VRDS.TA,2026-07-24,4920.0,5195.0,4916.0,5182.0,173824
VRDS.TA,2026-07-27,5218.0,5311.0,5077.0,5114.0,121830
VRDS.TA,2026-07-28,5200.0,5276.0,5050.0,5100.0,70383
VRDS.TA,2026-07-29,5100.0,5189.0,4973.0,5151.0,86315
VRDS.TA,2026-07-30,5146.0,5146.0,4768.0,4939.0,288149
VRDS.TA,2026-07-31,4939.0,5124.0,4939.0,5050.0,182880
VRDS.TA,2026-08-03,5050.0,5050.0,4865.0,4898.0,108614
VRDS.TA,2026-08-04,4898.0,4977.0,4779.0,4891.0,119337
VRDS.TA,2026-08-05,4891.0,5014.0,4847.0,4882.0,128881
VRDS.TA,2026-08-06,4882.0,4900.0,4650.0,4650.0,1618780
VRDS.TA,2026-08-07,4650.0,4699.0,4580.0,4597.0,50583
VRDS.TA,2026-08-10,4620.0,4621.0,4304.0,4422.0,236144
VRDS.TA,2026-08-11,4422.0,4495.0,4326.0,4394.0,73421
VRDS.TA,2026-08-12,4431.0,4502.0,4369.0,4502.0,85426
VRDS.TA,2026-08-13,4502.0,4503.0,4423.0,4489.0,49611
VRDS.TA,2026-08-14,4489.0,4550.0,4432.0,4512.0,33986
VRDS.TA,2026-08-17,4598.0,4598.0,3988.0,4190.0,128998
VRDS.TA,2026-08-18,4190.0,4285.0,4098.0,4285.0,103566
VRDS.TA,2026-08-19,4285.0,4318.0,4173.0,4250.0,73280
VRDS.TA,2026-08-20,4260.0,4385.0,4248.0,4347.0,94701
VRDS.TA,2026-08-21,4499.0,4499.0,4248.0,4294.0,68047
VRDS.TA,2026-08-24,4294.0,4818.0,4280.0,4592.0,140156
VRDS.TA,2026-08-25,4637.0,4846.0,4583.0,4815.0,208388
VRDS.TA,2026-08-26,4842.0,5064.0,4797.0,4806.0,268815
VRDS.TA,2026-08-27,4879.0,4933.0,4830.0,4859.0,277415
VRDS.TA,2026-08-28,4822.0,5052.0,4822.0,4859.0,216416
VRDS.TA,2026-08-31,4869.0,4874.0,4784.0,4835.0,266404
VRDS.TA,2026-09-01,4855.0,5070.0,4855.0,5052.0,324981
VRDS.TA,2026-09-02,5052.0,5216.0,5034.0,5115.0,270305
VRDS.TA,2026-09-03,5115.0,5132.0,4998.0,5111.0,169767
VRDS.TA,2026-09-04,5073.0,5230.0,5072.0,5100.0,165848
VRDS.TA,2026-09-07,5130.0,5256.0,5040.0,5089.0,255842
VRDS.TA,2026-09-08,5089.0,5177.0,5052.0,5065.0,136068
VRDS.TA,2026-09-09,5065.0,5250.0,5047.0,5060.0,190572
VRDS.TA,2026-09-10,5182.0,5182.0,4874.0,4874.0,132177
VRDS.TA,2026-09-11,4874.0,4874.0,4874.0,4874.0,0
VRDS.TA,2026-09-14,4874.0,4913.0,4820.0,4860.0,130044
VRDS.TA,2026-09-15,4860.0,4917.0,4808.0,4809.0,166504
VRDS.TA,2026-09-16,4809.0,4895.0,4733.0,4738.0,162340
VRDS.TA,2026-09-17,4732.0,4857.0,4713.0,4760.0,2519747
VRDS.TA,2026-09-18,4760.0,4760.0,4760.0,4760.0,0
VRDS.TA,2026-09-21,4760.0,4760.0,4760.0,4760.0,0
VRDS.TA,2026-09-22,4764.0,4854.0,4513.0,4534.0,102731
VRDS.TA,2026-09-23,4534.0,4573.0,4409.0,4534.0,186414
VRDS.TA,2026-09-24,4542.0,4602.0,4377.0,4452.0,101674
BLSR.TA,2026-07-16,31700.0,32140.0,30830.0,31120.0,21526
BLSR.TA,2026-07-17,31120.0,31120.0,30030.0,30030.0,20715
BLSR.TA,2026-07-20,30130.0,30790.0,29380.0,30500.0,22976
BLSR.TA,2026-07-21,30500.0,30890.0,30430.0,30750.0,7182
BLSR.TA,2026-07-22,30470.0,31220.0,30090.0,30890.0,13131
BLSR.TA,2026-07-24,30350.0,31100.0,30350.0,30900.0,14157
BLSR.TA,2026-07-27,31120.0,31330.0,30150.0,30400.0,8896
BLSR.TA,2026-07-28,30400.0,31160.0,30390.0,30420.0,18375
BLSR.TA,2026-07-29,30380.0,31020.0,29900.0,29960.0,6805
BLSR.TA,2026-07-30,29960.0,30710.0,29620.0,30380.0,6729
BLSR.TA,2026-07-31,30380.0,32660.0,30340.0,32150.0,10492
BLSR.TA,2026-08-03,32150.0,32150.0,30700.0,31210.0,15310
BLSR.TA,2026-08-04,31210.0,31440.0,30110.0,30220.0,11353
BLSR.TA,2026-08-05,30130.0,31260.0,30120.0,30680.0,16193
BLSR.TA,2026-08-06,31350.0,31350.0,30400.0,31130.0,61938
BLSR.TA,2026-08-07,31130.0,31620.0,31130.0,31310.0,4493
BLSR.TA,2026-08-10,31300.0,31510.0,30610.0,30610.0,8961
BLSR.TA,2026-08-11,30700.0,31030.0,30270.0,30470.0,5637
BLSR.TA,2026-08-12,30470.0,30830.0,30040.0,30400.0,10412
BLSR.TA,2026-08-13,30400.0,30940.0,30080.0,30630.0,7205
BLSR.TA,2026-08-14,30630.0,31250.0,30110.0,31050.0,3887
BLSR.TA,2026-08-17,31050.0,31050.0,29140.0,29210.0,12672
BLSR.TA,2026-08-18,29210.0,29640.0,28750.0,29580.0,5919
BLSR.TA,2026-08-19,29840.0,30660.0,29570.0,30490.0,9810
BLSR.TA,2026-08-20,30600.0,31000.0,30410.0,30700.0,5071
BLSR.TA,2026-08-21,30980.0,31500.0,30600.0,31390.0,4622
BLSR.TA,2026-08-24,31390.0,31390.0,29910.0,29940.0,5837
BLSR.TA,2026-08-25,29940.0,29950.0,29600.0,29600.0,7297
BLSR.TA,2026-08-26,29600.0,29990.0,29000.0,29850.0,13471
BLSR.TA,2026-08-27,29850.0,30420.0,29260.0,29610.0,12114
BLSR.TA,2026-08-28,29370.0,30860.0,29320.0,30860.0,14198
BLSR.TA,2026-08-31,30860.0,30860.0,30000.0,30000.0,7672
BLSR.TA,2026-09-01,30000.0,32340.0,29890.0,32220.0,30304
BLSR.TA,2026-09-02,32110.0,33910.0,31970.0,33710.0,14943
BLSR.TA,2026-09-03,32910.0,34500.0,32910.0,34230.0,11088
BLSR.TA,2026-09-04,34260.0,34800.0,34230.0,34510.0,4896
BLSR.TA,2026-09-07,34510.0,34520.0,33550.0,33710.0,4751
BLSR.TA,2026-09-08,33710.0,33780.0,33070.0,33240.0,7072
BLSR.TA,2026-09-09,33240.0,33700.0,32430.0,32640.0,32271
BLSR.TA,2026-09-10,33040.0,33200.0,32250.0,32310.0,6046
BLSR.TA,2026-09-11,32310.0,32310.0,32310.0,32310.0,0
BLSR.TA,2026-09-14,32310.0,32530.0,31850.0,32030.0,4562
BLSR.TA,2026-09-15,32030.0,32040.0,31510.0,31600.0,3576
BLSR.TA,2026-09-16,31510.0,32320.0,31470.0,32100.0,39262
BLSR.TA,2026-09-17,32100.0,33020.0,32010.0,32100.0,33162
BLSR.TA,2026-09-18,32100.0,32100.0,32100.0,32100.0,0
BLSR.TA,2026-09-21,32100.0,32100.0,32100.0,32100.0,0
BLSR.TA,2026-09-22,31560.0,32650.0,31560.0,32540.0,60346
BLSR.TA,2026-09-23,32540.0,32750.0,32000.0,32030.0,10233
BLSR.TA,2026-09-24,31760.0,31930.0,31000.0,31300.0,7262
TDRN.TA,2026-07-16,18880.0,19500.0,18680.0,18680.0,5882
TDRN.TA,2026-07-17,18690.0,19470.0,18460.0,19470.0,6877
TDRN.TA,2026-07-20,19470.0,20030.0,18760.0,19100.0,6579
TDRN.TA,2026-07-21,19290.0,19870.0,18870.0,19490.0,5262
TDRN.TA,2026-07-22,19110.0,19510.0,18590.0,19010.0,20851
TDRN.TA,2026-07-24,19010.0,19270.0,18720.0,19130.0,2491
TDRN.TA,2026-07-27,19130.0,19150.0,17670.0,17670.0,19881
TDRN.TA,2026-07-28,18100.0,18350.0,17590.0,18350.0,6438
TDRN.TA,2026-07-29,18350.0,18310.0,17910.0,18060.0,2569
TDRN.TA,2026-07-30,18060.0,18600.0,17780.0,18600.0,8047
TDRN.TA,2026-07-31,18600.0,18940.0,17990.0,18880.0,16647
TDRN.TA,2026-08-03,18520.0,18950.0,18300.0,18590.0,5199
TDRN.TA,2026-08-04,18730.0,18730.0,17950.0,18000.0,5900
TDRN.TA,2026-08-05,18000.0,18040.0,17440.0,17570.0,10817
TDRN.TA,2026-08-06,17440.0,18270.0,16900.0,16900.0,44264
TDRN.TA,2026-08-07,16900.0,17370.0,16610.0,17000.0,5889
TDRN.TA,2026-08-10,17000.0,17200.0,16570.0,16820.0,7042
TDRN.TA,2026-08-11,16820.0,17110.0,16320.0,16660.0,4991
TDRN.TA,2026-08-12,16660.0,16690.0,16350.0,16630.0,2808
TDRN.TA,2026-08-13,17400.0,18460.0,16820.0,18290.0,59600
TDRN.TA,2026-08-14,18490.0,18700.0,18000.0,18230.0,6225
TDRN.TA,2026-08-17,18330.0,18450.0,17810.0,17990.0,7051
TDRN.TA,2026-08-18,17990.0,17970.0,17520.0,17970.0,4717
TDRN.TA,2026-08-19,17970.0,18650.0,17710.0,18600.0,8087
TDRN.TA,2026-08-20,18600.0,19270.0,18560.0,19160.0,7792
TDRN.TA,2026-08-21,19260.0,19470.0,19160.0,19370.0,2919
TDRN.TA,2026-08-24,19370.0,19750.0,18860.0,19640.0,6256
TDRN.TA,2026-08-25,19640.0,20040.0,19540.0,20030.0,4577
TDRN.TA,2026-08-26,20030.0,20540.0,19710.0,20520.0,5124
TDRN.TA,2026-08-27,20540.0,20840.0,20180.0,20450.0,2304
TDRN.TA,2026-08-28,20500.0,20700.0,20340.0,20700.0,1258
TDRN.TA,2026-08-31,20700.0,20820.0,20010.0,20500.0,3650
TDRN.TA,2026-09-01,20500.0,20490.0,19900.0,20000.0,3599
TDRN.TA,2026-09-02,20000.0,19990.0,19420.0,19750.0,4173
TDRN.TA,2026-09-03,19750.0,20130.0,19520.0,19640.0,3143
TDRN.TA,2026-09-04,19310.0,20100.0,19310.0,20100.0,1163
TDRN.TA,2026-09-07,20100.0,20100.0,19740.0,19950.0,2811
TDRN.TA,2026-09-08,19950.0,20500.0,19570.0,20390.0,6372
TDRN.TA,2026-09-09,20390.0,20460.0,20200.0,20400.0,1616
TDRN.TA,2026-09-10,20400.0,20400.0,19830.0,20320.0,2761
TDRN.TA,2026-09-11,20320.0,20320.0,20320.0,20320.0,0
TDRN.TA,2026-09-14,20320.0,20440.0,19680.0,19990.0,2440
TDRN.TA,2026-09-15,19990.0,20300.0,19520.0,19650.0,2962
TDRN.TA,2026-09-16,19650.0,20100.0,19490.0,20000.0,2315
TDRN.TA,2026-09-17,20000.0,20590.0,19980.0,20450.0,2672
TDRN.TA,2026-09-18,20450.0,20450.0,20450.0,20450.0,0
TDRN.TA,2026-09-21,20450.0,20450.0,20450.0,20450.0,0
TDRN.TA,2026-09-22,20450.0,20780.0,20070.0,20330.0,5137
TDRN.TA,2026-09-23,20330.0,20770.0,19730.0,20000.0,4973
TDRN.TA,2026-09-24,20000.0,20070.0,19200.0,19600.0,2343
ALUMA.TA,2026-07-16,92.0,93.69999694824219,92.0,92.69999694824219,202853
ALUMA.TA,2026-07-17,93.5,93.69999694824219,92.0999984741211,92.5,317411
ALUMA.TA,2026-07-20,93.19999694824219,95.5,93.19999694824219,94.0999984741211,1592733
ALUMA.TA,2026-07-21,94.0999984741211,95.0,93.0999984741211,93.5999984741211,304452
ALUMA.TA,2026-07-22,93.5999984741211,93.5999984741211,91.80000305175781,93.0999984741211,432993
ALUMA.TA,2026-07-24,93.0999984741211,93.5999984741211,88.5,92.4000015258789,143550
ALUMA.TA,2026-07-27,92.4000015258789,94.80000305175781,91.4000015258789,92.30000305175781,514222
ALUMA.TA,2026-07-28,92.30000305175781,92.5,88.5,89.0999984741211,3142192
ALUMA.TA,2026-07-29,89.0999984741211,95.5999984741211,88.0,94.4000015258789,1974385
ALUMA.TA,2026-07-30,94.4000015258789,94.4000015258789,92.19999694824219,93.5,146385
ALUMA.TA,2026-07-31,93.5,93.4000015258789,91.5999984741211,92.0,332018
ALUMA.TA,2026-08-03,92.0,92.0,90.0,92.0,670451
ALUMA.TA,2026-08-04,93.69999694824219,93.80000305175781,90.4000015258789,93.69999694824219,674802
ALUMA.TA,2026-08-05,93.69999694824219,93.9000015258789,92.4000015258789,93.5999984741211,621483
ALUMA.TA,2026-08-06,93.5999984741211,96.9000015258789,93.5,96.4000015258789,3691380
ALUMA.TA,2026-08-07,96.4000015258789,96.9000015258789,95.5,96.5999984741211,220373
ALUMA.TA,2026-08-10,96.5999984741211,96.9000015258789,94.69999694824219,95.0,361621
ALUMA.TA,2026-08-11,95.0,95.80000305175781,94.0999984741211,94.80000305175781,179024
ALUMA.TA,2026-08-12,94.80000305175781,95.19999694824219,94.0,94.5999984741211,234386
ALUMA.TA,2026-08-13,94.5999984741211,95.4000015258789,93.69999694824219,94.69999694824219,199054
ALUMA.TA,2026-08-14,94.69999694824219,95.5999984741211,94.69999694824219,94.80000305175781,68339
ALUMA.TA,2026-08-17,94.80000305175781,94.80000305175781,93.0,93.4000015258789,583223
ALUMA.TA,2026-08-18,93.4000015258789,93.30000305175781,91.4000015258789,92.5,178602
ALUMA.TA,2026-08-19,94.69999694824219,94.69999694824219,91.5,92.5999984741211,186103
ALUMA.TA,2026-08-20,85.69999694824219,92.4000015258789,82.0,89.69999694824219,507850
ALUMA.TA,2026-08-21,89.69999694824219,92.0,89.69999694824219,91.4000015258789,56500
ALUMA.TA,2026-08-24,94.80000305175781,98.5999984741211,94.5,98.0,3275070
ALUMA.TA,2026-08-25,98.0,98.0,94.19999694824219,96.0999984741211,405922
ALUMA.TA,2026-08-26,98.69999694824219,98.69999694824219,93.30000305175781,96.30000305175781,331657
ALUMA.TA,2026-08-27,96.5,103.0999984741211,96.5,97.19999694824219,3313299
ALUMA.TA,2026-08-28,97.19999694824219,98.30000305175781,96.80000305175781,97.9000015258789,383967
ALUMA.TA,2026-08-31,97.9000015258789,99.0,97.0999984741211,99.0,998410
ALUMA.TA,2026-09-01,99.0,104.80000305175781,98.9000015258789,104.0,1420264
ALUMA.TA,2026-09-02,104.0,105.5,103.5,105.0999984741211,876795
ALUMA.TA,2026-09-03,105.0999984741211,106.0999984741211,104.0,105.9000015258789,515997
ALUMA.TA,2026-09-04,105.9000015258789,106.5,105.0,105.9000015258789,394937
ALUMA.TA,2026-09-07,107.69999694824219,108.0999984741211,105.9000015258789,107.4000015258789,2365179
ALUMA.TA,2026-09-08,107.5999984741211,108.80000305175781,105.0,106.19999694824219,1007357
ALUMA.TA,2026-09-09,106.19999694824219,106.69999694824219,105.0,106.5,537619
ALUMA.TA,2026-09-10,106.5,107.0,105.0,106.19999694824219,228991
ALUMA.TA,2026-09-11,106.19999694824219,106.19999694824219,106.19999694824219,106.19999694824219,0
ALUMA.TA,2026-09-14,106.19999694824219,106.19999694824219,104.0999984741211,104.5,590858
ALUMA.TA,2026-09-15,105.80000305175781,106.4000015258789,101.80000305175781,104.0,733367
ALUMA.TA,2026-09-16,104.4000015258789,105.69999694824219,103.0,103.80000305175781,510743
ALUMA.TA,2026-09-17,103.80000305175781,106.19999694824219,103.80000305175781,105.0,766146
ALUMA.TA,2026-09-18,105.0,105.0,105.0,105.0,0
ALUMA.TA,2026-09-21,105.0,105.0,105.0,105.0,0
ALUMA.TA,2026-09-22,105.0,106.5,105.0,105.0999984741211,737824
ALUMA.TA,2026-09-23,106.30000305175781,107.0,104.19999694824219,106.0999984741211,1340808
ALUMA.TA,2026-09-24,106.19999694824219,106.19999694824219,103.30000305175781,104.69999694824219,871102
AFRE.TA,2026-07-16,22490.0,22730.0,21920.0,22130.0,10986
AFRE.TA,2026-07-17,22130.0,22100.0,21750.0,22010.0,24676
AFRE.TA,2026-07-20,21740.0,22370.0,21740.0,22060.0,17122
AFRE.TA,2026-07-21,21900.0,22600.0,21900.0,22110.0,17013
AFRE.TA,2026-07-22,21880.0,22660.0,21720.0,21800.0,15086
AFRE.TA,2026-07-24,21500.0,22670.0,21500.0,22480.0,21860
AFRE.TA,2026-07-27,22480.0,22920.0,21710.0,21710.0,8552
AFRE.TA,2026-07-28,21850.0,21850.0,21280.0,21400.0,10011
AFRE.TA,2026-07-29,21370.0,21420.0,20950.0,21280.0,8611
AFRE.TA,2026-07-30,21290.0,21290.0,20600.0,20800.0,9760
AFRE.TA,2026-07-31,20800.0,21810.0,20800.0,21700.0,10520
AFRE.TA,2026-08-03,21700.0,22140.0,21270.0,21500.0,14167
AFRE.TA,2026-08-04,21500.0,21750.0,21180.0,21250.0,14413
AFRE.TA,2026-08-05,21250.0,22490.0,21080.0,21470.0,23919
AFRE.TA,2026-08-06,21670.0,22140.0,21130.0,22090.0,272447
AFRE.TA,2026-08-07,22090.0,22300.0,21230.0,21420.0,12727
AFRE.TA,2026-08-10,21420.0,21700.0,20220.0,20420.0,20899
AFRE.TA,2026-08-11,20420.0,20700.0,20100.0,20410.0,11734
AFRE.TA,2026-08-12,20490.0,20620.0,20190.0,20260.0,14094
AFRE.TA,2026-08-13,20260.0,21150.0,20010.0,20990.0,11747
AFRE.TA,2026-08-14,21060.0,21300.0,20630.0,21090.0,6559
AFRE.TA,2026-08-17,21090.0,21450.0,20820.0,20950.0,26239
AFRE.TA,2026-08-18,20800.0,21750.0,20560.0,21530.0,15351
AFRE.TA,2026-08-19,21530.0,22010.0,21480.0,22010.0,13366
AFRE.TA,2026-08-20,22190.0,22480.0,21930.0,22130.0,14982
AFRE.TA,2026-08-21,21830.0,23150.0,21830.0,22850.0,8731
AFRE.TA,2026-08-24,22710.0,22820.0,22410.0,22730.0,9019
AFRE.TA,2026-08-25,22730.0,23390.0,22580.0,23230.0,10202
AFRE.TA,2026-08-26,23230.0,23750.0,22750.0,23700.0,16771
AFRE.TA,2026-08-27,23990.0,24360.0,23510.0,24050.0,10725
AFRE.TA,2026-08-28,23750.0,24590.0,23750.0,24300.0,9392
AFRE.TA,2026-08-31,24300.0,24300.0,23440.0,23440.0,14636
AFRE.TA,2026-09-01,23440.0,24620.0,23410.0,24190.0,74549
AFRE.TA,2026-09-02,24190.0,24820.0,23890.0,24560.0,21648
AFRE.TA,2026-09-03,24560.0,25000.0,24430.0,24870.0,13038
AFRE.TA,2026-09-04,24870.0,25520.0,24840.0,25110.0,12226
AFRE.TA,2026-09-07,25520.0,25520.0,24840.0,25100.0,9517
AFRE.TA,2026-09-08,25100.0,25290.0,24480.0,24660.0,9693
AFRE.TA,2026-09-09,24780.0,25070.0,23420.0,23670.0,11600
AFRE.TA,2026-09-10,23670.0,23880.0,22830.0,22940.0,17080
AFRE.TA,2026-09-11,22940.0,22940.0,22940.0,22940.0,0
AFRE.TA,2026-09-14,22940.0,23220.0,22600.0,23140.0,10521
AFRE.TA,2026-09-15,23140.0,23390.0,22680.0,23160.0,5669
AFRE.TA,2026-09-16,23160.0,23950.0,23160.0,23740.0,9259
AFRE.TA,2026-09-17,23740.0,24300.0,23640.0,23720.0,23528
AFRE.TA,2026-09-18,23720.0,23720.0,23720.0,23720.0,0
AFRE.TA,2026-09-21,23720.0,23720.0,23720.0,23720.0,0
AFRE.TA,2026-09-22,23720.0,24240.0,23420.0,23500.0,9947
AFRE.TA,2026-09-23,23500.0,24290.0,23280.0,23530.0,7904
AFRE.TA,2026-09-24,23510.0,23800.0,23100.0,23490.0,14181
JCFN.TA,2026-07-16,3000.0,3000.0,2959.0,2974.0,8268
JCFN.TA,2026-07-17,2974.0,3030.0,2878.0,2907.0,5036
JCFN.TA,2026-07-20,2907.0,2918.0,2869.0,2915.0,16123
JCFN.TA,2026-07-21,2915.0,2925.0,2857.0,2918.0,20547
JCFN.TA,2026-07-22,2918.0,2924.0,2845.0,2897.0,25962
JCFN.TA,2026-07-24,2897.0,2967.0,2894.0,2925.0,4665
JCFN.TA,2026-07-27,2925.0,2973.0,2890.0,2900.0,2682
JCFN.TA,2026-07-28,2900.0,2944.0,2850.0,2858.0,4956
JCFN.TA,2026-07-29,2858.0,2873.0,2797.0,2841.0,14615
JCFN.TA,2026-07-30,2841.0,2904.0,2840.0,2900.0,11303
JCFN.TA,2026-07-31,2900.0,2979.0,2944.0,2959.0,5307
JCFN.TA,2026-08-03,2959.0,3001.0,2930.0,2949.0,1839
JCFN.TA,2026-08-04,2949.0,2976.0,2840.0,2945.0,1735
JCFN.TA,2026-08-05,2945.0,2980.0,2897.0,2922.0,11940
JCFN.TA,2026-08-06,2998.0,3205.0,2963.0,2998.0,81956
JCFN.TA,2026-08-07,2998.0,3054.0,2998.0,3038.0,8807
JCFN.TA,2026-08-10,3038.0,3076.0,3038.0,3038.0,39072
JCFN.TA,2026-08-11,3038.0,3011.0,2921.0,2947.0,24410
JCFN.TA,2026-08-12,2947.0,2969.0,2902.0,2928.0,3114
JCFN.TA,2026-08-13,2928.0,2976.0,2947.0,2947.0,4387
JCFN.TA,2026-08-14,2866.0,2982.0,2866.0,2922.0,1096
JCFN.TA,2026-08-17,2922.0,2990.0,2824.0,2864.0,17592
JCFN.TA,2026-08-18,2864.0,2862.0,2802.0,2839.0,13411
JCFN.TA,2026-08-19,2839.0,2904.0,2825.0,2853.0,3770
JCFN.TA,2026-08-20,2853.0,2853.0,2779.0,2788.0,44370
JCFN.TA,2026-08-21,2788.0,2853.0,2762.0,2853.0,14515
JCFN.TA,2026-08-24,2853.0,2853.0,2780.0,2849.0,10601
JCFN.TA,2026-08-25,2849.0,2853.0,2817.0,2852.0,14868
JCFN.TA,2026-08-26,2852.0,2880.0,2805.0,2860.0,5612
JCFN.TA,2026-08-27,2880.0,2881.0,2742.0,2818.0,30420
JCFN.TA,2026-08-28,2818.0,2940.0,2848.0,2875.0,5766
JCFN.TA,2026-08-31,2875.0,2950.0,2853.0,2906.0,21087
JCFN.TA,2026-09-01,2906.0,3011.0,2859.0,2952.0,14380
JCFN.TA,2026-09-02,2952.0,2992.0,2884.0,2952.0,20605
JCFN.TA,2026-09-03,2952.0,2951.0,2912.0,2924.0,5104
JCFN.TA,2026-09-04,2924.0,2943.0,2860.0,2914.0,4525
JCFN.TA,2026-09-07,2914.0,2943.0,2867.0,2926.0,14369
JCFN.TA,2026-09-08,2926.0,2950.0,2830.0,2857.0,10762
JCFN.TA,2026-09-09,2857.0,2856.0,2768.0,2806.0,17181
JCFN.TA,2026-09-10,2806.0,2815.0,2754.0,2779.0,42253
JCFN.TA,2026-09-11,2779.0,2779.0,2779.0,2779.0,0
JCFN.TA,2026-09-14,2779.0,2838.0,2779.0,2838.0,10962
JCFN.TA,2026-09-15,2838.0,2847.0,2806.0,2833.0,1567
JCFN.TA,2026-09-16,2833.0,2833.0,2762.0,2810.0,21438
JCFN.TA,2026-09-17,2810.0,2812.0,2770.0,2810.0,14604
JCFN.TA,2026-09-18,2810.0,2810.0,2810.0,2810.0,0
JCFN.TA,2026-09-21,2810.0,2810.0,2810.0,2810.0,0
JCFN.TA,2026-09-22,2810.0,2850.0,2750.0,2820.0,22135
JCFN.TA,2026-09-23,2820.0,2819.0,2757.0,2769.0,14578
JCFN.TA,2026-09-24,2769.0,2750.0,2672.0,2729.0,12543
RMLI.TA,2026-07-16,36090.0,36720.0,34940.0,35080.0,159659
RMLI.TA,2026-07-17,34700.0,35230.0,34140.0,34290.0,40711
RMLI.TA,2026-07-20,34290.0,34980.0,34190.0,34800.0,18826
RMLI.TA,2026-07-21,35030.0,35040.0,34500.0,34850.0,13999
RMLI.TA,2026-07-22,34970.0,35110.0,34450.0,34860.0,20660
RMLI.TA,2026-07-24,34400.0,34890.0,34240.0,34720.0,33670
RMLI.TA,2026-07-27,34940.0,35020.0,34270.0,34270.0,10013
RMLI.TA,2026-07-28,34270.0,34670.0,34010.0,34010.0,9312
RMLI.TA,2026-07-29,34010.0,34500.0,33540.0,34170.0,18105
RMLI.TA,2026-07-30,34170.0,34640.0,34010.0,34220.0,12587
RMLI.TA,2026-07-31,34220.0,34840.0,34020.0,34420.0,11578
RMLI.TA,2026-08-03,34370.0,34600.0,33410.0,34060.0,22956
RMLI.TA,2026-08-04,34060.0,34200.0,33500.0,33850.0,20264
RMLI.TA,2026-08-05,33950.0,34380.0,33500.0,33500.0,26464
RMLI.TA,2026-08-06,33500.0,34260.0,33310.0,33770.0,113297
RMLI.TA,2026-08-07,33770.0,34580.0,33770.0,34080.0,10767
RMLI.TA,2026-08-10,34080.0,34420.0,32870.0,33090.0,22300
RMLI.TA,2026-08-11,33050.0,33690.0,32930.0,33060.0,16933
RMLI.TA,2026-08-12,33060.0,33520.0,32880.0,32880.0,16912
RMLI.TA,2026-08-13,32880.0,33950.0,32830.0,33730.0,15887
RMLI.TA,2026-08-14,33730.0,34040.0,33510.0,33540.0,3061
RMLI.TA,2026-08-17,33540.0,33920.0,32500.0,32500.0,18448
RMLI.TA,2026-08-18,32500.0,33810.0,32500.0,33730.0,17756
RMLI.TA,2026-08-19,33730.0,34760.0,33660.0,34650.0,23855
RMLI.TA,2026-08-20,34400.0,35150.0,33350.0,35010.0,73474
RMLI.TA,2026-08-21,35010.0,35130.0,34130.0,34390.0,12272
RMLI.TA,2026-08-24,34390.0,34500.0,33910.0,34250.0,8032
RMLI.TA,2026-08-25,34250.0,34970.0,33950.0,34700.0,26516
RMLI.TA,2026-08-26,34700.0,34870.0,34160.0,34440.0,11333
RMLI.TA,2026-08-27,34440.0,35560.0,34440.0,35370.0,39843
RMLI.TA,2026-08-28,35260.0,35400.0,34930.0,35040.0,8394
RMLI.TA,2026-08-31,34940.0,35180.0,34420.0,35100.0,20576
RMLI.TA,2026-09-01,35100.0,35700.0,35000.0,35570.0,13037
RMLI.TA,2026-09-02,35570.0,35870.0,35100.0,35410.0,17106
RMLI.TA,2026-09-03,35420.0,35860.0,35150.0,35220.0,19410
RMLI.TA,2026-09-04,35220.0,35580.0,35060.0,35370.0,17870
RMLI.TA,2026-09-07,35630.0,35870.0,35220.0,35500.0,40854
RMLI.TA,2026-09-08,35500.0,35850.0,34390.0,35750.0,49854
RMLI.TA,2026-09-09,35750.0,35860.0,34160.0,34300.0,38831
RMLI.TA,2026-09-10,34400.0,34730.0,34000.0,34000.0,14996
RMLI.TA,2026-09-11,34000.0,34000.0,34000.0,34000.0,0
RMLI.TA,2026-09-14,34000.0,34820.0,33550.0,34580.0,18964
RMLI.TA,2026-09-15,34580.0,34640.0,34010.0,34270.0,7594
RMLI.TA,2026-09-16,34000.0,34380.0,33730.0,33900.0,15234
RMLI.TA,2026-09-17,33900.0,34450.0,33780.0,34450.0,24652
RMLI.TA,2026-09-18,34450.0,34450.0,34450.0,34450.0,0
RMLI.TA,2026-09-21,34450.0,34450.0,34450.0,34450.0,0
RMLI.TA,2026-09-22,34450.0,34450.0,33600.0,33660.0,20503
RMLI.TA,2026-09-23,33680.0,33760.0,33380.0,33670.0,9027
RMLI.TA,2026-09-24,33670.0,33770.0,32970.0,33100.0,19437
PRTC.TA,2026-07-16,31560.0,31560.0,30290.0,31240.0,45225
PRTC.TA,2026-07-17,30930.0,33280.0,30230.0,33280.0,37972
PRTC.TA,2026-07-20,33330.0,34780.0,33310.0,34340.0,33396
PRTC.TA,2026-07-21,34450.0,35200.0,34450.0,34900.0,31587
PRTC.TA,2026-07-22,34910.0,36010.0,34470.0,36010.0,37163
PRTC.TA,2026-07-24,34830.0,36220.0,34830.0,36000.0,34491
PRTC.TA,2026-07-27,36000.0,36670.0,34610.0,35300.0,27849
PRTC.TA,2026-07-28,34960.0,35260.0,33560.0,33580.0,26029
PRTC.TA,2026-07-29,33240.0,34590.0,33080.0,33800.0,68432
PRTC.TA,2026-07-30,33550.0,33550.0,31500.0,32840.0,33053
PRTC.TA,2026-07-31,33990.0,34020.0,32700.0,34020.0,17132
PRTC.TA,2026-08-03,34010.0,34010.0,31160.0,31650.0,29310
PRTC.TA,2026-08-04,32400.0,33730.0,31370.0,31650.0,54663
PRTC.TA,2026-08-05,32300.0,33250.0,31730.0,32620.0,51963
PRTC.TA,2026-08-06,32000.0,32370.0,31400.0,31500.0,261579
PRTC.TA,2026-08-07,31500.0,33200.0,31500.0,32720.0,19381
PRTC.TA,2026-08-10,32780.0,34320.0,30400.0,31120.0,46225
PRTC.TA,2026-08-11,31550.0,32100.0,30790.0,31110.0,43599
PRTC.TA,2026-08-12,31110.0,32860.0,31200.0,32740.0,38764
PRTC.TA,2026-08-13,32740.0,33570.0,32550.0,33420.0,12595
PRTC.TA,2026-08-14,33140.0,33590.0,32290.0,32800.0,8314
PRTC.TA,2026-08-17,32600.0,32600.0,31680.0,32020.0,18513
PRTC.TA,2026-08-18,32020.0,32040.0,30520.0,30840.0,20901
PRTC.TA,2026-08-19,30510.0,31200.0,28510.0,29000.0,34084
PRTC.TA,2026-08-20,29100.0,30200.0,28850.0,29430.0,34871
PRTC.TA,2026-08-21,29430.0,29700.0,29050.0,29420.0,12525
PRTC.TA,2026-08-24,29420.0,29420.0,27150.0,27400.0,28229
PRTC.TA,2026-08-25,27400.0,28690.0,27400.0,28110.0,93103
PRTC.TA,2026-08-26,28170.0,28520.0,27670.0,28000.0,38100
PRTC.TA,2026-08-27,28980.0,30500.0,28980.0,29350.0,43003
PRTC.TA,2026-08-28,28510.0,28880.0,28330.0,28580.0,11671
PRTC.TA,2026-08-31,28290.0,28290.0,27550.0,28240.0,27157
PRTC.TA,2026-09-01,28240.0,28980.0,27840.0,28370.0,19911
PRTC.TA,2026-09-02,28370.0,29480.0,28110.0,29200.0,19894
PRTC.TA,2026-09-03,29480.0,29720.0,28420.0,28950.0,18629
PRTC.TA,2026-09-04,29800.0,30730.0,29800.0,30690.0,19368
PRTC.TA,2026-09-07,31000.0,31720.0,30760.0,31130.0,17441
PRTC.TA,2026-09-08,31130.0,31200.0,30300.0,30620.0,15171
PRTC.TA,2026-09-09,30620.0,31100.0,30320.0,30690.0,11256
PRTC.TA,2026-09-10,31170.0,31170.0,27700.0,29770.0,14485
PRTC.TA,2026-09-11,29770.0,29770.0,29770.0,29770.0,0
PRTC.TA,2026-09-14,29770.0,29770.0,28550.0,28690.0,10455
PRTC.TA,2026-09-15,28690.0,28710.0,27870.0,28220.0,16474
PRTC.TA,2026-09-16,28220.0,28780.0,28220.0,28550.0,12474
PRTC.TA,2026-09-17,29000.0,30050.0,29000.0,29740.0,27356
PRTC.TA,2026-09-18,29740.0,29740.0,29740.0,29740.0,0
PRTC.TA,2026-09-21,29740.0,29740.0,29740.0,29740.0,0
PRTC.TA,2026-09-22,30150.0,30640.0,29580.0,30140.0,10834
PRTC.TA,2026-09-23,30260.0,30770.0,29400.0,29400.0,7656
PRTC.TA,2026-09-24,29340.0,29830.0,28180.0,28550.0,18465
GSFI.TA,2026-07-16,2185.0,2198.0,2155.0,2178.0,470
GSFI.TA,2026-07-17,2178.0,2154.0,2144.0,2147.0,557
GSFI.TA,2026-07-20,2147.0,2146.0,2132.0,2146.0,15685
GSFI.TA,2026-07-21,2146.0,2158.0,2138.0,2147.0,19566
GSFI.TA,2026-07-22,2147.0,2184.0,2130.0,2134.0,24637
GSFI.TA,2026-07-24,2134.0,2126.0,2110.0,2113.0,902
GSFI.TA,2026-07-27,2113.0,2198.0,2108.0,2129.0,2787
GSFI.TA,2026-07-28,2129.0,2130.0,2105.0,2108.0,1073
GSFI.TA,2026-07-29,2108.0,2108.0,2104.0,2107.0,4841
GSFI.TA,2026-07-30,2107.0,2129.0,2097.0,2119.0,2378
GSFI.TA,2026-07-31,2119.0,2134.0,2124.0,2130.0,3794
GSFI.TA,2026-08-03,2130.0,2148.0,2136.0,2136.0,2989
GSFI.TA,2026-08-04,2136.0,2128.0,1992.0,2119.0,19667
GSFI.TA,2026-08-05,2119.0,2119.0,2090.0,2100.0,423
GSFI.TA,2026-08-06,2100.0,2197.0,2084.0,2197.0,7717
GSFI.TA,2026-08-07,2197.0,2219.0,2179.0,2197.0,472
GSFI.TA,2026-08-10,2197.0,2199.0,2116.0,2187.0,2330
GSFI.TA,2026-08-11,2187.0,2230.0,2118.0,2215.0,2739
GSFI.TA,2026-08-12,2215.0,2288.0,2196.0,2258.0,2986
GSFI.TA,2026-08-13,2258.0,2260.0,2186.0,2243.0,1114
GSFI.TA,2026-08-14,2243.0,2291.0,2223.0,2244.0,75
GSFI.TA,2026-08-17,2244.0,2291.0,2162.0,2258.0,1721
GSFI.TA,2026-08-18,2258.0,2291.0,2150.0,2205.0,7466
GSFI.TA,2026-08-19,2205.0,2233.0,2171.0,2201.0,18628
GSFI.TA,2026-08-20,2201.0,2201.0,2151.0,2166.0,3709
GSFI.TA,2026-08-21,2166.0,2155.0,2137.0,2147.0,675
GSFI.TA,2026-08-24,2060.0,2111.0,2032.0,2055.0,13470
GSFI.TA,2026-08-25,2120.0,2120.0,2018.0,2049.0,3163
GSFI.TA,2026-08-26,2049.0,2140.0,2036.0,2040.0,14371
GSFI.TA,2026-08-27,2122.0,2122.0,2062.0,2062.0,858
GSFI.TA,2026-08-28,2120.0,2120.0,2080.0,2097.0,1741
GSFI.TA,2026-08-31,2086.0,2099.0,2065.0,2080.0,5416
GSFI.TA,2026-09-01,2144.0,2144.0,2042.0,2089.0,716
GSFI.TA,2026-09-02,2089.0,2107.0,2067.0,2079.0,3083
GSFI.TA,2026-09-03,2079.0,2103.0,2059.0,2078.0,1792
GSFI.TA,2026-09-04,2078.0,2113.0,2078.0,2090.0,78288
GSFI.TA,2026-09-07,2090.0,2090.0,2012.0,2060.0,18769
GSFI.TA,2026-09-08,2060.0,2080.0,2037.0,2060.0,26536
GSFI.TA,2026-09-09,2060.0,2081.0,2015.0,2073.0,1941
GSFI.TA,2026-09-10,2073.0,2073.0,2051.0,2057.0,2784
GSFI.TA,2026-09-11,2057.0,2057.0,2057.0,2057.0,0
GSFI.TA,2026-09-14,2057.0,2057.0,2053.0,2053.0,291
GSFI.TA,2026-09-15,2052.0,2053.0,2049.0,2049.0,323
GSFI.TA,2026-09-16,2049.0,2049.0,2040.0,2046.0,1364
GSFI.TA,2026-09-17,2046.0,2045.0,2006.0,2013.0,137
GSFI.TA,2026-09-18,2013.0,2013.0,2013.0,2013.0,0
GSFI.TA,2026-09-21,2013.0,2013.0,2013.0,2013.0,0
GSFI.TA,2026-09-22,2013.0,2031.0,2007.0,2017.0,1085
GSFI.TA,2026-09-23,2017.0,1923.0,1923.0,1923.0,357
GSFI.TA,2026-09-24,1923.0,2024.0,1923.0,1961.0,803
KARE.TA,2026-07-16,545.7000122070312,559.7999877929688,532.5999755859375,544.0999755859375,13991
KARE.TA,2026-07-17,544.0999755859375,570.9000244140625,531.2000122070312,535.0,5231
KARE.TA,2026-07-20,535.0,535.0,508.70001220703125,518.0999755859375,29378
KARE.TA,2026-07-21,518.0999755859375,528.7000122070312,508.0,516.2999877929688,29608
KARE.TA,2026-07-22,520.2000122070312,522.5,499.0,510.20001220703125,24248
KARE.TA,2026-07-24,510.20001220703125,525.0,499.1000061035156,511.3999938964844,20969
KARE.TA,2026-07-27,511.3999938964844,530.0,506.20001220703125,517.2000122070312,58578
KARE.TA,2026-07-28,517.2000122070312,524.0999755859375,500.0,505.1000061035156,47005
KARE.TA,2026-07-29,505.1000061035156,515.0,492.0,500.70001220703125,38534
KARE.TA,2026-07-30,500.70001220703125,505.6000061035156,471.1000061035156,489.79998779296875,36040
KARE.TA,2026-07-31,489.79998779296875,513.2000122070312,489.79998779296875,507.70001220703125,16378
KARE.TA,2026-08-03,507.70001220703125,507.70001220703125,477.79998779296875,485.70001220703125,55089
KARE.TA,2026-08-04,485.70001220703125,495.5,456.1000061035156,463.20001220703125,53994
KARE.TA,2026-08-05,463.20001220703125,466.70001220703125,450.5,459.1000061035156,56387
KARE.TA,2026-08-06,459.1000061035156,485.0,445.0,458.0,413450
KARE.TA,2026-08-07,458.0,480.8999938964844,450.0,452.8999938964844,39919
KARE.TA,2026-08-10,452.8999938964844,471.1000061035156,430.1000061035156,445.20001220703125,17897
KARE.TA,2026-08-11,445.20001220703125,445.20001220703125,427.0,430.1000061035156,24152
KARE.TA,2026-08-12,430.1000061035156,435.70001220703125,410.29998779296875,417.0,57349
KARE.TA,2026-08-13,417.0,425.0,410.70001220703125,418.3999938964844,36257
KARE.TA,2026-08-14,418.3999938964844,437.20001220703125,416.29998779296875,426.20001220703125,10766
KARE.TA,2026-08-17,426.20001220703125,428.0,388.0,400.29998779296875,24425
KARE.TA,2026-08-18,400.29998779296875,414.8999938964844,391.3999938964844,404.6000061035156,29789
KARE.TA,2026-08-19,404.6000061035156,418.1000061035156,408.8999938964844,412.5,42552
KARE.TA,2026-08-20,412.5,434.70001220703125,412.5,424.29998779296875,13425
KARE.TA,2026-08-21,424.29998779296875,452.0,424.29998779296875,445.0,45636
KARE.TA,2026-08-24,445.0,457.20001220703125,444.8999938964844,448.6000061035156,17350
KARE.TA,2026-08-25,448.6000061035156,483.79998779296875,447.8999938964844,481.1000061035156,66631
KARE.TA,2026-08-26,481.1000061035156,482.0,464.29998779296875,476.8999938964844,90287
KARE.TA,2026-08-27,476.8999938964844,500.0,471.0,491.0,58385
KARE.TA,2026-08-28,491.0,505.20001220703125,491.0,503.8999938964844,44113
KARE.TA,2026-08-31,503.8999938964844,515.0,486.3999938964844,504.6000061035156,28011
KARE.TA,2026-09-01,504.6000061035156,555.0,501.6000061035156,540.4000244140625,101816
KARE.TA,2026-09-02,538.5,557.7000122070312,530.2999877929688,538.9000244140625,41895
KARE.TA,2026-09-03,555.0,555.0,541.0999755859375,548.0,13100
KARE.TA,2026-09-04,556.0,568.9000244140625,548.2000122070312,553.5999755859375,10373
KARE.TA,2026-09-07,553.5999755859375,553.5999755859375,534.5999755859375,544.2999877929688,9989
KARE.TA,2026-09-08,544.2999877929688,549.0,524.4000244140625,528.9000244140625,13649
KARE.TA,2026-09-09,528.9000244140625,553.7000122070312,504.70001220703125,514.2999877929688,11154
KARE.TA,2026-09-10,514.2999877929688,520.0,477.70001220703125,498.20001220703125,19088
KARE.TA,2026-09-11,498.20001220703125,498.20001220703125,498.20001220703125,498.20001220703125,0
KARE.TA,2026-09-14,498.20001220703125,502.0,482.20001220703125,494.70001220703125,18701
KARE.TA,2026-09-15,494.70001220703125,494.70001220703125,467.29998779296875,478.5,19673
KARE.TA,2026-09-16,478.5,492.8999938964844,478.29998779296875,483.0,12527
KARE.TA,2026-09-17,483.0,486.79998779296875,454.6000061035156,468.8999938964844,16929
KARE.TA,2026-09-18,468.8999938964844,468.8999938964844,468.8999938964844,468.8999938964844,0
KARE.TA,2026-09-21,468.8999938964844,468.8999938964844,468.8999938964844,468.8999938964844,0
KARE.TA,2026-09-22,468.8999938964844,466.6000061035156,441.6000061035156,454.29998779296875,10161
KARE.TA,2026-09-23,454.29998779296875,466.79998779296875,443.8999938964844,452.8999938964844,20402
KARE.TA,2026-09-24,452.8999938964844,455.29998779296875,443.0,445.6000061035156,12196
WILC.TA,2026-07-16,9412.0,9755.0,9321.0,9366.0,3725
WILC.TA,2026-07-17,9366.0,9336.0,9077.0,9304.0,1845
WILC.TA,2026-07-20,9304.0,9304.0,9020.0,9110.0,212
WILC.TA,2026-07-21,9142.0,9142.0,8927.0,9037.0,850
WILC.TA,2026-07-22,9037.0,9077.0,8969.0,9012.0,2199
WILC.TA,2026-07-24,9012.0,9270.0,8985.0,9022.0,1927
WILC.TA,2026-07-27,9022.0,9083.0,8698.0,8857.0,1449
WILC.TA,2026-07-28,8857.0,9019.0,8552.0,8732.0,808
WILC.TA,2026-07-29,8860.0,8860.0,8480.0,8536.0,2758
WILC.TA,2026-07-30,8536.0,8536.0,8250.0,8375.0,48820
WILC.TA,2026-07-31,8375.0,8510.0,8350.0,8510.0,8308
WILC.TA,2026-08-03,8510.0,8614.0,8383.0,8417.0,944
WILC.TA,2026-08-04,8417.0,8903.0,8417.0,8779.0,2620
WILC.TA,2026-08-05,8779.0,9114.0,8779.0,9024.0,77244
WILC.TA,2026-08-06,9024.0,9032.0,8737.0,8737.0,11480
WILC.TA,2026-08-07,8737.0,8756.0,8624.0,8710.0,3451
WILC.TA,2026-08-10,8710.0,8740.0,8420.0,8500.0,3174
WILC.TA,2026-08-11,8500.0,8438.0,8301.0,8333.0,143
WILC.TA,2026-08-12,8333.0,8416.0,8258.0,8389.0,2877
WILC.TA,2026-08-13,8389.0,8500.0,8330.0,8414.0,5210
WILC.TA,2026-08-14,8414.0,8652.0,8364.0,8590.0,7357
WILC.TA,2026-08-17,8590.0,8606.0,8483.0,8599.0,8144
WILC.TA,2026-08-18,8455.0,8488.0,8200.0,8466.0,13681
WILC.TA,2026-08-19,8466.0,8568.0,8450.0,8503.0,6377
WILC.TA,2026-08-20,8503.0,8724.0,8428.0,8724.0,7168
WILC.TA,2026-08-21,8724.0,8573.0,8400.0,8421.0,1530
WILC.TA,2026-08-24,8421.0,8540.0,8308.0,8361.0,3091
WILC.TA,2026-08-25,8361.0,8695.0,8271.0,8695.0,13685
WILC.TA,2026-08-26,8695.0,8948.0,8407.0,8948.0,16399
WILC.TA,2026-08-27,8948.0,9000.0,8544.0,8994.0,16674
WILC.TA,2026-08-28,8845.0,9264.0,8390.0,9264.0,35560
WILC.TA,2026-08-31,9093.0,9600.0,8768.0,9600.0,66806
WILC.TA,2026-09-01,9130.0,9850.0,9050.0,9244.0,44492
WILC.TA,2026-09-02,8990.0,9040.0,8743.0,8743.0,20410
WILC.TA,2026-09-03,8697.0,8697.0,8326.0,8421.0,7776
WILC.TA,2026-09-04,8421.0,8481.0,8240.0,8259.0,2479
WILC.TA,2026-09-07,8300.0,8300.0,8100.0,8252.0,6242
WILC.TA,2026-09-08,8252.0,8252.0,8100.0,8136.0,2949
WILC.TA,2026-09-09,8499.0,8499.0,8060.0,8075.0,19183
WILC.TA,2026-09-10,8075.0,8160.0,7933.0,8050.0,12323
WILC.TA,2026-09-11,8050.0,8050.0,8050.0,8050.0,0
WILC.TA,2026-09-14,7901.0,8149.0,7901.0,8048.0,1456
WILC.TA,2026-09-15,8048.0,8200.0,7957.0,8002.0,1839
WILC.TA,2026-09-16,7900.0,8092.0,7899.0,8005.0,4861
WILC.TA,2026-09-17,8035.0,8167.0,8030.0,8084.0,7749
WILC.TA,2026-09-18,8084.0,8084.0,8084.0,8084.0,0
WILC.TA,2026-09-21,8084.0,8084.0,8084.0,8084.0,0
WILC.TA,2026-09-22,8084.0,8122.0,7800.0,7920.0,22334
WILC.TA,2026-09-23,7920.0,7950.0,7669.0,7914.0,14902
WILC.TA,2026-09-24,7910.0,8120.0,7910.0,8080.0,29044
IES.TA,2026-07-16,82020.0,82600.0,80420.0,80780.0,4848
IES.TA,2026-07-17,80780.0,83000.0,78390.0,79260.0,4174
IES.TA,2026-07-20,81590.0,81590.0,77460.0,77690.0,5603
IES.TA,2026-07-21,77920.0,79950.0,76700.0,79920.0,15914
IES.TA,2026-07-22,82990.0,82990.0,78550.0,79050.0,4621
IES.TA,2026-07-24,77120.0,83960.0,77120.0,82910.0,9716
IES.TA,2026-07-27,82520.0,85770.0,82040.0,82500.0,8565
IES.TA,2026-07-28,82080.0,82500.0,77500.0,78450.0,5271
IES.TA,2026-07-29,78950.0,81590.0,75820.0,76140.0,8015
IES.TA,2026-07-30,76140.0,76510.0,73640.0,75760.0,15188
IES.TA,2026-07-31,75760.0,76880.0,71120.0,76520.0,13659
IES.TA,2026-08-03,76520.0,80000.0,73870.0,74600.0,7795
IES.TA,2026-08-04,75260.0,75980.0,73430.0,73700.0,9767
IES.TA,2026-08-05,73700.0,74280.0,71270.0,72620.0,12428
IES.TA,2026-08-06,72610.0,72610.0,69410.0,69410.0,126800
IES.TA,2026-08-07,69410.0,69970.0,66800.0,68190.0,6241
IES.TA,2026-08-10,68190.0,68190.0,64650.0,66530.0,12611
IES.TA,2026-08-11,66530.0,66580.0,64380.0,65040.0,10160
IES.TA,2026-08-12,65040.0,65950.0,62260.0,65410.0,8513
IES.TA,2026-08-13,63980.0,66620.0,63780.0,65420.0,2952
IES.TA,2026-08-14,65420.0,66260.0,63460.0,65280.0,2720
IES.TA,2026-08-17,65280.0,65330.0,63290.0,63800.0,6446
IES.TA,2026-08-18,63800.0,64620.0,61890.0,64380.0,4673
IES.TA,2026-08-19,64790.0,65580.0,63840.0,64610.0,3041
IES.TA,2026-08-20,64840.0,65990.0,64620.0,65150.0,2803
IES.TA,2026-08-21,65150.0,66700.0,64790.0,66650.0,2012
IES.TA,2026-08-24,66650.0,66950.0,65020.0,65240.0,2347
IES.TA,2026-08-25,65240.0,67950.0,65060.0,66910.0,3429
IES.TA,2026-08-26,66910.0,68100.0,65930.0,68080.0,4091
IES.TA,2026-08-27,67820.0,69280.0,66110.0,67090.0,3132
IES.TA,2026-08-28,65750.0,68140.0,65520.0,67480.0,2140
IES.TA,2026-08-31,67480.0,69500.0,66020.0,69500.0,17536
IES.TA,2026-09-01,69900.0,72450.0,66970.0,71980.0,10522
IES.TA,2026-09-02,71980.0,74900.0,71470.0,74900.0,7100
IES.TA,2026-09-03,74530.0,81000.0,74030.0,76900.0,12652
IES.TA,2026-09-04,76900.0,78320.0,76490.0,77500.0,3442
IES.TA,2026-09-07,78980.0,80210.0,77500.0,79400.0,7486
IES.TA,2026-09-08,79400.0,79740.0,75310.0,75370.0,6981
IES.TA,2026-09-09,75370.0,76510.0,73870.0,73870.0,9134
IES.TA,2026-09-10,74580.0,74580.0,71680.0,72140.0,4357
IES.TA,2026-09-11,72140.0,72140.0,72140.0,72140.0,0
IES.TA,2026-09-14,72390.0,72960.0,70710.0,71300.0,4917
IES.TA,2026-09-15,71300.0,72670.0,70350.0,70720.0,3535
IES.TA,2026-09-16,70720.0,71780.0,70140.0,71370.0,8425
IES.TA,2026-09-17,71370.0,72200.0,70300.0,70970.0,16046
IES.TA,2026-09-18,70970.0,70970.0,70970.0,70970.0,0
IES.TA,2026-09-21,70970.0,70970.0,70970.0,70970.0,0
IES.TA,2026-09-22,70970.0,72270.0,69020.0,69720.0,4239
IES.TA,2026-09-23,70000.0,70150.0,68980.0,69550.0,4841
IES.TA,2026-09-24,69550.0,69550.0,67010.0,69130.0,5708
CAMT.TA,2026-07-16,44080.0,45300.0,42650.0,44300.0,184038
CAMT.TA,2026-07-17,43130.0,44280.0,42820.0,44110.0,86862
CAMT.TA,2026-07-20,44150.0,46040.0,43960.0,45190.0,104742
CAMT.TA,2026-07-21,45900.0,47980.0,45740.0,47190.0,92734
CAMT.TA,2026-07-22,46750.0,49390.0,46600.0,48820.0,184273
CAMT.TA,2026-07-24,47900.0,48840.0,47120.0,48650.0,108953
CAMT.TA,2026-07-27,46210.0,47800.0,44760.0,45220.0,205918
CAMT.TA,2026-07-28,45120.0,45640.0,41700.0,41700.0,162979
CAMT.TA,2026-07-29,42230.0,43600.0,40460.0,40880.0,181014
CAMT.TA,2026-07-30,39500.0,42360.0,38890.0,42360.0,137942
CAMT.TA,2026-07-31,42990.0,43400.0,42420.0,42610.0,80350
CAMT.TA,2026-08-03,40990.0,41390.0,38800.0,40600.0,150150
CAMT.TA,2026-08-04,42690.0,43980.0,42360.0,42960.0,142583
CAMT.TA,2026-08-05,45000.0,46500.0,44350.0,45200.0,129415
CAMT.TA,2026-08-06,43880.0,45230.0,43670.0,45230.0,292074
CAMT.TA,2026-08-07,45610.0,47930.0,45510.0,47310.0,88449
CAMT.TA,2026-08-10,46500.0,51160.0,45690.0,46200.0,225003
CAMT.TA,2026-08-11,47800.0,49370.0,47120.0,48000.0,69496
CAMT.TA,2026-08-12,49140.0,52890.0,49140.0,52010.0,111716
CAMT.TA,2026-08-13,51700.0,52600.0,50540.0,51700.0,62408
CAMT.TA,2026-08-14,51420.0,51870.0,51000.0,51800.0,34022
CAMT.TA,2026-08-17,49210.0,52130.0,49020.0,51300.0,151970
CAMT.TA,2026-08-18,50500.0,50740.0,47860.0,48410.0,71863
CAMT.TA,2026-08-19,46450.0,48030.0,43980.0,44890.0,165890
CAMT.TA,2026-08-20,45890.0,46610.0,44460.0,45290.0,143024
CAMT.TA,2026-08-21,45220.0,45380.0,44590.0,45380.0,21777
CAMT.TA,2026-08-24,43500.0,43780.0,41800.0,41830.0,90931
CAMT.TA,2026-08-25,43180.0,43940.0,42760.0,43250.0,104111
CAMT.TA,2026-08-26,43750.0,44100.0,42410.0,42410.0,58379
CAMT.TA,2026-08-27,44000.0,45000.0,43100.0,43840.0,94011
CAMT.TA,2026-08-28,42600.0,42770.0,41740.0,42090.0,97637
CAMT.TA,2026-08-31,41100.0,41150.0,40060.0,40060.0,103323
CAMT.TA,2026-09-01,40460.0,40460.0,38200.0,38200.0,107974
CAMT.TA,2026-09-02,38880.0,39930.0,38590.0,39660.0,95694
CAMT.TA,2026-09-03,40000.0,40310.0,38560.0,39520.0,100607
CAMT.TA,2026-09-04,41650.0,42600.0,41500.0,42600.0,54356
CAMT.TA,2026-09-07,43600.0,44730.0,43520.0,44440.0,120520
CAMT.TA,2026-09-08,44440.0,45580.0,43650.0,44680.0,56194
CAMT.TA,2026-09-09,44600.0,44800.0,43600.0,44350.0,61819
CAMT.TA,2026-09-10,45200.0,45560.0,42890.0,43460.0,41725
CAMT.TA,2026-09-11,43460.0,43460.0,43460.0,43460.0,0
CAMT.TA,2026-09-14,43500.0,43500.0,41190.0,41720.0,110153
CAMT.TA,2026-09-15,40990.0,41650.0,40150.0,41120.0,58830
CAMT.TA,2026-09-16,41190.0,41700.0,40710.0,41320.0,60506
CAMT.TA,2026-09-17,42740.0,44990.0,42740.0,43600.0,172985
CAMT.TA,2026-09-18,43600.0,43600.0,43600.0,43600.0,0
CAMT.TA,2026-09-21,43600.0,43600.0,43600.0,43600.0,0
CAMT.TA,2026-09-22,45100.0,45290.0,44110.0,44620.0,64683
CAMT.TA,2026-09-23,45470.0,45830.0,43400.0,43400.0,67073
CAMT.TA,2026-09-24,44140.0,44700.0,43270.0,44420.0,107449
PERI.TA,2026-07-16,2889.0,2920.0,2842.0,2897.0,20998
PERI.TA,2026-07-17,2897.0,2950.0,2854.0,2937.0,26716
PERI.TA,2026-07-20,2930.0,2930.0,2823.0,2882.0,20627
PERI.TA,2026-07-21,2929.0,2970.0,2912.0,2923.0,22405
PERI.TA,2026-07-22,2923.0,2911.0,2778.0,2851.0,21857
PERI.TA,2026-07-24,2781.0,2865.0,2781.0,2821.0,9218
PERI.TA,2026-07-27,2865.0,2900.0,2845.0,2855.0,39118
PERI.TA,2026-07-28,2885.0,2951.0,2869.0,2935.0,80727
PERI.TA,2026-07-29,2935.0,2985.0,2881.0,2969.0,13810
PERI.TA,2026-07-30,2987.0,2987.0,2873.0,2883.0,20829
PERI.TA,2026-07-31,2883.0,2932.0,2771.0,2905.0,21275
PERI.TA,2026-08-03,2905.0,2972.0,2905.0,2950.0,13208
PERI.TA,2026-08-04,2967.0,2989.0,2922.0,2989.0,28130
PERI.TA,2026-08-05,2749.0,2947.0,2749.0,2888.0,18208
PERI.TA,2026-08-06,2988.0,2988.0,2799.0,2799.0,201298
PERI.TA,2026-08-07,2799.0,2930.0,2799.0,2893.0,37445
PERI.TA,2026-08-10,2893.0,2987.0,2583.0,2661.0,72058
PERI.TA,2026-08-11,2899.0,3020.0,2870.0,3020.0,170288
PERI.TA,2026-08-12,3020.0,3020.0,2807.0,2837.0,46881
PERI.TA,2026-08-13,2837.0,2913.0,2851.0,2882.0,55445
PERI.TA,2026-08-14,2882.0,2886.0,2867.0,2879.0,4123
PERI.TA,2026-08-17,2879.0,2923.0,2850.0,2887.0,29238
PERI.TA,2026-08-18,2887.0,2942.0,2872.0,2935.0,26166
PERI.TA,2026-08-19,2935.0,2924.0,2857.0,2896.0,25225
PERI.TA,2026-08-20,2896.0,2920.0,2881.0,2900.0,11609
PERI.TA,2026-08-21,2900.0,2900.0,2819.0,2823.0,13424
PERI.TA,2026-08-24,2823.0,2960.0,2823.0,2947.0,69477
PERI.TA,2026-08-25,2986.0,2986.0,2904.0,2915.0,19235
PERI.TA,2026-08-26,2915.0,2919.0,2847.0,2852.0,99449
PERI.TA,2026-08-27,2852.0,2904.0,2792.0,2860.0,85869
PERI.TA,2026-08-28,2900.0,2900.0,2839.0,2854.0,6760
PERI.TA,2026-08-31,2886.0,2946.0,2885.0,2913.0,36123
PERI.TA,2026-09-01,2913.0,2948.0,2848.0,2861.0,23864
PERI.TA,2026-09-02,2861.0,2892.0,2829.0,2852.0,18874
PERI.TA,2026-09-03,2840.0,2860.0,2814.0,2837.0,26240
PERI.TA,2026-09-04,2837.0,2837.0,2797.0,2812.0,17678
PERI.TA,2026-09-07,2812.0,2826.0,2788.0,2812.0,9853
PERI.TA,2026-09-08,2812.0,2804.0,2700.0,2709.0,23003
PERI.TA,2026-09-09,2709.0,2717.0,2666.0,2676.0,33129
PERI.TA,2026-09-10,2676.0,2707.0,2668.0,2694.0,32603
PERI.TA,2026-09-11,2694.0,2694.0,2694.0,2694.0,0
PERI.TA,2026-09-14,2694.0,2856.0,2694.0,2720.0,74162
PERI.TA,2026-09-15,2720.0,2776.0,2708.0,2741.0,89003
PERI.TA,2026-09-16,2761.0,2766.0,2689.0,2726.0,37018
PERI.TA,2026-09-17,2726.0,2726.0,2622.0,2622.0,56582
PERI.TA,2026-09-18,2622.0,2622.0,2622.0,2622.0,0
PERI.TA,2026-09-21,2622.0,2622.0,2622.0,2622.0,0
PERI.TA,2026-09-22,2622.0,2702.0,2622.0,2677.0,34675
PERI.TA,2026-09-23,2677.0,2677.0,2600.0,2611.0,22863
PERI.TA,2026-09-24,2632.0,2660.0,2616.0,2643.0,15856
NVMI.TA,2026-07-16,142130.0,142980.0,136480.0,140040.0,121024
NVMI.TA,2026-07-17,132500.0,136350.0,132000.0,136350.0,70052
NVMI.TA,2026-07-20,134500.0,137700.0,132510.0,133330.0,57708
NVMI.TA,2026-07-21,134900.0,140220.0,134620.0,136490.0,95680
NVMI.TA,2026-07-22,136000.0,141780.0,134940.0,140770.0,82048
NVMI.TA,2026-07-24,140480.0,142500.0,138650.0,142100.0,89752
NVMI.TA,2026-07-27,137500.0,139260.0,130910.0,130910.0,87451
NVMI.TA,2026-07-28,128100.0,129180.0,121600.0,121890.0,102656
NVMI.TA,2026-07-29,121110.0,125270.0,116910.0,117130.0,66010
NVMI.TA,2026-07-30,114000.0,121250.0,113180.0,121250.0,130974
NVMI.TA,2026-07-31,123210.0,124500.0,121970.0,122540.0,55093
NVMI.TA,2026-08-03,121200.0,121470.0,114130.0,117610.0,71164
NVMI.TA,2026-08-04,121100.0,125600.0,120870.0,121940.0,63200
NVMI.TA,2026-08-05,124170.0,126000.0,121760.0,123830.0,94547
NVMI.TA,2026-08-06,119130.0,125400.0,116830.0,120480.0,212233
NVMI.TA,2026-08-07,117500.0,121750.0,117440.0,120410.0,68839
NVMI.TA,2026-08-10,118640.0,120840.0,116300.0,116900.0,91459
NVMI.TA,2026-08-11,118350.0,119500.0,116380.0,117860.0,53796
NVMI.TA,2026-08-12,119500.0,123500.0,119050.0,122300.0,52571
NVMI.TA,2026-08-13,121450.0,122490.0,119880.0,121940.0,62172
NVMI.TA,2026-08-14,122780.0,124690.0,121940.0,124480.0,45593
NVMI.TA,2026-08-17,124400.0,125790.0,123060.0,125280.0,43021
NVMI.TA,2026-08-18,123740.0,123790.0,116950.0,118440.0,65875
NVMI.TA,2026-08-19,117500.0,119000.0,111560.0,112970.0,58030
NVMI.TA,2026-08-20,117290.0,117350.0,114000.0,115670.0,28901
NVMI.TA,2026-08-21,118000.0,118000.0,115550.0,117200.0,17734
NVMI.TA,2026-08-24,112370.0,112370.0,107740.0,107740.0,78505
NVMI.TA,2026-08-25,109600.0,111680.0,108940.0,108990.0,47558
NVMI.TA,2026-08-26,109550.0,110570.0,107050.0,107250.0,43259
NVMI.TA,2026-08-27,112500.0,114500.0,110440.0,111350.0,96348
NVMI.TA,2026-08-28,110700.0,111470.0,109730.0,111470.0,120558
NVMI.TA,2026-08-31,104970.0,106320.0,104380.0,104720.0,187227
NVMI.TA,2026-09-01,105500.0,105500.0,101700.0,101700.0,124417
NVMI.TA,2026-09-02,102500.0,108740.0,101330.0,105520.0,156622
NVMI.TA,2026-09-03,107100.0,107110.0,102240.0,104830.0,129722
NVMI.TA,2026-09-04,106480.0,109690.0,106300.0,109490.0,48826
NVMI.TA,2026-09-07,111800.0,115750.0,111670.0,115350.0,38559
NVMI.TA,2026-09-08,114720.0,117010.0,113420.0,114470.0,142827
NVMI.TA,2026-09-09,114530.0,115240.0,112420.0,113620.0,82228
NVMI.TA,2026-09-10,114500.0,115100.0,110660.0,112320.0,110918
NVMI.TA,2026-09-11,112320.0,112320.0,112320.0,112320.0,0
NVMI.TA,2026-09-14,108910.0,109460.0,104800.0,105200.0,80574
NVMI.TA,2026-09-15,103600.0,104680.0,101100.0,101450.0,95156
NVMI.TA,2026-09-16,102230.0,104160.0,102230.0,104040.0,37860
NVMI.TA,2026-09-17,104750.0,106940.0,104350.0,105740.0,147186
NVMI.TA,2026-09-18,105740.0,105740.0,105740.0,105740.0,0
NVMI.TA,2026-09-21,105740.0,105740.0,105740.0,105740.0,0
NVMI.TA,2026-09-22,108900.0,109750.0,107610.0,108150.0,71206
NVMI.TA,2026-09-23,111610.0,111880.0,108730.0,108730.0,51455
NVMI.TA,2026-09-24,110190.0,110910.0,108290.0,109710.0,80489
ISRA.TA,2026-07-16,193.60000610351562,196.1999969482422,192.10000610351562,195.3000030517578,2002265
ISRA.TA,2026-07-17,200.8000030517578,205.6999969482422,200.3000030517578,204.0,5171616
ISRA.TA,2026-07-20,204.0,208.39999389648438,200.6999969482422,204.10000610351562,3343889
ISRA.TA,2026-07-21,204.6999969482422,211.89999389648438,204.6999969482422,208.39999389648438,2592101
ISRA.TA,2026-07-22,206.10000610351562,211.10000610351562,203.0,206.0,1947181
ISRA.TA,2026-07-24,202.0,206.0,198.10000610351562,199.6999969482422,4888423
ISRA.TA,2026-07-27,195.10000610351562,202.5,195.10000610351562,201.0,2241339
ISRA.TA,2026-07-28,201.0,203.5,199.10000610351562,201.39999389648438,1626427
ISRA.TA,2026-07-29,201.39999389648438,205.3000030517578,198.0,200.60000610351562,1976919
ISRA.TA,2026-07-30,198.6999969482422,202.60000610351562,198.6999969482422,200.5,2087939
ISRA.TA,2026-07-31,198.0,202.39999389648438,198.0,201.6999969482422,2543388
ISRA.TA,2026-08-03,201.6999969482422,201.6999969482422,195.10000610351562,195.10000610351562,3375842
ISRA.TA,2026-08-04,195.10000610351562,197.0,186.1999969482422,188.5,8177452
ISRA.TA,2026-08-05,188.6999969482422,191.0,185.5,185.60000610351562,11637944
ISRA.TA,2026-08-06,185.60000610351562,188.0,181.6999969482422,181.6999969482422,23981344
ISRA.TA,2026-08-07,182.0,186.60000610351562,182.0,184.89999389648438,2191138
ISRA.TA,2026-08-10,185.0,186.3000030517578,181.1999969482422,183.8000030517578,2634639
ISRA.TA,2026-08-11,183.8000030517578,186.10000610351562,182.3000030517578,182.6999969482422,5451116
ISRA.TA,2026-08-12,182.6999969482422,184.8000030517578,180.1999969482422,180.60000610351562,8672026
ISRA.TA,2026-08-13,180.3000030517578,187.5,180.10000610351562,187.5,3428434
ISRA.TA,2026-08-14,187.5,191.39999389648438,187.5,191.39999389648438,2344525
ISRA.TA,2026-08-17,191.39999389648438,193.6999969482422,185.8000030517578,185.8000030517578,3297021
ISRA.TA,2026-08-18,186.0,191.39999389648438,186.0,191.39999389648438,1970609
ISRA.TA,2026-08-19,191.39999389648438,200.8000030517578,191.0,199.6999969482422,3106443
ISRA.TA,2026-08-20,199.6999969482422,202.60000610351562,196.5,198.0,2935086
ISRA.TA,2026-08-21,195.10000610351562,200.5,195.10000610351562,199.6999969482422,6452576
ISRA.TA,2026-08-24,197.1999969482422,201.3000030517578,197.1999969482422,199.6999969482422,2160620
ISRA.TA,2026-08-25,199.6999969482422,201.0,196.8000030517578,200.0,6987582
ISRA.TA,2026-08-26,200.0,207.89999389648438,195.3000030517578,205.89999389648438,3411509
ISRA.TA,2026-08-27,205.89999389648438,208.89999389648438,202.5,206.0,2353556
ISRA.TA,2026-08-28,203.0,206.89999389648438,203.0,206.3000030517578,1460013
ISRA.TA,2026-08-31,207.0,207.60000610351562,203.3000030517578,206.0,1626501
ISRA.TA,2026-09-01,206.0,211.6999969482422,200.6999969482422,210.0,5938316
ISRA.TA,2026-09-02,210.0,213.8000030517578,208.89999389648438,211.0,2649469
ISRA.TA,2026-09-03,212.10000610351562,214.39999389648438,208.39999389648438,214.39999389648438,2178566
ISRA.TA,2026-09-04,214.39999389648438,214.60000610351562,213.1999969482422,214.60000610351562,1523327
ISRA.TA,2026-09-07,214.10000610351562,215.0,210.1999969482422,214.0,1076253
ISRA.TA,2026-09-08,214.8000030517578,214.8000030517578,210.1999969482422,212.10000610351562,1927924
ISRA.TA,2026-09-09,210.3000030517578,214.0,210.3000030517578,212.60000610351562,1422180
ISRA.TA,2026-09-10,209.10000610351562,213.8000030517578,207.39999389648438,210.8000030517578,1340254
ISRA.TA,2026-09-11,210.8000030517578,210.8000030517578,210.8000030517578,210.8000030517578,0
ISRA.TA,2026-09-14,213.8000030517578,213.8000030517578,209.0,212.8000030517578,1117591
ISRA.TA,2026-09-15,212.3000030517578,216.0,210.1999969482422,211.89999389648438,1995200
ISRA.TA,2026-09-16,211.89999389648438,213.8000030517578,207.8000030517578,211.89999389648438,2090819
ISRA.TA,2026-09-17,212.0,214.39999389648438,208.39999389648438,211.0,2043485
ISRA.TA,2026-09-18,211.0,211.0,211.0,211.0,0
ISRA.TA,2026-09-21,211.0,211.0,211.0,211.0,0
ISRA.TA,2026-09-22,210.8000030517578,210.8000030517578,202.1999969482422,204.3000030517578,2123584
ISRA.TA,2026-09-23,203.10000610351562,207.60000610351562,199.60000610351562,202.1999969482422,1782701
ISRA.TA,2026-09-24,200.5,205.1999969482422,196.0,198.8000030517578,3696734
MLRN.TA,2026-07-16,1298.0,1275.0,1275.0,1298.0,2
MLRN.TA,2026-07-17,1298.0,1276.0,1276.0,1298.0,2
MLRN.TA,2026-07-20,1298.0,1298.0,1275.0,1298.0,1939
MLRN.TA,2026-07-21,1298.0,1308.0,1290.0,1308.0,930
MLRN.TA,2026-07-22,1308.0,1299.0,1299.0,1302.0,97
MLRN.TA,2026-07-24,1302.0,1309.0,1300.0,1301.0,123
MLRN.TA,2026-07-27,1301.0,1300.0,1275.0,1277.0,1144
MLRN.TA,2026-07-28,1277.0,1277.0,1258.0,1276.0,42
MLRN.TA,2026-07-29,1276.0,1260.0,1258.0,1260.0,923
MLRN.TA,2026-07-30,1260.0,1260.0,1202.0,1250.0,15314
MLRN.TA,2026-07-31,1250.0,1298.0,1225.0,1265.0,7116
MLRN.TA,2026-08-03,1265.0,1281.0,1259.0,1275.0,9292
MLRN.TA,2026-08-04,1275.0,1268.0,1250.0,1257.0,1806
MLRN.TA,2026-08-05,1257.0,1249.0,1232.0,1248.0,15015
MLRN.TA,2026-08-06,1248.0,1306.0,1248.0,1306.0,105019
MLRN.TA,2026-08-07,1306.0,1345.0,1306.0,1307.0,603
MLRN.TA,2026-08-10,1307.0,1331.0,1262.0,1307.0,5628
MLRN.TA,2026-08-11,1307.0,1312.0,1245.0,1304.0,3599
MLRN.TA,2026-08-12,1304.0,1280.0,1263.0,1276.0,895
MLRN.TA,2026-08-13,1276.0,1300.0,1241.0,1276.0,1955
MLRN.TA,2026-08-14,1276.0,1276.0,1276.0,1276.0,40
MLRN.TA,2026-08-17,1276.0,1300.0,1219.0,1269.0,7647
MLRN.TA,2026-08-18,1269.0,1269.0,1254.0,1255.0,2040
MLRN.TA,2026-08-19,1255.0,1242.0,1196.0,1222.0,879
MLRN.TA,2026-08-20,1222.0,1210.0,1182.0,1207.0,7855
MLRN.TA,2026-08-21,1207.0,1217.0,1206.0,1215.0,290
MLRN.TA,2026-08-24,1215.0,1176.0,1080.0,1109.0,207442
MLRN.TA,2026-08-25,1109.0,1121.0,1110.0,1113.0,12975
MLRN.TA,2026-08-26,1113.0,1113.0,1096.0,1112.0,5260
MLRN.TA,2026-08-27,1112.0,1118.0,1099.0,1108.0,28522
MLRN.TA,2026-08-28,1108.0,1117.0,1101.0,1111.0,81
MLRN.TA,2026-08-31,1092.0,1108.0,1108.0,1108.0,273
MLRN.TA,2026-09-01,1108.0,1100.0,1100.0,1100.0,202
MLRN.TA,2026-09-02,1100.0,1118.0,1086.0,1098.0,8208
MLRN.TA,2026-09-03,1098.0,1096.0,1082.0,1089.0,453
MLRN.TA,2026-09-04,1089.0,1105.0,1061.0,1074.0,6378
MLRN.TA,2026-09-07,1074.0,1086.0,1065.0,1078.0,15144
MLRN.TA,2026-09-08,1078.0,1078.0,1057.0,1072.0,14833
MLRN.TA,2026-09-09,1072.0,1074.0,1072.0,1073.0,6038
MLRN.TA,2026-09-10,1073.0,1072.0,1057.0,1071.0,10890
MLRN.TA,2026-09-11,1071.0,1071.0,1071.0,1071.0,0
MLRN.TA,2026-09-14,1071.0,1095.0,1070.0,1079.0,1175
MLRN.TA,2026-09-15,1079.0,1079.0,1040.0,1049.0,7267
MLRN.TA,2026-09-16,1049.0,1049.0,1032.0,1049.0,14164
MLRN.TA,2026-09-17,1049.0,1049.0,1025.0,1038.0,2471
MLRN.TA,2026-09-18,1038.0,1038.0,1038.0,1038.0,0
MLRN.TA,2026-09-21,1038.0,1038.0,1038.0,1038.0,0
MLRN.TA,2026-09-22,1038.0,1038.0,1000.0,1000.0,9799
MLRN.TA,2026-09-23,1000.0,1000.0,971.0,984.2999877929688,18166
MLRN.TA,2026-09-24,984.2999877929688,1100.0,980.0,988.0999755859375,19497
BWAY.TA,2026-07-16,4504.0,4570.0,4448.0,4487.0,85551
BWAY.TA,2026-07-17,4487.0,4684.0,4465.0,4635.0,56154
BWAY.TA,2026-07-20,4676.0,5074.0,4674.0,5074.0,211763
BWAY.TA,2026-07-21,5074.0,5165.0,4947.0,5025.0,104239
BWAY.TA,2026-07-22,4947.0,5009.0,4904.0,4990.0,55005
BWAY.TA,2026-07-24,4990.0,5027.0,4975.0,5027.0,50955
BWAY.TA,2026-07-27,5027.0,5000.0,4915.0,4937.0,24104
BWAY.TA,2026-07-28,4830.0,4850.0,4720.0,4720.0,80498
BWAY.TA,2026-07-29,4524.0,4719.0,4455.0,4455.0,100985
BWAY.TA,2026-07-30,4456.0,4764.0,4380.0,4718.0,84104
BWAY.TA,2026-07-31,4749.0,4898.0,4736.0,4898.0,72131
BWAY.TA,2026-08-03,4746.0,4825.0,4719.0,4777.0,84444
BWAY.TA,2026-08-04,4777.0,4880.0,4721.0,4790.0,42052
BWAY.TA,2026-08-05,4790.0,4800.0,4582.0,4635.0,46519
BWAY.TA,2026-08-06,4635.0,4800.0,4619.0,4800.0,462383
BWAY.TA,2026-08-07,4613.0,4767.0,4613.0,4716.0,18290
BWAY.TA,2026-08-10,4715.0,4716.0,4574.0,4588.0,28332
BWAY.TA,2026-08-11,4588.0,4661.0,4485.0,4530.0,52173
BWAY.TA,2026-08-12,4530.0,4905.0,4414.0,4700.0,226810
BWAY.TA,2026-08-13,4900.0,5075.0,4794.0,5007.0,227110
BWAY.TA,2026-08-14,5000.0,5006.0,4765.0,4873.0,30625
BWAY.TA,2026-08-17,4730.0,4849.0,4593.0,4593.0,43176
BWAY.TA,2026-08-18,4593.0,4593.0,4428.0,4447.0,91036
BWAY.TA,2026-08-19,4444.0,4500.0,4420.0,4495.0,40142
BWAY.TA,2026-08-20,4530.0,4650.0,4485.0,4557.0,62044
BWAY.TA,2026-08-21,4612.0,4617.0,4422.0,4512.0,21087
BWAY.TA,2026-08-24,4512.0,4512.0,4236.0,4282.0,85242
BWAY.TA,2026-08-25,4282.0,4359.0,4220.0,4341.0,59292
BWAY.TA,2026-08-26,4341.0,4356.0,4210.0,4261.0,57859
BWAY.TA,2026-08-27,4261.0,4360.0,4207.0,4308.0,72526
BWAY.TA,2026-08-28,4308.0,4366.0,4231.0,4311.0,47946
BWAY.TA,2026-08-31,4311.0,4483.0,4153.0,4483.0,140329
BWAY.TA,2026-09-01,4391.0,4422.0,4299.0,4316.0,84090
BWAY.TA,2026-09-02,4316.0,4348.0,4261.0,4320.0,33028
BWAY.TA,2026-09-03,4359.0,4417.0,4315.0,4320.0,54132
BWAY.TA,2026-09-04,4400.0,4400.0,4214.0,4234.0,15610
BWAY.TA,2026-09-07,4070.0,4208.0,4000.0,4179.0,64386
BWAY.TA,2026-09-08,4179.0,4318.0,4136.0,4250.0,89100
BWAY.TA,2026-09-09,4240.0,4378.0,4203.0,4298.0,161652
BWAY.TA,2026-09-10,4298.0,4390.0,4215.0,4255.0,51461
BWAY.TA,2026-09-11,4255.0,4255.0,4255.0,4255.0,0
BWAY.TA,2026-09-14,4255.0,4415.0,4070.0,4122.0,76358
BWAY.TA,2026-09-15,4122.0,4122.0,4012.0,4020.0,93789
BWAY.TA,2026-09-16,4020.0,4109.0,4020.0,4086.0,78277
BWAY.TA,2026-09-17,4086.0,4137.0,4085.0,4096.0,18173
BWAY.TA,2026-09-18,4096.0,4096.0,4096.0,4096.0,0
BWAY.TA,2026-09-21,4096.0,4096.0,4096.0,4096.0,0
BWAY.TA,2026-09-22,4104.0,4126.0,3899.0,4038.0,130885
BWAY.TA,2026-09-23,4100.0,4229.0,4078.0,4150.0,111881
BWAY.TA,2026-09-24,4150.0,4150.0,3946.0,4000.0,66819
TRLT.TA,2026-07-16,1797.0,1856.0,1797.0,1845.0,23643
TRLT.TA,2026-07-17,1832.0,1836.0,1797.0,1812.0,7036
TRLT.TA,2026-07-20,1812.0,1812.0,1700.0,1797.0,39807
TRLT.TA,2026-07-21,1787.0,1870.0,1781.0,1801.0,8355
TRLT.TA,2026-07-22,1801.0,1846.0,1781.0,1814.0,13973
TRLT.TA,2026-07-24,1814.0,1831.0,1760.0,1816.0,9411
TRLT.TA,2026-07-27,1816.0,1804.0,1706.0,1801.0,22021
TRLT.TA,2026-07-28,1801.0,1801.0,1673.0,1747.0,117298
TRLT.TA,2026-07-29,1747.0,1754.0,1690.0,1740.0,52075
TRLT.TA,2026-07-30,1740.0,1805.0,1641.0,1789.0,65185
TRLT.TA,2026-07-31,1801.0,1864.0,1766.0,1820.0,6893
TRLT.TA,2026-08-03,1820.0,1880.0,1789.0,1854.0,21532
TRLT.TA,2026-08-04,1854.0,1897.0,1808.0,1879.0,30126
TRLT.TA,2026-08-05,1777.0,1850.0,1777.0,1836.0,16906
TRLT.TA,2026-08-06,1836.0,1838.0,1730.0,1730.0,172142
TRLT.TA,2026-08-07,1730.0,1735.0,1702.0,1727.0,7828
TRLT.TA,2026-08-10,1727.0,1745.0,1609.0,1673.0,58749
TRLT.TA,2026-08-11,1673.0,1682.0,1578.0,1639.0,19676
TRLT.TA,2026-08-12,1639.0,1668.0,1605.0,1637.0,9969
TRLT.TA,2026-08-13,1637.0,1680.0,1615.0,1648.0,5614
TRLT.TA,2026-08-14,1648.0,1675.0,1626.0,1637.0,2860
TRLT.TA,2026-08-17,1637.0,1650.0,1543.0,1607.0,19589
TRLT.TA,2026-08-18,1607.0,1666.0,1537.0,1637.0,13592
TRLT.TA,2026-08-19,1580.0,1660.0,1580.0,1636.0,4647
TRLT.TA,2026-08-20,1636.0,1677.0,1625.0,1639.0,20571
TRLT.TA,2026-08-21,1639.0,1657.0,1623.0,1640.0,2024
TRLT.TA,2026-08-24,1640.0,1693.0,1574.0,1633.0,243508
TRLT.TA,2026-08-25,1633.0,1633.0,1600.0,1611.0,24989
TRLT.TA,2026-08-26,1611.0,1662.0,1578.0,1634.0,17307
TRLT.TA,2026-08-27,1634.0,1708.0,1602.0,1652.0,26581
TRLT.TA,2026-08-28,1652.0,1673.0,1623.0,1660.0,26681
TRLT.TA,2026-08-31,1660.0,1666.0,1630.0,1648.0,30523
TRLT.TA,2026-09-01,1648.0,1648.0,1581.0,1647.0,80053
TRLT.TA,2026-09-02,1647.0,1651.0,1591.0,1616.0,35138
TRLT.TA,2026-09-03,1616.0,1644.0,1538.0,1609.0,26496
TRLT.TA,2026-09-04,1609.0,1655.0,1580.0,1605.0,15469
TRLT.TA,2026-09-07,1605.0,1601.0,1522.0,1584.0,49250
TRLT.TA,2026-09-08,1584.0,1624.0,1549.0,1584.0,27248
TRLT.TA,2026-09-09,1584.0,1635.0,1575.0,1634.0,65819
TRLT.TA,2026-09-10,1634.0,1668.0,1631.0,1656.0,13300
TRLT.TA,2026-09-11,1656.0,1656.0,1656.0,1656.0,0
TRLT.TA,2026-09-14,1656.0,1661.0,1586.0,1631.0,17137
TRLT.TA,2026-09-15,1631.0,1632.0,1581.0,1623.0,16001
TRLT.TA,2026-09-16,1623.0,1651.0,1604.0,1610.0,34110
TRLT.TA,2026-09-17,1610.0,1640.0,1606.0,1621.0,7648
TRLT.TA,2026-09-18,1621.0,1621.0,1621.0,1621.0,0
TRLT.TA,2026-09-21,1621.0,1621.0,1621.0,1621.0,0
TRLT.TA,2026-09-22,1621.0,1714.0,1621.0,1654.0,30591
TRLT.TA,2026-09-23,1654.0,1667.0,1631.0,1654.0,6751
TRLT.TA,2026-09-24,1654.0,1654.0,1595.0,1626.0,18352
BIG.TA,2026-07-16,68100.0,69350.0,67100.0,67830.0,27551
BIG.TA,2026-07-17,67030.0,67830.0,66660.0,67830.0,19376
BIG.TA,2026-07-20,67330.0,69960.0,67170.0,69070.0,29219
BIG.TA,2026-07-21,68710.0,70750.0,67900.0,68320.0,82986
BIG.TA,2026-07-22,68040.0,69870.0,67770.0,68710.0,62577
BIG.TA,2026-07-24,68710.0,69530.0,66440.0,69530.0,48238
BIG.TA,2026-07-27,70770.0,71270.0,68540.0,68540.0,39453
BIG.TA,2026-07-28,68180.0,69900.0,68110.0,68940.0,31985
BIG.TA,2026-07-29,68940.0,69610.0,67990.0,68650.0,24024
BIG.TA,2026-07-30,68550.0,69630.0,67940.0,68860.0,21795
BIG.TA,2026-07-31,68860.0,69980.0,67970.0,68790.0,26382
BIG.TA,2026-08-03,68270.0,69960.0,68270.0,68680.0,33094
BIG.TA,2026-08-04,68190.0,69120.0,66620.0,67710.0,26572
BIG.TA,2026-08-05,67710.0,68300.0,66970.0,67930.0,27588
BIG.TA,2026-08-06,67360.0,67960.0,66150.0,67540.0,58398
BIG.TA,2026-08-07,67670.0,67940.0,65620.0,66390.0,21653
BIG.TA,2026-08-10,66160.0,66160.0,64660.0,65270.0,19205
BIG.TA,2026-08-11,65500.0,66460.0,64970.0,66120.0,15165
BIG.TA,2026-08-12,66210.0,66690.0,64870.0,65510.0,21708
BIG.TA,2026-08-13,65540.0,66000.0,64970.0,66000.0,14191
BIG.TA,2026-08-14,66390.0,66740.0,65400.0,66300.0,10658
BIG.TA,2026-08-17,65460.0,66450.0,63670.0,63670.0,16028
BIG.TA,2026-08-18,63900.0,65580.0,61770.0,65520.0,22110
BIG.TA,2026-08-19,65520.0,68610.0,65520.0,68360.0,28607
BIG.TA,2026-08-20,68360.0,70290.0,68230.0,68960.0,17646
BIG.TA,2026-08-21,68900.0,69210.0,68030.0,69150.0,14244
BIG.TA,2026-08-24,69520.0,69720.0,67680.0,67960.0,17637
BIG.TA,2026-08-25,67940.0,68450.0,67320.0,67400.0,13058
BIG.TA,2026-08-26,67010.0,67740.0,66030.0,67250.0,19309
BIG.TA,2026-08-27,67530.0,68500.0,66570.0,68140.0,15915
BIG.TA,2026-08-28,67510.0,69540.0,67200.0,68880.0,40589
BIG.TA,2026-08-31,68320.0,68800.0,67580.0,67750.0,26878
BIG.TA,2026-09-01,67980.0,70590.0,67360.0,70590.0,53155
BIG.TA,2026-09-02,70340.0,71780.0,69600.0,71180.0,50758
BIG.TA,2026-09-03,71180.0,72180.0,70370.0,71720.0,18900
BIG.TA,2026-09-04,72260.0,72260.0,71580.0,71730.0,11382
BIG.TA,2026-09-07,71510.0,71600.0,70120.0,71000.0,12805
BIG.TA,2026-09-08,71000.0,71000.0,68650.0,69150.0,19146
BIG.TA,2026-09-09,69220.0,69760.0,68240.0,69100.0,11677
BIG.TA,2026-09-10,69480.0,69850.0,67550.0,67920.0,11417
BIG.TA,2026-09-11,67920.0,67920.0,67920.0,67920.0,0
BIG.TA,2026-09-14,66610.0,67830.0,66610.0,67830.0,17045
BIG.TA,2026-09-15,67830.0,68200.0,66260.0,67890.0,13021
BIG.TA,2026-09-16,67890.0,69600.0,66820.0,68880.0,18287
BIG.TA,2026-09-17,68730.0,69390.0,67830.0,68910.0,48230
BIG.TA,2026-09-18,68910.0,68910.0,68910.0,68910.0,0
BIG.TA,2026-09-21,68910.0,68910.0,68910.0,68910.0,0
BIG.TA,2026-09-22,68310.0,68910.0,67750.0,68450.0,34285
BIG.TA,2026-09-23,67500.0,68450.0,66420.0,66890.0,38022
BIG.TA,2026-09-24,65700.0,67580.0,65580.0,65940.0,86605
DNYA.TA,2026-07-16,12290.0,12480.0,12110.0,12400.0,30453
DNYA.TA,2026-07-17,12400.0,12400.0,11950.0,11950.0,25239
DNYA.TA,2026-07-20,11860.0,12020.0,11600.0,11840.0,21943
DNYA.TA,2026-07-21,11840.0,12100.0,11840.0,11990.0,9295
DNYA.TA,2026-07-22,11880.0,12240.0,11880.0,12040.0,20278
DNYA.TA,2026-07-24,11870.0,12510.0,11870.0,12280.0,47644
DNYA.TA,2026-07-27,12340.0,12600.0,11840.0,11840.0,21109
DNYA.TA,2026-07-28,11790.0,11880.0,11530.0,11530.0,26071
DNYA.TA,2026-07-29,11500.0,11640.0,11410.0,11520.0,40369
DNYA.TA,2026-07-30,11440.0,11810.0,11320.0,11730.0,26496
DNYA.TA,2026-07-31,11750.0,11970.0,11660.0,11730.0,60481
DNYA.TA,2026-08-03,11730.0,11780.0,11190.0,11220.0,50905
DNYA.TA,2026-08-04,11220.0,11440.0,11030.0,11150.0,55736
DNYA.TA,2026-08-05,11150.0,11290.0,10920.0,10920.0,73335
DNYA.TA,2026-08-06,11000.0,11210.0,10750.0,11210.0,698884
DNYA.TA,2026-08-07,11210.0,11420.0,11160.0,11290.0,19926
DNYA.TA,2026-08-10,11290.0,11450.0,10660.0,10660.0,52790
DNYA.TA,2026-08-11,10660.0,10720.0,10240.0,10240.0,32072
DNYA.TA,2026-08-12,10240.0,10370.0,9858.0,9901.0,53635
DNYA.TA,2026-08-13,9901.0,10150.0,9842.0,10100.0,26879
DNYA.TA,2026-08-14,10100.0,10220.0,9947.0,10090.0,14573
DNYA.TA,2026-08-17,10090.0,10150.0,9789.0,9830.0,50529
DNYA.TA,2026-08-18,9830.0,9943.0,9546.0,9800.0,74929
DNYA.TA,2026-08-19,9800.0,10170.0,9706.0,10010.0,457707
DNYA.TA,2026-08-20,10010.0,10160.0,9788.0,9823.0,30411
DNYA.TA,2026-08-21,9823.0,10430.0,9823.0,10390.0,23376
DNYA.TA,2026-08-24,10390.0,10460.0,10300.0,10370.0,58191
DNYA.TA,2026-08-25,10370.0,10480.0,10320.0,10450.0,658447
DNYA.TA,2026-08-26,10450.0,10890.0,10350.0,10760.0,36308
DNYA.TA,2026-08-27,10710.0,10990.0,10710.0,10840.0,23172
DNYA.TA,2026-08-28,10770.0,11000.0,10700.0,10750.0,30410
DNYA.TA,2026-08-31,10750.0,10840.0,10580.0,10650.0,67322
DNYA.TA,2026-09-01,10700.0,11540.0,10580.0,11510.0,116994
DNYA.TA,2026-09-02,11510.0,11670.0,11370.0,11540.0,34701
DNYA.TA,2026-09-03,11290.0,11580.0,11180.0,11420.0,29549
DNYA.TA,2026-09-04,11120.0,11650.0,11120.0,11420.0,12761
DNYA.TA,2026-09-07,11190.0,11450.0,11190.0,11380.0,7748
DNYA.TA,2026-09-08,11380.0,11390.0,11130.0,11130.0,21314
DNYA.TA,2026-09-09,11370.0,11370.0,10860.0,10870.0,16557
DNYA.TA,2026-09-10,10870.0,10950.0,10590.0,10600.0,20418
DNYA.TA,2026-09-11,10600.0,10600.0,10600.0,10600.0,0
DNYA.TA,2026-09-14,10600.0,10660.0,10410.0,10660.0,11839
DNYA.TA,2026-09-15,10660.0,10660.0,10360.0,10380.0,15519
DNYA.TA,2026-09-16,10380.0,10610.0,10350.0,10390.0,15388
DNYA.TA,2026-09-17,10390.0,10580.0,10300.0,10380.0,18637
DNYA.TA,2026-09-18,10380.0,10380.0,10380.0,10380.0,0
DNYA.TA,2026-09-21,10380.0,10380.0,10380.0,10380.0,0
DNYA.TA,2026-09-22,10380.0,10500.0,9987.0,9987.0,12062
DNYA.TA,2026-09-23,9987.0,10160.0,9913.0,9913.0,13424
DNYA.TA,2026-09-24,9823.0,9975.0,9643.0,9900.0,327114
AMOT.TA,2026-07-16,1876.0,1900.0,1847.0,1860.0,640374
AMOT.TA,2026-07-17,1860.0,1868.0,1831.0,1864.0,452611
AMOT.TA,2026-07-20,1864.0,1879.0,1841.0,1871.0,565475
AMOT.TA,2026-07-21,1871.0,1907.0,1861.0,1885.0,598517
AMOT.TA,2026-07-22,1881.0,1908.0,1869.0,1880.0,501192
AMOT.TA,2026-07-24,1849.0,1883.0,1849.0,1877.0,842781
AMOT.TA,2026-07-27,1886.0,1913.0,1858.0,1865.0,411654
AMOT.TA,2026-07-28,1865.0,1883.0,1833.0,1834.0,1027258
AMOT.TA,2026-07-29,1844.0,1863.0,1808.0,1827.0,464710
AMOT.TA,2026-07-30,1836.0,1851.0,1813.0,1840.0,371795
AMOT.TA,2026-07-31,1869.0,1870.0,1840.0,1859.0,230387
AMOT.TA,2026-08-03,1859.0,1893.0,1830.0,1861.0,578152
AMOT.TA,2026-08-04,1854.0,1880.0,1833.0,1835.0,651040
AMOT.TA,2026-08-05,1848.0,1863.0,1826.0,1848.0,887536
AMOT.TA,2026-08-06,1853.0,1855.0,1821.0,1848.0,4803397
AMOT.TA,2026-08-07,1856.0,1869.0,1833.0,1842.0,303226
AMOT.TA,2026-08-10,1839.0,1847.0,1802.0,1810.0,880080
AMOT.TA,2026-08-11,1810.0,1865.0,1807.0,1840.0,1035831
AMOT.TA,2026-08-12,1874.0,1919.0,1874.0,1890.0,1155097
AMOT.TA,2026-08-13,1881.0,1916.0,1881.0,1903.0,755124
AMOT.TA,2026-08-14,1903.0,1921.0,1890.0,1890.0,459091
AMOT.TA,2026-08-17,1888.0,1895.0,1843.0,1844.0,452735
AMOT.TA,2026-08-18,1844.0,1890.0,1818.0,1890.0,980197
AMOT.TA,2026-08-19,1890.0,1969.0,1890.0,1955.0,1238990
AMOT.TA,2026-08-20,1955.0,1982.0,1943.0,1966.0,440466
AMOT.TA,2026-08-21,1966.0,1997.0,1964.0,1975.0,324484
AMOT.TA,2026-08-24,1973.0,1973.0,1921.0,1934.0,189094
AMOT.TA,2026-08-25,1934.0,1977.0,1931.0,1958.0,391378
AMOT.TA,2026-08-26,1958.0,1969.0,1928.0,1966.0,540882
AMOT.TA,2026-08-27,1966.0,1997.0,1944.0,1966.0,335211
AMOT.TA,2026-08-28,1951.0,1978.0,1948.0,1976.0,243287
AMOT.TA,2026-08-31,1996.0,1996.0,1950.0,1952.0,388181
AMOT.TA,2026-09-01,1952.0,2036.0,1952.0,2022.0,1158666
AMOT.TA,2026-09-02,2022.0,2069.0,2021.0,2055.0,662539
AMOT.TA,2026-09-03,2065.0,2100.0,2052.0,2090.0,633022
AMOT.TA,2026-09-04,2099.0,2111.0,2070.0,2080.0,496448
AMOT.TA,2026-09-07,2080.0,2098.0,2061.0,2070.0,309283
AMOT.TA,2026-09-08,2070.0,2100.0,2057.0,2070.0,1143779
AMOT.TA,2026-09-09,2070.0,2110.0,2066.0,2100.0,818805
AMOT.TA,2026-09-10,2098.0,2118.0,2023.0,2055.0,1449211
AMOT.TA,2026-09-11,2055.0,2055.0,2055.0,2055.0,0
AMOT.TA,2026-09-14,2044.0,2050.0,1988.0,2029.0,283335
AMOT.TA,2026-09-15,2029.0,2035.0,1971.0,1976.0,387232
AMOT.TA,2026-09-16,1960.0,2012.0,1960.0,2010.0,406532
AMOT.TA,2026-09-17,2010.0,2023.0,1985.0,2018.0,1150644
AMOT.TA,2026-09-18,2018.0,2018.0,2018.0,2018.0,0
AMOT.TA,2026-09-21,2018.0,2018.0,2018.0,2018.0,0
AMOT.TA,2026-09-22,2018.0,2037.0,1973.0,1988.0,369616
AMOT.TA,2026-09-23,1975.0,1994.0,1946.0,1967.0,253142
AMOT.TA,2026-09-24,1949.0,1965.0,1920.0,1937.0,484836
AGRD.TA,2026-07-16,912.0999755859375,936.5999755859375,903.0,919.5999755859375,4649
AGRD.TA,2026-07-17,919.5999755859375,919.0,895.0,912.0999755859375,2678
AGRD.TA,2026-07-20,912.0999755859375,955.5,919.0,927.0999755859375,6491
AGRD.TA,2026-07-21,970.0,975.0,938.0,956.7999877929688,4317
AGRD.TA,2026-07-22,984.9000244140625,984.9000244140625,950.0,952.5,5280
AGRD.TA,2026-07-24,984.9000244140625,992.5999755859375,949.0,964.7000122070312,5676
AGRD.TA,2026-07-27,964.7000122070312,1002.0,960.0,970.0999755859375,4759
AGRD.TA,2026-07-28,970.0999755859375,970.0,930.0,950.7999877929688,13795
AGRD.TA,2026-07-29,950.7999877929688,950.7999877929688,921.0,926.9000244140625,2734
AGRD.TA,2026-07-30,926.9000244140625,939.0,903.0,916.7999877929688,2906
AGRD.TA,2026-07-31,916.7999877929688,968.7999877929688,913.0,938.0,3726
AGRD.TA,2026-08-03,945.0,979.0,935.4000244140625,953.2000122070312,6797
AGRD.TA,2026-08-04,985.0,985.0,938.5,954.7999877929688,1910
AGRD.TA,2026-08-05,985.0,985.0,920.0,935.0999755859375,5735
AGRD.TA,2026-08-06,966.0,966.0,911.2999877929688,928.5999755859375,1624
AGRD.TA,2026-08-07,928.5999755859375,932.7999877929688,890.0,915.9000244140625,4274
AGRD.TA,2026-08-10,974.0,974.0,900.0,900.7000122070312,7448
AGRD.TA,2026-08-11,965.0,999.9000244140625,910.0,917.2000122070312,60080
AGRD.TA,2026-08-12,917.2000122070312,917.7999877929688,881.0999755859375,888.4000244140625,15698
AGRD.TA,2026-08-13,888.4000244140625,906.9000244140625,873.0,889.2999877929688,3559
AGRD.TA,2026-08-14,889.2999877929688,902.0,899.0,900.2000122070312,846
AGRD.TA,2026-08-17,890.0,890.0,846.2000122070312,855.2000122070312,14380
AGRD.TA,2026-08-18,897.2999877929688,897.2999877929688,800.0,828.0999755859375,28350
AGRD.TA,2026-08-19,828.0999755859375,873.5,827.9000244140625,833.5,19426
AGRD.TA,2026-08-20,833.5,833.5999755859375,810.0,815.2000122070312,6469
AGRD.TA,2026-08-21,815.2000122070312,836.0999755859375,791.0,803.9000244140625,7024
AGRD.TA,2026-08-24,803.9000244140625,832.9000244140625,803.9000244140625,823.2000122070312,10080
AGRD.TA,2026-08-25,823.2000122070312,840.2999877929688,815.0,821.5999755859375,21271
AGRD.TA,2026-08-26,821.5999755859375,821.5999755859375,782.0,785.5,18444
AGRD.TA,2026-08-27,858.0,945.0,818.0,830.5999755859375,58618
AGRD.TA,2026-08-28,839.5,851.7999877929688,801.0,812.2000122070312,25366
AGRD.TA,2026-08-31,836.5999755859375,836.5999755859375,790.0,790.7000122070312,16739
AGRD.TA,2026-09-01,830.0,830.0,770.0,777.5999755859375,16735
AGRD.TA,2026-09-02,806.0,852.0,800.0,816.4000244140625,30565
AGRD.TA,2026-09-03,816.4000244140625,840.0,818.0,820.0,17275
AGRD.TA,2026-09-04,820.0,838.2000122070312,826.4000244140625,828.9000244140625,1033
AGRD.TA,2026-09-07,828.9000244140625,873.5,801.0,855.5999755859375,20267
AGRD.TA,2026-09-08,855.5999755859375,898.0,821.2999877929688,877.5,10667
AGRD.TA,2026-09-09,919.9000244140625,919.9000244140625,831.0,855.2000122070312,20726
AGRD.TA,2026-09-10,909.0,915.0999755859375,860.0,902.2999877929688,17544
AGRD.TA,2026-09-11,902.2999877929688,902.2999877929688,902.2999877929688,902.2999877929688,0
AGRD.TA,2026-09-14,902.2999877929688,920.0,838.5,861.0999755859375,6332
AGRD.TA,2026-09-15,861.0999755859375,877.7999877929688,835.0,857.2000122070312,2335
AGRD.TA,2026-09-16,857.2000122070312,916.9000244140625,822.4000244140625,840.9000244140625,14027
AGRD.TA,2026-09-17,840.9000244140625,840.9000244140625,818.0,827.5,2933
AGRD.TA,2026-09-18,827.5,827.5,827.5,827.5,0
AGRD.TA,2026-09-21,827.5,827.5,827.5,827.5,0
AGRD.TA,2026-09-22,827.5,888.0,810.0999755859375,835.0,10836
AGRD.TA,2026-09-23,845.0,845.0,811.0,816.5999755859375,5596
AGRD.TA,2026-09-24,816.5999755859375,815.5999755859375,770.0999755859375,797.7000122070312,17950
KEN.TA,2026-07-16,20580.0,20630.0,20120.0,20400.0,72952
KEN.TA,2026-07-17,20400.0,20400.0,19780.0,20200.0,26291
KEN.TA,2026-07-20,20190.0,20930.0,20160.0,20690.0,61870
KEN.TA,2026-07-21,21110.0,21250.0,20710.0,21210.0,36028
KEN.TA,2026-07-22,21210.0,21580.0,21120.0,21280.0,53169
KEN.TA,2026-07-24,21280.0,21800.0,20730.0,21700.0,68721
KEN.TA,2026-07-27,22010.0,22490.0,21300.0,21300.0,45182
KEN.TA,2026-07-28,21380.0,21380.0,20600.0,20600.0,35748
KEN.TA,2026-07-29,20600.0,20780.0,19870.0,19960.0,51298
KEN.TA,2026-07-30,19960.0,20510.0,19520.0,20450.0,47988
KEN.TA,2026-07-31,20470.0,20930.0,20300.0,20880.0,33075
KEN.TA,2026-08-03,20690.0,20900.0,20010.0,20180.0,30957
KEN.TA,2026-08-04,20300.0,20870.0,20240.0,20450.0,28145
KEN.TA,2026-08-05,20500.0,20540.0,19450.0,19580.0,43682
KEN.TA,2026-08-06,19450.0,19840.0,19330.0,19690.0,354940
KEN.TA,2026-08-07,19690.0,19930.0,19500.0,19800.0,20529
KEN.TA,2026-08-10,19780.0,19920.0,19310.0,19370.0,37256
KEN.TA,2026-08-11,19370.0,19450.0,19010.0,19240.0,27331
KEN.TA,2026-08-12,19320.0,20530.0,19320.0,20320.0,83893
KEN.TA,2026-08-13,20230.0,20240.0,19750.0,20220.0,39318
KEN.TA,2026-08-14,20220.0,20240.0,19570.0,19880.0,26497
KEN.TA,2026-08-17,19800.0,20150.0,19290.0,19400.0,34007
KEN.TA,2026-08-18,19220.0,19420.0,18970.0,19280.0,31518
KEN.TA,2026-08-19,19200.0,19730.0,19100.0,19280.0,43022
KEN.TA,2026-08-20,19450.0,19940.0,19210.0,19710.0,40439
KEN.TA,2026-08-21,19710.0,20150.0,19580.0,20110.0,18535
KEN.TA,2026-08-24,19930.0,20050.0,19530.0,19850.0,30240
KEN.TA,2026-08-25,19960.0,20010.0,19460.0,19880.0,21537
KEN.TA,2026-08-26,19880.0,19890.0,19380.0,19810.0,20978
KEN.TA,2026-08-27,20000.0,20570.0,19720.0,20450.0,30584
KEN.TA,2026-08-28,20260.0,20610.0,19700.0,20590.0,81287
KEN.TA,2026-08-31,20530.0,20670.0,20110.0,20410.0,101361
KEN.TA,2026-09-01,20300.0,20420.0,19500.0,19500.0,32999
KEN.TA,2026-09-02,19360.0,19980.0,19150.0,19960.0,48112
KEN.TA,2026-09-03,20030.0,20190.0,19580.0,20130.0,37364
KEN.TA,2026-09-04,20240.0,21150.0,20120.0,21100.0,31699
KEN.TA,2026-09-07,20960.0,21400.0,20710.0,20860.0,35334
KEN.TA,2026-09-08,20900.0,21060.0,20510.0,20810.0,20614
KEN.TA,2026-09-09,21010.0,21330.0,20760.0,21140.0,47335
KEN.TA,2026-09-10,21360.0,21360.0,20000.0,20000.0,25642
KEN.TA,2026-09-11,20000.0,20000.0,20000.0,20000.0,0
KEN.TA,2026-09-14,19910.0,19910.0,19420.0,19690.0,22458
KEN.TA,2026-09-15,19480.0,19670.0,18780.0,18930.0,36777
KEN.TA,2026-09-16,18860.0,19240.0,18860.0,19130.0,30887
KEN.TA,2026-09-17,19130.0,20060.0,19000.0,20060.0,56923
KEN.TA,2026-09-18,20060.0,20060.0,20060.0,20060.0,0
KEN.TA,2026-09-21,20060.0,20060.0,20060.0,20060.0,0
KEN.TA,2026-09-22,20170.0,20530.0,19740.0,19850.0,48135
KEN.TA,2026-09-23,19720.0,20260.0,19600.0,20180.0,45890
KEN.TA,2026-09-24,19600.0,19950.0,19250.0,19410.0,71865
PTBL.TA,2026-07-16,30270.0,30640.0,29480.0,29710.0,15196
PTBL.TA,2026-07-17,29710.0,30310.0,29010.0,29640.0,3557
PTBL.TA,2026-07-20,29330.0,30280.0,29330.0,29610.0,7232
PTBL.TA,2026-07-21,29610.0,30310.0,29260.0,29730.0,8631
PTBL.TA,2026-07-22,29520.0,30060.0,29100.0,29220.0,7942
PTBL.TA,2026-07-24,28610.0,29500.0,28610.0,29210.0,4622
PTBL.TA,2026-07-27,29410.0,30690.0,29340.0,29450.0,13557
PTBL.TA,2026-07-28,29450.0,30150.0,29400.0,29690.0,4017
PTBL.TA,2026-07-29,29590.0,30680.0,29500.0,30350.0,23668
PTBL.TA,2026-07-30,30130.0,30490.0,29650.0,30200.0,7063
PTBL.TA,2026-07-31,30150.0,31670.0,30150.0,31360.0,5710
PTBL.TA,2026-08-03,31360.0,32100.0,31190.0,31200.0,13820
PTBL.TA,2026-08-04,31390.0,31650.0,30410.0,30520.0,11518
PTBL.TA,2026-08-05,30550.0,31000.0,29640.0,29900.0,8353
PTBL.TA,2026-08-06,29900.0,30240.0,29070.0,29630.0,35612
PTBL.TA,2026-08-07,29630.0,30700.0,29630.0,30640.0,3554
PTBL.TA,2026-08-10,30200.0,31500.0,29380.0,30210.0,14082
PTBL.TA,2026-08-11,30210.0,30210.0,29340.0,29770.0,11468
PTBL.TA,2026-08-12,29900.0,30470.0,29340.0,29770.0,7431
PTBL.TA,2026-08-13,30900.0,30900.0,29600.0,30120.0,5307
PTBL.TA,2026-08-14,30460.0,32020.0,29990.0,31240.0,20567
PTBL.TA,2026-08-17,31590.0,31590.0,29840.0,29840.0,28307
PTBL.TA,2026-08-18,29840.0,30160.0,28880.0,29930.0,25244
PTBL.TA,2026-08-19,29930.0,30960.0,29950.0,30800.0,14907
PTBL.TA,2026-08-20,31060.0,31190.0,30610.0,30940.0,8367
PTBL.TA,2026-08-21,30940.0,31270.0,30540.0,30940.0,8053
PTBL.TA,2026-08-24,30020.0,30020.0,26300.0,26480.0,13223
PTBL.TA,2026-08-25,26770.0,26910.0,26100.0,26680.0,13462
PTBL.TA,2026-08-26,26680.0,27360.0,26200.0,27080.0,9617
PTBL.TA,2026-08-27,27080.0,27650.0,26810.0,27420.0,5592
PTBL.TA,2026-08-28,26900.0,27960.0,26900.0,27960.0,9424
PTBL.TA,2026-08-31,27960.0,27960.0,26780.0,27900.0,5734
PTBL.TA,2026-09-01,27600.0,29050.0,27600.0,28710.0,18613
PTBL.TA,2026-09-02,28430.0,29840.0,28430.0,29320.0,23838
PTBL.TA,2026-09-03,29320.0,29600.0,28980.0,29500.0,12477
PTBL.TA,2026-09-04,29500.0,30510.0,29420.0,30510.0,4017
PTBL.TA,2026-09-07,30510.0,30620.0,29790.0,29900.0,5101
PTBL.TA,2026-09-08,29900.0,30010.0,29240.0,29470.0,3712
PTBL.TA,2026-09-09,29330.0,29750.0,28830.0,29090.0,3430
PTBL.TA,2026-09-10,29130.0,29130.0,28160.0,28510.0,10090
PTBL.TA,2026-09-11,28510.0,28510.0,28510.0,28510.0,0
PTBL.TA,2026-09-14,28510.0,28740.0,28000.0,28400.0,3321
PTBL.TA,2026-09-15,28400.0,28350.0,27710.0,28180.0,1845
PTBL.TA,2026-09-16,28180.0,28550.0,27860.0,28370.0,2430
PTBL.TA,2026-09-17,28690.0,28780.0,28080.0,28240.0,3497
PTBL.TA,2026-09-18,28240.0,28240.0,28240.0,28240.0,0
PTBL.TA,2026-09-21,28240.0,28240.0,28240.0,28240.0,0
PTBL.TA,2026-09-22,28210.0,29200.0,27840.0,28400.0,15351
PTBL.TA,2026-09-23,28400.0,28680.0,28100.0,28370.0,2989
PTBL.TA,2026-09-24,28300.0,28300.0,27400.0,28010.0,6313
ELAD.TA,2026-07-16,1069.0,1096.0,1069.0,1080.0,211
ELAD.TA,2026-07-17,1013.0,1154.0,1013.0,1085.0,677
ELAD.TA,2026-07-20,1085.0,1095.0,1049.0,1068.0,832
ELAD.TA,2026-07-21,1068.0,1068.0,1027.0,1040.0,1023
ELAD.TA,2026-07-22,1040.0,1054.0,1040.0,1052.0,155
ELAD.TA,2026-07-24,1052.0,1052.0,1020.0,1030.0,2908
ELAD.TA,2026-07-27,1030.0,1050.0,1030.0,1038.0,1271
ELAD.TA,2026-07-28,1038.0,1120.0,1001.0,1053.0,608
ELAD.TA,2026-07-29,1053.0,1053.0,1022.0,1022.0,4154
ELAD.TA,2026-07-30,1022.0,1028.0,1022.0,1024.0,153
ELAD.TA,2026-07-31,1024.0,1031.0,988.0,998.4000244140625,517
ELAD.TA,2026-08-03,998.4000244140625,1050.0,978.5,989.9000244140625,4386
ELAD.TA,2026-08-04,989.9000244140625,1010.0,968.2000122070312,979.0999755859375,2262
ELAD.TA,2026-08-05,892.0,999.9000244140625,892.0,979.5,7401
ELAD.TA,2026-08-06,979.5,1020.0,945.0,945.0,14312
ELAD.TA,2026-08-07,945.0,1010.0,934.9000244140625,961.2999877929688,2649
ELAD.TA,2026-08-10,1000.0,1000.0,969.2000122070312,977.9000244140625,2065
ELAD.TA,2026-08-11,1000.0,1000.0,910.7000122070312,938.4000244140625,3646
ELAD.TA,2026-08-12,1000.0,1000.0,927.2000122070312,943.2999877929688,2583
ELAD.TA,2026-08-13,945.0,945.0,945.0,944.5999755859375,153
ELAD.TA,2026-08-14,1000.0,1000.0,900.0,927.7999877929688,4371
ELAD.TA,2026-08-17,1000.0,1000.0,901.2999877929688,931.5999755859375,7750
ELAD.TA,2026-08-18,930.0,1052.0,892.0,1000.0,44752
ELAD.TA,2026-08-19,1000.0,1042.0,1000.0,1000.0,4216
ELAD.TA,2026-08-20,1000.0,1022.0,977.5,995.9000244140625,13436
ELAD.TA,2026-08-21,995.9000244140625,1010.0,995.9000244140625,1007.0,162
ELAD.TA,2026-08-24,1007.0,1030.0,989.4000244140625,1012.0,2810
ELAD.TA,2026-08-25,1012.0,1061.0,1012.0,1059.0,353
ELAD.TA,2026-08-26,1059.0,1121.0,1059.0,1120.0,51336
ELAD.TA,2026-08-27,1120.0,1160.0,1105.0,1133.0,13568
ELAD.TA,2026-08-28,1157.0,1160.0,1103.0,1145.0,2707
ELAD.TA,2026-08-31,1165.0,1165.0,1139.0,1145.0,10066
ELAD.TA,2026-09-01,1145.0,1172.0,1122.0,1141.0,1303
ELAD.TA,2026-09-02,1172.0,1190.0,1142.0,1172.0,3882
ELAD.TA,2026-09-03,1172.0,1203.0,1172.0,1187.0,56013
ELAD.TA,2026-09-04,1187.0,1187.0,1182.0,1182.0,1007
ELAD.TA,2026-09-07,1182.0,1192.0,1144.0,1178.0,2126
ELAD.TA,2026-09-08,1211.0,1211.0,1001.0,1111.0,4606
ELAD.TA,2026-09-09,1111.0,1150.0,1150.0,1141.0,130
ELAD.TA,2026-09-10,1168.0,1168.0,1089.0,1151.0,3787
ELAD.TA,2026-09-11,1151.0,1151.0,1151.0,1151.0,0
ELAD.TA,2026-09-14,1151.0,1190.0,1100.0,1157.0,3966
ELAD.TA,2026-09-15,1157.0,1190.0,1132.0,1145.0,3111
ELAD.TA,2026-09-16,1145.0,1200.0,1107.0,1150.0,24394
ELAD.TA,2026-09-17,1150.0,1173.0,1107.0,1134.0,6092
ELAD.TA,2026-09-18,1134.0,1134.0,1134.0,1134.0,0
ELAD.TA,2026-09-21,1134.0,1134.0,1134.0,1134.0,0
ELAD.TA,2026-09-22,1134.0,1200.0,1135.0,1147.0,776
ELAD.TA,2026-09-23,1147.0,1200.0,1125.0,1153.0,3228
ELAD.TA,2026-09-24,1153.0,1176.0,1148.0,1154.0,640
ARIN.TA,2026-07-16,500.0,503.70001220703125,483.5,495.5,435266
ARIN.TA,2026-07-17,495.5,497.0,483.1000061035156,489.29998779296875,940733
ARIN.TA,2026-07-20,489.29998779296875,493.70001220703125,477.20001220703125,486.79998779296875,511827
ARIN.TA,2026-07-21,503.79998779296875,520.0,483.20001220703125,483.20001220703125,2412605
ARIN.TA,2026-07-22,489.29998779296875,491.6000061035156,475.70001220703125,482.0,1870915
ARIN.TA,2026-07-24,465.0,468.8999938964844,456.1000061035156,459.1000061035156,845268
ARIN.TA,2026-07-27,462.0,464.0,435.0,435.0,1466365
ARIN.TA,2026-07-28,435.0,446.0,429.70001220703125,438.20001220703125,948093
ARIN.TA,2026-07-29,447.0,449.20001220703125,440.0,446.0,505313
ARIN.TA,2026-07-30,446.0,460.0,444.0,458.79998779296875,516457
ARIN.TA,2026-07-31,463.6000061035156,475.0,445.70001220703125,455.0,294438
ARIN.TA,2026-08-03,455.0,461.6000061035156,446.0,455.0,762213
ARIN.TA,2026-08-04,495.1000061035156,501.29998779296875,467.1000061035156,470.0,5035498
ARIN.TA,2026-08-05,473.5,482.20001220703125,462.6000061035156,479.3999938964844,365007
ARIN.TA,2026-08-06,480.0,487.29998779296875,470.0,470.0,983473
ARIN.TA,2026-08-07,471.0,489.0,471.0,489.0,440316
ARIN.TA,2026-08-10,489.0,505.5,478.79998779296875,487.8999938964844,427473
ARIN.TA,2026-08-11,500.6000061035156,507.3999938964844,490.0,500.0,653101
ARIN.TA,2026-08-12,511.0,511.0,478.0,478.0,300387
ARIN.TA,2026-08-13,486.0,491.3999938964844,476.3999938964844,489.70001220703125,398651
ARIN.TA,2026-08-14,489.70001220703125,495.70001220703125,487.0,491.29998779296875,60073
ARIN.TA,2026-08-17,490.29998779296875,496.1000061035156,473.20001220703125,473.20001220703125,225735
ARIN.TA,2026-08-18,473.20001220703125,480.1000061035156,459.8999938964844,473.70001220703125,227412
ARIN.TA,2026-08-19,473.70001220703125,486.5,473.5,479.0,163896
ARIN.TA,2026-08-20,480.70001220703125,486.1000061035156,474.79998779296875,480.3999938964844,204692
ARIN.TA,2026-08-21,480.3999938964844,487.0,480.3999938964844,482.5,1263651
ARIN.TA,2026-08-24,482.5,483.0,462.79998779296875,469.29998779296875,266624
ARIN.TA,2026-08-25,471.1000061035156,471.5,454.8999938964844,470.8999938964844,538931
ARIN.TA,2026-08-26,470.8999938964844,470.8999938964844,458.6000061035156,463.20001220703125,571657
ARIN.TA,2026-08-27,463.20001220703125,481.0,458.6000061035156,481.0,648188
ARIN.TA,2026-08-28,481.0,485.3999938964844,475.70001220703125,485.3999938964844,511615
ARIN.TA,2026-08-31,485.29998779296875,499.70001220703125,475.79998779296875,497.6000061035156,394811
ARIN.TA,2026-09-01,503.0,506.5,490.0,491.5,771990
ARIN.TA,2026-09-02,498.0,518.0,490.79998779296875,518.0,794924
ARIN.TA,2026-09-03,518.0,529.0,511.8999938964844,529.0,635481
ARIN.TA,2026-09-04,534.0,534.0,521.2999877929688,530.0,302555
ARIN.TA,2026-09-07,530.0,533.7999877929688,522.0,525.0,760602
ARIN.TA,2026-09-08,517.0999755859375,527.0,510.20001220703125,514.0,774721
ARIN.TA,2026-09-09,517.9000244140625,525.2000122070312,500.1000061035156,502.5,755794
ARIN.TA,2026-09-10,502.5,505.79998779296875,475.0,479.29998779296875,750401
ARIN.TA,2026-09-11,479.29998779296875,479.29998779296875,479.29998779296875,479.29998779296875,0
ARIN.TA,2026-09-14,480.1000061035156,480.1000061035156,467.3999938964844,472.70001220703125,434260
ARIN.TA,2026-09-15,472.70001220703125,473.0,460.1000061035156,468.5,375678
ARIN.TA,2026-09-16,469.8999938964844,478.0,468.0,474.8999938964844,271402
ARIN.TA,2026-09-17,474.8999938964844,492.20001220703125,472.5,491.5,1082392
ARIN.TA,2026-09-18,491.5,491.5,491.5,491.5,0
ARIN.TA,2026-09-21,491.5,491.5,491.5,491.5,0
ARIN.TA,2026-09-22,491.5,499.79998779296875,480.70001220703125,482.8999938964844,111038
ARIN.TA,2026-09-23,484.79998779296875,517.9000244140625,482.8999938964844,503.0,898526
ARIN.TA,2026-09-24,503.0,504.0,482.3999938964844,489.70001220703125,764371
DSCT.TA,2026-07-16,3212.0,3212.0,3119.0,3149.0,2929006
DSCT.TA,2026-07-17,3149.0,3216.0,3135.0,3195.0,2413469
DSCT.TA,2026-07-20,3195.0,3195.0,3129.0,3156.0,15309629
DSCT.TA,2026-07-21,3164.0,3206.0,3141.0,3195.0,6281685
DSCT.TA,2026-07-22,3179.0,3238.0,3151.0,3185.0,2278474
DSCT.TA,2026-07-24,3150.0,3212.0,3134.0,3188.0,4600007
DSCT.TA,2026-07-27,3240.0,3258.0,3211.0,3224.0,2494865
DSCT.TA,2026-07-28,3227.0,3271.0,3184.0,3198.0,2915919
DSCT.TA,2026-07-29,3181.0,3216.0,3132.0,3141.0,2713048
DSCT.TA,2026-07-30,3157.0,3188.0,3115.0,3188.0,2783483
DSCT.TA,2026-07-31,3176.0,3224.0,3176.0,3196.0,2913577
DSCT.TA,2026-08-03,3196.0,3235.0,3165.0,3177.0,2777721
DSCT.TA,2026-08-04,3179.0,3271.0,3150.0,3271.0,3313006
DSCT.TA,2026-08-05,3263.0,3292.0,3193.0,3201.0,2501673
DSCT.TA,2026-08-06,3183.0,3234.0,3170.0,3191.0,11239072
DSCT.TA,2026-08-07,3205.0,3296.0,3192.0,3284.0,2066976
DSCT.TA,2026-08-10,3271.0,3281.0,3218.0,3241.0,2939457
DSCT.TA,2026-08-11,3241.0,3312.0,3235.0,3312.0,2604246
DSCT.TA,2026-08-12,3322.0,3358.0,3306.0,3357.0,2562164
DSCT.TA,2026-08-13,3400.0,3466.0,3360.0,3389.0,3631568
DSCT.TA,2026-08-14,3415.0,3433.0,3384.0,3400.0,1407920
DSCT.TA,2026-08-17,3379.0,3388.0,3286.0,3294.0,2420200
DSCT.TA,2026-08-18,3287.0,3344.0,3242.0,3344.0,2901302
DSCT.TA,2026-08-19,3344.0,3392.0,3322.0,3384.0,2856880
DSCT.TA,2026-08-20,3371.0,3381.0,3345.0,3351.0,1519478
DSCT.TA,2026-08-21,3354.0,3407.0,3352.0,3399.0,2261541
DSCT.TA,2026-08-24,3405.0,3416.0,3351.0,3382.0,1704747
DSCT.TA,2026-08-25,3359.0,3400.0,3347.0,3400.0,1778983
DSCT.TA,2026-08-26,3390.0,3427.0,3370.0,3413.0,2291102
DSCT.TA,2026-08-27,3372.0,3399.0,3358.0,3392.0,1129992
DSCT.TA,2026-08-28,3355.0,3410.0,3345.0,3388.0,4706080
DSCT.TA,2026-08-31,3399.0,3439.0,3387.0,3420.0,3142443
DSCT.TA,2026-09-01,3420.0,3482.0,3380.0,3440.0,5842887
DSCT.TA,2026-09-02,3433.0,3560.0,3427.0,3547.0,4364277
DSCT.TA,2026-09-03,3575.0,3583.0,3542.0,3578.0,1952526
DSCT.TA,2026-09-04,3590.0,3590.0,3541.0,3580.0,1008397
DSCT.TA,2026-09-07,3584.0,3646.0,3563.0,3628.0,2772873
DSCT.TA,2026-09-08,3626.0,3643.0,3591.0,3594.0,2615869
DSCT.TA,2026-09-09,3608.0,3646.0,3598.0,3598.0,3240662
DSCT.TA,2026-09-10,3598.0,3620.0,3564.0,3580.0,3523497
DSCT.TA,2026-09-11,3580.0,3580.0,3580.0,3580.0,0
DSCT.TA,2026-09-14,3586.0,3644.0,3586.0,3641.0,2871215
DSCT.TA,2026-09-15,3621.0,3641.0,3595.0,3600.0,1394655
DSCT.TA,2026-09-16,3600.0,3679.0,3600.0,3649.0,2137610
DSCT.TA,2026-09-17,3649.0,3692.0,3609.0,3614.0,4143966
DSCT.TA,2026-09-18,3614.0,3614.0,3614.0,3614.0,0
DSCT.TA,2026-09-21,3614.0,3614.0,3614.0,3614.0,0
DSCT.TA,2026-09-22,3614.0,3620.0,3524.0,3565.0,2614725
DSCT.TA,2026-09-23,3551.0,3566.0,3484.0,3564.0,2579780
DSCT.TA,2026-09-24,3505.0,3588.0,3502.0,3527.0,5361885
ELAL.TA,2026-07-16,1417.0,1425.0,1390.0,1400.0,703903
ELAL.TA,2026-07-17,1400.0,1402.0,1354.0,1382.0,1014131
ELAL.TA,2026-07-20,1382.0,1391.0,1346.0,1357.0,1290206
ELAL.TA,2026-07-21,1361.0,1374.0,1350.0,1362.0,711341
ELAL.TA,2026-07-22,1362.0,1364.0,1340.0,1350.0,1045816
ELAL.TA,2026-07-24,1322.0,1354.0,1316.0,1334.0,1693241
ELAL.TA,2026-07-27,1343.0,1382.0,1343.0,1363.0,1274963
ELAL.TA,2026-07-28,1363.0,1391.0,1346.0,1353.0,530912
ELAL.TA,2026-07-29,1353.0,1370.0,1342.0,1356.0,694753
ELAL.TA,2026-07-30,1356.0,1357.0,1321.0,1345.0,1139965
ELAL.TA,2026-07-31,1345.0,1379.0,1344.0,1359.0,779954
ELAL.TA,2026-08-03,1366.0,1423.0,1366.0,1417.0,1570103
ELAL.TA,2026-08-04,1425.0,1448.0,1394.0,1421.0,1024653
ELAL.TA,2026-08-05,1544.0,1636.0,1530.0,1635.0,8372426
ELAL.TA,2026-08-06,1580.0,1643.0,1554.0,1620.0,5043990
ELAL.TA,2026-08-07,1620.0,1634.0,1601.0,1629.0,572222
ELAL.TA,2026-08-10,1613.0,1658.0,1593.0,1613.0,1798285
ELAL.TA,2026-08-11,1613.0,1627.0,1589.0,1614.0,1400096
ELAL.TA,2026-08-12,1616.0,1655.0,1601.0,1630.0,1158649
ELAL.TA,2026-08-13,1645.0,1646.0,1601.0,1622.0,652467
ELAL.TA,2026-08-14,1622.0,1626.0,1601.0,1615.0,151619
ELAL.TA,2026-08-17,1615.0,1625.0,1590.0,1590.0,862147
ELAL.TA,2026-08-18,1589.0,1602.0,1577.0,1602.0,634847
ELAL.TA,2026-08-19,1602.0,1613.0,1570.0,1578.0,607326
ELAL.TA,2026-08-20,1563.0,1620.0,1562.0,1600.0,956717
ELAL.TA,2026-08-21,1600.0,1649.0,1600.0,1647.0,990970
ELAL.TA,2026-08-24,1647.0,1666.0,1620.0,1662.0,1375928
ELAL.TA,2026-08-25,1662.0,1696.0,1649.0,1695.0,1429437
ELAL.TA,2026-08-26,1695.0,1737.0,1688.0,1735.0,1375408
ELAL.TA,2026-08-27,1735.0,1735.0,1655.0,1682.0,1368284
ELAL.TA,2026-08-28,1660.0,1700.0,1660.0,1690.0,880137
ELAL.TA,2026-08-31,1689.0,1706.0,1666.0,1705.0,1270430
ELAL.TA,2026-09-01,1705.0,1734.0,1690.0,1711.0,3137384
ELAL.TA,2026-09-02,1711.0,1736.0,1701.0,1721.0,1287685
ELAL.TA,2026-09-03,1720.0,1757.0,1708.0,1737.0,1372532
ELAL.TA,2026-09-04,1719.0,1740.0,1711.0,1714.0,703085
ELAL.TA,2026-09-07,1710.0,1734.0,1688.0,1697.0,965227
ELAL.TA,2026-09-08,1697.0,1707.0,1668.0,1668.0,1286172
ELAL.TA,2026-09-09,1668.0,1698.0,1661.0,1682.0,1272854
ELAL.TA,2026-09-10,1679.0,1687.0,1639.0,1640.0,746169
ELAL.TA,2026-09-11,1640.0,1640.0,1640.0,1640.0,0
ELAL.TA,2026-09-14,1649.0,1677.0,1600.0,1645.0,1349877
ELAL.TA,2026-09-15,1645.0,1675.0,1645.0,1666.0,1351138
ELAL.TA,2026-09-16,1665.0,1669.0,1615.0,1631.0,1162384
ELAL.TA,2026-09-17,1631.0,1652.0,1618.0,1635.0,910150
ELAL.TA,2026-09-18,1635.0,1635.0,1635.0,1635.0,0
ELAL.TA,2026-09-21,1635.0,1635.0,1635.0,1635.0,0
ELAL.TA,2026-09-22,1650.0,1699.0,1649.0,1699.0,1563720
ELAL.TA,2026-09-23,1700.0,1730.0,1694.0,1710.0,1375753
ELAL.TA,2026-09-24,1709.0,1718.0,1651.0,1671.0,1529805
AZRT.TA,2026-07-16,607.4000244140625,615.0,591.2999877929688,607.0999755859375,21665
AZRT.TA,2026-07-17,607.0999755859375,609.5,602.7999877929688,607.7000122070312,3333
AZRT.TA,2026-07-20,607.7000122070312,616.0,602.5999755859375,611.9000244140625,1886
AZRT.TA,2026-07-21,611.9000244140625,615.0,602.5999755859375,608.2000122070312,5471
AZRT.TA,2026-07-22,612.0,612.0,599.2000122070312,602.2000122070312,9774
AZRT.TA,2026-07-24,602.2000122070312,610.0,600.7999877929688,608.0999755859375,2869
AZRT.TA,2026-07-27,611.9000244140625,611.9000244140625,577.5999755859375,587.7999877929688,17090
AZRT.TA,2026-07-28,587.7999877929688,599.0,565.4000244140625,593.7999877929688,214622
AZRT.TA,2026-07-29,593.7999877929688,607.7000122070312,593.7999877929688,598.2000122070312,21981
AZRT.TA,2026-07-30,598.2000122070312,598.2000122070312,584.0,589.5,2935
AZRT.TA,2026-07-31,589.5,593.2000122070312,583.0999755859375,592.4000244140625,5789
AZRT.TA,2026-08-03,592.4000244140625,609.0,591.0,595.4000244140625,16969
AZRT.TA,2026-08-04,590.0,604.0,588.5,599.2000122070312,31578
AZRT.TA,2026-08-05,599.2000122070312,601.5999755859375,581.2000122070312,596.5999755859375,12823
AZRT.TA,2026-08-06,596.0,617.0,594.5,599.7999877929688,155799
AZRT.TA,2026-08-07,599.7999877929688,609.7999877929688,597.0,600.7000122070312,11485
AZRT.TA,2026-08-10,600.7000122070312,617.0999755859375,597.7000122070312,616.5,332607
AZRT.TA,2026-08-11,616.5,616.5,601.0999755859375,609.9000244140625,162964
AZRT.TA,2026-08-12,609.9000244140625,617.0,592.0999755859375,605.4000244140625,12830
AZRT.TA,2026-08-13,605.4000244140625,617.9000244140625,599.2000122070312,616.7000122070312,21297
AZRT.TA,2026-08-14,616.7000122070312,620.0,615.0,616.9000244140625,20292
AZRT.TA,2026-08-17,616.9000244140625,624.7999877929688,610.7999877929688,620.0,72642
AZRT.TA,2026-08-18,620.0,625.0,600.0999755859375,615.5,14295
AZRT.TA,2026-08-19,615.5,625.0,605.2000122070312,611.7999877929688,8229
AZRT.TA,2026-08-20,611.7999877929688,618.9000244140625,604.0,605.9000244140625,6749
AZRT.TA,2026-08-21,605.9000244140625,616.0,604.0,604.5999755859375,5070
AZRT.TA,2026-08-24,604.5999755859375,615.0,584.7000122070312,593.2999877929688,8825
AZRT.TA,2026-08-25,593.2999877929688,612.9000244140625,584.0999755859375,601.7000122070312,55935
AZRT.TA,2026-08-26,601.7000122070312,615.9000244140625,601.7000122070312,615.0,63869
AZRT.TA,2026-08-27,615.0,615.0999755859375,590.0999755859375,597.9000244140625,15135
AZRT.TA,2026-08-28,597.9000244140625,618.0,597.9000244140625,615.7999877929688,11854
AZRT.TA,2026-08-31,615.7999877929688,618.0,594.2000122070312,616.4000244140625,20591
AZRT.TA,2026-09-01,616.4000244140625,616.4000244140625,601.0,606.4000244140625,24605
AZRT.TA,2026-09-02,606.4000244140625,638.9000244140625,599.9000244140625,628.4000244140625,57913
AZRT.TA,2026-09-03,628.4000244140625,628.4000244140625,600.4000244140625,618.9000244140625,29701
AZRT.TA,2026-09-04,618.9000244140625,642.9000244140625,622.0,627.0999755859375,1196
AZRT.TA,2026-09-07,627.0999755859375,627.0999755859375,615.0,618.5,17308
AZRT.TA,2026-09-08,592.5,618.5,592.5,604.0999755859375,19451
AZRT.TA,2026-09-09,604.0999755859375,614.4000244140625,597.5999755859375,608.7000122070312,16961
AZRT.TA,2026-09-10,608.7000122070312,607.7999877929688,593.0999755859375,599.7999877929688,12258
AZRT.TA,2026-09-11,599.7999877929688,599.7999877929688,599.7999877929688,599.7999877929688,0
AZRT.TA,2026-09-14,599.7999877929688,599.7999877929688,581.0,594.0,181937
AZRT.TA,2026-09-15,594.0,610.2999877929688,594.0,610.0,126411
AZRT.TA,2026-09-16,610.0,614.5,594.2000122070312,604.0,9592
AZRT.TA,2026-09-17,604.0,604.0,594.0999755859375,596.2999877929688,26394
AZRT.TA,2026-09-18,596.2999877929688,596.2999877929688,596.2999877929688,596.2999877929688,0
AZRT.TA,2026-09-21,596.2999877929688,596.2999877929688,596.2999877929688,596.2999877929688,0
AZRT.TA,2026-09-22,596.2999877929688,598.5,582.9000244140625,588.2000122070312,1505505
AZRT.TA,2026-09-23,574.0,592.0,542.2999877929688,558.2999877929688,50034
AZRT.TA,2026-09-24,558.2999877929688,562.0,530.0999755859375,532.5999755859375,77038
SANO1.TA,2026-07-16,33690.0,34420.0,33870.0,34120.0,32
SANO1.TA,2026-07-17,33700.0,34680.0,33700.0,34680.0,791
SANO1.TA,2026-07-20,33530.0,35000.0,33530.0,34780.0,297
SANO1.TA,2026-07-21,34780.0,35950.0,34780.0,35120.0,2836
SANO1.TA,2026-07-22,35120.0,35980.0,34870.0,35620.0,142
SANO1.TA,2026-07-24,35620.0,36000.0,35380.0,35990.0,238
SANO1.TA,2026-07-27,35990.0,35990.0,35510.0,35870.0,107
SANO1.TA,2026-07-28,35870.0,35810.0,35550.0,35590.0,88
SANO1.TA,2026-07-29,35590.0,35570.0,35010.0,35210.0,277
SANO1.TA,2026-07-30,35210.0,35390.0,35000.0,35130.0,4363
SANO1.TA,2026-07-31,35130.0,35150.0,34900.0,35010.0,119
SANO1.TA,2026-08-03,35010.0,35600.0,34780.0,35410.0,372
SANO1.TA,2026-08-04,35410.0,36260.0,35410.0,36200.0,1156
SANO1.TA,2026-08-05,36200.0,36920.0,35800.0,35870.0,2192
SANO1.TA,2026-08-06,35870.0,37520.0,35680.0,37520.0,8152
SANO1.TA,2026-08-07,37400.0,37400.0,36540.0,36740.0,1560
SANO1.TA,2026-08-10,36740.0,36740.0,35240.0,35540.0,874
SANO1.TA,2026-08-11,35540.0,36230.0,35690.0,35820.0,185
SANO1.TA,2026-08-12,35820.0,35820.0,35500.0,35780.0,361
SANO1.TA,2026-08-13,35780.0,35780.0,35500.0,35500.0,490
SANO1.TA,2026-08-14,35500.0,36000.0,35000.0,35100.0,36
SANO1.TA,2026-08-17,35100.0,35460.0,34780.0,35050.0,467
SANO1.TA,2026-08-18,35050.0,36350.0,35050.0,35700.0,326
SANO1.TA,2026-08-19,35700.0,35710.0,35010.0,35060.0,183
SANO1.TA,2026-08-20,35060.0,35900.0,34970.0,35240.0,740
SANO1.TA,2026-08-21,35240.0,35730.0,35210.0,35610.0,78
SANO1.TA,2026-08-24,35610.0,36000.0,34510.0,34720.0,101
SANO1.TA,2026-08-25,34720.0,35730.0,34700.0,34870.0,99
SANO1.TA,2026-08-26,34870.0,35530.0,34790.0,35190.0,195
SANO1.TA,2026-08-27,35190.0,37310.0,34800.0,35860.0,1003
SANO1.TA,2026-08-28,35860.0,36290.0,35520.0,36000.0,98
SANO1.TA,2026-08-31,36020.0,36290.0,35750.0,36010.0,520
SANO1.TA,2026-09-01,36010.0,36670.0,36010.0,36270.0,340
SANO1.TA,2026-09-02,36270.0,36810.0,36370.0,36410.0,51
SANO1.TA,2026-09-03,36410.0,37560.0,36410.0,37370.0,103
SANO1.TA,2026-09-04,37370.0,37420.0,36120.0,37000.0,95
SANO1.TA,2026-09-07,37000.0,37000.0,35220.0,36370.0,117
SANO1.TA,2026-09-08,36370.0,36550.0,36010.0,36030.0,46
SANO1.TA,2026-09-09,36030.0,36200.0,35120.0,35290.0,508
SANO1.TA,2026-09-10,35290.0,35310.0,34650.0,34780.0,918
SANO1.TA,2026-09-11,34780.0,34780.0,34780.0,34780.0,0
SANO1.TA,2026-09-14,34780.0,34790.0,34260.0,34780.0,2352
SANO1.TA,2026-09-15,34780.0,35980.0,34080.0,34190.0,5551
SANO1.TA,2026-09-16,34000.0,35750.0,33770.0,34750.0,1235
SANO1.TA,2026-09-17,34750.0,35170.0,34390.0,34680.0,51
SANO1.TA,2026-09-18,34680.0,34680.0,34680.0,34680.0,0
SANO1.TA,2026-09-21,34680.0,34680.0,34680.0,34680.0,0
SANO1.TA,2026-09-22,34680.0,34680.0,34550.0,34660.0,106
SANO1.TA,2026-09-23,34320.0,35020.0,33700.0,34330.0,367
SANO1.TA,2026-09-24,34330.0,34090.0,33650.0,33740.0,201
PRIM.TA,2026-07-16,4820.0,4833.0,4699.0,4706.0,13424
PRIM.TA,2026-07-17,4706.0,4739.0,4600.0,4702.0,12770
PRIM.TA,2026-07-20,4702.0,4792.0,4576.0,4701.0,15941
PRIM.TA,2026-07-21,4800.0,4951.0,4715.0,4750.0,97670
PRIM.TA,2026-07-22,4750.0,4889.0,4707.0,4730.0,107621
PRIM.TA,2026-07-24,4730.0,5101.0,4714.0,4870.0,67501
PRIM.TA,2026-07-27,4985.0,5079.0,4736.0,4778.0,77663
PRIM.TA,2026-07-28,4778.0,4783.0,4557.0,4700.0,187539
PRIM.TA,2026-07-29,4700.0,4700.0,4440.0,4606.0,108429
PRIM.TA,2026-07-30,4606.0,4635.0,4412.0,4558.0,26005
PRIM.TA,2026-07-31,4558.0,4685.0,4530.0,4685.0,8586
PRIM.TA,2026-08-03,4685.0,4847.0,4467.0,4522.0,26383
PRIM.TA,2026-08-04,4522.0,4753.0,4490.0,4737.0,30610
PRIM.TA,2026-08-05,4750.0,4858.0,4503.0,4522.0,17160
PRIM.TA,2026-08-06,4522.0,4556.0,4150.0,4300.0,107207
PRIM.TA,2026-08-07,4300.0,4367.0,4215.0,4341.0,18250
PRIM.TA,2026-08-10,4301.0,4649.0,4199.0,4354.0,40496
PRIM.TA,2026-08-11,4354.0,4444.0,4269.0,4388.0,21269
PRIM.TA,2026-08-12,4388.0,4471.0,4251.0,4313.0,34647
PRIM.TA,2026-08-13,4320.0,4428.0,4260.0,4401.0,27569
PRIM.TA,2026-08-14,4401.0,4438.0,4292.0,4372.0,11670
PRIM.TA,2026-08-17,4372.0,4407.0,4162.0,4176.0,24697
PRIM.TA,2026-08-18,4176.0,4176.0,3950.0,4000.0,59226
PRIM.TA,2026-08-19,4000.0,4078.0,3821.0,4032.0,46857
PRIM.TA,2026-08-20,4032.0,4195.0,4010.0,4105.0,24057
PRIM.TA,2026-08-21,4105.0,4193.0,4099.0,4170.0,3673
PRIM.TA,2026-08-24,4170.0,4169.0,4025.0,4040.0,17211
PRIM.TA,2026-08-25,4040.0,4124.0,3705.0,3962.0,85934
PRIM.TA,2026-08-26,3962.0,3962.0,3700.0,3700.0,72791
PRIM.TA,2026-08-27,3700.0,3871.0,3700.0,3754.0,42068
PRIM.TA,2026-08-28,3754.0,3950.0,3747.0,3950.0,15161
PRIM.TA,2026-08-31,3950.0,4100.0,3857.0,4100.0,33057
PRIM.TA,2026-09-01,4100.0,4113.0,3900.0,3920.0,44035
PRIM.TA,2026-09-02,3940.0,4096.0,3903.0,3986.0,16979
PRIM.TA,2026-09-03,3986.0,4015.0,3860.0,3877.0,34708
PRIM.TA,2026-09-04,3877.0,4043.0,3796.0,4004.0,30566
PRIM.TA,2026-09-07,4004.0,4198.0,3962.0,4000.0,21738
PRIM.TA,2026-09-08,4000.0,4289.0,3951.0,4275.0,149266
PRIM.TA,2026-09-09,4297.0,4340.0,4133.0,4275.0,66812
PRIM.TA,2026-09-10,4275.0,4421.0,4161.0,4361.0,40252
PRIM.TA,2026-09-11,4361.0,4361.0,4361.0,4361.0,0
PRIM.TA,2026-09-14,4323.0,4350.0,4021.0,4090.0,68246
PRIM.TA,2026-09-15,4090.0,4090.0,3890.0,3890.0,70425
PRIM.TA,2026-09-16,4038.0,4038.0,3923.0,3941.0,30826
PRIM.TA,2026-09-17,3941.0,4047.0,3905.0,3955.0,19213
PRIM.TA,2026-09-18,3955.0,3955.0,3955.0,3955.0,0
PRIM.TA,2026-09-21,3955.0,3955.0,3955.0,3955.0,0
PRIM.TA,2026-09-22,3955.0,4070.0,3955.0,3962.0,19597
PRIM.TA,2026-09-23,4057.0,4137.0,3931.0,4053.0,26428
PRIM.TA,2026-09-24,4053.0,3989.0,3825.0,3871.0,28608
SHAN.TA,2026-07-16,909.9000244140625,927.0,909.9000244140625,926.7000122070312,5229
SHAN.TA,2026-07-17,926.7000122070312,904.5,904.5,925.5999755859375,10
SHAN.TA,2026-07-20,925.5999755859375,926.0,920.0999755859375,925.7999877929688,1599
SHAN.TA,2026-07-21,925.7999877929688,956.0,937.9000244140625,947.5999755859375,9102
SHAN.TA,2026-07-22,947.5999755859375,980.7000122070312,937.0,956.2000122070312,11726
SHAN.TA,2026-07-24,956.2000122070312,977.0,955.0,973.2999877929688,13569
SHAN.TA,2026-07-27,973.2999877929688,979.0,973.2999877929688,974.5999755859375,1757
SHAN.TA,2026-07-28,974.5999755859375,970.0,919.9000244140625,951.0,27093
SHAN.TA,2026-07-29,951.0,1001.0,915.7999877929688,940.0,43717
SHAN.TA,2026-07-30,940.0,940.0,939.9000244140625,940.0,2983
SHAN.TA,2026-07-31,940.0,996.7999877929688,920.0,985.9000244140625,19733
SHAN.TA,2026-08-03,985.9000244140625,985.9000244140625,958.0,972.4000244140625,859
SHAN.TA,2026-08-04,972.4000244140625,969.9000244140625,940.0,947.2000122070312,9766
SHAN.TA,2026-08-05,947.2000122070312,950.0,949.7999877929688,950.0,4111
SHAN.TA,2026-08-06,950.0,933.0,905.4000244140625,908.0,23678
SHAN.TA,2026-08-07,908.0,949.9000244140625,900.0999755859375,946.4000244140625,9552
SHAN.TA,2026-08-10,909.0999755859375,935.0,859.7999877929688,898.7000122070312,32957
SHAN.TA,2026-08-11,898.7000122070312,912.9000244140625,870.0,880.4000244140625,8167
SHAN.TA,2026-08-12,880.4000244140625,880.4000244140625,829.7999877929688,830.0,30107
SHAN.TA,2026-08-13,830.0,830.0,798.9000244140625,819.7999877929688,40240
SHAN.TA,2026-08-14,819.7999877929688,899.7999877929688,839.0999755859375,899.2000122070312,9478
SHAN.TA,2026-08-17,899.2000122070312,900.0,867.7999877929688,895.5,1493
SHAN.TA,2026-08-18,895.5,895.5,859.0999755859375,894.0,726
SHAN.TA,2026-08-19,894.0,929.0,885.0,908.7000122070312,5955
SHAN.TA,2026-08-20,908.7000122070312,932.9000244140625,848.5,906.7999877929688,11241
SHAN.TA,2026-08-21,906.7999877929688,920.0,920.0,907.2000122070312,6
SHAN.TA,2026-08-24,907.2000122070312,934.4000244140625,918.9000244140625,918.9000244140625,385
SHAN.TA,2026-08-25,918.9000244140625,959.5,919.0,932.7000122070312,3905
SHAN.TA,2026-08-26,932.7000122070312,944.0,910.7999877929688,922.7000122070312,8791
SHAN.TA,2026-08-27,922.7000122070312,939.9000244140625,920.0,921.2999877929688,2032
SHAN.TA,2026-08-28,921.2999877929688,928.2999877929688,915.0,920.9000244140625,1121
SHAN.TA,2026-08-31,916.9000244140625,915.0,913.9000244140625,914.5,8207
SHAN.TA,2026-09-01,914.5,914.5999755859375,898.0,914.2999877929688,9796
SHAN.TA,2026-09-02,914.2999877929688,920.0,874.0,918.9000244140625,13264
SHAN.TA,2026-09-03,918.9000244140625,910.0,904.0,909.9000244140625,2554
SHAN.TA,2026-09-04,909.9000244140625,921.0,903.0,909.2000122070312,2959
SHAN.TA,2026-09-07,909.2000122070312,909.2000122070312,909.0,909.0,256
SHAN.TA,2026-09-08,909.0,909.2000122070312,875.0,909.2000122070312,17637
SHAN.TA,2026-09-09,909.2000122070312,909.2000122070312,895.0,906.5,2243
SHAN.TA,2026-09-10,906.5,906.5,906.5,906.5,8
SHAN.TA,2026-09-11,906.5,906.5,906.5,906.5,0
SHAN.TA,2026-09-14,906.5,912.0,903.0,907.9000244140625,10600
SHAN.TA,2026-09-15,907.9000244140625,929.7999877929688,920.0,922.4000244140625,185
SHAN.TA,2026-09-16,922.4000244140625,913.0,898.0,899.0999755859375,20202
SHAN.TA,2026-09-17,899.0999755859375,914.9000244140625,895.0,900.0999755859375,13992
SHAN.TA,2026-09-18,900.0999755859375,900.0999755859375,900.0999755859375,900.0999755859375,0
SHAN.TA,2026-09-21,900.0999755859375,900.0999755859375,900.0999755859375,900.0999755859375,0
SHAN.TA,2026-09-22,900.0999755859375,909.9000244140625,880.9000244140625,890.0,248474
SHAN.TA,2026-09-23,890.0,893.5999755859375,880.0,890.0,4944
SHAN.TA,2026-09-24,890.0,900.0,885.0,898.7000122070312,4441
HARL.TA,2026-07-16,17140.0,17140.0,16420.0,16680.0,361415
HARL.TA,2026-07-17,16600.0,17010.0,16490.0,16920.0,260654
HARL.TA,2026-07-20,17000.0,17100.0,16630.0,16940.0,242465
HARL.TA,2026-07-21,17260.0,17580.0,17080.0,17310.0,377281
HARL.TA,2026-07-22,17310.0,18170.0,17310.0,17950.0,552291
HARL.TA,2026-07-24,17770.0,17940.0,17430.0,17730.0,387986
HARL.TA,2026-07-27,18010.0,18310.0,17490.0,17500.0,318077
HARL.TA,2026-07-28,17300.0,17640.0,17110.0,17380.0,207029
HARL.TA,2026-07-29,17210.0,17420.0,16760.0,16840.0,227706
HARL.TA,2026-07-30,16980.0,17290.0,16870.0,17290.0,337993
HARL.TA,2026-07-31,17460.0,17820.0,17340.0,17570.0,256902
HARL.TA,2026-08-03,17630.0,17980.0,17450.0,17940.0,311201
HARL.TA,2026-08-04,17940.0,18150.0,17300.0,17660.0,228943
HARL.TA,2026-08-05,17660.0,17910.0,17320.0,17470.0,228815
HARL.TA,2026-08-06,17380.0,17500.0,17080.0,17330.0,1171510
HARL.TA,2026-08-07,17520.0,17570.0,17220.0,17440.0,108230
HARL.TA,2026-08-10,17460.0,17480.0,16890.0,17130.0,266659
HARL.TA,2026-08-11,17150.0,17190.0,16580.0,16610.0,202509
HARL.TA,2026-08-12,16610.0,16850.0,16430.0,16750.0,200270
HARL.TA,2026-08-13,16650.0,16870.0,16540.0,16780.0,153599
HARL.TA,2026-08-14,16970.0,17170.0,16650.0,17100.0,147922
HARL.TA,2026-08-17,17050.0,17820.0,17050.0,17150.0,310002
HARL.TA,2026-08-18,17020.0,17280.0,16730.0,17230.0,240711
HARL.TA,2026-08-19,17330.0,18180.0,17320.0,18050.0,354019
HARL.TA,2026-08-20,18050.0,18080.0,17630.0,17840.0,184292
HARL.TA,2026-08-21,17840.0,17960.0,17580.0,17650.0,141510
HARL.TA,2026-08-24,17690.0,17820.0,17440.0,17810.0,171492
HARL.TA,2026-08-25,17830.0,18370.0,17830.0,18320.0,229861
HARL.TA,2026-08-26,18540.0,18920.0,18120.0,18680.0,384242
HARL.TA,2026-08-27,18790.0,19020.0,18540.0,19010.0,315421
HARL.TA,2026-08-28,18770.0,19280.0,18770.0,19200.0,385904
HARL.TA,2026-08-31,19120.0,19360.0,18850.0,19360.0,710723
HARL.TA,2026-09-01,19310.0,19390.0,18690.0,18930.0,486108
HARL.TA,2026-09-02,18930.0,19460.0,18720.0,19450.0,430369
HARL.TA,2026-09-03,19430.0,19900.0,19130.0,19840.0,285246
HARL.TA,2026-09-04,19970.0,19970.0,19590.0,19770.0,105039
HARL.TA,2026-09-07,19780.0,20010.0,19720.0,19970.0,156375
HARL.TA,2026-09-08,19880.0,20000.0,19450.0,19630.0,217330
HARL.TA,2026-09-09,19630.0,19730.0,19290.0,19590.0,217116
HARL.TA,2026-09-10,19590.0,19660.0,19070.0,19270.0,142483
HARL.TA,2026-09-11,19270.0,19270.0,19270.0,19270.0,0
HARL.TA,2026-09-14,19170.0,19660.0,18910.0,19610.0,308567
HARL.TA,2026-09-15,19600.0,19710.0,19120.0,19610.0,226064
HARL.TA,2026-09-16,19510.0,19940.0,19400.0,19860.0,210645
HARL.TA,2026-09-17,19860.0,20300.0,19810.0,20000.0,360811
HARL.TA,2026-09-18,20000.0,20000.0,20000.0,20000.0,0
HARL.TA,2026-09-21,20000.0,20000.0,20000.0,20000.0,0
HARL.TA,2026-09-22,20260.0,20510.0,19950.0,20250.0,359476
HARL.TA,2026-09-23,20210.0,20440.0,19970.0,20000.0,164832
HARL.TA,2026-09-24,19600.0,20010.0,19500.0,19710.0,401561
ELSPC.TA,2026-07-16,395.70001220703125,402.79998779296875,381.8999938964844,382.8999938964844,46801
ELSPC.TA,2026-07-17,382.8999938964844,382.8999938964844,380.20001220703125,382.79998779296875,3174
ELSPC.TA,2026-07-20,382.79998779296875,407.0,390.0,392.0,38149
ELSPC.TA,2026-07-21,416.79998779296875,416.79998779296875,380.29998779296875,396.1000061035156,4437
ELSPC.TA,2026-07-22,396.1000061035156,414.79998779296875,406.8999938964844,408.70001220703125,8775
ELSPC.TA,2026-07-24,408.70001220703125,408.0,408.0,408.6000061035156,101
ELSPC.TA,2026-07-27,408.6000061035156,420.0,405.3999938964844,413.79998779296875,5577
ELSPC.TA,2026-07-28,413.79998779296875,410.0,388.29998779296875,407.1000061035156,5593
ELSPC.TA,2026-07-29,407.1000061035156,396.6000061035156,387.5,393.29998779296875,4596
ELSPC.TA,2026-07-30,393.29998779296875,385.0,385.0,392.1000061035156,72
ELSPC.TA,2026-07-31,392.1000061035156,395.0,395.0,395.0,2420
ELSPC.TA,2026-08-03,395.0,412.0,398.1000061035156,404.6000061035156,7881
ELSPC.TA,2026-08-04,404.6000061035156,426.79998779296875,404.6000061035156,410.29998779296875,141
ELSPC.TA,2026-08-05,410.29998779296875,415.20001220703125,400.3999938964844,406.20001220703125,875
ELSPC.TA,2026-08-06,406.20001220703125,381.20001220703125,381.20001220703125,381.20001220703125,37684
ELSPC.TA,2026-08-07,381.20001220703125,387.0,381.20001220703125,386.3999938964844,5386
ELSPC.TA,2026-08-10,386.3999938964844,392.3999938964844,392.3999938964844,392.3999938964844,1029
ELSPC.TA,2026-08-11,392.3999938964844,395.20001220703125,395.0,395.0,6006
ELSPC.TA,2026-08-12,395.0,409.20001220703125,390.0,393.5,177
ELSPC.TA,2026-08-13,393.5,405.8999938964844,401.29998779296875,401.5,1095
ELSPC.TA,2026-08-14,401.5,401.5,401.5,401.5,958
ELSPC.TA,2026-08-17,401.5,401.5,401.5,401.5,2
ELSPC.TA,2026-08-18,401.5,409.5,400.1000061035156,409.3999938964844,5144
ELSPC.TA,2026-08-19,409.3999938964844,426.79998779296875,352.1000061035156,355.6000061035156,95834
ELSPC.TA,2026-08-20,355.6000061035156,357.3999938964844,357.3999938964844,355.6000061035156,3
ELSPC.TA,2026-08-21,355.6000061035156,350.1000061035156,332.1000061035156,333.5,49862
ELSPC.TA,2026-08-24,333.5,333.0,327.1000061035156,331.79998779296875,3994
ELSPC.TA,2026-08-25,331.79998779296875,331.0,327.29998779296875,330.5,1823
ELSPC.TA,2026-08-26,330.5,329.8999938964844,327.0,327.5,10353
ELSPC.TA,2026-08-27,327.5,331.0,327.5,331.0,1005
ELSPC.TA,2026-08-28,331.0,327.1000061035156,327.1000061035156,330.8999938964844,15
ELSPC.TA,2026-08-31,330.8999938964844,332.8999938964844,327.0,329.79998779296875,16481
ELSPC.TA,2026-09-01,329.79998779296875,345.70001220703125,334.3999938964844,341.0,17439
ELSPC.TA,2026-09-02,336.0,358.0,336.0,351.5,9165
ELSPC.TA,2026-09-03,351.5,353.3999938964844,342.79998779296875,349.0,13284
ELSPC.TA,2026-09-04,349.0,357.0,344.20001220703125,350.79998779296875,177
ELSPC.TA,2026-09-07,350.79998779296875,352.8999938964844,343.1000061035156,343.79998779296875,3500
ELSPC.TA,2026-09-08,343.79998779296875,343.1000061035156,343.1000061035156,343.79998779296875,2
ELSPC.TA,2026-09-09,343.79998779296875,346.29998779296875,346.29998779296875,343.8999938964844,25
ELSPC.TA,2026-09-10,343.8999938964844,346.29998779296875,346.29998779296875,343.8999938964844,4
ELSPC.TA,2026-09-11,343.8999938964844,343.8999938964844,343.8999938964844,343.8999938964844,0
ELSPC.TA,2026-09-14,343.8999938964844,349.8999938964844,342.0,346.0,6658
ELSPC.TA,2026-09-15,346.0,349.1000061035156,349.1000061035156,346.0,5
ELSPC.TA,2026-09-16,346.0,349.0,342.1000061035156,348.20001220703125,457
ELSPC.TA,2026-09-17,367.0,367.0,344.20001220703125,353.79998779296875,716
ELSPC.TA,2026-09-18,353.79998779296875,353.79998779296875,353.79998779296875,353.79998779296875,0
ELSPC.TA,2026-09-21,353.79998779296875,353.79998779296875,353.79998779296875,353.79998779296875,0
ELSPC.TA,2026-09-22,353.79998779296875,361.20001220703125,353.0,356.8999938964844,12724
ELSPC.TA,2026-09-23,356.8999938964844,365.79998779296875,362.29998779296875,363.3999938964844,6887
ELSPC.TA,2026-09-24,363.3999938964844,368.79998779296875,368.79998779296875,363.5,13
TLSY.TA,2026-07-16,36390.0,36390.0,33950.0,34500.0,24670
TLSY.TA,2026-07-17,34020.0,35020.0,33160.0,34920.0,11630
TLSY.TA,2026-07-20,34920.0,35330.0,34160.0,34680.0,11231
TLSY.TA,2026-07-21,34780.0,35180.0,34260.0,34500.0,37213
TLSY.TA,2026-07-22,34500.0,35990.0,34270.0,35560.0,15068
TLSY.TA,2026-07-24,35560.0,36400.0,35060.0,36090.0,9608
TLSY.TA,2026-07-27,36090.0,36660.0,35020.0,35300.0,22801
TLSY.TA,2026-07-28,35300.0,35260.0,33660.0,34230.0,15709
TLSY.TA,2026-07-29,34230.0,34230.0,33010.0,33160.0,17457
TLSY.TA,2026-07-30,33160.0,33570.0,31900.0,32950.0,22126
TLSY.TA,2026-07-31,33100.0,35030.0,32800.0,34620.0,25655
TLSY.TA,2026-08-03,34620.0,34920.0,33090.0,33760.0,27062
TLSY.TA,2026-08-04,33760.0,35600.0,33730.0,35090.0,21489
TLSY.TA,2026-08-05,35090.0,35960.0,34660.0,35320.0,23386
TLSY.TA,2026-08-06,35090.0,35940.0,35090.0,35520.0,46595
TLSY.TA,2026-08-07,35520.0,36910.0,35490.0,36520.0,13851
TLSY.TA,2026-08-10,35880.0,36710.0,34930.0,35540.0,17127
TLSY.TA,2026-08-11,35880.0,35880.0,34120.0,35270.0,17176
TLSY.TA,2026-08-12,35250.0,35250.0,34550.0,34660.0,16217
TLSY.TA,2026-08-13,34660.0,35700.0,34480.0,35530.0,20214
TLSY.TA,2026-08-14,35530.0,36270.0,35270.0,35870.0,22820
TLSY.TA,2026-08-17,35870.0,36160.0,35190.0,35490.0,21122
TLSY.TA,2026-08-18,37770.0,39010.0,37040.0,37960.0,44941
TLSY.TA,2026-08-19,37960.0,37960.0,36310.0,36630.0,22947
TLSY.TA,2026-08-20,36630.0,36730.0,35700.0,36500.0,11943
TLSY.TA,2026-08-21,36500.0,37170.0,36060.0,36890.0,6384
TLSY.TA,2026-08-24,36890.0,36890.0,35840.0,36000.0,11569
TLSY.TA,2026-08-25,36000.0,36300.0,35500.0,35560.0,16334
TLSY.TA,2026-08-26,35560.0,36270.0,34780.0,35750.0,23029
TLSY.TA,2026-08-27,36100.0,36440.0,35860.0,36340.0,26735
TLSY.TA,2026-08-28,35030.0,36900.0,34980.0,36430.0,14890
TLSY.TA,2026-08-31,36430.0,36430.0,35350.0,35350.0,166862
TLSY.TA,2026-09-01,35350.0,36000.0,34770.0,36000.0,22020
TLSY.TA,2026-09-02,36000.0,36400.0,35640.0,36240.0,22450
TLSY.TA,2026-09-03,36240.0,36590.0,35510.0,35850.0,13410
TLSY.TA,2026-09-04,36600.0,37000.0,36000.0,36850.0,18129
TLSY.TA,2026-09-07,36850.0,37530.0,36310.0,36940.0,155454
TLSY.TA,2026-09-08,36940.0,38740.0,36930.0,38650.0,39940
TLSY.TA,2026-09-09,38650.0,39000.0,37700.0,38150.0,21654
TLSY.TA,2026-09-10,38950.0,38950.0,37830.0,38100.0,14036
TLSY.TA,2026-09-11,38100.0,38100.0,38100.0,38100.0,0
TLSY.TA,2026-09-14,38000.0,38300.0,36920.0,38000.0,9646
TLSY.TA,2026-09-15,38000.0,38050.0,36940.0,37290.0,13883
TLSY.TA,2026-09-16,37290.0,38460.0,36760.0,37000.0,18671
TLSY.TA,2026-09-17,37000.0,37690.0,36070.0,36620.0,22822
TLSY.TA,2026-09-18,36620.0,36620.0,36620.0,36620.0,0
TLSY.TA,2026-09-21,36620.0,36620.0,36620.0,36620.0,0
TLSY.TA,2026-09-22,37720.0,38400.0,37280.0,37350.0,29595
TLSY.TA,2026-09-23,37350.0,38200.0,37180.0,37590.0,15170
TLSY.TA,2026-09-24,37590.0,37700.0,35430.0,35920.0,14744
MMHD.TA,2026-07-16,47280.0,47290.0,46080.0,46110.0,69216
MMHD.TA,2026-07-17,45920.0,46600.0,45480.0,46510.0,43323
MMHD.TA,2026-07-20,45590.0,47460.0,45560.0,46950.0,101443
MMHD.TA,2026-07-21,47400.0,48220.0,47100.0,47330.0,64333
MMHD.TA,2026-07-22,47980.0,50000.0,47330.0,49220.0,94375
MMHD.TA,2026-07-24,48420.0,49410.0,47860.0,48780.0,62196
MMHD.TA,2026-07-27,49380.0,50200.0,47690.0,47690.0,55680
MMHD.TA,2026-07-28,47690.0,47870.0,47000.0,47310.0,31125
MMHD.TA,2026-07-29,47010.0,47680.0,46010.0,46220.0,64311
MMHD.TA,2026-07-30,46150.0,47100.0,45510.0,47100.0,73767
MMHD.TA,2026-07-31,47550.0,49050.0,47320.0,47900.0,68598
MMHD.TA,2026-08-03,48210.0,49130.0,47500.0,49130.0,55051
MMHD.TA,2026-08-04,49130.0,49270.0,46990.0,48260.0,65073
MMHD.TA,2026-08-05,48260.0,49310.0,48070.0,48750.0,100671
MMHD.TA,2026-08-06,48720.0,48720.0,47500.0,48000.0,229593
MMHD.TA,2026-08-07,48450.0,48640.0,47040.0,47800.0,75814
MMHD.TA,2026-08-10,47500.0,47540.0,46210.0,46260.0,43135
MMHD.TA,2026-08-11,46800.0,46800.0,45330.0,45500.0,53328
MMHD.TA,2026-08-12,45360.0,46200.0,44950.0,45600.0,75483
MMHD.TA,2026-08-13,45790.0,46240.0,45280.0,45960.0,56056
MMHD.TA,2026-08-14,46250.0,46590.0,45640.0,46290.0,39694
MMHD.TA,2026-08-17,46410.0,47910.0,45010.0,45760.0,70158
MMHD.TA,2026-08-18,45600.0,46720.0,44240.0,46570.0,58597
MMHD.TA,2026-08-19,46660.0,49200.0,45000.0,48900.0,78305
MMHD.TA,2026-08-20,49040.0,49090.0,47450.0,47450.0,44696
MMHD.TA,2026-08-21,47740.0,48640.0,47570.0,48440.0,47913
MMHD.TA,2026-08-24,48300.0,48650.0,47710.0,48280.0,58652
MMHD.TA,2026-08-25,48530.0,49960.0,48410.0,49590.0,161251
MMHD.TA,2026-08-26,49590.0,50530.0,47850.0,50480.0,51264
MMHD.TA,2026-08-27,50480.0,50970.0,49710.0,50970.0,61925
MMHD.TA,2026-08-28,50400.0,52150.0,50180.0,51880.0,117326
MMHD.TA,2026-08-31,51670.0,52500.0,51300.0,51620.0,54383
MMHD.TA,2026-09-01,51750.0,52490.0,51670.0,52490.0,143149
MMHD.TA,2026-09-02,51690.0,52700.0,50800.0,52540.0,210020
MMHD.TA,2026-09-03,52570.0,55170.0,51920.0,54460.0,146196
MMHD.TA,2026-09-04,54460.0,54460.0,53180.0,54200.0,58499
MMHD.TA,2026-09-07,54300.0,55500.0,53950.0,55500.0,47587
MMHD.TA,2026-09-08,55500.0,55610.0,54180.0,54690.0,133489
MMHD.TA,2026-09-09,54700.0,54910.0,53480.0,54310.0,69177
MMHD.TA,2026-09-10,54310.0,54310.0,52930.0,53390.0,54022
MMHD.TA,2026-09-11,53390.0,53390.0,53390.0,53390.0,0
MMHD.TA,2026-09-14,52850.0,54340.0,52310.0,53720.0,44881
MMHD.TA,2026-09-15,53560.0,54240.0,52460.0,53390.0,56932
MMHD.TA,2026-09-16,53240.0,54400.0,52770.0,54400.0,103214
MMHD.TA,2026-09-17,54620.0,55380.0,54340.0,55170.0,130982
MMHD.TA,2026-09-18,55170.0,55170.0,55170.0,55170.0,0
MMHD.TA,2026-09-21,55170.0,55170.0,55170.0,55170.0,0
MMHD.TA,2026-09-22,55800.0,56570.0,54280.0,54510.0,110688
MMHD.TA,2026-09-23,54440.0,55300.0,53600.0,53660.0,143412
MMHD.TA,2026-09-24,53110.0,53560.0,52180.0,53210.0,121411
ZUR.TA,2026-07-16,1169.0,1187.0,1160.0,1169.0,8115
ZUR.TA,2026-07-17,1169.0,1170.0,1165.0,1167.0,781
ZUR.TA,2026-07-20,1167.0,1172.0,1144.0,1168.0,11762
ZUR.TA,2026-07-21,1168.0,1178.0,1160.0,1165.0,11545
ZUR.TA,2026-07-22,1165.0,1206.0,1140.0,1194.0,80859
ZUR.TA,2026-07-24,1194.0,1194.0,1178.0,1193.0,20303
ZUR.TA,2026-07-27,1193.0,1198.0,1157.0,1175.0,15332
ZUR.TA,2026-07-28,1175.0,1186.0,1159.0,1163.0,5175
ZUR.TA,2026-07-29,1163.0,1154.0,1150.0,1150.0,538
ZUR.TA,2026-07-30,1150.0,1142.0,1123.0,1129.0,30513
ZUR.TA,2026-07-31,1129.0,1175.0,1136.0,1167.0,54128
ZUR.TA,2026-08-03,1167.0,1177.0,1167.0,1177.0,29292
ZUR.TA,2026-08-04,1177.0,1179.0,1165.0,1177.0,2181
ZUR.TA,2026-08-05,1177.0,1180.0,1162.0,1177.0,8122
ZUR.TA,2026-08-06,1177.0,1234.0,1177.0,1181.0,31183
ZUR.TA,2026-08-07,1181.0,1200.0,1181.0,1196.0,1179
ZUR.TA,2026-08-10,1196.0,1219.0,1200.0,1207.0,13584
ZUR.TA,2026-08-11,1207.0,1204.0,1179.0,1193.0,1033
ZUR.TA,2026-08-12,1193.0,1200.0,1180.0,1198.0,7437
ZUR.TA,2026-08-13,1198.0,1210.0,1190.0,1197.0,16022
ZUR.TA,2026-08-14,1197.0,1277.0,1196.0,1269.0,24069
ZUR.TA,2026-08-17,1274.0,1284.0,1265.0,1272.0,11782
ZUR.TA,2026-08-18,1272.0,1284.0,1239.0,1258.0,5209
ZUR.TA,2026-08-19,1258.0,1270.0,1245.0,1266.0,4374
ZUR.TA,2026-08-20,1266.0,1335.0,1250.0,1280.0,38892
ZUR.TA,2026-08-21,1280.0,1329.0,1300.0,1308.0,13375
ZUR.TA,2026-08-24,1308.0,1319.0,1291.0,1310.0,14023
ZUR.TA,2026-08-25,1310.0,1314.0,1290.0,1313.0,6624
ZUR.TA,2026-08-26,1313.0,1314.0,1312.0,1313.0,4416
ZUR.TA,2026-08-27,1315.0,1347.0,1313.0,1326.0,124080
ZUR.TA,2026-08-28,1326.0,1369.0,1328.0,1347.0,39210
ZUR.TA,2026-08-31,1347.0,1383.0,1356.0,1363.0,126936
ZUR.TA,2026-09-01,1363.0,1399.0,1343.0,1368.0,138748
ZUR.TA,2026-09-02,1368.0,1384.0,1329.0,1380.0,78993
ZUR.TA,2026-09-03,1380.0,1405.0,1355.0,1399.0,71166
ZUR.TA,2026-09-04,1390.0,1444.0,1400.0,1418.0,54438
ZUR.TA,2026-09-07,1399.0,1411.0,1378.0,1382.0,45168
ZUR.TA,2026-09-08,1382.0,1382.0,1344.0,1368.0,29036
ZUR.TA,2026-09-09,1368.0,1371.0,1340.0,1350.0,31112
ZUR.TA,2026-09-10,1350.0,1389.0,1290.0,1339.0,68638
ZUR.TA,2026-09-11,1339.0,1339.0,1339.0,1339.0,0
ZUR.TA,2026-09-14,1339.0,1339.0,1305.0,1331.0,31429
ZUR.TA,2026-09-15,1335.0,1335.0,1269.0,1287.0,38241
ZUR.TA,2026-09-16,1287.0,1300.0,1263.0,1294.0,25134
ZUR.TA,2026-09-17,1294.0,1326.0,1284.0,1289.0,11918
ZUR.TA,2026-09-18,1289.0,1289.0,1289.0,1289.0,0
ZUR.TA,2026-09-21,1289.0,1289.0,1289.0,1289.0,0
ZUR.TA,2026-09-22,1289.0,1353.0,1271.0,1297.0,33550
ZUR.TA,2026-09-23,1297.0,1300.0,1271.0,1278.0,14217
ZUR.TA,2026-09-24,1278.0,1278.0,1249.0,1250.0,9442
DORL.TA,2026-07-16,7149.0,7406.0,7149.0,7340.0,440761
DORL.TA,2026-07-17,7271.0,7359.0,7050.0,7150.0,681279
DORL.TA,2026-07-20,7121.0,7359.0,6997.0,7310.0,261988
DORL.TA,2026-07-21,7310.0,7485.0,7140.0,7200.0,267712
DORL.TA,2026-07-22,7161.0,7430.0,7161.0,7318.0,247736
DORL.TA,2026-07-24,7160.0,7302.0,7010.0,7076.0,327821
DORL.TA,2026-07-27,7076.0,7271.0,6970.0,6989.0,224767
DORL.TA,2026-07-28,6989.0,6989.0,6726.0,6772.0,365634
DORL.TA,2026-07-29,6737.0,6849.0,6597.0,6630.0,432258
DORL.TA,2026-07-30,6630.0,6987.0,6480.0,6828.0,640717
DORL.TA,2026-07-31,6998.0,6998.0,6765.0,6910.0,678303
DORL.TA,2026-08-03,6910.0,6941.0,6513.0,6585.0,578860
DORL.TA,2026-08-04,6701.0,7237.0,6701.0,6864.0,1231105
DORL.TA,2026-08-05,6915.0,7001.0,6400.0,6400.0,694967
DORL.TA,2026-08-06,6400.0,6568.0,6331.0,6434.0,2051212
DORL.TA,2026-08-07,6434.0,6582.0,6341.0,6505.0,190877
DORL.TA,2026-08-10,6820.0,7031.0,6542.0,6560.0,938952
DORL.TA,2026-08-11,6560.0,6732.0,6405.0,6690.0,376562
DORL.TA,2026-08-12,6759.0,7028.0,6654.0,6800.0,453949
DORL.TA,2026-08-13,6794.0,7077.0,6629.0,7070.0,384962
DORL.TA,2026-08-14,7048.0,7211.0,6752.0,6836.0,278572
DORL.TA,2026-08-17,6836.0,7030.0,6570.0,6580.0,355002
DORL.TA,2026-08-18,6576.0,6612.0,6322.0,6541.0,370573
DORL.TA,2026-08-19,6500.0,6664.0,6320.0,6327.0,284257
DORL.TA,2026-08-20,6349.0,6950.0,6349.0,6850.0,535057
DORL.TA,2026-08-21,6850.0,7052.0,6828.0,6889.0,243761
DORL.TA,2026-08-24,6889.0,6911.0,6511.0,6720.0,531726
DORL.TA,2026-08-25,6720.0,6899.0,6577.0,6793.0,438539
DORL.TA,2026-08-26,6793.0,6801.0,6083.0,6404.0,1057203
DORL.TA,2026-08-27,6420.0,6558.0,6313.0,6550.0,506593
DORL.TA,2026-08-28,6482.0,6600.0,6353.0,6550.0,442281
DORL.TA,2026-08-31,6529.0,6612.0,6328.0,6550.0,2158442
DORL.TA,2026-09-01,6550.0,6567.0,5964.0,6000.0,1060747
DORL.TA,2026-09-02,6030.0,6070.0,5770.0,5819.0,1176727
DORL.TA,2026-09-03,5819.0,6148.0,5752.0,6148.0,726898
DORL.TA,2026-09-04,6148.0,6268.0,6080.0,6254.0,351797
DORL.TA,2026-09-07,6254.0,6375.0,6112.0,6240.0,362827
DORL.TA,2026-09-08,6240.0,6240.0,5936.0,6061.0,709020
DORL.TA,2026-09-09,6079.0,6135.0,5660.0,5662.0,1114371
DORL.TA,2026-09-10,5700.0,5700.0,5379.0,5492.0,956694
DORL.TA,2026-09-11,5492.0,5492.0,5492.0,5492.0,0
DORL.TA,2026-09-14,5355.0,5615.0,5278.0,5316.0,553637
DORL.TA,2026-09-15,5317.0,5368.0,4860.0,4892.0,1126204
DORL.TA,2026-09-16,5038.0,5245.0,4933.0,5197.0,1346637
DORL.TA,2026-09-17,5215.0,5420.0,5120.0,5420.0,2568673
DORL.TA,2026-09-18,5420.0,5420.0,5420.0,5420.0,0
DORL.TA,2026-09-21,5420.0,5420.0,5420.0,5420.0,0
DORL.TA,2026-09-22,5479.0,5624.0,5171.0,5236.0,902103
DORL.TA,2026-09-23,5210.0,5580.0,5198.0,5393.0,1020234
DORL.TA,2026-09-24,5310.0,5340.0,4956.0,5103.0,1426583
SPEN.TA,2026-07-16,4764.0,4870.0,4650.0,4870.0,510729
SPEN.TA,2026-07-17,4870.0,4870.0,4775.0,4807.0,244660
SPEN.TA,2026-07-20,4848.0,4895.0,4734.0,4777.0,192097
SPEN.TA,2026-07-21,4812.0,4829.0,4656.0,4680.0,355723
SPEN.TA,2026-07-22,4702.0,4712.0,4628.0,4647.0,327836
SPEN.TA,2026-07-24,4581.0,4671.0,4530.0,4647.0,413817
SPEN.TA,2026-07-27,4790.0,4790.0,4569.0,4571.0,301638
SPEN.TA,2026-07-28,4538.0,4599.0,4484.0,4519.0,200179
SPEN.TA,2026-07-29,4484.0,4553.0,4426.0,4462.0,286832
SPEN.TA,2026-07-30,4430.0,4524.0,4380.0,4511.0,450180
SPEN.TA,2026-07-31,4490.0,4579.0,4486.0,4579.0,617664
SPEN.TA,2026-08-03,4578.0,4601.0,4443.0,4490.0,272026
SPEN.TA,2026-08-04,4490.0,4524.0,4392.0,4420.0,260988
SPEN.TA,2026-08-05,4420.0,4450.0,4278.0,4278.0,318723
SPEN.TA,2026-08-06,4278.0,4334.0,4208.0,4208.0,852741
SPEN.TA,2026-08-07,4227.0,4372.0,4210.0,4299.0,261500
SPEN.TA,2026-08-10,4335.0,4335.0,4179.0,4199.0,313382
SPEN.TA,2026-08-11,4201.0,4270.0,4144.0,4189.0,167309
SPEN.TA,2026-08-12,4189.0,4227.0,4106.0,4106.0,209320
SPEN.TA,2026-08-13,4106.0,4187.0,4080.0,4169.0,183106
SPEN.TA,2026-08-14,4182.0,4219.0,4159.0,4180.0,81390
SPEN.TA,2026-08-17,4155.0,4190.0,4000.0,4011.0,218324
SPEN.TA,2026-08-18,4000.0,4170.0,3952.0,4158.0,418940
SPEN.TA,2026-08-19,4190.0,4198.0,4091.0,4164.0,276614
SPEN.TA,2026-08-20,4179.0,4347.0,4156.0,4200.0,345510
SPEN.TA,2026-08-21,4221.0,4290.0,4184.0,4268.0,95438
SPEN.TA,2026-08-24,4326.0,4390.0,4144.0,4268.0,474544
SPEN.TA,2026-08-25,4310.0,4333.0,4220.0,4261.0,482192
SPEN.TA,2026-08-26,4243.0,4300.0,4140.0,4297.0,335204
SPEN.TA,2026-08-27,4309.0,4411.0,4281.0,4310.0,201992
SPEN.TA,2026-08-28,4268.0,4460.0,4256.0,4300.0,631272
SPEN.TA,2026-08-31,4330.0,4343.0,4222.0,4247.0,504622
SPEN.TA,2026-09-01,4247.0,4402.0,4200.0,4365.0,273391
SPEN.TA,2026-09-02,4301.0,4432.0,4281.0,4412.0,404143
SPEN.TA,2026-09-03,4434.0,4514.0,4342.0,4373.0,234353
SPEN.TA,2026-09-04,4373.0,4437.0,4297.0,4300.0,118742
SPEN.TA,2026-09-07,4327.0,4368.0,4192.0,4321.0,260851
SPEN.TA,2026-09-08,4321.0,4417.0,4264.0,4391.0,299317
SPEN.TA,2026-09-09,4373.0,4472.0,4361.0,4390.0,207252
SPEN.TA,2026-09-10,4411.0,4434.0,4220.0,4220.0,248113
SPEN.TA,2026-09-11,4220.0,4220.0,4220.0,4220.0,0
SPEN.TA,2026-09-14,4220.0,4294.0,4196.0,4250.0,162760
SPEN.TA,2026-09-15,4265.0,4268.0,4200.0,4231.0,175784
SPEN.TA,2026-09-16,4231.0,4315.0,4231.0,4281.0,148755
SPEN.TA,2026-09-17,4262.0,4315.0,4231.0,4314.0,304443
SPEN.TA,2026-09-18,4314.0,4314.0,4314.0,4314.0,0
SPEN.TA,2026-09-21,4314.0,4314.0,4314.0,4314.0,0
SPEN.TA,2026-09-22,4314.0,4365.0,4233.0,4279.0,806408
SPEN.TA,2026-09-23,4247.0,4293.0,4203.0,4262.0,147655
SPEN.TA,2026-09-24,4203.0,4249.0,4124.0,4179.0,383142
AMPA.TA,2026-07-16,1250.0,1253.0,1200.0,1215.0,152638
AMPA.TA,2026-07-17,1215.0,1249.0,1185.0,1194.0,104427
AMPA.TA,2026-07-20,1194.0,1194.0,1137.0,1159.0,65420
AMPA.TA,2026-07-21,1159.0,1176.0,1149.0,1154.0,42003
AMPA.TA,2026-07-22,1154.0,1155.0,1126.0,1136.0,80101
AMPA.TA,2026-07-24,1100.0,1148.0,1096.0,1121.0,89541
AMPA.TA,2026-07-27,1121.0,1140.0,1038.0,1048.0,53923
AMPA.TA,2026-07-28,1048.0,1107.0,1048.0,1092.0,83174
AMPA.TA,2026-07-29,1092.0,1174.0,1092.0,1174.0,77023
AMPA.TA,2026-07-30,1174.0,1187.0,1129.0,1135.0,43694
AMPA.TA,2026-07-31,1135.0,1186.0,1132.0,1151.0,39959
AMPA.TA,2026-08-03,1151.0,1151.0,1088.0,1106.0,119579
AMPA.TA,2026-08-04,1100.0,1140.0,1083.0,1122.0,122020
AMPA.TA,2026-08-05,1115.0,1186.0,1115.0,1170.0,174569
AMPA.TA,2026-08-06,1210.0,1214.0,1119.0,1214.0,1099976
AMPA.TA,2026-08-07,1214.0,1281.0,1214.0,1275.0,292157
AMPA.TA,2026-08-10,1275.0,1275.0,1209.0,1225.0,154221
AMPA.TA,2026-08-11,1225.0,1225.0,1184.0,1212.0,90162
AMPA.TA,2026-08-12,1212.0,1212.0,1158.0,1163.0,76297
AMPA.TA,2026-08-13,1163.0,1163.0,1116.0,1122.0,61041
AMPA.TA,2026-08-14,1122.0,1127.0,1105.0,1122.0,12446
AMPA.TA,2026-08-17,1122.0,1122.0,1066.0,1071.0,78860
AMPA.TA,2026-08-18,1071.0,1117.0,1066.0,1106.0,91305
AMPA.TA,2026-08-19,1106.0,1136.0,1083.0,1094.0,51455
AMPA.TA,2026-08-20,1098.0,1137.0,1098.0,1103.0,43239
AMPA.TA,2026-08-21,1103.0,1132.0,1097.0,1118.0,32608
AMPA.TA,2026-08-24,1118.0,1118.0,1085.0,1091.0,52223
AMPA.TA,2026-08-25,1091.0,1124.0,1074.0,1095.0,72445
AMPA.TA,2026-08-26,1095.0,1123.0,1082.0,1094.0,71863
AMPA.TA,2026-08-27,1094.0,1129.0,1094.0,1115.0,47153
AMPA.TA,2026-08-28,1115.0,1164.0,1115.0,1153.0,29055
AMPA.TA,2026-08-31,1153.0,1210.0,1153.0,1199.0,37082
AMPA.TA,2026-09-01,1199.0,1264.0,1177.0,1240.0,104224
AMPA.TA,2026-09-02,1236.0,1415.0,1230.0,1366.0,162930
AMPA.TA,2026-09-03,1360.0,1421.0,1341.0,1421.0,81083
AMPA.TA,2026-09-04,1428.0,1444.0,1414.0,1440.0,59371
AMPA.TA,2026-09-07,1440.0,1575.0,1440.0,1575.0,64537
AMPA.TA,2026-09-08,1575.0,1619.0,1477.0,1490.0,130882
AMPA.TA,2026-09-09,1490.0,1560.0,1376.0,1409.0,163874
AMPA.TA,2026-09-10,1409.0,1462.0,1355.0,1375.0,89764
AMPA.TA,2026-09-11,1375.0,1375.0,1375.0,1375.0,0
AMPA.TA,2026-09-14,1375.0,1415.0,1353.0,1390.0,104670
AMPA.TA,2026-09-15,1390.0,1446.0,1344.0,1350.0,105982
AMPA.TA,2026-09-16,1350.0,1411.0,1347.0,1361.0,120684
AMPA.TA,2026-09-17,1361.0,1464.0,1361.0,1422.0,391563
AMPA.TA,2026-09-18,1422.0,1422.0,1422.0,1422.0,0
AMPA.TA,2026-09-21,1422.0,1422.0,1422.0,1422.0,0
AMPA.TA,2026-09-22,1422.0,1469.0,1410.0,1417.0,93408
AMPA.TA,2026-09-23,1423.0,1460.0,1391.0,1412.0,108373
AMPA.TA,2026-09-24,1412.0,1412.0,1347.0,1354.0,70090
RSEL.TA,2026-07-16,1062.0,1330.0,1061.0,1330.0,293307
RSEL.TA,2026-07-17,1350.0,1382.0,1220.0,1220.0,76479
RSEL.TA,2026-07-20,1220.0,1269.0,1195.0,1221.0,23078
RSEL.TA,2026-07-21,1221.0,1350.0,1168.0,1331.0,76084
RSEL.TA,2026-07-22,1331.0,1358.0,1309.0,1338.0,11868
RSEL.TA,2026-07-24,1335.0,1449.0,1329.0,1427.0,50107
RSEL.TA,2026-07-27,1427.0,1427.0,1310.0,1331.0,44590
RSEL.TA,2026-07-28,1448.0,1448.0,1263.0,1284.0,25244
RSEL.TA,2026-07-29,1284.0,1286.0,1221.0,1229.0,20661
RSEL.TA,2026-07-30,1229.0,1251.0,1160.0,1191.0,21577
RSEL.TA,2026-07-31,1191.0,1282.0,1187.0,1190.0,8784
RSEL.TA,2026-08-03,1190.0,1290.0,1190.0,1283.0,30648
RSEL.TA,2026-08-04,1285.0,1351.0,1276.0,1339.0,23266
RSEL.TA,2026-08-05,1400.0,1400.0,1320.0,1368.0,30754
RSEL.TA,2026-08-06,1275.0,1397.0,1275.0,1285.0,103484
RSEL.TA,2026-08-07,1320.0,1320.0,1270.0,1275.0,9677
RSEL.TA,2026-08-10,1329.0,1329.0,1196.0,1210.0,16440
RSEL.TA,2026-08-11,1210.0,1284.0,1131.0,1156.0,39299
RSEL.TA,2026-08-12,1157.0,1180.0,1123.0,1130.0,30358
RSEL.TA,2026-08-13,1130.0,1161.0,1050.0,1131.0,30383
RSEL.TA,2026-08-14,1131.0,1131.0,1098.0,1099.0,5376
RSEL.TA,2026-08-17,1099.0,1131.0,1057.0,1074.0,8836
RSEL.TA,2026-08-18,1074.0,1095.0,1059.0,1087.0,18713
RSEL.TA,2026-08-19,1099.0,1125.0,1090.0,1112.0,7495
RSEL.TA,2026-08-20,1116.0,1119.0,1080.0,1094.0,19082
RSEL.TA,2026-08-21,1094.0,1105.0,1060.0,1084.0,3006
RSEL.TA,2026-08-24,1085.0,1085.0,1030.0,1047.0,11581
RSEL.TA,2026-08-25,1047.0,1056.0,982.0,1038.0,40748
RSEL.TA,2026-08-26,1038.0,1041.0,990.0,1020.0,53880
RSEL.TA,2026-08-27,1020.0,1050.0,1000.0,1030.0,12466
RSEL.TA,2026-08-28,1030.0,1049.0,1007.0,1036.0,7323
RSEL.TA,2026-08-31,1036.0,1058.0,1004.0,1023.0,10208
RSEL.TA,2026-09-01,1023.0,1064.0,1016.0,1045.0,5195
RSEL.TA,2026-09-02,1045.0,1079.0,1045.0,1073.0,6402
RSEL.TA,2026-09-03,1073.0,1075.0,1024.0,1037.0,11739
RSEL.TA,2026-09-04,1037.0,1044.0,1006.0,1025.0,3244
RSEL.TA,2026-09-07,1025.0,1069.0,995.0,1051.0,11294
RSEL.TA,2026-09-08,1070.0,1102.0,1061.0,1085.0,13451
RSEL.TA,2026-09-09,1085.0,1105.0,1053.0,1066.0,4095
RSEL.TA,2026-09-10,1066.0,1073.0,1013.0,1032.0,10679
RSEL.TA,2026-09-11,1032.0,1032.0,1032.0,1032.0,0
RSEL.TA,2026-09-14,1032.0,1050.0,997.0,1030.0,13912
RSEL.TA,2026-09-15,1030.0,1079.0,1020.0,1042.0,12471
RSEL.TA,2026-09-16,1042.0,1042.0,1011.0,1023.0,4604
RSEL.TA,2026-09-17,1023.0,1034.0,999.0,999.0,24250
RSEL.TA,2026-09-18,999.0,999.0,999.0,999.0,0
RSEL.TA,2026-09-21,999.0,999.0,999.0,999.0,0
RSEL.TA,2026-09-22,1001.0,1043.0,1001.0,1016.0,21677
RSEL.TA,2026-09-23,1016.0,1039.0,1009.0,1011.0,8217
RSEL.TA,2026-09-24,1011.0,1010.0,982.0,992.9000244140625,8679
CRSM.TA,2026-07-16,3151.0,3250.0,3114.0,3218.0,190494
CRSM.TA,2026-07-17,3218.0,3229.0,3159.0,3200.0,50962
CRSM.TA,2026-07-20,3200.0,3238.0,3071.0,3191.0,120762
CRSM.TA,2026-07-21,3201.0,3250.0,3183.0,3230.0,30874
CRSM.TA,2026-07-22,3253.0,3289.0,3209.0,3227.0,72895
CRSM.TA,2026-07-24,3179.0,3277.0,3177.0,3245.0,144119
CRSM.TA,2026-07-27,3261.0,3298.0,3194.0,3200.0,54971
CRSM.TA,2026-07-28,3200.0,3213.0,3104.0,3137.0,53749
CRSM.TA,2026-07-29,3156.0,3168.0,3066.0,3090.0,118706
CRSM.TA,2026-07-30,3105.0,3119.0,3042.0,3070.0,334269
CRSM.TA,2026-07-31,3070.0,3109.0,3050.0,3060.0,259378
CRSM.TA,2026-08-03,3060.0,3116.0,3021.0,3074.0,167035
CRSM.TA,2026-08-04,3097.0,3140.0,3060.0,3115.0,185680
CRSM.TA,2026-08-05,3113.0,3153.0,3069.0,3080.0,158433
CRSM.TA,2026-08-06,3087.0,3199.0,3073.0,3115.0,1943333
CRSM.TA,2026-08-07,3118.0,3163.0,3103.0,3139.0,29020
CRSM.TA,2026-08-10,3128.0,3147.0,2909.0,2967.0,179988
CRSM.TA,2026-08-11,2967.0,2970.0,2886.0,2930.0,95694
CRSM.TA,2026-08-12,2930.0,2940.0,2862.0,2920.0,206055
CRSM.TA,2026-08-13,2920.0,2938.0,2878.0,2912.0,88665
CRSM.TA,2026-08-14,2912.0,2956.0,2911.0,2949.0,34976
CRSM.TA,2026-08-17,2949.0,2962.0,2840.0,2840.0,114263
CRSM.TA,2026-08-18,2840.0,2840.0,2783.0,2829.0,86333
CRSM.TA,2026-08-19,2829.0,2886.0,2810.0,2847.0,57492
CRSM.TA,2026-08-20,2866.0,2872.0,2773.0,2819.0,109490
CRSM.TA,2026-08-21,2819.0,2831.0,2766.0,2788.0,61325
CRSM.TA,2026-08-24,2825.0,2825.0,2744.0,2775.0,112515
CRSM.TA,2026-08-25,2798.0,2798.0,2687.0,2687.0,131730
CRSM.TA,2026-08-26,2687.0,2713.0,2634.0,2668.0,93229
CRSM.TA,2026-08-27,2517.0,2555.0,2480.0,2547.0,370532
CRSM.TA,2026-08-28,2532.0,2634.0,2480.0,2627.0,182705
CRSM.TA,2026-08-31,2600.0,2665.0,2583.0,2646.0,240407
CRSM.TA,2026-09-01,2646.0,2720.0,2607.0,2700.0,128056
CRSM.TA,2026-09-02,2704.0,2781.0,2684.0,2741.0,137139
CRSM.TA,2026-09-03,2741.0,2770.0,2700.0,2759.0,351209
CRSM.TA,2026-09-04,2759.0,2829.0,2753.0,2819.0,62929
CRSM.TA,2026-09-07,2790.0,2835.0,2753.0,2787.0,96496
CRSM.TA,2026-09-08,2787.0,2791.0,2735.0,2740.0,60305
CRSM.TA,2026-09-09,2713.0,2761.0,2713.0,2735.0,44388
CRSM.TA,2026-09-10,2711.0,2763.0,2690.0,2699.0,77436
CRSM.TA,2026-09-11,2699.0,2699.0,2699.0,2699.0,0
CRSM.TA,2026-09-14,2699.0,2717.0,2647.0,2680.0,68857
CRSM.TA,2026-09-15,2680.0,2693.0,2631.0,2666.0,55351
CRSM.TA,2026-09-16,2666.0,2686.0,2648.0,2670.0,41886
CRSM.TA,2026-09-17,2670.0,2715.0,2659.0,2710.0,42112
CRSM.TA,2026-09-18,2710.0,2710.0,2710.0,2710.0,0
CRSM.TA,2026-09-21,2710.0,2710.0,2710.0,2710.0,0
CRSM.TA,2026-09-22,2711.0,2714.0,2658.0,2675.0,73388
CRSM.TA,2026-09-23,2675.0,2699.0,2639.0,2643.0,37574
CRSM.TA,2026-09-24,2641.0,2643.0,2582.0,2630.0,65872
TEVA.TA,2026-07-16,9501.0,9788.0,9484.0,9775.0,1284861
TEVA.TA,2026-07-17,9775.0,9784.0,9646.0,9735.0,485235
TEVA.TA,2026-07-20,9759.0,9930.0,9642.0,9642.0,759073
TEVA.TA,2026-07-21,9510.0,9641.0,9409.0,9618.0,1288336
TEVA.TA,2026-07-22,9580.0,9645.0,9396.0,9533.0,1061041
TEVA.TA,2026-07-24,9628.0,9669.0,9535.0,9580.0,1325339
TEVA.TA,2026-07-27,9550.0,9624.0,9465.0,9500.0,1193392
TEVA.TA,2026-07-28,9451.0,9677.0,9450.0,9585.0,831774
TEVA.TA,2026-07-29,9690.0,10760.0,9604.0,10560.0,2354552
TEVA.TA,2026-07-30,10560.0,10970.0,10490.0,10680.0,1803433
TEVA.TA,2026-07-31,10740.0,10970.0,10740.0,10870.0,672031
TEVA.TA,2026-08-03,10830.0,10860.0,10380.0,10430.0,936895
TEVA.TA,2026-08-04,10410.0,10490.0,10300.0,10350.0,756460
TEVA.TA,2026-08-05,10190.0,10430.0,10180.0,10430.0,974961
TEVA.TA,2026-08-06,10430.0,10500.0,10290.0,10390.0,3144670
TEVA.TA,2026-08-07,10470.0,10500.0,10400.0,10500.0,277587
TEVA.TA,2026-08-10,10530.0,10750.0,10450.0,10650.0,920617
TEVA.TA,2026-08-11,10760.0,11080.0,10700.0,11000.0,1255242
TEVA.TA,2026-08-12,10870.0,11080.0,10860.0,11020.0,693156
TEVA.TA,2026-08-13,10900.0,11100.0,10870.0,10950.0,770113
TEVA.TA,2026-08-14,10890.0,10920.0,10670.0,10700.0,587382
TEVA.TA,2026-08-17,10790.0,10860.0,10650.0,10810.0,620299
TEVA.TA,2026-08-18,10920.0,11080.0,10720.0,11080.0,750535
TEVA.TA,2026-08-19,10950.0,11240.0,10850.0,11210.0,937718
TEVA.TA,2026-08-20,11150.0,11190.0,11030.0,11100.0,625182
TEVA.TA,2026-08-21,11030.0,11070.0,10930.0,11020.0,285212
TEVA.TA,2026-08-24,11180.0,11220.0,11040.0,11090.0,727266
TEVA.TA,2026-08-25,11090.0,11230.0,11050.0,11210.0,1192310
TEVA.TA,2026-08-26,11250.0,11440.0,11010.0,11160.0,740192
TEVA.TA,2026-08-27,11160.0,11280.0,11120.0,11210.0,812651
TEVA.TA,2026-08-28,11020.0,11140.0,10980.0,11030.0,1399391
TEVA.TA,2026-08-31,10940.0,11000.0,10660.0,10710.0,905060
TEVA.TA,2026-09-01,10820.0,11030.0,10780.0,11020.0,1141409
TEVA.TA,2026-09-02,10870.0,11530.0,10820.0,11010.0,1791302
TEVA.TA,2026-09-03,11310.0,11450.0,10970.0,11000.0,983311
TEVA.TA,2026-09-04,11090.0,11090.0,10900.0,10960.0,473654
TEVA.TA,2026-09-07,10970.0,11050.0,10820.0,10910.0,499288
TEVA.TA,2026-09-08,10920.0,11020.0,10680.0,10920.0,1086826
TEVA.TA,2026-09-09,11070.0,11250.0,10960.0,11130.0,1048196
TEVA.TA,2026-09-10,11200.0,11260.0,11030.0,11120.0,1052520
TEVA.TA,2026-09-11,11120.0,11120.0,11120.0,11120.0,0
TEVA.TA,2026-09-14,11190.0,11600.0,11180.0,11540.0,950706
TEVA.TA,2026-09-15,11690.0,11900.0,11660.0,11710.0,1124143
TEVA.TA,2026-09-16,11900.0,11990.0,11640.0,11800.0,1135971
TEVA.TA,2026-09-17,11780.0,11960.0,11600.0,11960.0,1562605
TEVA.TA,2026-09-18,11960.0,11960.0,11960.0,11960.0,0
TEVA.TA,2026-09-21,11960.0,11960.0,11960.0,11960.0,0
TEVA.TA,2026-09-22,12040.0,12150.0,11870.0,12040.0,1541251
TEVA.TA,2026-09-23,11890.0,12080.0,11780.0,12060.0,1262779
TEVA.TA,2026-09-24,11760.0,12060.0,11730.0,12050.0,1570387
ISRS.TA,2026-07-16,83690.0,84140.0,83010.0,83690.0,2104
ISRS.TA,2026-07-17,83690.0,83960.0,82860.0,83830.0,1139
ISRS.TA,2026-07-20,83220.0,84180.0,82590.0,83800.0,2183
ISRS.TA,2026-07-21,83800.0,85680.0,83760.0,84730.0,1286
ISRS.TA,2026-07-22,86430.0,86430.0,84500.0,85110.0,5168
ISRS.TA,2026-07-24,83910.0,84930.0,83250.0,84510.0,2705
ISRS.TA,2026-07-27,84400.0,86360.0,84150.0,84800.0,2505
ISRS.TA,2026-07-28,84800.0,85800.0,84480.0,84770.0,1462
ISRS.TA,2026-07-29,84770.0,84930.0,83920.0,84500.0,2145
ISRS.TA,2026-07-30,85090.0,85760.0,83540.0,84770.0,2819
ISRS.TA,2026-07-31,84770.0,84940.0,83960.0,84500.0,1435
ISRS.TA,2026-08-03,84500.0,84520.0,79740.0,80500.0,60843
ISRS.TA,2026-08-04,80500.0,80600.0,78630.0,79510.0,11141
ISRS.TA,2026-08-05,79510.0,79790.0,78540.0,79030.0,4690
ISRS.TA,2026-08-06,78510.0,78950.0,77010.0,78270.0,40643
ISRS.TA,2026-08-07,78270.0,80390.0,77670.0,78500.0,3465
ISRS.TA,2026-08-10,78500.0,79000.0,77420.0,77470.0,5493
ISRS.TA,2026-08-11,77470.0,78430.0,77000.0,77830.0,4022
ISRS.TA,2026-08-12,77830.0,79050.0,77490.0,78670.0,2884
ISRS.TA,2026-08-13,78670.0,81010.0,78500.0,80690.0,2039
ISRS.TA,2026-08-14,80690.0,81700.0,80200.0,81640.0,1458
ISRS.TA,2026-08-17,81640.0,82330.0,78820.0,78820.0,2391
ISRS.TA,2026-08-18,78820.0,81250.0,78220.0,80990.0,2329
ISRS.TA,2026-08-19,80990.0,81900.0,79460.0,80930.0,2243
ISRS.TA,2026-08-20,80780.0,81740.0,79400.0,79670.0,1329
ISRS.TA,2026-08-21,79670.0,80400.0,79000.0,80260.0,1056
ISRS.TA,2026-08-24,80260.0,80710.0,78890.0,79520.0,2594
ISRS.TA,2026-08-25,79520.0,80830.0,79070.0,80330.0,1623
ISRS.TA,2026-08-26,80330.0,80680.0,79040.0,80210.0,4248
ISRS.TA,2026-08-27,80210.0,81130.0,79460.0,80740.0,2495
ISRS.TA,2026-08-28,80000.0,81300.0,79690.0,81240.0,1789
ISRS.TA,2026-08-31,81560.0,81560.0,80200.0,81200.0,8531
ISRS.TA,2026-09-01,80020.0,83980.0,80020.0,83940.0,3622
ISRS.TA,2026-09-02,83940.0,85980.0,83560.0,85800.0,3063
ISRS.TA,2026-09-03,84010.0,87820.0,84010.0,87460.0,2695
ISRS.TA,2026-09-04,86420.0,88040.0,86420.0,87650.0,797
ISRS.TA,2026-09-07,87650.0,87650.0,86160.0,87220.0,1004
ISRS.TA,2026-09-08,87220.0,87800.0,86340.0,86690.0,2047
ISRS.TA,2026-09-09,87500.0,87680.0,84830.0,85560.0,1545
ISRS.TA,2026-09-10,85560.0,85760.0,84050.0,84470.0,1811
ISRS.TA,2026-09-11,84470.0,84470.0,84470.0,84470.0,0
ISRS.TA,2026-09-14,82830.0,85000.0,82830.0,84500.0,817
ISRS.TA,2026-09-15,84500.0,84780.0,83580.0,84360.0,932
ISRS.TA,2026-09-16,84360.0,85170.0,84310.0,85060.0,1369
ISRS.TA,2026-09-17,85060.0,85500.0,84010.0,84010.0,3747
ISRS.TA,2026-09-18,84010.0,84010.0,84010.0,84010.0,0
ISRS.TA,2026-09-21,84010.0,84010.0,84010.0,84010.0,0
ISRS.TA,2026-09-22,84010.0,85140.0,82480.0,83890.0,3037
ISRS.TA,2026-09-23,83890.0,84590.0,82970.0,83880.0,1114
ISRS.TA,2026-09-24,83230.0,83690.0,81190.0,82750.0,8763
PTCH.TA,2026-07-16,519.0999755859375,536.2999877929688,510.0,525.0,203354
PTCH.TA,2026-07-17,530.0,538.0999755859375,524.0999755859375,526.7999877929688,59544
PTCH.TA,2026-07-20,550.0,550.0,524.0,526.5999755859375,100780
PTCH.TA,2026-07-21,526.5999755859375,544.9000244140625,496.70001220703125,520.4000244140625,83651
PTCH.TA,2026-07-22,520.4000244140625,520.4000244140625,481.3999938964844,499.79998779296875,242553
PTCH.TA,2026-07-24,500.0,515.0,494.0,508.5,115671
PTCH.TA,2026-07-27,513.0,522.5,501.0,509.79998779296875,105599
PTCH.TA,2026-07-28,509.79998779296875,534.9000244140625,497.79998779296875,532.5,283668
PTCH.TA,2026-07-29,532.5,555.0,520.5999755859375,534.5,303376
PTCH.TA,2026-07-30,534.5,538.0999755859375,492.3999938964844,497.20001220703125,181934
PTCH.TA,2026-07-31,497.20001220703125,512.0999755859375,481.70001220703125,512.0999755859375,156002
PTCH.TA,2026-08-03,512.0999755859375,528.2000122070312,501.0,515.7999877929688,70505
PTCH.TA,2026-08-04,523.7999877929688,523.7999877929688,480.0,485.6000061035156,135047
PTCH.TA,2026-08-05,485.6000061035156,497.5,452.20001220703125,458.1000061035156,82252
PTCH.TA,2026-08-06,460.0,515.7999877929688,460.0,510.0,348307
PTCH.TA,2026-08-07,512.9000244140625,512.9000244140625,497.20001220703125,505.1000061035156,46649
PTCH.TA,2026-08-10,505.1000061035156,517.7999877929688,479.70001220703125,494.8999938964844,112792
PTCH.TA,2026-08-11,494.8999938964844,511.20001220703125,480.0,509.29998779296875,155796
PTCH.TA,2026-08-12,510.0,583.5,510.0,519.7999877929688,797622
PTCH.TA,2026-08-13,519.7999877929688,540.9000244140625,509.70001220703125,510.0,88831
PTCH.TA,2026-08-14,510.0,546.0,510.0,528.9000244140625,116951
PTCH.TA,2026-08-17,528.9000244140625,550.7999877929688,524.7999877929688,539.7000122070312,162305
PTCH.TA,2026-08-18,554.9000244140625,554.9000244140625,469.8999938964844,490.0,3978853
PTCH.TA,2026-08-19,490.0,506.79998779296875,490.0,491.5,323435
PTCH.TA,2026-08-20,491.5,518.9000244140625,491.0,503.1000061035156,981454
PTCH.TA,2026-08-21,503.1000061035156,518.4000244140625,500.1000061035156,502.20001220703125,76772
PTCH.TA,2026-08-24,502.20001220703125,523.0,502.20001220703125,503.3999938964844,739516
PTCH.TA,2026-08-25,503.3999938964844,514.0,499.8999938964844,505.0,294873
PTCH.TA,2026-08-26,505.0,514.9000244140625,485.29998779296875,513.7000122070312,523679
PTCH.TA,2026-08-27,513.7000122070312,519.9000244140625,496.8999938964844,501.3999938964844,401895
PTCH.TA,2026-08-28,501.3999938964844,518.0,501.3999938964844,512.2000122070312,284636
PTCH.TA,2026-08-31,512.2000122070312,532.7999877929688,512.0999755859375,526.7999877929688,715806
PTCH.TA,2026-09-01,540.0,556.4000244140625,538.4000244140625,553.0,1025990
PTCH.TA,2026-09-02,550.2000122070312,580.0,550.2000122070312,580.0,1104568
PTCH.TA,2026-09-03,580.0,597.0,568.7999877929688,576.2999877929688,354606
PTCH.TA,2026-09-04,576.2999877929688,607.5999755859375,573.7999877929688,598.0,325107
PTCH.TA,2026-09-07,603.0,614.9000244140625,571.0,582.7000122070312,338928
PTCH.TA,2026-09-08,582.7000122070312,606.2999877929688,582.7000122070312,605.5,286324
PTCH.TA,2026-09-09,607.0,620.0,605.0,612.7000122070312,669835
PTCH.TA,2026-09-10,628.0,628.7999877929688,603.5,604.0,377071
PTCH.TA,2026-09-11,604.0,604.0,604.0,604.0,0
PTCH.TA,2026-09-14,604.0,638.0,604.0,617.0,458104
PTCH.TA,2026-09-15,617.0,617.0,571.9000244140625,583.2000122070312,815839
PTCH.TA,2026-09-16,583.2000122070312,611.0,576.5999755859375,577.0999755859375,453328
PTCH.TA,2026-09-17,577.0999755859375,577.0999755859375,560.0,567.4000244140625,404049
PTCH.TA,2026-09-18,567.4000244140625,567.4000244140625,567.4000244140625,567.4000244140625,0
PTCH.TA,2026-09-21,567.4000244140625,567.4000244140625,567.4000244140625,567.4000244140625,0
PTCH.TA,2026-09-22,567.4000244140625,576.0,543.0999755859375,550.0999755859375,889107
PTCH.TA,2026-09-23,550.0999755859375,588.0,550.0999755859375,566.9000244140625,711463
PTCH.TA,2026-09-24,566.9000244140625,572.0,547.0999755859375,554.7000122070312,77992
BRAN.TA,2026-07-16,2499.0,2550.0,2450.0,2535.0,68254
BRAN.TA,2026-07-17,2560.0,2600.0,2495.0,2502.0,10638
BRAN.TA,2026-07-20,2502.0,2564.0,2454.0,2522.0,10831
BRAN.TA,2026-07-21,2522.0,2649.0,2500.0,2528.0,37844
BRAN.TA,2026-07-22,2593.0,2620.0,2530.0,2561.0,57530
BRAN.TA,2026-07-24,2561.0,2599.0,2541.0,2590.0,25609
BRAN.TA,2026-07-27,2645.0,2683.0,2568.0,2585.0,49943
BRAN.TA,2026-07-28,2585.0,2654.0,2530.0,2540.0,32764
BRAN.TA,2026-07-29,2540.0,2592.0,2410.0,2421.0,39650
BRAN.TA,2026-07-30,2421.0,2463.0,2253.0,2361.0,26993
BRAN.TA,2026-07-31,2361.0,2456.0,2356.0,2402.0,16307
BRAN.TA,2026-08-03,2420.0,2447.0,2387.0,2427.0,52858
BRAN.TA,2026-08-04,2450.0,2541.0,2420.0,2449.0,18239
BRAN.TA,2026-08-05,2519.0,2519.0,2400.0,2415.0,6057
BRAN.TA,2026-08-06,2415.0,2437.0,2349.0,2349.0,18724
BRAN.TA,2026-08-07,2349.0,2490.0,2344.0,2375.0,10612
BRAN.TA,2026-08-10,2375.0,2395.0,2260.0,2264.0,30827
BRAN.TA,2026-08-11,2305.0,2377.0,2187.0,2235.0,46554
BRAN.TA,2026-08-12,2240.0,2303.0,2200.0,2209.0,29133
BRAN.TA,2026-08-13,2209.0,2276.0,2159.0,2182.0,53020
BRAN.TA,2026-08-14,2292.0,2292.0,2151.0,2229.0,19879
BRAN.TA,2026-08-17,2229.0,2300.0,2166.0,2237.0,19369
BRAN.TA,2026-08-18,2237.0,2282.0,2200.0,2226.0,27665
BRAN.TA,2026-08-19,2226.0,2269.0,2184.0,2201.0,31238
BRAN.TA,2026-08-20,2201.0,2238.0,2197.0,2217.0,14204
BRAN.TA,2026-08-21,2217.0,2265.0,2195.0,2236.0,16441
BRAN.TA,2026-08-24,2236.0,2250.0,2197.0,2233.0,8477
BRAN.TA,2026-08-25,2180.0,2190.0,2036.0,2104.0,112412
BRAN.TA,2026-08-26,2104.0,2103.0,2042.0,2072.0,73777
BRAN.TA,2026-08-27,2072.0,2099.0,2003.0,2013.0,32908
BRAN.TA,2026-08-28,2032.0,2032.0,1950.0,1970.0,23090
BRAN.TA,2026-08-31,1970.0,2039.0,1970.0,1983.0,19435
BRAN.TA,2026-09-01,1983.0,2082.0,1983.0,2052.0,22627
BRAN.TA,2026-09-02,2052.0,2052.0,2004.0,2034.0,16014
BRAN.TA,2026-09-03,2047.0,2047.0,1992.0,2011.0,15986
BRAN.TA,2026-09-04,2011.0,2049.0,1939.0,2020.0,102076
BRAN.TA,2026-09-07,2025.0,2035.0,1975.0,1990.0,15788
BRAN.TA,2026-09-08,1990.0,2018.0,1980.0,2010.0,27376
BRAN.TA,2026-09-09,2010.0,2116.0,2010.0,2074.0,137222
BRAN.TA,2026-09-10,2099.0,2099.0,2048.0,2059.0,13694
BRAN.TA,2026-09-11,2059.0,2059.0,2059.0,2059.0,0
BRAN.TA,2026-09-14,2059.0,2108.0,2059.0,2080.0,14292
BRAN.TA,2026-09-15,2086.0,2086.0,1976.0,1976.0,14359
BRAN.TA,2026-09-16,1976.0,2056.0,1837.0,1949.0,65649
BRAN.TA,2026-09-17,1966.0,1966.0,1844.0,1889.0,101294
BRAN.TA,2026-09-18,1889.0,1889.0,1889.0,1889.0,0
BRAN.TA,2026-09-21,1889.0,1889.0,1889.0,1889.0,0
BRAN.TA,2026-09-22,1998.0,1998.0,1873.0,1939.0,95393
BRAN.TA,2026-09-23,1939.0,2039.0,1939.0,1998.0,176081
BRAN.TA,2026-09-24,1998.0,2023.0,1837.0,1918.0,113063
RGAS.TA,2026-07-16,83.30000305175781,86.69999694824219,83.0,83.5,1017897
RGAS.TA,2026-07-17,83.5,83.5,81.9000015258789,83.5,85318
RGAS.TA,2026-07-20,83.5,84.4000015258789,83.30000305175781,83.5,164803
RGAS.TA,2026-07-21,83.5,83.80000305175781,83.0,83.30000305175781,617910
RGAS.TA,2026-07-22,83.30000305175781,85.80000305175781,81.69999694824219,82.19999694824219,1451618
RGAS.TA,2026-07-24,82.0999984741211,82.19999694824219,81.30000305175781,81.69999694824219,123473
RGAS.TA,2026-07-27,81.69999694824219,85.0,80.0,81.19999694824219,529402
RGAS.TA,2026-07-28,81.19999694824219,84.0,80.0,82.69999694824219,943405
RGAS.TA,2026-07-29,82.69999694824219,84.4000015258789,80.4000015258789,83.0999984741211,294713
RGAS.TA,2026-07-30,83.0999984741211,90.9000015258789,81.0,89.4000015258789,1219734
RGAS.TA,2026-07-31,89.4000015258789,95.30000305175781,88.9000015258789,94.69999694824219,878021
RGAS.TA,2026-08-03,100.0,100.0,95.5,97.0999984741211,551004
RGAS.TA,2026-08-04,97.0999984741211,98.69999694824219,95.30000305175781,97.0,687830
RGAS.TA,2026-08-05,97.0,97.0999984741211,95.19999694824219,96.4000015258789,329831
RGAS.TA,2026-08-06,97.0999984741211,97.4000015258789,94.30000305175781,95.19999694824219,708988
RGAS.TA,2026-08-07,95.19999694824219,96.4000015258789,94.19999694824219,95.19999694824219,41654
RGAS.TA,2026-08-10,95.19999694824219,96.5,91.0,93.9000015258789,252922
RGAS.TA,2026-08-11,93.9000015258789,94.19999694824219,92.0,93.4000015258789,73766
RGAS.TA,2026-08-12,93.4000015258789,94.19999694824219,92.5,93.0999984741211,138001
RGAS.TA,2026-08-13,93.0999984741211,93.0999984741211,91.19999694824219,91.9000015258789,102090
RGAS.TA,2026-08-14,91.9000015258789,91.9000015258789,91.0,91.4000015258789,9065
RGAS.TA,2026-08-17,91.4000015258789,93.0999984741211,89.30000305175781,91.0999984741211,176299
RGAS.TA,2026-08-18,91.0999984741211,91.0999984741211,87.5,91.0,106897
RGAS.TA,2026-08-19,90.0,93.0,90.0,91.9000015258789,70432
RGAS.TA,2026-08-20,91.9000015258789,91.5,90.19999694824219,91.30000305175781,42606
RGAS.TA,2026-08-21,91.30000305175781,91.30000305175781,91.0,91.19999694824219,2900
RGAS.TA,2026-08-24,91.19999694824219,91.5999984741211,87.19999694824219,90.5,195390
RGAS.TA,2026-08-25,89.80000305175781,90.5,86.0999984741211,88.0999984741211,387113
RGAS.TA,2026-08-26,88.0999984741211,88.0,84.0999984741211,87.4000015258789,469643
RGAS.TA,2026-08-27,93.0,96.30000305175781,92.19999694824219,94.0999984741211,519682
RGAS.TA,2026-08-28,94.0999984741211,98.5,94.0999984741211,98.4000015258789,327213
RGAS.TA,2026-08-31,98.80000305175781,102.5,96.5,100.0,1080669
RGAS.TA,2026-09-01,100.0,102.0,98.5,101.69999694824219,589269
RGAS.TA,2026-09-02,101.69999694824219,104.9000015258789,100.5,103.4000015258789,515349
RGAS.TA,2026-09-03,105.0,105.0,99.0,101.69999694824219,538935
RGAS.TA,2026-09-04,104.5999984741211,104.5999984741211,100.30000305175781,100.5999984741211,202025
RGAS.TA,2026-09-07,100.5999984741211,103.4000015258789,97.0999984741211,100.19999694824219,241181
RGAS.TA,2026-09-08,100.19999694824219,102.0,97.9000015258789,98.5999984741211,349690
RGAS.TA,2026-09-09,100.5999984741211,100.5999984741211,96.30000305175781,97.19999694824219,198069
RGAS.TA,2026-09-10,97.19999694824219,100.4000015258789,95.5,96.4000015258789,208689
RGAS.TA,2026-09-11,96.4000015258789,96.4000015258789,96.4000015258789,96.4000015258789,0
RGAS.TA,2026-09-14,96.4000015258789,100.0,91.80000305175781,99.5999984741211,1060463
RGAS.TA,2026-09-15,99.5999984741211,99.5999984741211,94.5999984741211,97.9000015258789,254356
RGAS.TA,2026-09-16,97.9000015258789,99.0,95.5,95.9000015258789,371649
RGAS.TA,2026-09-17,99.5,99.5,95.5,96.5999984741211,218819
RGAS.TA,2026-09-18,96.5999984741211,96.5999984741211,96.5999984741211,96.5999984741211,0
RGAS.TA,2026-09-21,96.5999984741211,96.5999984741211,96.5999984741211,96.5999984741211,0
RGAS.TA,2026-09-22,96.5999984741211,97.69999694824219,94.0999984741211,96.0,328726
RGAS.TA,2026-09-23,94.30000305175781,99.0999984741211,94.30000305175781,97.5999984741211,68043
RGAS.TA,2026-09-24,97.5999984741211,97.5999984741211,92.5999984741211,96.4000015258789,724942
DANE.TA,2026-07-16,45150.0,45170.0,43970.0,44430.0,5576
DANE.TA,2026-07-17,44430.0,45000.0,44430.0,44900.0,5832
DANE.TA,2026-07-20,44900.0,45200.0,44080.0,44950.0,6182
DANE.TA,2026-07-21,44950.0,45440.0,44640.0,45000.0,6062
DANE.TA,2026-07-22,45900.0,45900.0,44710.0,45100.0,5775
DANE.TA,2026-07-24,44240.0,45090.0,44160.0,44540.0,11948
DANE.TA,2026-07-27,44540.0,45450.0,43720.0,43740.0,8379
DANE.TA,2026-07-28,43930.0,44440.0,43340.0,43460.0,4574
DANE.TA,2026-07-29,43550.0,43970.0,42610.0,43030.0,11692
DANE.TA,2026-07-30,44050.0,44050.0,42230.0,43100.0,11135
DANE.TA,2026-07-31,42600.0,43570.0,42600.0,43050.0,4928
DANE.TA,2026-08-03,43050.0,43050.0,41340.0,41340.0,12508
DANE.TA,2026-08-04,41700.0,42100.0,41410.0,41700.0,11065
DANE.TA,2026-08-05,41700.0,42690.0,41420.0,41630.0,13679
DANE.TA,2026-08-06,43100.0,43100.0,41500.0,41630.0,120694
DANE.TA,2026-08-07,41630.0,43760.0,41630.0,43630.0,20378
DANE.TA,2026-08-10,44000.0,44000.0,42410.0,42960.0,7835
DANE.TA,2026-08-11,42960.0,43720.0,42620.0,42960.0,4153
DANE.TA,2026-08-12,42960.0,43000.0,41350.0,41820.0,7739
DANE.TA,2026-08-13,41820.0,42260.0,41260.0,41540.0,5101
DANE.TA,2026-08-14,41540.0,42650.0,41500.0,42440.0,4033
DANE.TA,2026-08-17,42440.0,42440.0,41000.0,41780.0,17738
DANE.TA,2026-08-18,41780.0,42050.0,41140.0,41680.0,29294
DANE.TA,2026-08-19,41790.0,42230.0,41390.0,42230.0,6037
DANE.TA,2026-08-20,42380.0,42480.0,41560.0,42050.0,20356
DANE.TA,2026-08-21,42050.0,42500.0,41980.0,42390.0,3463
DANE.TA,2026-08-24,42390.0,42480.0,41800.0,42410.0,3098
DANE.TA,2026-08-25,41900.0,42060.0,41580.0,41710.0,4158
DANE.TA,2026-08-26,41710.0,42120.0,41310.0,41820.0,7410
DANE.TA,2026-08-27,42990.0,42990.0,41930.0,42500.0,5170
DANE.TA,2026-08-28,42170.0,42790.0,41530.0,42770.0,7864
DANE.TA,2026-08-31,42990.0,43000.0,41960.0,42480.0,15500
DANE.TA,2026-09-01,42250.0,43490.0,42250.0,43350.0,8993
DANE.TA,2026-09-02,43350.0,43640.0,42950.0,43490.0,7625
DANE.TA,2026-09-03,42630.0,43900.0,42630.0,43900.0,5113
DANE.TA,2026-09-04,43900.0,44250.0,43740.0,43990.0,3171
DANE.TA,2026-09-07,43990.0,44420.0,43150.0,43500.0,3924
DANE.TA,2026-09-08,43500.0,43920.0,43110.0,43280.0,4030
DANE.TA,2026-09-09,42930.0,43660.0,42650.0,42850.0,3881
DANE.TA,2026-09-10,41910.0,43280.0,41910.0,42530.0,4022
DANE.TA,2026-09-11,42530.0,42530.0,42530.0,42530.0,0
DANE.TA,2026-09-14,42530.0,42930.0,42160.0,42730.0,3265
DANE.TA,2026-09-15,42730.0,42730.0,41710.0,42540.0,4388
DANE.TA,2026-09-16,42320.0,42720.0,41770.0,42250.0,6524
DANE.TA,2026-09-17,42250.0,42860.0,41680.0,42690.0,11575
DANE.TA,2026-09-18,42690.0,42690.0,42690.0,42690.0,0
DANE.TA,2026-09-21,42690.0,42690.0,42690.0,42690.0,0
DANE.TA,2026-09-22,42890.0,43020.0,42340.0,42780.0,4019
DANE.TA,2026-09-23,42780.0,43090.0,42530.0,42860.0,2477
DANE.TA,2026-09-24,42580.0,43470.0,42110.0,42830.0,6294
SRAC.TA,2026-07-16,5748.0,5873.0,5716.0,5763.0,1399
SRAC.TA,2026-07-17,5763.0,5878.0,5749.0,5805.0,216
SRAC.TA,2026-07-20,5805.0,5805.0,5601.0,5742.0,1056
SRAC.TA,2026-07-21,5742.0,5868.0,5779.0,5803.0,986
SRAC.TA,2026-07-22,5803.0,5860.0,5855.0,5856.0,262
SRAC.TA,2026-07-24,5856.0,5856.0,5855.0,5855.0,87
SRAC.TA,2026-07-27,5855.0,5853.0,5692.0,5725.0,514
SRAC.TA,2026-07-28,5850.0,5898.0,5750.0,5828.0,684
SRAC.TA,2026-07-29,5828.0,5790.0,5650.0,5672.0,1427
SRAC.TA,2026-07-30,5672.0,5730.0,5672.0,5702.0,1450
SRAC.TA,2026-07-31,5702.0,5820.0,5819.0,5819.0,286
SRAC.TA,2026-08-03,5819.0,5890.0,5644.0,5651.0,2615
SRAC.TA,2026-08-04,5651.0,5689.0,5560.0,5564.0,2348
SRAC.TA,2026-08-05,5564.0,5800.0,5395.0,5735.0,3087
SRAC.TA,2026-08-06,5735.0,5800.0,5685.0,5685.0,2320
SRAC.TA,2026-08-07,5685.0,5700.0,5576.0,5692.0,2208
SRAC.TA,2026-08-10,5692.0,5812.0,5527.0,5682.0,2629
SRAC.TA,2026-08-11,5682.0,5709.0,5507.0,5615.0,320
SRAC.TA,2026-08-12,5615.0,5753.0,5580.0,5661.0,162
SRAC.TA,2026-08-13,5661.0,5661.0,5610.0,5650.0,5129
SRAC.TA,2026-08-14,5650.0,5764.0,5600.0,5621.0,12060
SRAC.TA,2026-08-17,5621.0,5899.0,5335.0,5488.0,12153
SRAC.TA,2026-08-18,5488.0,5582.0,5281.0,5317.0,3248
SRAC.TA,2026-08-19,5317.0,5328.0,5168.0,5220.0,598
SRAC.TA,2026-08-20,5220.0,5220.0,5045.0,5174.0,812
SRAC.TA,2026-08-21,5174.0,5226.0,5184.0,5213.0,851
SRAC.TA,2026-08-24,5213.0,5214.0,5212.0,5213.0,1179
SRAC.TA,2026-08-25,5213.0,5319.0,5319.0,5319.0,289
SRAC.TA,2026-08-26,5319.0,5579.0,5319.0,5443.0,2249
SRAC.TA,2026-08-27,5690.0,5690.0,5508.0,5584.0,393
SRAC.TA,2026-08-28,5584.0,5749.0,5639.0,5692.0,281
SRAC.TA,2026-08-31,5692.0,5750.0,5493.0,5742.0,4791
SRAC.TA,2026-09-01,5616.0,5889.0,5402.0,5681.0,1510
SRAC.TA,2026-09-02,5681.0,5805.0,5700.0,5705.0,2200
SRAC.TA,2026-09-03,5520.0,5768.0,5520.0,5596.0,1690
SRAC.TA,2026-09-04,5596.0,5718.0,5473.0,5575.0,279
SRAC.TA,2026-09-07,5575.0,5735.0,5485.0,5622.0,391
SRAC.TA,2026-09-08,5622.0,5750.0,5731.0,5739.0,274
SRAC.TA,2026-09-09,5739.0,5883.0,5796.0,5832.0,172
SRAC.TA,2026-09-10,5832.0,5704.0,5704.0,5704.0,996
SRAC.TA,2026-09-11,5704.0,5704.0,5704.0,5704.0,0
SRAC.TA,2026-09-14,5704.0,5704.0,5704.0,5704.0,66
SRAC.TA,2026-09-15,5704.0,5699.0,5478.0,5510.0,878
SRAC.TA,2026-09-16,5510.0,5729.0,5509.0,5638.0,654
SRAC.TA,2026-09-17,5638.0,5840.0,5638.0,5773.0,774
SRAC.TA,2026-09-18,5773.0,5773.0,5773.0,5773.0,0
SRAC.TA,2026-09-21,5773.0,5773.0,5773.0,5773.0,0
SRAC.TA,2026-09-22,5773.0,5890.0,5773.0,5863.0,483
SRAC.TA,2026-09-23,5863.0,5761.0,5728.0,5745.0,1021
SRAC.TA,2026-09-24,5745.0,5739.0,5739.0,5739.0,292
OMCN.TA,2026-07-13,1774.0,1810.0,1754.0,1790.0,24672
OMCN.TA,2026-07-14,1790.0,1839.0,1789.0,1799.0,18195
OMCN.TA,2026-07-15,1799.0,1867.0,1789.0,1799.0,24688
OMCN.TA,2026-07-16,1799.0,1862.0,1782.0,1800.0,5647
OMCN.TA,2026-07-17,1800.0,1800.0,1730.0,1740.0,7279
OMCN.TA,2026-07-20,1740.0,1740.0,1653.0,1726.0,8888
OMCN.TA,2026-07-21,1726.0,1785.0,1726.0,1765.0,10349
OMCN.TA,2026-07-22,1765.0,1772.0,1761.0,1770.0,28678
OMCN.TA,2026-07-24,1770.0,1797.0,1763.0,1772.0,6881
OMCN.TA,2026-07-27,1772.0,1777.0,1705.0,1751.0,12408
OMCN.TA,2026-07-28,1751.0,1782.0,1750.0,1771.0,7268
OMCN.TA,2026-07-29,1771.0,1773.0,1763.0,1769.0,2835
OMCN.TA,2026-07-30,1769.0,1792.0,1733.0,1744.0,6727
OMCN.TA,2026-07-31,1744.0,1758.0,1723.0,1750.0,9421
OMCN.TA,2026-08-03,1750.0,1796.0,1725.0,1742.0,18875
OMCN.TA,2026-08-04,1742.0,1743.0,1694.0,1699.0,18786
OMCN.TA,2026-08-05,1699.0,1716.0,1687.0,1691.0,17300
OMCN.TA,2026-08-06,1691.0,1781.0,1618.0,1618.0,341244
OMCN.TA,2026-08-07,1618.0,1651.0,1618.0,1643.0,15520
OMCN.TA,2026-08-10,1643.0,1652.0,1590.0,1630.0,29136
OMCN.TA,2026-08-11,1630.0,1630.0,1546.0,1585.0,15634
OMCN.TA,2026-08-12,1585.0,1576.0,1499.0,1500.0,517729
OMCN.TA,2026-08-13,1365.0,1510.0,1365.0,1493.0,12427
OMCN.TA,2026-08-14,1493.0,1515.0,1493.0,1508.0,2808
OMCN.TA,2026-08-17,1523.0,1529.0,1480.0,1504.0,13779
OMCN.TA,2026-08-18,1504.0,1512.0,1475.0,1507.0,5258
OMCN.TA,2026-08-19,1507.0,1592.0,1511.0,1559.0,7466
OMCN.TA,2026-08-20,1559.0,1624.0,1564.0,1598.0,5816
OMCN.TA,2026-08-21,1598.0,1693.0,1629.0,1663.0,8032
OMCN.TA,2026-08-24,1663.0,1711.0,1654.0,1699.0,9715
OMCN.TA,2026-08-25,1699.0,1741.0,1699.0,1713.0,10925
OMCN.TA,2026-08-26,1713.0,1715.0,1699.0,1713.0,5431
OMCN.TA,2026-08-27,1713.0,1785.0,1713.0,1756.0,44169
OMCN.TA,2026-08-28,1756.0,1899.0,1756.0,1798.0,15227
OMCN.TA,2026-08-31,1798.0,1851.0,1755.0,1825.0,40784
OMCN.TA,2026-09-01,1825.0,1891.0,1805.0,1843.0,42497
OMCN.TA,2026-09-02,1837.0,1861.0,1823.0,1846.0,13867
OMCN.TA,2026-09-03,1680.0,1867.0,1680.0,1837.0,9400
OMCN.TA,2026-09-04,1837.0,1899.0,1837.0,1850.0,12191
OMCN.TA,2026-09-07,1850.0,1860.0,1835.0,1847.0,10330
OMCN.TA,2026-09-08,1847.0,1845.0,1788.0,1813.0,7253
OMCN.TA,2026-09-09,1813.0,1819.0,1716.0,1740.0,5945
OMCN.TA,2026-09-10,1740.0,1725.0,1669.0,1700.0,8922
OMCN.TA,2026-09-14,1700.0,2000.0,1660.0,1687.0,6536
OMCN.TA,2026-09-15,1687.0,1687.0,1594.0,1669.0,8340
OMCN.TA,2026-09-16,1669.0,1710.0,1678.0,1695.0,6975
OMCN.TA,2026-09-17,1695.0,1717.0,1618.0,1674.0,6553
OMCN.TA,2026-09-22,1674.0,1702.0,1666.0,1701.0,109626
OMCN.TA,2026-09-23,1701.0,1800.0,1682.0,1727.0,25778
OMCN.TA,2026-09-24,1727.0,1800.0,1676.0,1702.0,10809
FOX.TA,2026-07-16,29380.0,29680.0,28880.0,29470.0,17580
FOX.TA,2026-07-17,29470.0,29570.0,28870.0,29570.0,5315
FOX.TA,2026-07-20,29760.0,29770.0,29000.0,29330.0,14137
FOX.TA,2026-07-21,29420.0,30050.0,29210.0,29720.0,11415
FOX.TA,2026-07-22,29120.0,29820.0,28270.0,29020.0,12851
FOX.TA,2026-07-24,28460.0,29250.0,28460.0,28910.0,20266
FOX.TA,2026-07-27,28910.0,29290.0,28230.0,28830.0,14043
FOX.TA,2026-07-28,28820.0,29220.0,28470.0,28790.0,8605
FOX.TA,2026-07-29,28950.0,29680.0,28630.0,29500.0,8851
FOX.TA,2026-07-30,29650.0,29770.0,28830.0,29770.0,8833
FOX.TA,2026-07-31,29770.0,30430.0,29400.0,30230.0,11301
FOX.TA,2026-08-03,29870.0,30230.0,28480.0,29100.0,20967
FOX.TA,2026-08-04,28510.0,29500.0,28250.0,28600.0,16442
FOX.TA,2026-08-05,28600.0,28860.0,28050.0,28100.0,22878
FOX.TA,2026-08-06,28070.0,29070.0,27910.0,29000.0,110194
FOX.TA,2026-08-07,29000.0,29760.0,29000.0,29250.0,7126
FOX.TA,2026-08-10,29250.0,29800.0,28490.0,28920.0,12107
FOX.TA,2026-08-11,28920.0,29190.0,28220.0,28220.0,9950
FOX.TA,2026-08-12,28220.0,28260.0,27310.0,27500.0,15590
FOX.TA,2026-08-13,27500.0,28560.0,27420.0,28470.0,19792
FOX.TA,2026-08-14,28470.0,28630.0,27940.0,28630.0,5724
FOX.TA,2026-08-17,28630.0,28630.0,27500.0,27500.0,14507
FOX.TA,2026-08-18,27500.0,28570.0,27200.0,28440.0,13177
FOX.TA,2026-08-19,28440.0,28670.0,27710.0,28230.0,12706
FOX.TA,2026-08-20,28230.0,28980.0,27970.0,28450.0,16455
FOX.TA,2026-08-21,28450.0,28800.0,27870.0,28650.0,11787
FOX.TA,2026-08-24,28650.0,29980.0,28000.0,29270.0,38897
FOX.TA,2026-08-25,29270.0,30660.0,28770.0,30410.0,102711
FOX.TA,2026-08-26,30410.0,31800.0,30030.0,31800.0,18197
FOX.TA,2026-08-27,31800.0,32680.0,31710.0,32430.0,86481
FOX.TA,2026-08-28,32210.0,33040.0,31880.0,33000.0,11347
FOX.TA,2026-08-31,32550.0,33300.0,32490.0,32740.0,10035
FOX.TA,2026-09-01,32740.0,33950.0,32740.0,33920.0,26783
FOX.TA,2026-09-02,33920.0,34060.0,33440.0,33920.0,25887
FOX.TA,2026-09-03,33920.0,35020.0,33610.0,34860.0,27849
FOX.TA,2026-09-04,34180.0,35320.0,34180.0,34990.0,18325
FOX.TA,2026-09-07,34660.0,35150.0,34400.0,34630.0,12342
FOX.TA,2026-09-08,34630.0,34890.0,33970.0,34080.0,11876
FOX.TA,2026-09-09,34080.0,34370.0,34030.0,34370.0,11958
FOX.TA,2026-09-10,33840.0,34500.0,33560.0,33730.0,14210
FOX.TA,2026-09-11,33730.0,33730.0,33730.0,33730.0,0
FOX.TA,2026-09-14,32650.0,32660.0,31850.0,32050.0,6565
FOX.TA,2026-09-15,31940.0,32120.0,31000.0,31150.0,9218
FOX.TA,2026-09-16,31150.0,31510.0,30500.0,31000.0,23396
FOX.TA,2026-09-17,31000.0,31250.0,30320.0,31020.0,14330
FOX.TA,2026-09-18,31020.0,31020.0,31020.0,31020.0,0
FOX.TA,2026-09-21,31020.0,31020.0,31020.0,31020.0,0
FOX.TA,2026-09-22,31020.0,31810.0,31020.0,31640.0,33489
FOX.TA,2026-09-23,31700.0,31780.0,31000.0,31050.0,10954
FOX.TA,2026-09-24,30760.0,31150.0,30350.0,30960.0,17258
PRDM.TA,2026-07-16,600.0,605.0,575.0999755859375,593.0,360947
PRDM.TA,2026-07-17,593.0,598.0,572.0,592.4000244140625,4658
PRDM.TA,2026-07-20,592.4000244140625,592.4000244140625,592.4000244140625,592.4000244140625,0
PRDM.TA,2026-07-21,592.4000244140625,592.4000244140625,592.4000244140625,592.4000244140625,0
PRDM.TA,2026-07-22,592.4000244140625,593.0,592.9000244140625,593.0,3372
PRDM.TA,2026-07-24,593.0,620.0,593.0,610.7999877929688,30178
PRDM.TA,2026-07-27,610.7999877929688,600.0,600.0,600.0,1820
PRDM.TA,2026-07-28,600.0,606.9000244140625,568.0,605.7999877929688,23614
PRDM.TA,2026-07-29,610.4000244140625,610.4000244140625,589.9000244140625,589.9000244140625,5768
PRDM.TA,2026-07-30,590.9000244140625,591.0,590.0,591.0,24261
PRDM.TA,2026-07-31,575.0,609.7000122070312,575.0,575.2000122070312,567916
PRDM.TA,2026-08-03,599.9000244140625,599.9000244140625,560.0,560.0,487617
PRDM.TA,2026-08-04,560.0,599.0,560.0,561.5999755859375,8051
PRDM.TA,2026-08-05,561.5999755859375,563.0,561.5999755859375,562.0,764
PRDM.TA,2026-08-06,562.0,589.0,561.9000244140625,589.0,599545
PRDM.TA,2026-08-07,589.0,589.0,589.0,589.0,3220
PRDM.TA,2026-08-10,589.0,589.0,571.2999877929688,571.4000244140625,131541
PRDM.TA,2026-08-11,571.4000244140625,560.0,540.0,540.0,732401
PRDM.TA,2026-08-12,540.0,542.0,526.0999755859375,537.9000244140625,19847
PRDM.TA,2026-08-13,537.9000244140625,537.9000244140625,537.2999877929688,537.5999755859375,5258
PRDM.TA,2026-08-14,537.5999755859375,568.2000122070312,537.5999755859375,565.7000122070312,10859
PRDM.TA,2026-08-17,565.7000122070312,565.5999755859375,508.0,529.7000122070312,392544
PRDM.TA,2026-08-18,529.7000122070312,524.7999877929688,511.0,515.0,395685
PRDM.TA,2026-08-19,515.0,515.0,514.0,515.0,3530
PRDM.TA,2026-08-20,515.0,515.0,499.6000061035156,514.2999877929688,10191
PRDM.TA,2026-08-21,514.2999877929688,500.0,500.0,504.79998779296875,232
PRDM.TA,2026-08-24,504.79998779296875,509.0,505.0,507.0,7663
PRDM.TA,2026-08-25,507.0,500.0,500.0,500.0,530
PRDM.TA,2026-08-26,500.0,500.0,485.0,499.1000061035156,10739
PRDM.TA,2026-08-27,482.0,499.1000061035156,479.8999938964844,482.0,407684
PRDM.TA,2026-08-28,482.0,529.7000122070312,482.0,527.7999877929688,1177
PRDM.TA,2026-08-31,527.7999877929688,527.7999877929688,501.3999938964844,522.7999877929688,1167
PRDM.TA,2026-09-01,522.7999877929688,522.0,522.0,522.4000244140625,180
PRDM.TA,2026-09-02,522.4000244140625,522.2999877929688,480.0,482.3999938964844,2794
PRDM.TA,2026-09-03,482.3999938964844,500.0,451.20001220703125,484.6000061035156,14036
PRDM.TA,2026-09-04,484.6000061035156,480.0,460.1000061035156,471.3999938964844,19226
PRDM.TA,2026-09-07,471.3999938964844,475.0,460.0,460.0,135205
PRDM.TA,2026-09-08,460.0,460.0,440.0,450.0,2182
PRDM.TA,2026-09-09,450.0,450.0,435.1000061035156,444.29998779296875,1739
PRDM.TA,2026-09-10,444.29998779296875,444.5,430.1000061035156,440.1000061035156,40817
PRDM.TA,2026-09-11,440.1000061035156,440.1000061035156,440.1000061035156,440.1000061035156,0
PRDM.TA,2026-09-14,450.0,450.1000061035156,420.20001220703125,441.6000061035156,25993
PRDM.TA,2026-09-15,441.6000061035156,446.0,412.1000061035156,442.3999938964844,9405
PRDM.TA,2026-09-16,442.3999938964844,442.29998779296875,415.1000061035156,441.79998779296875,134119
PRDM.TA,2026-09-17,444.0,499.0,444.0,480.79998779296875,23766
PRDM.TA,2026-09-18,480.79998779296875,480.79998779296875,480.79998779296875,480.79998779296875,0
PRDM.TA,2026-09-21,480.79998779296875,480.79998779296875,480.79998779296875,480.79998779296875,0
PRDM.TA,2026-09-22,480.79998779296875,475.1000061035156,400.0,432.29998779296875,213523
PRDM.TA,2026-09-23,430.0,447.8999938964844,430.0,443.20001220703125,25449
PRDM.TA,2026-09-24,443.20001220703125,454.8999938964844,436.0,447.8999938964844,30576
MGDO.TA,2026-07-16,665.4000244140625,665.4000244140625,622.4000244140625,652.7000122070312,2605
MGDO.TA,2026-07-17,610.0999755859375,635.2999877929688,610.0999755859375,620.0,285
MGDO.TA,2026-07-20,620.0,628.0,586.0999755859375,591.5,13345
MGDO.TA,2026-07-21,578.7000122070312,604.5,578.7000122070312,594.5999755859375,18789
MGDO.TA,2026-07-22,599.0999755859375,601.0,558.7000122070312,580.9000244140625,22407
MGDO.TA,2026-07-24,580.9000244140625,600.0,580.9000244140625,598.0,12861
MGDO.TA,2026-07-27,602.2000122070312,609.0,601.4000244140625,602.5,16983
MGDO.TA,2026-07-28,602.5,632.5999755859375,590.0,605.0,74775
MGDO.TA,2026-07-29,605.0,665.5,605.0,608.5999755859375,2486
MGDO.TA,2026-07-30,608.5999755859375,625.5,598.7999877929688,608.5,10106
MGDO.TA,2026-07-31,608.5,612.5,611.9000244140625,612.0999755859375,2536
MGDO.TA,2026-08-03,612.0999755859375,620.7999877929688,608.4000244140625,615.0,2376
MGDO.TA,2026-08-04,615.0,615.0,611.9000244140625,612.4000244140625,5858
MGDO.TA,2026-08-05,612.4000244140625,613.9000244140625,600.0,607.0999755859375,41383
MGDO.TA,2026-08-06,607.0999755859375,644.7000122070312,607.0999755859375,622.0,175931
MGDO.TA,2026-08-07,622.0,622.0,610.0,614.0,2228
MGDO.TA,2026-08-10,614.0,620.0,614.0,614.5999755859375,5919
MGDO.TA,2026-08-11,614.5999755859375,614.5999755859375,610.0,613.5999755859375,2936
MGDO.TA,2026-08-12,613.5999755859375,613.5999755859375,583.4000244140625,601.2999877929688,33149
MGDO.TA,2026-08-13,601.2999877929688,601.2999877929688,598.2999877929688,599.9000244140625,842
MGDO.TA,2026-08-14,599.9000244140625,615.0,599.9000244140625,614.5999755859375,652
MGDO.TA,2026-08-17,614.5999755859375,625.0,609.0,613.0,1455
MGDO.TA,2026-08-18,613.0,605.0999755859375,592.5999755859375,601.0999755859375,3341
MGDO.TA,2026-08-19,601.0999755859375,631.2000122070312,605.5999755859375,622.0999755859375,1075
MGDO.TA,2026-08-20,624.2999877929688,653.2000122070312,624.2999877929688,641.2999877929688,806
MGDO.TA,2026-08-21,641.2999877929688,663.9000244140625,641.2999877929688,653.0,607
MGDO.TA,2026-08-24,653.0,653.0,606.4000244140625,625.9000244140625,4024
MGDO.TA,2026-08-25,625.9000244140625,626.0,620.5,624.2000122070312,1049
MGDO.TA,2026-08-26,624.2000122070312,624.2000122070312,590.0,598.4000244140625,1761
MGDO.TA,2026-08-27,598.4000244140625,621.0,591.9000244140625,606.7000122070312,7483
MGDO.TA,2026-08-28,606.7000122070312,665.9000244140625,606.7000122070312,633.7000122070312,25995
MGDO.TA,2026-08-31,633.7000122070312,650.0,633.7000122070312,647.0999755859375,1121
MGDO.TA,2026-09-01,647.0999755859375,710.0,647.0999755859375,692.5999755859375,23946
MGDO.TA,2026-09-02,692.5999755859375,704.2999877929688,683.0,698.0999755859375,8779
MGDO.TA,2026-09-03,698.0999755859375,710.0,698.0999755859375,701.2000122070312,3392
MGDO.TA,2026-09-04,701.2000122070312,704.0,701.9000244140625,702.0999755859375,1100
MGDO.TA,2026-09-07,702.0999755859375,702.0999755859375,681.0,690.5999755859375,1632
MGDO.TA,2026-09-08,690.5999755859375,697.7000122070312,690.5999755859375,691.4000244140625,3062
MGDO.TA,2026-09-09,691.4000244140625,691.4000244140625,678.0,678.2000122070312,4272
MGDO.TA,2026-09-10,678.2000122070312,671.5999755859375,668.0,668.0,443857
MGDO.TA,2026-09-11,668.0,668.0,668.0,668.0,0
MGDO.TA,2026-09-14,668.0,668.0,655.0,657.2999877929688,7849
MGDO.TA,2026-09-15,657.2999877929688,657.2999877929688,637.5999755859375,655.9000244140625,14947
MGDO.TA,2026-09-16,655.9000244140625,657.7000122070312,651.0,654.5999755859375,2708
MGDO.TA,2026-09-17,654.5999755859375,654.5999755859375,620.0999755859375,629.4000244140625,1795
MGDO.TA,2026-09-18,629.4000244140625,629.4000244140625,629.4000244140625,629.4000244140625,0
MGDO.TA,2026-09-21,629.4000244140625,629.4000244140625,629.4000244140625,629.4000244140625,0
MGDO.TA,2026-09-22,629.4000244140625,650.0,629.4000244140625,647.5,187304
MGDO.TA,2026-09-23,647.5,650.0999755859375,645.0,645.5,2157
MGDO.TA,2026-09-24,645.5,672.5,645.5,659.5,7311
QLTU.TA,2026-07-16,50920.0,51590.0,48850.0,50530.0,16778
QLTU.TA,2026-07-17,48180.0,50530.0,48180.0,50530.0,7728
QLTU.TA,2026-07-20,50530.0,51090.0,49000.0,49550.0,14235
QLTU.TA,2026-07-21,49550.0,52360.0,49700.0,51500.0,13702
QLTU.TA,2026-07-22,51500.0,52980.0,50540.0,52820.0,8687
QLTU.TA,2026-07-24,51010.0,54460.0,51010.0,54000.0,14438
QLTU.TA,2026-07-27,54000.0,54920.0,51450.0,51880.0,13271
QLTU.TA,2026-07-28,51880.0,51880.0,48880.0,48880.0,21116
QLTU.TA,2026-07-29,48880.0,49990.0,47820.0,48260.0,15516
QLTU.TA,2026-07-30,48260.0,49090.0,46810.0,48600.0,12146
QLTU.TA,2026-07-31,50990.0,50990.0,48090.0,50520.0,14643
QLTU.TA,2026-08-03,50720.0,51560.0,48830.0,50790.0,18642
QLTU.TA,2026-08-04,51990.0,53300.0,48050.0,49330.0,23829
QLTU.TA,2026-08-05,49330.0,51180.0,48270.0,49390.0,22953
QLTU.TA,2026-08-06,49500.0,50870.0,48520.0,48800.0,220837
QLTU.TA,2026-08-07,48800.0,50180.0,48140.0,49500.0,11605
QLTU.TA,2026-08-10,49500.0,50930.0,48140.0,48710.0,24119
QLTU.TA,2026-08-11,48710.0,48950.0,44310.0,45320.0,16691
QLTU.TA,2026-08-12,44500.0,45700.0,42400.0,42970.0,35497
QLTU.TA,2026-08-13,42970.0,44820.0,41340.0,44530.0,15128
QLTU.TA,2026-08-14,44530.0,44950.0,42840.0,43450.0,8327
QLTU.TA,2026-08-17,43450.0,43970.0,41880.0,41880.0,8449
QLTU.TA,2026-08-18,41880.0,41880.0,39930.0,40380.0,16388
QLTU.TA,2026-08-19,40380.0,41610.0,38000.0,39000.0,24687
QLTU.TA,2026-08-20,39140.0,40020.0,37000.0,38940.0,24352
QLTU.TA,2026-08-21,40520.0,40520.0,37960.0,38870.0,12354
QLTU.TA,2026-08-24,38870.0,38880.0,36160.0,36460.0,18769
QLTU.TA,2026-08-25,36020.0,37800.0,35320.0,36770.0,21247
QLTU.TA,2026-08-26,36770.0,37940.0,36330.0,37940.0,23644
QLTU.TA,2026-08-27,39250.0,40810.0,34190.0,36800.0,128253
QLTU.TA,2026-08-28,36510.0,36510.0,33510.0,34200.0,34309
QLTU.TA,2026-08-31,34200.0,34350.0,32260.0,32850.0,89072
QLTU.TA,2026-09-01,32850.0,34550.0,32020.0,33980.0,51938
QLTU.TA,2026-09-02,33500.0,36550.0,33470.0,35350.0,38137
QLTU.TA,2026-09-03,35350.0,36360.0,33270.0,33870.0,41329
QLTU.TA,2026-09-04,33690.0,35830.0,33690.0,35500.0,21458
QLTU.TA,2026-09-07,35860.0,37460.0,35220.0,37460.0,34445
QLTU.TA,2026-09-08,37460.0,38670.0,37000.0,38320.0,26221
QLTU.TA,2026-09-09,38510.0,38710.0,36380.0,37220.0,38399
QLTU.TA,2026-09-10,37220.0,37630.0,35170.0,35490.0,25039
QLTU.TA,2026-09-11,35490.0,35490.0,35490.0,35490.0,0
QLTU.TA,2026-09-14,33120.0,36210.0,33000.0,34980.0,41674
QLTU.TA,2026-09-15,34980.0,34980.0,33840.0,34300.0,17387
QLTU.TA,2026-09-16,34100.0,35120.0,32990.0,33700.0,25603
QLTU.TA,2026-09-17,33700.0,36030.0,33470.0,35000.0,35700
QLTU.TA,2026-09-18,35000.0,35000.0,35000.0,35000.0,0
QLTU.TA,2026-09-21,35000.0,35000.0,35000.0,35000.0,0
QLTU.TA,2026-09-22,36250.0,37240.0,35650.0,36490.0,28352
QLTU.TA,2026-09-23,36640.0,37570.0,33950.0,33950.0,26133
QLTU.TA,2026-09-24,34000.0,35310.0,33260.0,35000.0,35315
ILX.TA,2026-07-16,4927.0,4975.0,4837.0,4939.0,1783
ILX.TA,2026-07-17,4939.0,4939.0,4939.0,4939.0,3
ILX.TA,2026-07-20,4939.0,4850.0,4850.0,4850.0,77
ILX.TA,2026-07-21,4850.0,4947.0,4838.0,4862.0,108
ILX.TA,2026-07-22,4862.0,4925.0,4836.0,4846.0,339
ILX.TA,2026-07-24,4846.0,4950.0,4852.0,4921.0,203
ILX.TA,2026-07-27,4921.0,4939.0,4818.0,4853.0,644
ILX.TA,2026-07-28,4853.0,4945.0,4818.0,4850.0,622
ILX.TA,2026-07-29,4850.0,4925.0,4815.0,4846.0,405
ILX.TA,2026-07-30,4846.0,4949.0,4870.0,4938.0,735
ILX.TA,2026-07-31,4938.0,4999.0,4949.0,4982.0,3697
ILX.TA,2026-08-03,4982.0,5028.0,4980.0,4983.0,375
ILX.TA,2026-08-04,4983.0,5030.0,4921.0,5000.0,536
ILX.TA,2026-08-05,5000.0,5073.0,4928.0,5008.0,7797
ILX.TA,2026-08-06,5008.0,5014.0,4960.0,4967.0,741
ILX.TA,2026-08-07,4967.0,5019.0,4866.0,5001.0,2050
ILX.TA,2026-08-10,5001.0,5110.0,4882.0,5057.0,2432
ILX.TA,2026-08-11,5057.0,5198.0,5050.0,5172.0,35
ILX.TA,2026-08-12,5172.0,5172.0,5172.0,5172.0,4
ILX.TA,2026-08-13,5172.0,5172.0,5172.0,5172.0,4
ILX.TA,2026-08-14,5172.0,5172.0,5172.0,5172.0,108
ILX.TA,2026-08-17,5172.0,5250.0,5172.0,5196.0,293
ILX.TA,2026-08-18,5196.0,5196.0,5196.0,5196.0,32
ILX.TA,2026-08-19,5196.0,5196.0,5196.0,5196.0,23
ILX.TA,2026-08-20,5196.0,5160.0,5160.0,5160.0,301
ILX.TA,2026-08-21,5160.0,5160.0,5160.0,5160.0,2
ILX.TA,2026-08-24,5196.0,5200.0,4720.0,5077.0,9099
ILX.TA,2026-08-25,5077.0,5285.0,4674.0,5039.0,545
ILX.TA,2026-08-26,5039.0,5177.0,4650.0,4999.0,84
ILX.TA,2026-08-27,4999.0,5190.0,4784.0,5054.0,47
ILX.TA,2026-08-28,5054.0,5179.0,4872.0,5019.0,68
ILX.TA,2026-08-31,5019.0,5195.0,4663.0,5032.0,3329
ILX.TA,2026-09-01,5032.0,5120.0,5052.0,5100.0,141
ILX.TA,2026-09-02,5100.0,5345.0,4785.0,5096.0,169
ILX.TA,2026-09-03,5096.0,5136.0,4785.0,5113.0,278
ILX.TA,2026-09-04,5113.0,5129.0,5087.0,5117.0,75
ILX.TA,2026-09-07,5117.0,5173.0,4990.0,5014.0,1997
ILX.TA,2026-09-08,5014.0,5099.0,4951.0,5049.0,92
ILX.TA,2026-09-09,5049.0,5098.0,5000.0,5015.0,576
ILX.TA,2026-09-10,5015.0,5049.0,4828.0,5033.0,1652
ILX.TA,2026-09-11,5033.0,5033.0,5033.0,5033.0,0
ILX.TA,2026-09-14,5033.0,5141.0,5138.0,5140.0,51
ILX.TA,2026-09-15,5140.0,5138.0,5070.0,5071.0,1023
ILX.TA,2026-09-16,5071.0,5137.0,5137.0,5091.0,12
ILX.TA,2026-09-17,5199.0,5199.0,5091.0,5176.0,61
ILX.TA,2026-09-18,5176.0,5176.0,5176.0,5176.0,0
ILX.TA,2026-09-21,5176.0,5176.0,5176.0,5176.0,0
ILX.TA,2026-09-22,5176.0,5198.0,5198.0,5198.0,101
ILX.TA,2026-09-23,5198.0,5198.0,5198.0,5198.0,20
ILX.TA,2026-09-24,5198.0,5195.0,4880.0,5133.0,2788
MPP.TA,2026-07-16,1599.0,1662.0,1577.0,1645.0,29749
MPP.TA,2026-07-17,1645.0,1677.0,1616.0,1644.0,14185
MPP.TA,2026-07-20,1644.0,1644.0,1593.0,1632.0,42048
MPP.TA,2026-07-21,1632.0,1649.0,1583.0,1601.0,16241
MPP.TA,2026-07-22,1601.0,1624.0,1567.0,1585.0,61884
MPP.TA,2026-07-24,1585.0,1614.0,1501.0,1601.0,289134
MPP.TA,2026-07-27,1658.0,1658.0,1563.0,1582.0,24876
MPP.TA,2026-07-28,1582.0,1590.0,1558.0,1565.0,16405
MPP.TA,2026-07-29,1565.0,1577.0,1525.0,1551.0,17226
MPP.TA,2026-07-30,1551.0,1551.0,1483.0,1510.0,137802
MPP.TA,2026-07-31,1510.0,1517.0,1488.0,1500.0,20805
MPP.TA,2026-08-03,1500.0,1600.0,1466.0,1600.0,74387
MPP.TA,2026-08-04,1618.0,1662.0,1579.0,1590.0,298152
MPP.TA,2026-08-05,1590.0,1619.0,1545.0,1606.0,472344
MPP.TA,2026-08-06,1650.0,1660.0,1587.0,1639.0,230323
MPP.TA,2026-08-07,1639.0,1650.0,1621.0,1640.0,22392
MPP.TA,2026-08-10,1640.0,1680.0,1638.0,1659.0,78148
MPP.TA,2026-08-11,1653.0,1676.0,1611.0,1640.0,34443
MPP.TA,2026-08-12,1640.0,1670.0,1609.0,1670.0,114467
MPP.TA,2026-08-13,1650.0,1705.0,1635.0,1670.0,125812
MPP.TA,2026-08-14,1682.0,1682.0,1663.0,1672.0,8550
MPP.TA,2026-08-17,1679.0,1679.0,1619.0,1628.0,12644
MPP.TA,2026-08-18,1628.0,1628.0,1562.0,1565.0,363353
MPP.TA,2026-08-19,1565.0,1603.0,1546.0,1573.0,10410
MPP.TA,2026-08-20,1579.0,1590.0,1555.0,1571.0,91977
MPP.TA,2026-08-21,1571.0,1591.0,1560.0,1566.0,631200
MPP.TA,2026-08-24,1566.0,1555.0,1500.0,1525.0,18938
MPP.TA,2026-08-25,1510.0,1510.0,1473.0,1492.0,32550
MPP.TA,2026-08-26,1492.0,1515.0,1481.0,1507.0,134294
MPP.TA,2026-08-27,1519.0,1522.0,1485.0,1510.0,40642
MPP.TA,2026-08-28,1520.0,1566.0,1492.0,1540.0,103954
MPP.TA,2026-08-31,1540.0,1600.0,1530.0,1549.0,50914
MPP.TA,2026-09-01,1549.0,1578.0,1539.0,1562.0,30611
MPP.TA,2026-09-02,1562.0,1585.0,1553.0,1578.0,19957
MPP.TA,2026-09-03,1501.0,1607.0,1501.0,1588.0,165700
MPP.TA,2026-09-04,1588.0,1636.0,1575.0,1582.0,200054
MPP.TA,2026-09-07,1582.0,1622.0,1491.0,1610.0,176937
MPP.TA,2026-09-08,1610.0,1617.0,1591.0,1617.0,31422
MPP.TA,2026-09-09,1617.0,1679.0,1604.0,1670.0,109329
MPP.TA,2026-09-10,1670.0,1676.0,1622.0,1645.0,28426
MPP.TA,2026-09-11,1645.0,1645.0,1645.0,1645.0,0
MPP.TA,2026-09-14,1645.0,1684.0,1609.0,1655.0,32734
MPP.TA,2026-09-15,1655.0,1655.0,1604.0,1620.0,67735
MPP.TA,2026-09-16,1620.0,1639.0,1608.0,1634.0,25093
MPP.TA,2026-09-17,1634.0,1656.0,1629.0,1635.0,45652
MPP.TA,2026-09-18,1635.0,1635.0,1635.0,1635.0,0
MPP.TA,2026-09-21,1635.0,1635.0,1635.0,1635.0,0
MPP.TA,2026-09-22,1667.0,1667.0,1570.0,1588.0,83073
MPP.TA,2026-09-23,1588.0,1670.0,1577.0,1638.0,27515
MPP.TA,2026-09-24,1638.0,1638.0,1586.0,1617.0,67883
BSEN.TA,2026-07-16,87010.0,88960.0,86730.0,86920.0,27389
BSEN.TA,2026-07-17,86920.0,86920.0,83900.0,84970.0,10647
BSEN.TA,2026-07-20,84970.0,85840.0,82960.0,83580.0,15671
BSEN.TA,2026-07-21,83830.0,86740.0,83830.0,86000.0,14126
BSEN.TA,2026-07-22,86000.0,87910.0,83400.0,84150.0,14363
BSEN.TA,2026-07-24,82550.0,87720.0,82550.0,86040.0,40115
BSEN.TA,2026-07-27,86030.0,86030.0,82820.0,82900.0,15061
BSEN.TA,2026-07-28,82900.0,83670.0,81260.0,81610.0,11704
BSEN.TA,2026-07-29,81610.0,82480.0,80050.0,81500.0,18810
BSEN.TA,2026-07-30,80900.0,82890.0,78610.0,81890.0,26872
BSEN.TA,2026-07-31,81730.0,84990.0,81710.0,83100.0,11982
BSEN.TA,2026-08-03,81900.0,85410.0,81900.0,83500.0,24360
BSEN.TA,2026-08-04,83010.0,84240.0,82000.0,82100.0,11090
BSEN.TA,2026-08-05,82920.0,84380.0,81990.0,81990.0,19111
BSEN.TA,2026-08-06,81990.0,83440.0,81500.0,82200.0,177616
BSEN.TA,2026-08-07,83380.0,84650.0,82380.0,83900.0,11882
BSEN.TA,2026-08-10,83900.0,84890.0,78730.0,78750.0,21864
BSEN.TA,2026-08-11,78750.0,79570.0,73240.0,73980.0,33612
BSEN.TA,2026-08-12,73940.0,75100.0,71000.0,73630.0,27297
BSEN.TA,2026-08-13,73630.0,75090.0,72800.0,74500.0,11990
BSEN.TA,2026-08-14,74500.0,75440.0,72000.0,73170.0,6213
BSEN.TA,2026-08-17,73000.0,74750.0,70500.0,71440.0,23700
BSEN.TA,2026-08-18,71440.0,73900.0,70140.0,72730.0,20137
BSEN.TA,2026-08-19,74320.0,78260.0,74220.0,77100.0,64155
BSEN.TA,2026-08-20,79500.0,80670.0,76710.0,80200.0,89304
BSEN.TA,2026-08-21,80100.0,80880.0,76400.0,76800.0,13331
BSEN.TA,2026-08-24,77160.0,77940.0,72910.0,75260.0,24446
BSEN.TA,2026-08-25,76380.0,76390.0,74150.0,74860.0,12261
BSEN.TA,2026-08-26,74850.0,76880.0,72950.0,75760.0,21508
BSEN.TA,2026-08-27,76520.0,76520.0,73360.0,74260.0,15272
BSEN.TA,2026-08-28,73050.0,74810.0,72860.0,74440.0,9049
BSEN.TA,2026-08-31,74610.0,76790.0,72920.0,76300.0,42555
BSEN.TA,2026-09-01,76300.0,79500.0,74770.0,79210.0,25222
BSEN.TA,2026-09-02,79210.0,81120.0,78040.0,78660.0,38653
BSEN.TA,2026-09-03,79060.0,79430.0,76340.0,78050.0,14572
BSEN.TA,2026-09-04,78050.0,78210.0,75450.0,76940.0,12001
BSEN.TA,2026-09-07,77460.0,78570.0,76030.0,77610.0,34336
BSEN.TA,2026-09-08,77610.0,80330.0,76090.0,79650.0,38850
BSEN.TA,2026-09-09,79990.0,81500.0,78130.0,78690.0,18496
BSEN.TA,2026-09-10,79360.0,81050.0,77800.0,80130.0,23350
BSEN.TA,2026-09-11,80130.0,80130.0,80130.0,80130.0,0
BSEN.TA,2026-09-14,80970.0,80970.0,78800.0,80460.0,13634
BSEN.TA,2026-09-15,80460.0,81600.0,77100.0,77100.0,19854
BSEN.TA,2026-09-16,77320.0,78640.0,76110.0,77860.0,22598
BSEN.TA,2026-09-17,78130.0,80870.0,77480.0,79120.0,63387
BSEN.TA,2026-09-18,79120.0,79120.0,79120.0,79120.0,0
BSEN.TA,2026-09-21,79120.0,79120.0,79120.0,79120.0,0
BSEN.TA,2026-09-22,78800.0,79240.0,75990.0,77890.0,29755
BSEN.TA,2026-09-23,77890.0,78100.0,76550.0,77650.0,10146
BSEN.TA,2026-09-24,77470.0,79390.0,76490.0,78800.0,20258
DELG.TA,2026-07-16,17160.0,17310.0,16730.0,16990.0,15947
DELG.TA,2026-07-17,16990.0,17130.0,16790.0,17130.0,11688
DELG.TA,2026-07-20,17130.0,17230.0,16900.0,17000.0,10498
DELG.TA,2026-07-21,17000.0,17200.0,16980.0,17190.0,8201
DELG.TA,2026-07-22,17200.0,17340.0,17110.0,17220.0,9996
DELG.TA,2026-07-24,16890.0,17170.0,16600.0,17060.0,24989
DELG.TA,2026-07-27,17130.0,17200.0,16800.0,17110.0,12312
DELG.TA,2026-07-28,17110.0,17370.0,16670.0,17130.0,7972
DELG.TA,2026-07-29,17130.0,17290.0,16870.0,17150.0,8100
DELG.TA,2026-07-30,17150.0,17250.0,16700.0,17230.0,9626
DELG.TA,2026-07-31,17200.0,17800.0,17170.0,17700.0,13650
DELG.TA,2026-08-03,17480.0,17700.0,17330.0,17500.0,14475
DELG.TA,2026-08-04,17500.0,17980.0,17500.0,17650.0,25145
DELG.TA,2026-08-05,18010.0,18260.0,16760.0,16850.0,36484
DELG.TA,2026-08-06,16710.0,16880.0,16250.0,16410.0,108985
DELG.TA,2026-08-07,16410.0,17060.0,16410.0,16900.0,13465
DELG.TA,2026-08-10,16750.0,17280.0,16750.0,17210.0,19900
DELG.TA,2026-08-11,17210.0,17530.0,16980.0,17440.0,11860
DELG.TA,2026-08-12,17180.0,17500.0,16710.0,16710.0,11898
DELG.TA,2026-08-13,16710.0,17010.0,16670.0,17010.0,7652
DELG.TA,2026-08-14,17010.0,17500.0,16890.0,17400.0,13235
DELG.TA,2026-08-17,17310.0,17400.0,16830.0,16870.0,9993
DELG.TA,2026-08-18,16810.0,17090.0,16590.0,17090.0,9365
DELG.TA,2026-08-19,17090.0,17300.0,16950.0,17290.0,11788
DELG.TA,2026-08-20,17200.0,17600.0,17190.0,17600.0,14895
DELG.TA,2026-08-21,17600.0,17820.0,17460.0,17820.0,9054
DELG.TA,2026-08-24,17820.0,17930.0,17630.0,17920.0,7592
DELG.TA,2026-08-25,17960.0,17960.0,17610.0,17750.0,9105
DELG.TA,2026-08-26,17750.0,18300.0,17560.0,18300.0,16873
DELG.TA,2026-08-27,18310.0,18330.0,17820.0,17900.0,11205
DELG.TA,2026-08-28,17810.0,18170.0,17810.0,18160.0,7589
DELG.TA,2026-08-31,18230.0,18270.0,17970.0,18150.0,11504
DELG.TA,2026-09-01,18150.0,18800.0,18080.0,18800.0,21587
DELG.TA,2026-09-02,18440.0,19200.0,18440.0,19200.0,14403
DELG.TA,2026-09-03,19100.0,19360.0,19000.0,19110.0,17335
DELG.TA,2026-09-04,18990.0,19220.0,18990.0,19110.0,11548
DELG.TA,2026-09-07,19120.0,19120.0,18570.0,18690.0,6783
DELG.TA,2026-09-08,18690.0,18780.0,18380.0,18450.0,6926
DELG.TA,2026-09-09,18250.0,18550.0,18150.0,18400.0,63079
DELG.TA,2026-09-10,18200.0,18480.0,18070.0,18250.0,7355
DELG.TA,2026-09-11,18250.0,18250.0,18250.0,18250.0,0
DELG.TA,2026-09-14,18250.0,18330.0,18090.0,18170.0,4271
DELG.TA,2026-09-15,18170.0,18350.0,18000.0,18000.0,8534
DELG.TA,2026-09-16,18000.0,18110.0,17690.0,17910.0,16294
DELG.TA,2026-09-17,17910.0,18260.0,17840.0,18120.0,23574
DELG.TA,2026-09-18,18120.0,18120.0,18120.0,18120.0,0
DELG.TA,2026-09-21,18120.0,18120.0,18120.0,18120.0,0
DELG.TA,2026-09-22,18200.0,18200.0,17580.0,17760.0,8488
DELG.TA,2026-09-23,17660.0,17890.0,17510.0,17710.0,8196
DELG.TA,2026-09-24,17570.0,17770.0,17520.0,17770.0,12852
VCTR.TA,2026-07-16,4652.0,4652.0,4500.0,4588.0,820
VCTR.TA,2026-07-17,4588.0,4524.0,4461.0,4489.0,537
VCTR.TA,2026-07-20,4489.0,4560.0,4520.0,4549.0,548
VCTR.TA,2026-07-21,4549.0,4588.0,4541.0,4569.0,567
VCTR.TA,2026-07-22,4569.0,4614.0,4450.0,4562.0,1386
VCTR.TA,2026-07-24,4562.0,4590.0,4541.0,4577.0,47
VCTR.TA,2026-07-27,4577.0,4699.0,4577.0,4584.0,8979
VCTR.TA,2026-07-28,4584.0,4597.0,4550.0,4575.0,2116
VCTR.TA,2026-07-29,4575.0,4699.0,4552.0,4632.0,2927
VCTR.TA,2026-07-30,4632.0,4632.0,4487.0,4543.0,4252
VCTR.TA,2026-07-31,4543.0,4650.0,4543.0,4598.0,4304
VCTR.TA,2026-08-03,4598.0,4582.0,4502.0,4527.0,298
VCTR.TA,2026-08-04,4527.0,4700.0,4527.0,4600.0,4101
VCTR.TA,2026-08-05,4600.0,4644.0,4538.0,4558.0,848
VCTR.TA,2026-08-06,4558.0,4559.0,4450.0,4450.0,11735
VCTR.TA,2026-08-07,4450.0,4525.0,4450.0,4494.0,1113
VCTR.TA,2026-08-10,4494.0,4494.0,4416.0,4451.0,1984
VCTR.TA,2026-08-11,4451.0,4451.0,4429.0,4440.0,1296
VCTR.TA,2026-08-12,4440.0,4614.0,4440.0,4542.0,2170
VCTR.TA,2026-08-13,4542.0,4546.0,4440.0,4539.0,3767
VCTR.TA,2026-08-14,4539.0,4567.0,4540.0,4556.0,433
VCTR.TA,2026-08-17,4562.0,4562.0,4524.0,4526.0,3819
VCTR.TA,2026-08-18,4526.0,4526.0,4445.0,4484.0,225
VCTR.TA,2026-08-19,4484.0,4585.0,4422.0,4526.0,2676
VCTR.TA,2026-08-20,4526.0,4601.0,4526.0,4596.0,1573
VCTR.TA,2026-08-21,4596.0,4744.0,4561.0,4703.0,12714
VCTR.TA,2026-08-24,4700.0,4700.0,4445.0,4521.0,8847
VCTR.TA,2026-08-25,4521.0,4521.0,4401.0,4414.0,4036
VCTR.TA,2026-08-26,4414.0,4351.0,4217.0,4262.0,3551
VCTR.TA,2026-08-27,4262.0,4351.0,4207.0,4223.0,9677
VCTR.TA,2026-08-28,4200.0,4200.0,4135.0,4155.0,1634
VCTR.TA,2026-08-31,4155.0,4196.0,4004.0,4053.0,14985
VCTR.TA,2026-09-01,4053.0,4122.0,3986.0,4060.0,23821
VCTR.TA,2026-09-02,4060.0,4096.0,3973.0,4060.0,54214
VCTR.TA,2026-09-03,4060.0,4074.0,3957.0,4004.0,16037
VCTR.TA,2026-09-04,4004.0,4004.0,3986.0,4003.0,3082
VCTR.TA,2026-09-07,4003.0,4074.0,4010.0,4010.0,4469
VCTR.TA,2026-09-08,4010.0,4037.0,3965.0,4004.0,6311
VCTR.TA,2026-09-09,3981.0,3989.0,3894.0,3920.0,22634
VCTR.TA,2026-09-10,3920.0,4011.0,3950.0,3971.0,17634
VCTR.TA,2026-09-11,3971.0,3971.0,3971.0,3971.0,0
VCTR.TA,2026-09-14,3938.0,3962.0,3901.0,3940.0,1994
VCTR.TA,2026-09-15,4000.0,4000.0,3908.0,3938.0,1751
VCTR.TA,2026-09-16,3938.0,4030.0,3860.0,3958.0,56393
VCTR.TA,2026-09-17,3958.0,3993.0,3950.0,3974.0,5951
VCTR.TA,2026-09-18,3974.0,3974.0,3974.0,3974.0,0
VCTR.TA,2026-09-21,3974.0,3974.0,3974.0,3974.0,0
VCTR.TA,2026-09-22,3974.0,3999.0,3896.0,3947.0,7749
VCTR.TA,2026-09-23,3947.0,3972.0,3930.0,3963.0,9175
VCTR.TA,2026-09-24,3963.0,4007.0,3876.0,3932.0,3837
