Symbol,Date,Open,High,Low,Close,Volume
EWP,2026-07-17,58.97,59.25,58.85,59.16,658179
EWP,2026-07-20,59.01,59.08,58.59,58.67,94927
EWP,2026-07-21,59.13,59.55,59.04,59.46,410388
EWP,2026-07-22,60.22,60.4,60.05,60.13,162736
EWP,2026-07-23,59.01,59.21,58.74,59.02,209145
EWP,2026-07-24,59.49,60.07,59.45,59.71,569679
EWP,2026-07-27,60.72,60.87,60.36,60.69,373017
EWP,2026-07-28,60.28,60.64,60.165,60.47,200025
EWP,2026-07-29,59.81,60.12,59.175,59.4,105916
EWP,2026-07-30,60.82,61.575,60.49,61.44,218615
EWP,2026-07-31,61.36,61.63,60.81,61.48,291726
EWP,2026-08-03,61.62,61.98,61.1501,61.96,914100
EWP,2026-08-04,62.0,62.26,61.8,62.0,740201
EWP,2026-08-05,62.56,62.56,61.94,62.18,207128
EWP,2026-08-06,62.92,63.02,62.28,62.3,136422
EWP,2026-08-07,62.81,62.86,62.4901,62.66,149149
EWP,2026-08-10,62.61,62.74,62.405,62.41,822320
EWP,2026-08-11,62.85,63.0799,62.59,62.63,88216
EWP,2026-08-12,63.05,63.08,62.6,62.8,381466
EWP,2026-08-13,63.05,63.05,62.59,62.67,103773
EWP,2026-08-14,62.87,63.05,62.675,62.85,126318
EWP,2026-08-17,62.73,62.87,62.33,62.4,172721
EWP,2026-08-18,62.42,62.62,62.04,62.08,401645
EWP,2026-08-19,62.5,62.5,62.16,62.36,549570
EWP,2026-08-20,62.49,62.64,62.19,62.27,256324
EWP,2026-08-21,62.8,63.04,62.715,62.92,369284
EWP,2026-08-24,62.88,63.275,62.7851,63.23,191401
EWP,2026-08-25,63.21,63.24,62.79,63.15,382181
EWP,2026-08-26,63.44,63.44,62.8015,62.88,148753
EWP,2026-08-27,62.69,62.69,62.245,62.41,509809
EWP,2026-08-28,62.78,62.88,62.27,62.35,451762
EWP,2026-08-31,62.65,62.77,62.28,62.4,129592
EWP,2026-09-01,62.07,62.25,61.51,61.56,570929
EWP,2026-09-02,62.11,62.235,61.68,61.93,1166129
EWP,2026-09-03,62.37,62.695,62.2928,62.59,226055
EWP,2026-09-04,62.47,62.84,62.47,62.75,137146
EWP,2026-09-08,62.37,62.62,62.131,62.22,156611
EWP,2026-09-09,61.7,61.7882,61.49,61.59,532051
EWP,2026-09-10,61.59,61.9844,61.37,61.42,216897
EWP,2026-09-11,62.22,62.39,62.005,62.14,133709
EWP,2026-09-14,61.09,61.34,60.72,60.99,932040
EWP,2026-09-15,61.06,61.3241,60.86,61.1,257349
EWP,2026-09-16,61.1,61.46,60.43,60.83,137345
EWP,2026-09-17,61.5,61.88,61.36,61.64,700389
EWP,2026-09-18,60.8,60.8,60.37,60.58,140601
EWP,2026-09-21,61.1,61.46,61.1,61.42,144934
EWP,2026-09-22,61.86,61.86,61.155,61.55,1534487
EWP,2026-09-23,60.94,61.06,60.15,60.35,245130
EWP,2026-09-24,60.6,60.9303,60.29,60.78,174583
EWP,2026-09-25,60.93,61.2699,60.7,61.2,227356
XLRE,2026-07-17,45.68,45.955,45.225,45.42,3903407
XLRE,2026-07-20,45.335,45.51,45.06,45.23,3255303
XLRE,2026-07-21,45.28,45.365,45.035,45.2,3137114
XLRE,2026-07-22,45.3,45.37,44.92,45.01,4064448
XLRE,2026-07-23,44.83,45.27,44.82,44.95,4746233
XLRE,2026-07-24,45.345,46.13,45.3,45.95,4737182
XLRE,2026-07-27,45.855,46.055,45.65,45.76,4216390
XLRE,2026-07-28,46.17,46.455,45.99,46.01,5833973
XLRE,2026-07-29,46.045,46.215,45.675,45.96,6031285
XLRE,2026-07-30,45.94,46.04,44.93,45.3,6483671
XLRE,2026-07-31,45.28,45.34,44.79,45.07,6545818
XLRE,2026-08-03,45.08,45.39,44.87,45.18,7515112
XLRE,2026-08-04,44.65,45.235,44.43,45.17,6248339
XLRE,2026-08-05,45.28,45.32,44.695,45.2,6007672
XLRE,2026-08-06,45.535,45.54,44.66,44.81,4976426
XLRE,2026-08-07,44.83,45.255,44.71,44.98,3863635
XLRE,2026-08-10,44.705,44.75,44.24,44.4,5294789
XLRE,2026-08-11,44.26,44.4,44.01,44.08,5552454
XLRE,2026-08-12,44.2,44.535,44.1,44.49,4723578
XLRE,2026-08-13,44.74,45.2,44.69,45.12,5760983
XLRE,2026-08-14,45.118,45.32,45.0401,45.27,4545880
XLRE,2026-08-17,45.1,45.15,44.73,44.83,8542990
XLRE,2026-08-18,45.18,45.18,44.61,44.63,6155715
XLRE,2026-08-19,44.89,45.085,44.645,44.99,4617602
XLRE,2026-08-20,45.02,45.3099,44.83,45.08,4409175
XLRE,2026-08-21,45.2,45.255,44.934,45.08,3968916
XLRE,2026-08-24,45.195,45.4,44.97,45.33,4020870
XLRE,2026-08-25,45.34,45.465,45.16,45.36,3148862
XLRE,2026-08-26,45.37,45.46,45.06,45.09,3429230
XLRE,2026-08-27,44.79,45.045,44.63,44.66,4637833
XLRE,2026-08-28,44.885,44.9,44.385,44.48,3959398
XLRE,2026-08-31,44.3,44.345,43.865,44.11,7404973
XLRE,2026-09-01,44.13,44.395,43.895,44.04,6775991
XLRE,2026-09-02,44.01,44.05,43.565,43.73,7661609
XLRE,2026-09-03,44.08,44.265,43.84,44.25,4414592
XLRE,2026-09-04,44.04,44.28,43.875,43.93,3830018
XLRE,2026-09-08,43.665,44.26,43.6612,43.9,4883393
XLRE,2026-09-09,43.75,43.91,43.375,43.41,5897924
XLRE,2026-09-10,43.47,43.61,42.94,43.05,4729708
XLRE,2026-09-11,43.4,43.55,43.23,43.42,4389380
XLRE,2026-09-14,43.39,43.59,42.965,43.12,6178545
XLRE,2026-09-15,43.11,43.16,42.7,43.07,4644775
XLRE,2026-09-16,43.072,43.49,42.605,42.81,5311849
XLRE,2026-09-17,43.095,43.17,42.845,42.94,4356311
XLRE,2026-09-18,42.59,42.795,42.5,42.53,6191628
XLRE,2026-09-21,42.35,42.635,42.29,42.59,5259386
XLRE,2026-09-22,42.58,42.67,42.42,42.5,4837322
XLRE,2026-09-23,42.1,42.425,41.81,41.84,6793382
XLRE,2026-09-24,42.03,42.095,41.625,41.65,5729115
XLRE,2026-09-25,41.78,41.795,41.33,41.56,5782270
PSIL,2026-07-17,24.19,24.7299,23.915,24.13,73108
PSIL,2026-07-20,24.38,24.55,23.78,24.12,163477
PSIL,2026-07-21,24.31,24.49,23.775,24.49,39304
PSIL,2026-07-22,24.56,24.56,24.0,24.17,37280
PSIL,2026-07-23,24.38,24.38,23.7572,24.04,22063
PSIL,2026-07-24,24.04,24.04,23.4005,23.54,51634
PSIL,2026-07-27,23.8,24.095,23.55,23.69,15459
PSIL,2026-07-28,23.84,23.84,23.09,23.14,25956
PSIL,2026-07-29,23.42,23.57,23.07,23.23,15611
PSIL,2026-07-30,23.05,23.77,23.05,23.77,24163
PSIL,2026-07-31,24.24,24.24,23.095,23.5,20131
PSIL,2026-08-03,23.6,23.69,23.1301,23.47,23977
PSIL,2026-08-04,23.72,24.058,23.4501,23.87,18594
PSIL,2026-08-05,24.22,24.66,24.05,24.66,18041
PSIL,2026-08-06,25.05,25.09,24.7501,25.09,28185
PSIL,2026-08-07,25.32,25.725,25.1,25.41,37200
PSIL,2026-08-10,25.1,25.1,24.61,24.71,22071
PSIL,2026-08-11,24.96,25.12,24.65,24.91,25773
PSIL,2026-08-12,25.36,25.5,25.03,25.43,23625
PSIL,2026-08-13,25.39,25.665,25.2456,25.2456,14352
PSIL,2026-08-14,25.36,25.36,24.87,25.2736,18674
PSIL,2026-08-17,25.46,25.88,25.01,25.83,26753
PSIL,2026-08-18,25.67,26.2,25.3401,26.2,196510
PSIL,2026-08-19,25.74,26.39,25.74,26.24,24828
PSIL,2026-08-20,25.97,26.17,25.725,25.95,19423
PSIL,2026-08-21,25.66,26.11,25.66,25.86,137139
PSIL,2026-08-24,25.53,26.05,25.03,25.9,25606
PSIL,2026-08-25,26.11,26.8,26.11,26.8,57049
PSIL,2026-08-26,26.56,27.0175,26.29,26.33,23184
PSIL,2026-08-27,26.32,26.32,25.88,25.88,53541
PSIL,2026-08-28,25.78,25.81,25.15,25.2464,27093
PSIL,2026-08-31,25.19,25.19,24.57,24.62,95156
PSIL,2026-09-01,24.5,24.89,24.5,24.55,28720
PSIL,2026-09-02,24.5,25.145,24.3501,24.82,12550
PSIL,2026-09-03,24.87,24.87,24.53,24.59,10288
PSIL,2026-09-04,24.81,24.8899,24.45,24.86,20580
PSIL,2026-09-08,24.88,25.1099,24.62,24.96,43614
PSIL,2026-09-09,24.98,25.4,24.8101,25.21,51964
PSIL,2026-09-10,25.18,25.18,24.43,24.7,70056
PSIL,2026-09-11,25.01,25.065,24.73,24.7682,23894
PSIL,2026-09-14,24.86,25.4912,24.7417,25.12,36246
PSIL,2026-09-15,25.24,25.3215,24.14,24.5,57505
PSIL,2026-09-16,24.66,24.66,24.14,24.32,25811
PSIL,2026-09-17,24.42,25.38,24.42,25.15,16472
PSIL,2026-09-18,25.53,25.58,24.67,24.87,23017
PSIL,2026-09-21,24.7,25.05,24.7,24.86,26309
PSIL,2026-09-22,25.2,25.2,24.82,25.05,12743
PSIL,2026-09-23,25.27,25.27,23.93,24.0499,41208
PSIL,2026-09-24,23.86,23.86,23.1901,23.3207,43401
PSIL,2026-09-25,23.5,23.5,23.15,23.1998,23338
PPLT,2026-07-17,14.18,14.56,14.1301,14.5,2527878
PPLT,2026-07-20,14.36,14.545,14.31,14.47,1899309
PPLT,2026-07-21,14.61,14.835,14.61,14.82,1148178
PPLT,2026-07-22,14.98,15.0999,14.8401,14.88,1420052
PPLT,2026-07-23,14.46,14.59,14.415,14.46,1638097
PPLT,2026-07-24,14.34,14.53,14.29,14.43,1113906
PPLT,2026-07-27,14.7,14.825,14.615,14.73,1021297
PPLT,2026-07-28,14.5,14.7,14.35,14.54,2118371
PPLT,2026-07-29,14.39,14.865,14.29,14.59,1326699
PPLT,2026-07-30,14.65,15.0583,14.65,15.03,2407776
PPLT,2026-07-31,14.78,15.02,14.64,14.96,1670343
PPLT,2026-08-03,14.62,14.765,14.585,14.76,2328938
PPLT,2026-08-04,15.61,15.86,15.55,15.74,5109167
PPLT,2026-08-05,15.65,15.82,15.61,15.73,3992014
PPLT,2026-08-06,15.67,15.83,15.565,15.67,2819469
PPLT,2026-08-07,15.88,15.97,15.745,15.85,2604697
PPLT,2026-08-10,15.77,15.935,15.6,15.91,1678999
PPLT,2026-08-11,15.9,15.985,15.715,15.78,1216523
PPLT,2026-08-12,16.14,16.1995,15.9,15.94,2321967
PPLT,2026-08-13,15.6,15.68,15.51,15.54,1869574
PPLT,2026-08-14,15.73,15.91,15.73,15.87,1479984
PPLT,2026-08-17,15.97,16.18,15.95,16.07,1517759
PPLT,2026-08-18,15.76,15.86,15.54,15.56,2168103
PPLT,2026-08-19,16.01,16.515,16.0,16.46,4080637
PPLT,2026-08-20,16.4,16.69,16.27,16.68,5179769
PPLT,2026-08-21,17.22,17.3,16.97,17.02,4097214
PPLT,2026-08-24,17.16,17.25,16.92,17.0,4051405
PPLT,2026-08-25,16.64,16.88,16.61,16.86,2630588
PPLT,2026-08-26,16.79,16.85,16.585,16.61,1520352
PPLT,2026-08-27,16.535,16.79,16.435,16.76,2422106
PPLT,2026-08-28,17.1,17.18,16.47,16.49,5630212
PPLT,2026-08-31,16.35,16.39,16.1,16.25,3240247
PPLT,2026-09-01,15.87,16.1,15.76,15.8,3694680
PPLT,2026-09-02,15.94,16.075,15.87,15.98,2428028
PPLT,2026-09-03,16.27,16.639,16.185,16.49,3033144
PPLT,2026-09-04,16.36,16.54,16.33,16.5,1437939
PPLT,2026-09-08,16.59,16.76,16.451,16.46,1884713
PPLT,2026-09-09,17.27,17.44,17.14,17.15,3295965
PPLT,2026-09-10,16.37,16.485,16.085,16.13,3315198
PPLT,2026-09-11,16.39,16.4401,16.175,16.26,1573213
PPLT,2026-09-14,15.99,16.125,15.81,15.9,2086176
PPLT,2026-09-15,16.08,16.14,15.915,16.07,2600449
PPLT,2026-09-16,16.2,16.25,15.6885,15.83,2225302
PPLT,2026-09-17,16.15,16.27,16.04,16.06,3499284
PPLT,2026-09-18,16.29,16.405,16.185,16.31,1262751
PPLT,2026-09-21,16.52,16.57,16.26,16.32,1399902
PPLT,2026-09-22,16.43,16.685,16.37,16.62,1263363
PPLT,2026-09-23,16.0,16.0326,15.76,15.89,2150804
PPLT,2026-09-24,15.81,15.91,15.665,15.9,1414725
PPLT,2026-09-25,15.945,16.16,15.765,16.09,1623754
DECO,2026-07-17,72.97,74.09,72.96,73.1478,927
DECO,2026-07-20,74.78,75.64,74.78,75.1228,2377
DECO,2026-07-21,77.8207,77.8207,77.8207,77.8207,141
DECO,2026-07-22,78.66,78.84,78.13,78.6856,1293
DECO,2026-07-23,79.18,79.18,78.84,78.9394,681
DECO,2026-07-24,75.63,76.06,75.0024,75.0024,811
DECO,2026-07-27,75.79,75.79,72.4518,73.3981,1432
DECO,2026-07-28,71.2144,71.2144,71.2144,71.2144,189
DECO,2026-07-29,67.6,67.71,65.6804,65.6804,1219
DECO,2026-07-30,73.41,74.84,73.41,74.5821,1612
DECO,2026-07-31,73.94,74.04,73.2756,73.2756,1264
DECO,2026-08-03,76.105,76.939,76.105,76.7696,1523
DECO,2026-08-04,75.31,77.0611,75.31,77.0611,496
DECO,2026-08-05,77.89,77.89,75.5202,75.5202,1333
DECO,2026-08-06,74.45,74.45,73.8119,73.8119,1205
DECO,2026-08-07,75.84,75.84,73.5558,73.5558,470
DECO,2026-08-10,71.6568,71.6568,71.6568,71.6568,239
DECO,2026-08-11,73.3,73.5,71.955,72.2025,2458
DECO,2026-08-12,74.715,74.715,73.9505,73.9505,470
DECO,2026-08-13,72.98,72.98,72.4737,72.4737,273
DECO,2026-08-14,72.651,73.4297,72.651,73.4297,701
DECO,2026-08-17,74.75,74.9645,74.285,74.9645,808
DECO,2026-08-18,70.5094,70.5094,70.5094,70.5094,343
DECO,2026-08-19,70.0,70.6077,68.45,70.6077,1512
DECO,2026-08-20,71.61,72.4494,71.46,72.4494,660
DECO,2026-08-21,74.56,74.56,71.354,71.354,387
DECO,2026-08-24,70.93,70.93,70.5166,70.5166,580
DECO,2026-08-25,73.5075,73.5075,73.5075,73.5075,83
DECO,2026-08-26,72.33,72.33,71.9806,71.9806,467
DECO,2026-08-27,74.875,74.875,74.4978,74.4978,266
DECO,2026-08-28,73.77,73.77,70.1086,70.1086,410
DECO,2026-08-31,70.18,70.4497,69.29,70.4497,2146
DECO,2026-09-01,68.0238,68.0238,68.0238,68.0238,75
DECO,2026-09-02,68.05,69.0796,68.05,69.0796,547
DECO,2026-09-03,73.63,73.7254,73.58,73.7254,460
DECO,2026-09-04,74.8082,74.8082,74.8082,74.8082,77
DECO,2026-09-08,75.54,77.6,75.54,76.4131,2267
DECO,2026-09-09,76.72,76.72,75.03,75.0435,1594
DECO,2026-09-10,72.935,73.161,72.3575,72.3575,642
DECO,2026-09-11,74.07,74.13,74.07,74.0892,446
DECO,2026-09-14,72.03,72.1612,72.03,72.1612,315
DECO,2026-09-15,70.1905,70.1905,70.1905,70.1905,103
DECO,2026-09-16,72.05,72.05,70.58,71.6481,835
DECO,2026-09-17,74.66,74.66,74.5835,74.5835,567
DECO,2026-09-18,75.93,78.3547,75.93,78.3547,1103
DECO,2026-09-21,79.6628,79.6628,79.6628,79.6628,677
DECO,2026-09-22,80.59,80.6487,80.59,80.6487,421
DECO,2026-09-23,80.28,80.39,79.3429,79.3429,2038
DECO,2026-09-24,78.45,78.83,78.273,78.273,557
DECO,2026-09-25,77.1498,77.1498,77.1498,77.1498,92
XLP,2026-07-17,86.79,87.43,84.755,85.19,15692309
XLP,2026-07-20,85.135,85.399,84.56,84.86,8571138
XLP,2026-07-21,84.43,84.6,83.915,84.06,7388015
XLP,2026-07-22,84.578,85.015,84.07,84.38,6545689
XLP,2026-07-23,83.2,83.69,82.81,83.21,10351056
XLP,2026-07-24,83.37,84.28,83.16,84.13,9634563
XLP,2026-07-27,84.42,85.765,84.3768,85.36,12244255
XLP,2026-07-28,87.07,88.78,86.925,87.06,22253034
XLP,2026-07-29,86.34,87.875,86.34,87.36,14869133
XLP,2026-07-30,86.0,86.09,84.985,85.47,16609083
XLP,2026-07-31,84.85,85.43,84.325,85.05,11382923
XLP,2026-08-03,85.92,86.34,84.63,84.86,12592512
XLP,2026-08-04,84.29,85.43,83.86,85.37,13262075
XLP,2026-08-05,85.74,85.88,84.79,85.33,7739064
XLP,2026-08-06,86.31,86.41,84.685,85.11,8275988
XLP,2026-08-07,84.5,85.21,84.25,85.12,5690651
XLP,2026-08-10,84.66,85.045,84.33,84.95,6917535
XLP,2026-08-11,84.62,84.98,84.345,84.69,7358402
XLP,2026-08-12,84.085,85.13,84.01,85.08,6448307
XLP,2026-08-13,85.61,86.2,85.51,86.0,10352933
XLP,2026-08-14,86.0,86.3,85.82,86.09,6970193
XLP,2026-08-17,85.36,85.61,84.59,84.68,10513381
XLP,2026-08-18,85.76,86.19,85.13,85.58,10663176
XLP,2026-08-19,85.72,87.19,85.72,86.54,11244297
XLP,2026-08-20,85.2,86.0,85.0,85.32,11495323
XLP,2026-08-21,85.6,86.01,85.28,85.99,11194148
XLP,2026-08-24,86.45,87.465,86.45,87.45,9108098
XLP,2026-08-25,86.86,87.01,86.245,86.52,7022996
XLP,2026-08-26,86.62,86.685,86.25,86.27,7317379
XLP,2026-08-27,85.31,85.855,85.065,85.08,8495980
XLP,2026-08-28,85.5,85.605,85.21,85.45,6809306
XLP,2026-08-31,85.35,85.35,84.9,84.98,7012595
XLP,2026-09-01,85.51,86.16,85.15,85.25,9353794
XLP,2026-09-02,85.37,86.08,85.04,85.53,8445238
XLP,2026-09-03,85.37,85.645,84.78,85.26,10265945
XLP,2026-09-04,84.82,85.3,84.535,84.58,9904156
XLP,2026-09-08,84.28,84.57,83.81,84.02,13546347
XLP,2026-09-09,83.51,83.52,82.85,83.05,12246887
XLP,2026-09-10,83.37,83.81,83.06,83.09,10349529
XLP,2026-09-11,83.51,83.69,83.04,83.38,10836906
XLP,2026-09-14,84.38,84.8852,84.25,84.42,10520254
XLP,2026-09-15,83.995,84.07,83.565,83.73,14382288
XLP,2026-09-16,83.68,84.06,83.315,83.33,9648355
XLP,2026-09-17,83.51,83.715,83.0,83.49,7635627
XLP,2026-09-18,83.14,83.195,82.8,82.8,10629737
XLP,2026-09-21,82.095,82.31,81.73,81.92,8564192
XLP,2026-09-22,82.46,82.9,82.2895,82.73,10295577
XLP,2026-09-23,82.66,82.975,82.25,82.43,10779443
XLP,2026-09-24,82.91,83.08,81.7,81.7,10636312
XLP,2026-09-25,81.41,82.16,81.33,82.06,8611648
CANE,2026-07-17,9.67,9.83,9.67,9.74,165753
CANE,2026-07-20,9.75,9.8,9.73,9.77,103737
CANE,2026-07-21,9.78,9.86,9.7545,9.8,103822
CANE,2026-07-22,9.73,9.7716,9.685,9.72,108178
CANE,2026-07-23,9.728,9.7299,9.66,9.66,209462
CANE,2026-07-24,9.62,9.7071,9.62,9.705,68541
CANE,2026-07-27,9.6,9.64,9.58,9.61,216351
CANE,2026-07-28,9.57,9.5975,9.5514,9.57,96106
CANE,2026-07-29,9.65,9.6736,9.55,9.55,74435
CANE,2026-07-30,9.52,9.59,9.52,9.53,172698
CANE,2026-07-31,9.63,9.72,9.62,9.62,212816
CANE,2026-08-03,9.82,9.87,9.74,9.84,192570
CANE,2026-08-04,9.91,9.94,9.87,9.91,286580
CANE,2026-08-05,9.98,10.02,9.95,9.97,842463
CANE,2026-08-06,10.02,10.2,9.99,10.2,262969
CANE,2026-08-07,10.31,10.65,10.31,10.65,628706
CANE,2026-08-10,10.7,10.725,10.5818,10.7,286637
CANE,2026-08-11,10.74,10.835,10.74,10.83,213612
CANE,2026-08-12,10.87,10.925,10.59,10.69,426182
CANE,2026-08-13,10.69,10.86,10.69,10.84,176483
CANE,2026-08-14,10.74,10.78,10.7,10.76,113694
CANE,2026-08-17,10.73,10.95,10.73,10.93,194465
CANE,2026-08-18,10.86,11.18,10.86,11.18,414958
CANE,2026-08-19,11.15,11.2483,11.1014,11.24,223612
CANE,2026-08-20,11.35,11.52,11.175,11.19,281357
CANE,2026-08-21,11.11,11.335,11.09,11.21,305474
CANE,2026-08-24,11.04,11.275,11.03,11.25,283925
CANE,2026-08-25,11.04,11.16,11.02,11.11,146043
CANE,2026-08-26,11.25,11.34,11.105,11.23,237133
CANE,2026-08-27,11.22,11.49,11.22,11.47,437518
CANE,2026-08-28,11.29,11.369,11.15,11.21,384664
CANE,2026-08-31,11.26,11.36,11.26,11.32,260944
CANE,2026-09-01,11.32,11.59,11.32,11.57,419756
CANE,2026-09-02,11.54,11.72,11.5301,11.66,278652
CANE,2026-09-03,11.31,11.48,11.235,11.39,371714
CANE,2026-09-04,11.51,11.53,11.4,11.42,306543
CANE,2026-09-08,11.47,11.515,11.395,11.5,731574
CANE,2026-09-09,11.61,11.67,11.505,11.61,656965
CANE,2026-09-10,11.69,11.875,11.55,11.82,412087
CANE,2026-09-11,11.58,11.6,11.45,11.52,772657
CANE,2026-09-14,11.49,11.58,11.38,11.45,481648
CANE,2026-09-15,11.43,11.45,11.3406,11.38,351738
CANE,2026-09-16,11.45,11.47,11.29,11.39,419573
CANE,2026-09-17,11.25,11.295,11.065,11.08,353335
CANE,2026-09-18,11.09,11.12,11.04,11.05,171199
CANE,2026-09-21,11.1,11.23,11.1,11.13,447932
CANE,2026-09-22,11.19,11.235,11.17,11.21,943531
CANE,2026-09-23,11.33,11.385,11.27,11.37,551047
CANE,2026-09-24,11.31,11.33,11.21,11.27,489025
CANE,2026-09-25,11.3,11.31,11.2,11.21,242278
EUAD,2026-07-17,41.18,41.91,41.18,41.63,79288
EUAD,2026-07-20,41.52,41.77,41.14,41.14,322017
EUAD,2026-07-21,41.2,42.19,41.07,42.16,95779
EUAD,2026-07-22,42.77,42.83,42.55,42.76,99260
EUAD,2026-07-23,42.06,42.8,42.06,42.27,195014
EUAD,2026-07-24,42.52,43.16,42.52,42.97,202921
EUAD,2026-07-27,43.59,44.1,43.2998,43.51,182916
EUAD,2026-07-28,43.71,44.4099,43.71,44.28,132668
EUAD,2026-07-29,44.11,44.44,43.7,43.98,224772
EUAD,2026-07-30,44.24,44.935,44.1,44.89,174477
EUAD,2026-07-31,44.78,44.9699,44.39,44.95,97538
EUAD,2026-08-03,45.49,46.098,45.49,46.07,172657
EUAD,2026-08-04,46.45,47.0,46.45,46.95,274694
EUAD,2026-08-05,47.23,47.77,47.06,47.06,146293
EUAD,2026-08-06,46.86,47.36,46.68,46.83,180814
EUAD,2026-08-07,47.01,47.44,46.92,46.97,162610
EUAD,2026-08-10,46.92,47.5866,46.92,47.37,152626
EUAD,2026-08-11,47.51,47.6202,47.07,47.13,84127
EUAD,2026-08-12,47.55,47.98,47.5201,47.75,111608
EUAD,2026-08-13,47.59,47.9074,47.19,47.23,242902
EUAD,2026-08-14,47.86,48.15,47.61,47.89,116722
EUAD,2026-08-17,47.85,48.44,47.815,47.84,96586
EUAD,2026-08-18,47.2,47.56,47.165,47.26,113464
EUAD,2026-08-19,47.16,47.29,46.7,46.79,107928
EUAD,2026-08-20,46.45,46.745,46.03,46.13,112139
EUAD,2026-08-21,46.0,46.265,45.95,46.12,219861
EUAD,2026-08-24,45.74,46.0594,45.5,45.5,143627
EUAD,2026-08-25,46.1,46.3975,45.75,45.96,74097
EUAD,2026-08-26,46.27,46.8499,46.16,46.17,106611
EUAD,2026-08-27,46.37,46.3762,45.8401,45.93,40675
EUAD,2026-08-28,45.65,45.98,45.25,45.29,66571
EUAD,2026-08-31,45.15,45.15,44.3,44.37,141169
EUAD,2026-09-01,43.79,44.1495,43.43,43.49,121227
EUAD,2026-09-02,43.72,44.18,43.52,43.57,80287
EUAD,2026-09-03,43.62,43.93,43.5,43.77,68673
EUAD,2026-09-04,43.59,44.1128,43.59,43.73,88095
EUAD,2026-09-08,43.32,43.9796,43.32,43.52,87605
EUAD,2026-09-09,42.77,42.93,42.52,42.62,84341
EUAD,2026-09-10,42.2,42.73,42.19,42.45,92188
EUAD,2026-09-11,42.71,42.96,42.594,42.88,66631
EUAD,2026-09-14,42.0,42.4999,41.93,42.19,205127
EUAD,2026-09-15,42.41,42.8,42.4,42.685,139993
EUAD,2026-09-16,42.61,43.185,42.44,42.78,131113
EUAD,2026-09-17,43.15,43.48,43.0,43.05,123930
EUAD,2026-09-18,42.94,42.94,42.43,42.68,102236
EUAD,2026-09-21,43.01,43.47,42.7,43.31,141069
EUAD,2026-09-22,43.31,43.31,42.68,43.0,135441
EUAD,2026-09-23,42.66,43.41,42.66,42.95,81521
EUAD,2026-09-24,42.9,43.1499,42.42,42.77,455959
EUAD,2026-09-25,42.62,42.845,42.43,42.79,69068
IWM,2026-07-17,292.03,296.13,291.64,294.04,28738549
IWM,2026-07-20,295.01,295.99,292.18,292.31,20539883
IWM,2026-07-21,293.43,296.75,292.68,296.54,18190168
IWM,2026-07-22,295.7,296.44,293.41,293.79,19115991
IWM,2026-07-23,290.87,293.01,290.17,292.09,27795137
IWM,2026-07-24,293.41,293.97,290.48,291.17,19771042
IWM,2026-07-27,293.98,295.52,291.1101,292.91,19445522
IWM,2026-07-28,293.16,293.77,290.375,293.37,20531085
IWM,2026-07-29,292.49,293.665,288.26,288.57,33297418
IWM,2026-07-30,291.15,292.84,288.96,292.59,22198835
IWM,2026-07-31,293.56,293.95,287.83,291.2,28350651
IWM,2026-08-03,292.9,296.66,292.4,296.22,23175699
IWM,2026-08-04,297.59,302.39,297.22,301.71,20751765
IWM,2026-08-05,302.43,303.06,299.75,299.77,17791023
IWM,2026-08-06,299.6,301.38,297.95,298.25,16314113
IWM,2026-08-07,300.46,302.03,299.795,301.56,18416787
IWM,2026-08-10,300.51,301.39,299.08,299.98,16226875
IWM,2026-08-11,300.93,301.99,300.6,300.99,14942813
IWM,2026-08-12,303.02,303.41,301.0,302.71,15480555
IWM,2026-08-13,304.04,305.05,302.72,303.5,14719318
IWM,2026-08-14,303.28,305.18,302.74,305.09,13163356
IWM,2026-08-17,303.96,304.33,303.23,304.06,14546781
IWM,2026-08-18,302.45,303.15,300.11,300.23,18263746
IWM,2026-08-19,302.88,303.4105,301.23,301.72,14995740
IWM,2026-08-20,299.27,300.04,297.04,297.67,21638740
IWM,2026-08-21,299.85,300.33,298.17,299.96,22949563
IWM,2026-08-24,299.55,299.74,297.4,297.97,12868866
IWM,2026-08-25,299.6,299.78,297.97,299.23,14617956
IWM,2026-08-26,298.64,299.95,298.13,298.93,10555686
IWM,2026-08-27,298.77,300.315,298.14,299.81,13668343
IWM,2026-08-28,299.7,300.39,295.67,295.75,19061314
IWM,2026-08-31,295.09,295.35,292.705,293.93,20883439
IWM,2026-09-01,291.98,292.94,289.97,290.57,22801606
IWM,2026-09-02,291.54,294.35,291.19,294.01,22395195
IWM,2026-09-03,295.79,296.18,293.43,295.19,16651234
IWM,2026-09-04,293.7,296.18,293.56,296.01,13960290
IWM,2026-09-08,295.34,296.1,294.26,294.67,17332381
IWM,2026-09-09,293.46,294.155,290.31,290.64,19141732
IWM,2026-09-10,288.48,289.83,287.18,287.7,27044693
IWM,2026-09-11,290.71,291.44,288.77,288.89,26358499
IWM,2026-09-14,287.49,289.84,287.055,287.91,26060878
IWM,2026-09-15,286.62,286.93,284.08,285.14,25300508
IWM,2026-09-16,285.63,287.04,281.03,283.92,27599403
IWM,2026-09-17,287.95,288.29,285.21,285.43,22159645
IWM,2026-09-18,284.92,285.27,282.54,284.1,31116039
IWM,2026-09-21,286.27,286.45,284.9,285.58,18968202
IWM,2026-09-22,287.68,288.94,286.05,287.21,25684272
IWM,2026-09-23,285.99,286.18,281.84,281.92,24351421
IWM,2026-09-24,281.33,282.24,279.045,281.66,27307917
IWM,2026-09-25,282.34,283.52,280.455,281.97,22613925
ARKW,2026-07-17,140.0,143.1,138.64,141.76,67581
ARKW,2026-07-20,143.025,145.12,142.14,142.79,113215
ARKW,2026-07-21,144.46,146.75,144.46,146.5,50891
ARKW,2026-07-22,144.77,145.7064,143.15,143.2,48436
ARKW,2026-07-23,140.82,141.39,137.1681,138.45,71222
ARKW,2026-07-24,138.6,138.6,135.5,136.74,63115
ARKW,2026-07-27,138.57,139.2034,136.0,138.46,58770
ARKW,2026-07-28,136.49,138.6841,134.0,137.45,56218
ARKW,2026-07-29,137.01,139.16,134.67,134.8,67473
ARKW,2026-07-30,136.61,138.7,136.07,138.25,43676
ARKW,2026-07-31,138.53,139.22,134.71,136.84,43658
ARKW,2026-08-03,136.63,141.32,135.77,140.87,83946
ARKW,2026-08-04,141.97,147.3,141.97,147.02,72738
ARKW,2026-08-05,147.0,147.615,145.3,145.3,33369
ARKW,2026-08-06,142.51,144.77,142.3518,143.465,34680
ARKW,2026-08-07,145.49,148.13,145.41,147.92,50312
ARKW,2026-08-10,147.34,150.0831,147.34,149.58,52027
ARKW,2026-08-11,150.23,150.43,148.54,149.91,42685
ARKW,2026-08-12,151.46,151.46,149.6701,151.13,51486
ARKW,2026-08-13,150.45,154.7,150.45,154.06,72458
ARKW,2026-08-14,153.88,153.91,152.1401,152.35,41290
ARKW,2026-08-17,152.45,153.36,152.13,152.13,45164
ARKW,2026-08-18,149.86,150.4999,148.55,148.79,29300
ARKW,2026-08-19,149.58,152.3,148.265,150.86,42976
ARKW,2026-08-20,152.02,152.02,150.4,151.38,52266
ARKW,2026-08-21,153.76,155.7375,153.345,155.49,58292
ARKW,2026-08-24,154.65,155.79,152.995,153.16,44899
ARKW,2026-08-25,153.665,156.2777,153.665,155.62,30889
ARKW,2026-08-26,154.04,155.9,154.04,155.02,30980
ARKW,2026-08-27,157.04,159.28,156.4,158.5,64457
ARKW,2026-08-28,157.57,158.57,155.03,155.19,72115
ARKW,2026-08-31,154.5,157.694,154.08,157.08,43457
ARKW,2026-09-01,154.61,154.7,151.85,152.48,33020
ARKW,2026-09-02,152.25,153.59,151.755,152.78,23895
ARKW,2026-09-03,155.49,160.96,155.49,160.41,113509
ARKW,2026-09-04,157.96,159.91,157.96,158.91,48174
ARKW,2026-09-08,159.02,159.73,157.575,158.06,42154
ARKW,2026-09-09,158.77,159.06,156.11,156.11,57539
ARKW,2026-09-10,153.54,156.17,153.53,154.72,50079
ARKW,2026-09-11,155.79,157.9,155.44,155.49,51717
ARKW,2026-09-14,154.76,159.2,154.76,158.56,74334
ARKW,2026-09-15,156.33,156.6,154.04,154.63,72499
ARKW,2026-09-16,154.9,155.3,152.0547,153.37,55729
ARKW,2026-09-17,155.93,157.01,155.2,157.01,46311
ARKW,2026-09-18,157.72,159.09,157.5435,158.98,63708
ARKW,2026-09-21,162.0,165.77,161.9493,165.24,101065
ARKW,2026-09-22,165.62,166.66,165.23,165.89,64550
ARKW,2026-09-23,165.35,166.36,163.62,163.91,87836
ARKW,2026-09-24,162.93,165.99,162.5,165.39,81189
ARKW,2026-09-25,165.74,165.74,163.25,163.88,37736
CNXT,2026-07-17,48.76,49.22,48.59,48.92,184748
CNXT,2026-07-20,49.1,49.6446,48.79,48.79,99200
CNXT,2026-07-21,52.01,52.45,52.01,52.35,56847
CNXT,2026-07-22,51.0,51.14,50.74,50.79,62779
CNXT,2026-07-23,50.79,50.81,50.12,50.43,40904
CNXT,2026-07-24,49.88,50.0495,49.27,49.42,53728
CNXT,2026-07-27,50.8,51.02,50.5,50.97,78580
CNXT,2026-07-28,47.54,47.8,47.25,47.46,66386
CNXT,2026-07-29,47.97,48.2406,47.28,47.291,48792
CNXT,2026-07-30,46.65,47.86,46.54,47.58,147126
CNXT,2026-07-31,47.93,48.1175,47.39,47.83,44232
CNXT,2026-08-03,47.18,47.74,46.98,47.6013,111381
CNXT,2026-08-04,49.11,49.92,49.1,49.83,264931
CNXT,2026-08-05,50.27,50.67,50.22,50.22,88980
CNXT,2026-08-06,50.4,50.85,50.3148,50.64,162580
CNXT,2026-08-07,51.42,51.48,51.2,51.38,139573
CNXT,2026-08-10,50.39,50.585,50.36,50.41,100059
CNXT,2026-08-11,50.74,50.83,50.4719,50.52,81621
CNXT,2026-08-12,51.9,52.04,51.77,51.86,118199
CNXT,2026-08-13,51.32,51.63,51.32,51.61,120776
CNXT,2026-08-14,52.03,52.13,51.85,51.94,19129
CNXT,2026-08-17,53.11,53.7,53.11,53.67,140252
CNXT,2026-08-18,53.13,53.13,52.33,52.33,67580
CNXT,2026-08-19,50.45,50.45,49.83,49.88,128342
CNXT,2026-08-20,49.88,50.19,49.86,50.13,116149
CNXT,2026-08-21,50.935,50.98,50.79,50.79,20696
CNXT,2026-08-24,49.13,49.13,48.48,48.69,107758
CNXT,2026-08-25,48.8,49.011,48.62,48.81,64840
CNXT,2026-08-26,48.87,48.93,48.71,48.71,43440
CNXT,2026-08-27,49.5701,49.82,49.515,49.69,30668
CNXT,2026-08-28,49.24,49.2695,48.69,48.79,49260
CNXT,2026-08-31,49.08,49.175,48.9317,49.16,73412
CNXT,2026-09-01,48.5,48.56,48.09,48.1,92547
CNXT,2026-09-02,47.59,47.86,47.59,47.59,95904
CNXT,2026-09-03,47.5,47.79,47.3701,47.76,28540
CNXT,2026-09-04,47.31,47.7899,47.31,47.71,133584
CNXT,2026-09-08,48.25,48.75,48.0501,48.19,200785
CNXT,2026-09-09,48.1,48.35,47.97,48.0,97694
CNXT,2026-09-10,47.52,47.55,47.16,47.18,44234
CNXT,2026-09-11,47.72,47.8,47.48,47.545,81981
CNXT,2026-09-14,47.0,47.26,46.97,47.16,34204
CNXT,2026-09-15,46.83,46.94,46.65,46.65,98015
CNXT,2026-09-16,47.49,47.67,47.1,47.38,73713
CNXT,2026-09-17,47.63,47.7599,47.53,47.6,70053
CNXT,2026-09-18,48.36,48.73,48.28,48.71,126149
CNXT,2026-09-21,49.21,49.61,49.06,49.39,156990
CNXT,2026-09-22,49.16,49.47,49.16,49.43,120302
CNXT,2026-09-23,48.53,48.56,48.14,48.36,173932
CNXT,2026-09-24,47.41,47.535,47.21,47.42,48814
CNXT,2026-09-25,47.07,47.29,46.95,47.24,64710
VTI,2026-07-17,366.48,369.08,365.7201,367.01,3155046
VTI,2026-07-20,368.75,369.64,366.08,366.25,2863053
VTI,2026-07-21,368.15,369.85,367.3401,369.45,2139919
VTI,2026-07-22,368.81,370.159,368.57,368.87,2389213
VTI,2026-07-23,365.13,366.76,363.1,364.69,3276280
VTI,2026-07-24,364.9,367.3,364.1014,364.8,2609718
VTI,2026-07-27,367.68,368.32,363.61,365.18,2868658
VTI,2026-07-28,365.02,366.8993,363.55,365.99,2635219
VTI,2026-07-29,365.59,366.88,360.2,360.42,4151003
VTI,2026-07-30,363.81,366.58,362.64,366.27,2882432
VTI,2026-07-31,367.8,369.3376,363.95,368.21,3198548
VTI,2026-08-03,369.5,374.26,369.0,373.84,3429584
VTI,2026-08-04,375.35,381.74,375.3,380.82,3302432
VTI,2026-08-05,382.82,383.29,379.56,379.65,2840721
VTI,2026-08-06,379.82,380.94,378.64,379.07,3090038
VTI,2026-08-07,380.69,382.0709,379.93,381.78,2317869
VTI,2026-08-10,381.63,382.66,381.1,381.63,5170871
VTI,2026-08-11,382.51,382.6,380.19,380.65,3900056
VTI,2026-08-12,382.75,382.82,381.13,381.83,2795932
VTI,2026-08-13,383.03,385.1199,382.64,384.3,2324186
VTI,2026-08-14,384.67,384.9,383.33,383.85,2306088
VTI,2026-08-17,383.76,384.05,382.01,382.13,3529814
VTI,2026-08-18,380.1,380.4865,378.9,379.04,3842180
VTI,2026-08-19,380.71,381.67,379.57,379.99,2688145
VTI,2026-08-20,378.5,379.37,376.385,376.58,3428107
VTI,2026-08-21,378.835,379.225,377.415,378.24,2832210
VTI,2026-08-24,377.92,378.0,376.4836,377.07,2966507
VTI,2026-08-25,378.5,378.6,376.895,378.15,2644274
VTI,2026-08-26,377.69,378.9,377.28,378.23,2254684
VTI,2026-08-27,379.5,381.2,378.86,380.63,2913400
VTI,2026-08-28,381.03,382.25,378.875,379.36,2819302
VTI,2026-08-31,378.48,378.575,376.9693,378.15,3186196
VTI,2026-09-01,375.8,376.82,374.15,375.17,3159477
VTI,2026-09-02,375.7,377.53,375.28,376.88,2473735
VTI,2026-09-03,378.5,381.32,378.16,380.93,2566014
VTI,2026-09-04,380.21,380.68,379.13,379.73,2630406
VTI,2026-09-08,379.34,379.57,377.28,377.6,4287409
VTI,2026-09-09,376.84,377.0,375.02,375.56,2552710
VTI,2026-09-10,373.095,374.54,372.7501,373.24,3309185
VTI,2026-09-11,376.51,377.295,375.93,376.31,2651307
VTI,2026-09-14,373.97,376.055,373.28,374.68,3039232
VTI,2026-09-15,374.29,374.67,372.2041,372.84,2829206
VTI,2026-09-16,373.79,374.98,368.93,371.26,3348094
VTI,2026-09-17,375.79,376.22,374.17,375.34,2267007
VTI,2026-09-18,375.94,375.94,373.75,375.43,2291403
VTI,2026-09-21,377.89,381.7699,377.64,381.1,3088147
VTI,2026-09-22,381.71,382.06,380.7806,381.27,2599690
VTI,2026-09-23,381.09,381.24,377.805,378.23,2581335
VTI,2026-09-24,376.36,378.81,376.0297,378.08,2600775
VTI,2026-09-25,378.63,380.33,377.46,379.77,2809714
ITB,2026-07-17,99.765,101.78,97.095,97.33,1891754
ITB,2026-07-20,97.99,97.99,95.065,95.41,1741273
ITB,2026-07-21,95.49,95.55,94.22,94.93,1857335
ITB,2026-07-22,95.63,96.6305,94.54,95.44,1398295
ITB,2026-07-23,94.12,94.73,93.08,94.54,2315236
ITB,2026-07-24,94.83,97.76,94.36,97.09,2013228
ITB,2026-07-27,98.34,99.88,97.57,97.98,1157060
ITB,2026-07-28,99.53,101.145,99.36,100.33,1668184
ITB,2026-07-29,98.475,99.67,96.43,96.58,3746158
ITB,2026-07-30,96.89,97.44,94.5,95.47,1355879
ITB,2026-07-31,95.54,95.54,93.93,94.34,1373264
ITB,2026-08-03,95.69,97.89,95.61,97.01,1779628
ITB,2026-08-04,97.55,99.72,97.115,99.49,2002150
ITB,2026-08-05,99.52,101.265,98.74,100.88,1678269
ITB,2026-08-06,100.78,100.78,98.09,98.47,1512514
ITB,2026-08-07,99.235,101.44,99.0,101.14,1635185
ITB,2026-08-10,100.165,100.31,97.96,98.39,1372959
ITB,2026-08-11,98.81,100.6,98.63,100.5,777510
ITB,2026-08-12,100.76,100.76,97.64,98.17,2009165
ITB,2026-08-13,99.15,100.12,98.57,99.53,1242449
ITB,2026-08-14,99.29,99.63,98.47,98.78,1233819
ITB,2026-08-17,98.38,98.92,96.96,97.84,1173967
ITB,2026-08-18,98.07,98.47,96.23,96.28,1128942
ITB,2026-08-19,98.545,100.91,98.3101,99.26,2398513
ITB,2026-08-20,96.755,97.92,96.16,96.74,1709953
ITB,2026-08-21,97.38,98.11,96.6,97.49,3025969
ITB,2026-08-24,97.96,99.11,97.35,97.81,1299916
ITB,2026-08-25,98.7,98.81,97.125,98.16,1561973
ITB,2026-08-26,97.96,98.58,97.22,97.31,1084241
ITB,2026-08-27,96.98,96.98,95.45,95.63,1887355
ITB,2026-08-28,95.86,97.25,95.38,96.41,1508626
ITB,2026-08-31,95.365,95.665,94.575,94.69,1576391
ITB,2026-09-01,93.9,94.51,92.29,92.36,4072176
ITB,2026-09-02,93.2,93.62,92.46,92.82,1789895
ITB,2026-09-03,93.77,94.94,92.67,93.62,2555873
ITB,2026-09-04,93.17,94.41,92.95,93.91,1312762
ITB,2026-09-08,93.39,93.42,91.05,91.05,1865114
ITB,2026-09-09,90.83,91.44,89.68,90.31,1828450
ITB,2026-09-10,89.05,89.52,87.6,88.22,3009403
ITB,2026-09-11,89.7,90.13,88.42,89.54,1591193
ITB,2026-09-14,88.87,90.51,88.53,90.05,1299474
ITB,2026-09-15,89.27,89.56,88.24,89.12,5085948
ITB,2026-09-16,89.63,90.11,87.49,88.12,2778609
ITB,2026-09-17,89.63,90.51,88.35,88.55,1367932
ITB,2026-09-18,88.13,88.4,87.03,87.41,1053273
ITB,2026-09-21,88.14,88.63,87.045,88.2,1081164
ITB,2026-09-22,89.53,91.26,89.53,91.03,2584371
ITB,2026-09-23,89.95,90.24,88.75,88.79,2768534
ITB,2026-09-24,88.62,89.23,87.6815,88.31,2457826
ITB,2026-09-25,88.4,89.75,87.91,89.43,1827717
XLC,2026-07-17,111.2,111.51,110.31,110.65,7677856
XLC,2026-07-20,110.815,111.66,110.51,110.8,4011947
XLC,2026-07-21,110.53,110.62,109.99,110.03,3945230
XLC,2026-07-22,110.91,111.105,109.16,109.2,3998538
XLC,2026-07-23,106.96,106.96,105.255,105.38,12517737
XLC,2026-07-24,105.295,106.95,105.295,106.3,6151978
XLC,2026-07-27,107.52,108.54,107.44,107.66,6668512
XLC,2026-07-28,108.33,110.03,108.33,109.67,5307809
XLC,2026-07-29,109.51,110.74,108.95,109.51,7120604
XLC,2026-07-30,106.47,106.65,105.4925,106.58,10084230
XLC,2026-07-31,106.825,108.405,106.61,108.24,5024845
XLC,2026-08-03,109.83,112.01,109.79,111.34,7789849
XLC,2026-08-04,110.535,112.275,110.45,112.04,5460971
XLC,2026-08-05,112.895,112.955,109.94,110.87,5777003
XLC,2026-08-06,111.18,111.92,110.8,111.18,3904206
XLC,2026-08-07,110.27,111.685,110.27,111.25,3166292
XLC,2026-08-10,111.24,111.83,110.7,111.83,4257386
XLC,2026-08-11,111.56,112.275,111.11,111.27,3383346
XLC,2026-08-12,111.31,111.4249,109.895,110.27,5534287
XLC,2026-08-13,110.86,112.605,110.825,112.55,5538681
XLC,2026-08-14,112.76,113.5,112.645,112.95,2982838
XLC,2026-08-17,112.505,112.57,110.66,110.82,3690038
XLC,2026-08-18,110.86,111.455,110.44,110.48,3985179
XLC,2026-08-19,110.43,112.16,110.25,111.32,3385807
XLC,2026-08-20,111.19,111.535,110.31,110.68,3599116
XLC,2026-08-21,111.02,112.02,110.77,111.4,5055547
XLC,2026-08-24,111.46,112.81,111.4,112.32,4133544
XLC,2026-08-25,112.41,113.275,112.295,113.18,2708308
XLC,2026-08-26,113.83,114.0,112.465,112.61,3679731
XLC,2026-08-27,112.03,112.37,111.37,111.41,4425760
XLC,2026-08-28,111.87,113.53,111.83,112.99,3743489
XLC,2026-08-31,112.48,112.59,111.25,111.46,3317167
XLC,2026-09-01,110.56,111.63,110.31,110.88,5152002
XLC,2026-09-02,110.93,113.06,110.905,112.42,5123159
XLC,2026-09-03,113.415,114.29,112.84,113.38,3368536
XLC,2026-09-04,113.125,113.29,111.875,112.03,2690245
XLC,2026-09-08,111.59,111.805,110.965,111.52,5661874
XLC,2026-09-09,111.92,111.93,110.53,110.83,4817217
XLC,2026-09-10,110.62,111.895,110.37,111.5,4965615
XLC,2026-09-11,112.34,113.04,112.31,112.6,3982150
XLC,2026-09-14,113.63,115.26,113.58,115.07,4352380
XLC,2026-09-15,114.25,114.66,113.82,114.03,5533428
XLC,2026-09-16,114.22,114.515,112.49,113.0,4396275
XLC,2026-09-17,113.81,113.975,112.205,112.35,4251286
XLC,2026-09-18,112.37,112.4,110.735,110.81,7159148
XLC,2026-09-21,111.62,115.51,111.61,114.75,8394263
XLC,2026-09-22,114.95,115.61,113.44,113.53,7404001
XLC,2026-09-23,113.53,113.54,112.27,112.56,5630138
XLC,2026-09-24,112.515,114.08,112.515,113.99,5488533
XLC,2026-09-25,113.462,113.52,112.54,112.96,4991736
OEF,2026-07-17,365.93,369.16,365.225,366.89,337388
OEF,2026-07-20,368.69,369.99,366.395,366.9,218392
OEF,2026-07-21,368.56,370.0,367.61,369.68,172373
OEF,2026-07-22,368.97,370.52,368.41,368.76,140666
OEF,2026-07-23,363.94,365.25,361.29,363.09,391720
OEF,2026-07-24,363.05,365.7,362.39,363.23,594872
OEF,2026-07-27,366.41,366.78,361.78,363.22,304654
OEF,2026-07-28,363.08,365.41,362.04,364.22,234352
OEF,2026-07-29,363.57,365.46,358.17,358.27,305075
OEF,2026-07-30,361.8,366.05,361.26,365.57,459742
OEF,2026-07-31,366.77,369.72,363.7,369.03,201505
OEF,2026-08-03,370.11,375.43,370.11,374.83,176807
OEF,2026-08-04,375.99,382.85,375.99,381.72,207057
OEF,2026-08-05,384.1,384.82,380.73,380.75,211660
OEF,2026-08-06,381.55,382.64,380.35,381.18,146904
OEF,2026-08-07,382.14,383.69,381.56,383.05,251586
OEF,2026-08-10,382.92,384.11,382.23,383.0,158766
OEF,2026-08-11,384.17,384.17,380.05,380.82,236678
OEF,2026-08-12,382.66,382.66,380.8385,381.33,207784
OEF,2026-08-13,382.55,384.81,382.0,383.8,170822
OEF,2026-08-14,384.07,384.3073,382.155,382.53,192464
OEF,2026-08-17,382.65,382.875,380.37,380.69,153282
OEF,2026-08-18,378.54,379.24,377.83,378.75,198083
OEF,2026-08-19,379.47,381.3,378.57,380.15,249103
OEF,2026-08-20,378.76,379.25,376.2021,376.69,228127
OEF,2026-08-21,377.89,379.18,376.84,377.86,141686
OEF,2026-08-24,377.7,377.99,376.0401,376.87,154790
OEF,2026-08-25,377.98,378.758,376.7,378.15,253243
OEF,2026-08-26,377.47,378.12,376.39,377.34,148609
OEF,2026-08-27,379.03,381.4664,378.04,380.89,280087
OEF,2026-08-28,381.4,384.2,380.375,380.91,234642
OEF,2026-08-31,380.09,380.47,378.69,379.98,186804
OEF,2026-09-01,377.04,379.49,376.4114,377.79,154243
OEF,2026-09-02,378.38,381.01,378.0,380.05,216525
OEF,2026-09-03,381.33,385.05,381.33,384.32,152408
OEF,2026-09-04,384.22,384.65,381.6105,382.19,192746
OEF,2026-09-08,381.75,382.015,379.68,380.53,214217
OEF,2026-09-09,379.49,379.49,377.715,378.94,190826
OEF,2026-09-10,376.72,378.05,376.08,377.2,164343
OEF,2026-09-11,380.52,381.67,380.2,380.35,202794
OEF,2026-09-14,378.01,380.07,377.115,378.78,237273
OEF,2026-09-15,377.56,377.93,375.62,376.32,128402
OEF,2026-09-16,377.69,378.44,372.78,374.83,198970
OEF,2026-09-17,379.75,380.13,378.09,379.65,165066
OEF,2026-09-18,380.48,380.58,378.23,380.03,242788
OEF,2026-09-21,382.68,387.8,382.61,387.14,324741
OEF,2026-09-22,387.32,388.13,386.37,386.93,280132
OEF,2026-09-23,386.96,386.96,382.81,383.62,178020
OEF,2026-09-24,381.43,384.4,381.1801,383.9,223096
OEF,2026-09-25,384.56,386.46,383.31,386.16,205463
XLV,2026-07-17,161.81,164.0,160.88,161.09,9166517
XLV,2026-07-20,161.0,161.485,159.18,159.25,6635282
XLV,2026-07-21,157.53,160.37,157.23,160.25,6594892
XLV,2026-07-22,160.97,160.97,158.945,159.43,5599525
XLV,2026-07-23,159.9,161.61,159.32,161.44,6448150
XLV,2026-07-24,162.47,163.25,161.58,162.57,7647910
XLV,2026-07-27,163.01,164.57,162.35,163.4,8064899
XLV,2026-07-28,165.99,168.53,165.75,167.26,12774751
XLV,2026-07-29,167.15,168.155,165.77,166.24,11658259
XLV,2026-07-30,163.25,163.95,161.86,163.52,12483481
XLV,2026-07-31,162.31,163.23,160.73,162.55,9604930
XLV,2026-08-03,163.63,164.73,161.35,162.24,10986289
XLV,2026-08-04,162.0,162.49,160.97,162.1,15129627
XLV,2026-08-05,163.64,165.345,162.62,164.16,15216002
XLV,2026-08-06,166.14,167.02,163.025,164.45,9435137
XLV,2026-08-07,163.92,165.77,162.915,165.68,7971774
XLV,2026-08-10,165.68,168.5,165.55,168.44,6995859
XLV,2026-08-11,168.28,169.66,167.64,168.01,6680853
XLV,2026-08-12,166.42,168.875,165.76,168.44,7138254
XLV,2026-08-13,169.49,169.71,167.835,168.38,6730130
XLV,2026-08-14,167.66,167.765,166.445,167.37,5023839
XLV,2026-08-17,166.45,167.87,165.86,167.05,7225488
XLV,2026-08-18,168.67,170.3022,168.45,169.73,7529579
XLV,2026-08-19,172.47,176.595,172.29,175.68,16538936
XLV,2026-08-20,174.19,175.19,172.34,172.39,9673447
XLV,2026-08-21,171.91,175.6,171.79,174.62,10172127
XLV,2026-08-24,174.41,174.92,173.33,174.7,5931860
XLV,2026-08-25,174.45,175.82,174.04,175.29,5434823
XLV,2026-08-26,174.325,174.835,173.45,173.54,5619418
XLV,2026-08-27,171.95,173.11,171.43,171.58,7110412
XLV,2026-08-28,171.43,171.71,170.585,171.16,4911716
XLV,2026-08-31,170.25,170.98,169.2,170.54,7317681
XLV,2026-09-01,172.62,173.5252,171.03,171.67,7823534
XLV,2026-09-02,172.09,174.4825,172.09,172.95,7805407
XLV,2026-09-03,174.07,174.16,171.38,173.26,5937010
XLV,2026-09-04,171.39,172.5325,171.235,171.45,6088742
XLV,2026-09-08,168.29,168.75,166.935,167.13,11068966
XLV,2026-09-09,167.31,167.41,166.39,166.58,8019003
XLV,2026-09-10,166.5,167.075,165.58,165.66,7935205
XLV,2026-09-11,166.83,167.13,165.11,165.36,6504835
XLV,2026-09-14,168.01,168.77,167.025,167.75,9416005
XLV,2026-09-15,167.79,168.2,166.1783,167.66,7429016
XLV,2026-09-16,167.75,168.8,167.41,167.77,7160506
XLV,2026-09-17,168.44,169.1,167.76,168.81,5835207
XLV,2026-09-18,168.27,169.06,167.78,168.39,11441807
XLV,2026-09-21,167.315,169.53,166.85,169.01,7618318
XLV,2026-09-22,168.79,170.72,167.86,169.89,7127694
XLV,2026-09-23,169.925,171.02,168.19,168.8,7436596
XLV,2026-09-24,168.85,171.535,168.72,169.87,8877110
XLV,2026-09-25,169.94,170.97,168.67,170.7,6003974
DBA,2026-07-17,27.76,27.845,27.69,27.84,856320
DBA,2026-07-20,27.98,28.08,27.9,28.02,713463
DBA,2026-07-21,28.03,28.16,27.98,28.15,646536
DBA,2026-07-22,28.2,28.3,28.15,28.23,647714
DBA,2026-07-23,28.31,28.34,28.16,28.24,600712
DBA,2026-07-24,28.12,28.36,28.055,28.24,529572
DBA,2026-07-27,27.85,27.92,27.61,27.62,1139752
DBA,2026-07-28,27.63,27.96,27.63,27.84,1035980
DBA,2026-07-29,27.83,27.83,27.49,27.49,601952
DBA,2026-07-30,27.61,27.67,27.46,27.48,1299240
DBA,2026-07-31,27.6,27.6,27.44,27.51,425379
DBA,2026-08-03,27.51,27.81,27.4864,27.79,481895
DBA,2026-08-04,27.55,27.6901,27.48,27.66,741677
DBA,2026-08-05,27.66,27.81,27.515,27.63,2092148
DBA,2026-08-06,27.6,27.6,27.3656,27.43,463914
DBA,2026-08-07,27.48,27.685,27.47,27.62,412516
DBA,2026-08-10,27.69,27.8583,27.675,27.82,357137
DBA,2026-08-11,27.75,27.75,27.5607,27.59,480197
DBA,2026-08-12,27.69,27.915,27.67,27.84,695170
DBA,2026-08-13,27.77,27.8201,27.59,27.62,484452
DBA,2026-08-14,27.65,27.79,27.63,27.77,450823
DBA,2026-08-17,27.86,28.1589,27.85,28.14,867179
DBA,2026-08-18,28.19,28.24,28.005,28.03,1485587
DBA,2026-08-19,28.15,28.4,28.15,28.29,740789
DBA,2026-08-20,28.4,28.475,28.33,28.38,1363313
DBA,2026-08-21,28.36,28.36,28.14,28.32,1068010
DBA,2026-08-24,28.33,28.335,28.165,28.3,968070
DBA,2026-08-25,28.03,28.3,27.97,28.28,1066152
DBA,2026-08-26,28.28,28.66,28.28,28.59,1946853
DBA,2026-08-27,28.63,28.915,28.59,28.82,2506605
DBA,2026-08-28,29.01,29.2,28.96,29.19,3341939
DBA,2026-08-31,29.09,29.36,29.04,29.32,2299511
DBA,2026-09-01,29.28,29.52,29.23,29.49,3565636
DBA,2026-09-02,29.12,29.4376,29.12,29.27,3172366
DBA,2026-09-03,28.85,29.13,28.765,29.09,1619970
DBA,2026-09-04,29.04,29.08,28.85,28.85,989741
DBA,2026-09-08,28.91,29.13,28.89,29.13,955592
DBA,2026-09-09,29.21,29.21,28.9701,29.0,1539903
DBA,2026-09-10,29.1,29.32,28.99,29.32,1352624
DBA,2026-09-11,29.2,29.2,28.83,28.93,1330669
DBA,2026-09-14,28.95,29.06,28.865,28.96,1422158
DBA,2026-09-15,28.85,28.97,28.825,28.88,2588949
DBA,2026-09-16,28.91,28.975,28.7101,28.82,1160589
DBA,2026-09-17,28.66,28.715,28.42,28.42,2039008
DBA,2026-09-18,28.39,28.39,28.12,28.15,1057441
DBA,2026-09-21,28.38,28.68,28.38,28.68,1546903
DBA,2026-09-22,28.66,28.6999,28.535,28.55,770183
DBA,2026-09-23,28.57,28.585,28.465,28.55,530074
DBA,2026-09-24,28.56,28.6,28.465,28.55,883569
DBA,2026-09-25,28.27,28.54,28.22,28.54,989720
RING,2026-07-17,60.36,61.5875,59.86,60.92,1081779
RING,2026-07-20,60.87,61.33,60.39,60.57,277723
RING,2026-07-21,62.14,63.62,61.87,63.6,194250
RING,2026-07-22,65.18,66.96,65.18,65.8,4938900
RING,2026-07-23,64.02,64.76,63.51,64.49,844708
RING,2026-07-24,64.68,65.5899,64.09,64.49,169754
RING,2026-07-27,65.51,65.6,63.91,65.05,430806
RING,2026-07-28,64.31,64.5199,63.04,63.81,1729879
RING,2026-07-29,63.6,65.1,61.88,63.44,2401270
RING,2026-07-30,64.4,65.88,63.87,65.79,546243
RING,2026-07-31,64.34,64.7,62.65,63.77,488345
RING,2026-08-03,63.75,65.65,63.51,65.62,268634
RING,2026-08-04,67.0,67.9,66.4,66.9,222736
RING,2026-08-05,70.48,72.765,70.48,72.19,1855488
RING,2026-08-06,71.36,72.91,71.06,72.38,246391
RING,2026-08-07,77.0,78.2999,76.74,78.02,382636
RING,2026-08-10,77.48,78.64,75.81,78.38,268897
RING,2026-08-11,77.82,78.795,77.5,78.13,285703
RING,2026-08-12,80.53,80.53,78.71,79.09,818965
RING,2026-08-13,77.89,77.89,75.9,76.64,2537652
RING,2026-08-14,77.83,79.34,77.81,78.46,189028
RING,2026-08-17,79.28,80.98,78.92,80.28,849998
RING,2026-08-18,79.07,79.7925,77.67,77.7,1405398
RING,2026-08-19,81.79,85.37,81.79,85.1,417481
RING,2026-08-20,84.3011,87.81,84.3011,87.72,1259533
RING,2026-08-21,90.3,91.12,89.65,90.85,1231007
RING,2026-08-24,91.58,92.22,89.6,91.24,1065342
RING,2026-08-25,90.02,93.26,89.71,93.17,514578
RING,2026-08-26,91.42,91.9,90.19,90.35,449837
RING,2026-08-27,89.96,91.37,89.28,91.0,768424
RING,2026-08-28,91.39,91.64,86.67,87.46,716883
RING,2026-08-31,87.28,87.54,85.05,86.52,437769
RING,2026-09-01,83.46,86.08,82.96,83.12,921532
RING,2026-09-02,84.88,86.5999,84.34,85.52,2756229
RING,2026-09-03,88.27,89.27,86.87,89.09,664746
RING,2026-09-04,86.9,88.175,86.4,87.4,1122834
RING,2026-09-08,86.9,88.02,85.33,86.4,231024
RING,2026-09-09,88.08,89.08,86.81,87.27,304157
RING,2026-09-10,84.83,85.68,84.0,84.56,398048
RING,2026-09-11,86.57,87.13,84.885,85.47,675252
RING,2026-09-14,82.8,83.69,81.725,82.92,624266
RING,2026-09-15,83.15,83.28,81.5,82.62,870516
RING,2026-09-16,84.48,84.48,80.39,81.58,1706681
RING,2026-09-17,84.35,85.12,83.23,84.35,799018
RING,2026-09-18,84.31,84.5053,82.88,84.09,533078
RING,2026-09-21,84.16,84.27,82.2739,83.06,513499
RING,2026-09-22,82.9,86.26,82.9,85.84,308307
RING,2026-09-23,83.36,83.36,81.36,81.9,399165
RING,2026-09-24,81.27,81.27,79.415,80.59,329005
RING,2026-09-25,81.03,81.58,80.0,81.35,155589
IBB,2026-07-17,187.65,191.38,187.15,189.76,2145783
IBB,2026-07-20,189.8,191.18,186.4745,186.53,1541176
IBB,2026-07-21,186.24,189.39,185.59,189.31,1245857
IBB,2026-07-22,188.362,189.8,187.0,187.0,817355
IBB,2026-07-23,186.23,189.52,185.26,188.98,1291316
IBB,2026-07-24,189.97,190.39,187.95,188.14,1695462
IBB,2026-07-27,189.21,191.37,188.29,188.33,933201
IBB,2026-07-28,190.03,190.93,188.8231,190.52,1060772
IBB,2026-07-29,190.4,191.42,188.33,188.53,1381248
IBB,2026-07-30,186.485,190.18,185.7471,189.96,1846938
IBB,2026-07-31,189.14,189.29,184.78,186.41,1609658
IBB,2026-08-03,186.46,187.1,184.25,185.91,1361214
IBB,2026-08-04,187.41,190.2,186.025,190.15,1146518
IBB,2026-08-05,191.88,194.13,190.87,191.8,1155349
IBB,2026-08-06,193.7,195.07,191.35,192.97,1998357
IBB,2026-08-07,196.15,197.88,194.72,197.71,1526432
IBB,2026-08-10,198.27,200.49,197.91,200.02,1900319
IBB,2026-08-11,200.08,201.26,199.15,199.74,1647622
IBB,2026-08-12,199.14,201.56,198.065,200.72,1779815
IBB,2026-08-13,201.22,201.72,198.73,198.94,1298326
IBB,2026-08-14,198.15,198.28,195.67,198.26,583570
IBB,2026-08-17,198.29,202.0,197.985,201.93,1104690
IBB,2026-08-18,201.93,204.07,201.29,203.56,1535199
IBB,2026-08-19,210.395,217.06,209.77,216.96,2402243
IBB,2026-08-20,213.13,214.335,210.31,210.83,2785476
IBB,2026-08-21,211.55,215.605,211.06,213.56,2681590
IBB,2026-08-24,212.695,213.46,210.09,212.53,1243665
IBB,2026-08-25,213.4,217.12,213.22,216.4,1466169
IBB,2026-08-26,215.43,216.07,214.03,215.23,1390739
IBB,2026-08-27,213.87,215.52,213.3,214.8,1271815
IBB,2026-08-28,213.095,213.89,208.54,208.95,1420700
IBB,2026-08-31,207.24,209.84,206.01,209.05,1222364
IBB,2026-09-01,208.74,211.24,208.4701,210.82,1567001
IBB,2026-09-02,211.935,215.31,210.77,213.8,1634662
IBB,2026-09-03,214.7,214.94,211.49,213.81,1614595
IBB,2026-09-04,211.58,213.225,211.1773,211.92,710162
IBB,2026-09-08,209.04,209.41,205.23,207.33,1804170
IBB,2026-09-09,206.57,207.85,205.2001,205.49,1115155
IBB,2026-09-10,203.59,204.66,201.924,202.64,1894455
IBB,2026-09-11,203.94,205.31,202.75,202.93,2286307
IBB,2026-09-14,203.7,205.7,202.57,204.6,1329866
IBB,2026-09-15,203.82,204.18,200.52,202.0,1917363
IBB,2026-09-16,202.49,204.1599,200.98,202.4,1098798
IBB,2026-09-17,205.27,207.52,204.81,207.07,1313496
IBB,2026-09-18,207.04,207.475,204.25,204.56,1355070
IBB,2026-09-21,205.71,208.09,204.24,207.16,1720482
IBB,2026-09-22,207.74,211.643,207.2,210.81,1521920
IBB,2026-09-23,211.23,211.83,205.655,206.6,1836578
IBB,2026-09-24,206.0,209.52,205.63,209.25,1595419
IBB,2026-09-25,209.75,210.25,207.62,209.77,1276978
AIA,2026-07-17,127.71,132.05,126.79,130.08,798302
AIA,2026-07-20,132.46,133.62,131.525,131.84,356729
AIA,2026-07-21,135.43,136.68,134.7701,136.325,149348
AIA,2026-07-22,134.23,135.86,134.23,135.34,248386
AIA,2026-07-23,134.47,135.67,133.07,134.62,113948
AIA,2026-07-24,132.86,133.01,130.89,131.15,1035868
AIA,2026-07-27,133.05,133.12,129.23,130.94,282065
AIA,2026-07-28,127.02,128.95,125.885,127.72,439058
AIA,2026-07-29,126.43,129.03,124.115,124.89,289074
AIA,2026-07-30,128.43,131.89,128.16,131.64,1211050
AIA,2026-07-31,135.95,136.14,132.04,133.46,1351223
AIA,2026-08-03,131.74,134.32,130.98,133.99,689512
AIA,2026-08-04,135.17,137.97,135.0,137.58,491376
AIA,2026-08-05,136.64,137.42,135.8,136.0,188462
AIA,2026-08-06,132.85,135.24,132.28,134.18,137727
AIA,2026-08-07,135.86,135.86,133.57,135.24,60154
AIA,2026-08-10,134.53,135.0,133.97,134.57,179891
AIA,2026-08-11,136.08,136.55,135.445,135.9,147462
AIA,2026-08-12,138.79,138.79,137.72,138.36,89424
AIA,2026-08-13,138.16,140.26,138.13,139.1,1006703
AIA,2026-08-14,139.21,140.07,138.32,138.92,187729
AIA,2026-08-17,140.34,142.105,140.34,140.66,194932
AIA,2026-08-18,136.7,137.4599,134.76,135.21,509539
AIA,2026-08-19,137.93,138.11,136.32,137.13,114125
AIA,2026-08-20,137.03,138.32,136.825,138.03,963961
AIA,2026-08-21,140.24,140.355,138.625,138.77,439514
AIA,2026-08-24,137.1,137.1,135.21,136.085,106708
AIA,2026-08-25,138.01,138.53,137.445,138.45,106913
AIA,2026-08-26,138.84,139.27,138.4,138.66,652437
AIA,2026-08-27,139.62,139.65,138.36,139.38,165802
AIA,2026-08-28,139.64,140.59,138.19,138.58,2076681
AIA,2026-08-31,139.12,139.63,138.18,138.65,61249
AIA,2026-09-01,138.9,139.84,137.9,138.55,84534
AIA,2026-09-02,137.86,138.63,137.86,138.6,468181
AIA,2026-09-03,138.3,139.52,137.245,139.36,897375
AIA,2026-09-04,140.74,143.74,140.74,143.74,1000995
AIA,2026-09-08,144.02,144.78,143.7,144.09,389026
AIA,2026-09-09,143.25,143.91,142.32,142.87,55832
AIA,2026-09-10,140.47,140.6054,139.25,139.41,93394
AIA,2026-09-11,141.59,141.96,141.12,141.43,68302
AIA,2026-09-14,137.07,138.31,136.41,137.26,239532
AIA,2026-09-15,138.0,138.0,136.78,137.11,49000
AIA,2026-09-16,138.89,139.15,136.3,137.18,242277
AIA,2026-09-17,139.87,140.795,139.75,140.315,292006
AIA,2026-09-18,139.83,140.58,139.45,140.55,62952
AIA,2026-09-21,144.73,146.1,144.19,145.98,111815
AIA,2026-09-22,145.4,147.405,145.4,147.04,354131
AIA,2026-09-23,145.51,145.52,143.21,143.75,83083
AIA,2026-09-24,144.08,144.08,142.49,143.11,67735
AIA,2026-09-25,144.49,145.3385,143.69,144.645,392870
URA,2026-07-17,38.23,39.31,37.73,38.73,2592396
URA,2026-07-20,38.795,39.04,38.41,38.67,2187157
URA,2026-07-21,39.18,40.27,39.11,40.25,4177890
URA,2026-07-22,40.75,41.53,40.69,40.97,3014070
URA,2026-07-23,40.88,41.46,40.48,41.13,2968490
URA,2026-07-24,40.92,41.102,39.56,39.89,2717334
URA,2026-07-27,40.425,41.165,39.59,40.32,2923368
URA,2026-07-28,39.38,39.4,37.875,38.95,3197576
URA,2026-07-29,38.495,38.85,37.18,37.52,3327299
URA,2026-07-30,38.38,39.83,38.25,39.72,2823537
URA,2026-07-31,40.4,40.45,38.48,39.07,3556026
URA,2026-08-03,39.29,40.98,38.965,40.81,2782718
URA,2026-08-04,41.66,43.03,41.55,42.49,5838884
URA,2026-08-05,43.22,43.32,42.56,42.89,6029242
URA,2026-08-06,42.829,43.835,42.29,43.2,2337228
URA,2026-08-07,44.24,45.12,43.73,44.91,3680584
URA,2026-08-10,44.93,45.04,44.22,44.38,3099129
URA,2026-08-11,44.81,45.49,44.68,45.17,2851050
URA,2026-08-12,45.9,45.98,45.06,45.2,1671467
URA,2026-08-13,45.4,45.745,44.8201,45.25,3225396
URA,2026-08-14,45.3,45.94,44.7901,44.93,1693083
URA,2026-08-17,45.03,46.0,44.59,45.25,2008880
URA,2026-08-18,44.24,44.8,43.1601,43.62,2962246
URA,2026-08-19,44.33,45.03,43.97,45.01,2319256
URA,2026-08-20,44.31,44.615,43.29,43.84,3012842
URA,2026-08-21,44.65,46.19,44.6,46.07,4157954
URA,2026-08-24,46.1,46.39,45.2,45.69,2655367
URA,2026-08-25,46.61,48.48,46.34,48.14,4240901
URA,2026-08-26,48.5,50.09,47.85,48.05,5982345
URA,2026-08-27,48.26,48.6,47.66,48.37,3482960
URA,2026-08-28,48.35,48.55,45.4805,45.57,6306927
URA,2026-08-31,45.61,45.85,45.265,45.51,2039020
URA,2026-09-01,44.27,44.63,43.55,43.94,2895060
URA,2026-09-02,44.0,44.84,43.5737,44.32,5299769
URA,2026-09-03,45.31,45.98,45.19,45.7,2526116
URA,2026-09-04,45.32,46.12,45.132,46.06,2655583
URA,2026-09-08,46.9,48.32,46.65,47.5,4669368
URA,2026-09-09,47.18,47.76,46.6,46.86,2162286
URA,2026-09-10,45.59,46.0,44.85,45.0,2822911
URA,2026-09-11,45.13,45.27,43.525,43.53,2865294
URA,2026-09-14,42.245,42.62,41.64,42.19,4206725
URA,2026-09-15,42.26,42.48,41.485,41.77,2997902
URA,2026-09-16,42.08,42.38,40.71,41.37,2857942
URA,2026-09-17,42.41,43.0,42.17,42.68,3276502
URA,2026-09-18,42.76,43.1,41.5449,41.65,4291393
URA,2026-09-21,42.838,43.43,42.51,42.98,3739717
URA,2026-09-22,43.445,43.905,42.77,43.74,1909512
URA,2026-09-23,42.82,42.996,41.96,41.99,1984228
URA,2026-09-24,41.65,41.72,40.68,40.86,2288425
URA,2026-09-25,41.05,41.37,40.65,40.91,2081315
DBC,2026-07-17,28.74,29.02,28.7201,28.98,4318854
DBC,2026-07-20,28.99,29.22,28.925,29.14,808959
DBC,2026-07-21,29.45,29.6,29.43,29.57,924817
DBC,2026-07-22,29.86,29.96,29.79,29.86,1198444
DBC,2026-07-23,30.28,30.5695,30.28,30.31,1267978
DBC,2026-07-24,30.08,30.15,29.87,30.1,817489
DBC,2026-07-27,29.43,29.43,29.005,29.01,820904
DBC,2026-07-28,28.88,28.915,28.46,28.6,533166
DBC,2026-07-29,29.25,29.5,29.22,29.42,1143571
DBC,2026-07-30,29.3,29.395,29.24,29.32,641051
DBC,2026-07-31,29.54,29.555,29.29,29.45,1294119
DBC,2026-08-03,29.35,29.35,28.6,28.88,1391316
DBC,2026-08-04,28.43,28.475,28.2,28.31,1680580
DBC,2026-08-05,28.49,28.5599,28.32,28.48,632164
DBC,2026-08-06,28.65,28.93,28.61,28.86,788990
DBC,2026-08-07,28.87,29.145,28.87,28.91,1114546
DBC,2026-08-10,29.485,29.965,29.41,29.93,1200056
DBC,2026-08-11,29.71,29.995,29.71,29.97,314772
DBC,2026-08-12,29.96,30.13,29.9317,30.11,1079072
DBC,2026-08-13,29.86,29.97,29.635,29.78,317808
DBC,2026-08-14,29.81,30.03,29.735,30.0,166377
DBC,2026-08-17,30.14,30.6,30.14,30.56,660499
DBC,2026-08-18,30.57,30.635,30.48,30.48,535723
DBC,2026-08-19,30.65,30.91,30.65,30.76,352902
DBC,2026-08-20,31.0,31.125,30.95,31.11,408604
DBC,2026-08-21,31.32,31.3696,31.185,31.26,466902
DBC,2026-08-24,31.18,31.2254,30.89,30.94,2853622
DBC,2026-08-25,30.42,30.645,30.42,30.43,540016
DBC,2026-08-26,30.33,30.715,30.27,30.5,918122
DBC,2026-08-27,30.59,30.95,30.5399,30.86,308429
DBC,2026-08-28,30.94,30.94,30.69,30.79,939846
DBC,2026-08-31,31.15,31.32,31.04,31.3,579676
DBC,2026-09-01,31.57,31.965,31.45,31.93,2540306
DBC,2026-09-02,31.77,32.01,31.725,31.93,1090391
DBC,2026-09-03,31.8,32.1257,31.8,31.96,396525
DBC,2026-09-04,31.74,31.96,31.5,31.9,835081
DBC,2026-09-08,32.27,32.42,32.135,32.4,700627
DBC,2026-09-09,32.81,32.88,32.675,32.85,578759
DBC,2026-09-10,33.19,33.625,33.06,33.62,1023202
DBC,2026-09-11,33.11,33.23,32.99,33.16,576993
DBC,2026-09-14,33.49,33.6,33.015,33.15,1309599
DBC,2026-09-15,33.36,33.7801,33.36,33.68,827150
DBC,2026-09-16,33.65,33.65,33.085,33.16,994873
DBC,2026-09-17,32.95,33.215,32.95,33.05,556740
DBC,2026-09-18,33.21,33.21,32.85,32.93,985213
DBC,2026-09-21,32.63,32.69,32.42,32.58,582152
DBC,2026-09-22,32.36,32.68,32.325,32.44,595848
DBC,2026-09-23,32.59,32.92,32.55,32.88,640771
DBC,2026-09-24,32.97,33.425,32.88,33.18,804741
DBC,2026-09-25,32.73,32.925,32.4742,32.62,732845
RSP,2026-07-17,214.36,215.9489,213.0505,213.37,12176218
RSP,2026-07-20,213.87,214.0,212.11,212.42,6432982
RSP,2026-07-21,212.57,213.15,211.79,212.76,6363373
RSP,2026-07-22,213.03,213.94,212.37,212.7,4234970
RSP,2026-07-23,212.1,212.94,211.27,211.92,7189692
RSP,2026-07-24,212.37,214.47,212.23,213.57,7269080
RSP,2026-07-27,214.8,215.84,214.46,215.18,6002343
RSP,2026-07-28,216.165,218.05,215.99,217.69,12864221
RSP,2026-07-29,217.2,218.11,215.55,215.73,12995794
RSP,2026-07-30,215.83,215.95,213.055,215.38,13366334
RSP,2026-07-31,215.415,215.63,213.55,215.01,9729802
RSP,2026-08-03,215.87,217.27,215.87,217.11,8530330
RSP,2026-08-04,217.57,220.445,216.92,220.23,9185240
RSP,2026-08-05,220.82,221.0902,219.235,219.73,8105852
RSP,2026-08-06,220.16,220.16,218.202,218.58,5486021
RSP,2026-08-07,219.025,220.365,218.41,220.09,6233745
RSP,2026-08-10,220.28,220.415,219.41,220.22,6332911
RSP,2026-08-11,219.97,221.23,219.9091,220.69,7213725
RSP,2026-08-12,220.95,221.365,219.87,221.08,4791378
RSP,2026-08-13,221.77,222.91,221.49,222.73,6406892
RSP,2026-08-14,222.925,222.96,222.33,222.77,3810066
RSP,2026-08-17,222.07,222.21,220.73,220.79,5091454
RSP,2026-08-18,220.86,221.4272,219.71,219.79,5623726
RSP,2026-08-19,221.61,223.435,221.45,222.07,7591554
RSP,2026-08-20,220.74,222.095,220.19,220.28,5566979
RSP,2026-08-21,221.3,222.14,221.02,221.67,5221594
RSP,2026-08-24,221.75,222.32,221.255,221.93,4823589
RSP,2026-08-25,222.235,222.28,221.24,221.77,5600513
RSP,2026-08-26,221.31,222.715,221.24,222.11,4614976
RSP,2026-08-27,221.56,222.11,221.24,221.45,5198249
RSP,2026-08-28,221.835,222.14,220.3077,220.69,5413268
RSP,2026-08-31,219.77,220.0,219.1498,219.39,6094700
RSP,2026-09-01,218.87,219.44,217.2,217.59,6901275
RSP,2026-09-02,217.73,219.13,217.64,218.6,5989762
RSP,2026-09-03,219.57,220.28,218.42,220.05,5446057
RSP,2026-09-04,218.81,219.77,218.51,219.0,4443046
RSP,2026-09-08,218.12,218.4,216.625,216.73,6505076
RSP,2026-09-09,216.14,216.42,214.61,214.64,7038756
RSP,2026-09-10,213.81,214.44,213.025,213.17,8031732
RSP,2026-09-11,214.985,215.33,214.34,214.87,5319043
RSP,2026-09-14,214.65,215.78,214.31,215.01,6731195
RSP,2026-09-15,214.7,214.85,213.625,213.96,7113670
RSP,2026-09-16,214.19,214.51,210.96,212.28,8047378
RSP,2026-09-17,214.12,214.2799,212.9499,213.31,5238224
RSP,2026-09-18,212.84,212.98,211.655,212.29,6024730
RSP,2026-09-21,212.6,213.195,211.61,212.68,5654089
RSP,2026-09-22,213.56,213.87,212.31,212.8,6543359
RSP,2026-09-23,212.27,212.54,211.23,211.31,5964786
RSP,2026-09-24,211.07,211.47,209.81,210.26,7710463
RSP,2026-09-25,210.66,211.52,209.885,211.11,5651682
KEMQ,2026-07-17,24.77,25.08,24.77,24.9597,4127
KEMQ,2026-07-20,25.06,25.245,25.04,25.04,3327
KEMQ,2026-07-21,25.38,25.38,25.26,25.3287,4868
KEMQ,2026-07-22,25.14,25.1513,25.14,25.1513,1061
KEMQ,2026-07-23,24.92,24.92,24.795,24.848,1069
KEMQ,2026-07-24,24.67,24.6701,24.45,24.45,2636
KEMQ,2026-07-27,24.91,24.98,24.61,24.944,48692
KEMQ,2026-07-28,24.56,24.7613,24.56,24.7468,2538
KEMQ,2026-07-29,24.52,24.7,24.52,24.5859,1290
KEMQ,2026-07-30,24.91,25.25,24.91,25.25,1926
KEMQ,2026-07-31,25.28,25.34,25.25,25.34,1892
KEMQ,2026-08-03,25.41,25.77,25.41,25.72,4904
KEMQ,2026-08-04,26.28,26.52,26.28,26.52,3241
KEMQ,2026-08-05,26.38,26.38,26.2611,26.2611,345
KEMQ,2026-08-06,26.0,26.025,25.98,26.0,2867
KEMQ,2026-08-07,26.125,26.16,26.0658,26.16,1385
KEMQ,2026-08-10,26.29,26.4192,26.29,26.4192,1088
KEMQ,2026-08-11,26.35,26.52,26.35,26.4055,6183
KEMQ,2026-08-12,26.381,26.381,26.381,26.381,73
KEMQ,2026-08-13,26.4,26.4,26.28,26.28,17260
KEMQ,2026-08-14,26.3419,26.415,26.2109,26.2109,4183
KEMQ,2026-08-17,26.34,26.34,26.2,26.33,1939
KEMQ,2026-08-18,25.6,25.71,25.47,25.47,1710
KEMQ,2026-08-19,25.89,25.9142,25.86,25.9142,2979
KEMQ,2026-08-20,25.76,25.8722,25.74,25.8722,3020
KEMQ,2026-08-21,25.97,26.1099,25.9293,25.9293,2960
KEMQ,2026-08-24,25.62,25.67,25.57,25.57,1703
KEMQ,2026-08-25,25.76,26.0313,25.76,26.0313,168
KEMQ,2026-08-26,25.88,25.9143,25.88,25.8976,1865
KEMQ,2026-08-27,25.89,25.89,25.78,25.8708,3665
KEMQ,2026-08-28,26.09,26.09,25.95,25.9559,309
KEMQ,2026-08-31,25.78,25.78,25.75,25.7565,647
KEMQ,2026-09-01,25.61,25.75,25.54,25.6135,4400
KEMQ,2026-09-02,25.7362,25.7362,25.7362,25.7362,35
KEMQ,2026-09-03,25.4,25.574,25.4,25.574,1351
KEMQ,2026-09-04,25.66,25.8559,25.66,25.8559,2284
KEMQ,2026-09-08,25.695,25.715,25.6678,25.6678,660
KEMQ,2026-09-09,25.4518,25.4518,25.415,25.415,530
KEMQ,2026-09-10,25.132,25.132,25.132,25.132,27
KEMQ,2026-09-11,25.4132,25.4132,25.363,25.363,220
KEMQ,2026-09-14,25.0631,25.0631,25.0631,25.0631,166
KEMQ,2026-09-15,24.86,24.91,24.86,24.8815,1421
KEMQ,2026-09-16,24.73,24.8217,24.73,24.8217,451
KEMQ,2026-09-17,25.202,25.202,25.202,25.202,43
KEMQ,2026-09-18,25.4234,25.4234,25.4234,25.4234,142
KEMQ,2026-09-21,25.8837,25.8837,25.8837,25.8837,80
KEMQ,2026-09-22,26.0171,26.0171,26.0171,26.0171,59
KEMQ,2026-09-23,25.43,25.43,25.4015,25.4015,587
KEMQ,2026-09-24,25.14,25.14,25.0299,25.0299,413
KEMQ,2026-09-25,25.0692,25.0692,25.0692,25.0692,91
CHAT,2026-07-17,80.0,83.3,78.615,81.94,769912
CHAT,2026-07-20,82.87,83.83,81.96,82.09,354250
CHAT,2026-07-21,85.27,87.04,85.065,86.69,374644
CHAT,2026-07-22,85.69,88.17,85.69,87.29,195766
CHAT,2026-07-23,86.35,87.76,85.6,86.67,329477
CHAT,2026-07-24,85.6,85.845,82.72,82.86,660757
CHAT,2026-07-27,84.31,84.4,80.6,82.15,965985
CHAT,2026-07-28,78.42,78.76,75.91,78.19,1333357
CHAT,2026-07-29,77.41,78.06,74.31,74.58,1342641
CHAT,2026-07-30,77.67,80.41,77.47,80.18,975520
CHAT,2026-07-31,84.26,84.95,81.075,81.96,763027
CHAT,2026-08-03,81.3,85.72,80.46,85.3,795705
CHAT,2026-08-04,87.835,90.78,87.64,90.08,792817
CHAT,2026-08-05,90.26,91.27,89.11,89.11,331006
CHAT,2026-08-06,86.78,89.65,86.17,87.99,450639
CHAT,2026-08-07,89.56,89.82,87.39,89.11,237154
CHAT,2026-08-10,89.28,89.67,87.8386,87.88,253611
CHAT,2026-08-11,88.79,88.81,87.615,88.32,378147
CHAT,2026-08-12,92.08,92.94,91.38,92.69,380511
CHAT,2026-08-13,92.7,95.2794,92.7,93.61,369769
CHAT,2026-08-14,93.8,94.38,92.75,93.52,227354
CHAT,2026-08-17,94.81,95.545,94.05,94.4,317139
CHAT,2026-08-18,91.09,91.605,88.49,89.0,452452
CHAT,2026-08-19,89.79,89.96,86.66,87.77,311132
CHAT,2026-08-20,87.66,88.3199,86.905,87.8,381003
CHAT,2026-08-21,89.03,89.18,87.5101,88.0,145082
CHAT,2026-08-24,86.2,86.29,84.4,85.58,303371
CHAT,2026-08-25,86.91,87.68,86.56,87.22,205965
CHAT,2026-08-26,86.8,87.79,86.71,87.51,121808
CHAT,2026-08-27,89.57,89.7637,88.525,89.49,379871
CHAT,2026-08-28,88.55,88.91,86.92,87.04,347976
CHAT,2026-08-31,87.39,87.69,86.84,87.41,144355
CHAT,2026-09-01,85.81,86.235,84.72,85.3,193357
CHAT,2026-09-02,85.19,85.63,84.58,85.51,147548
CHAT,2026-09-03,85.53,86.99,84.62,86.84,151916
CHAT,2026-09-04,87.78,89.67,87.67,89.56,244430
CHAT,2026-09-08,90.57,91.76,90.1005,90.87,442606
CHAT,2026-09-09,90.65,91.87,90.52,90.69,370591
CHAT,2026-09-10,88.43,89.249,87.925,87.97,181089
CHAT,2026-09-11,89.06,89.67,88.74,89.13,226909
CHAT,2026-09-14,84.85,85.9799,84.36,85.14,475632
CHAT,2026-09-15,85.6,86.155,84.9,85.1,216875
CHAT,2026-09-16,86.18,87.3946,85.13,86.15,223844
CHAT,2026-09-17,88.25,88.77,88.0101,88.38,165674
CHAT,2026-09-18,89.28,89.945,88.5835,89.82,281701
CHAT,2026-09-21,91.23,93.97,91.2,93.59,555974
CHAT,2026-09-22,92.67,94.43,92.67,94.31,429862
CHAT,2026-09-23,93.55,93.66,91.995,92.51,235336
CHAT,2026-09-24,91.1,92.79,91.02,92.26,115875
CHAT,2026-09-25,93.06,93.515,92.25,92.98,162993
QQQ,2026-07-17,691.65,702.3,686.76,695.33,54109267
QQQ,2026-07-20,702.16,705.8,695.51,696.06,29687558
QQQ,2026-07-21,706.57,710.05,702.8,708.97,33728341
QQQ,2026-07-22,703.62,709.65,703.62,705.35,23692181
QQQ,2026-07-23,694.67,698.66,687.79,691.96,44028575
QQQ,2026-07-24,690.41,692.63,682.48,684.23,42876658
QQQ,2026-07-27,691.68,692.3,675.945,682.12,42681473
QQQ,2026-07-28,676.23,679.4,667.88,675.49,51398741
QQQ,2026-07-29,675.505,680.05,661.14,661.73,57233269
QQQ,2026-07-30,674.76,685.12,673.3,683.55,66753681
QQQ,2026-07-31,692.11,695.77,680.0512,687.99,50540483
QQQ,2026-08-03,688.3,701.59,685.82,700.07,44965071
QQQ,2026-08-04,708.16,725.66,707.53,723.85,59778624
QQQ,2026-08-05,726.25,728.54,716.92,717.3,33540176
QQQ,2026-08-06,710.82,719.32,708.5,714.65,33035860
QQQ,2026-08-07,720.15,723.63,716.51,723.03,31070371
QQQ,2026-08-10,722.39,724.67,720.33,720.87,26243183
QQQ,2026-08-11,723.29,723.35,715.5,718.45,29286144
QQQ,2026-08-12,727.08,727.25,722.92,723.7,29065976
QQQ,2026-08-13,725.15,733.96,724.03,732.07,31599737
QQQ,2026-08-14,733.41,734.39,728.32,731.07,23790607
QQQ,2026-08-17,732.95,734.58,729.27,729.87,26452580
QQQ,2026-08-18,720.21,722.13,715.92,717.51,48997172
QQQ,2026-08-19,720.39,721.4999,712.61,716.08,35801712
QQQ,2026-08-20,712.09,714.94,708.52,710.93,33396416
QQQ,2026-08-21,715.23,715.6738,709.2,713.44,33399407
QQQ,2026-08-24,709.66,709.79,702.7,706.32,37443142
QQQ,2026-08-25,711.22,714.04,707.45,710.72,23869646
QQQ,2026-08-26,708.41,713.02,707.97,711.37,20392390
QQQ,2026-08-27,716.93,721.35,714.525,721.11,28723451
QQQ,2026-08-28,719.74,724.125,715.085,716.43,34105374
QQQ,2026-08-31,715.17,717.58,713.16,716.76,32237181
QQQ,2026-09-01,707.39,712.3,704.66,707.64,35236116
QQQ,2026-09-02,707.1,709.7988,705.1,709.24,23476207
QQQ,2026-09-03,710.85,718.915,709.69,717.67,29449781
QQQ,2026-09-04,719.345,721.86,716.56,718.96,32871076
QQQ,2026-09-08,720.909,721.886,715.57,718.36,28341416
QQQ,2026-09-09,716.4,719.7,714.02,716.31,26763377
QQQ,2026-09-10,707.55,712.06,706.855,708.69,31414409
QQQ,2026-09-11,715.68,717.63,713.63,714.88,26649142
QQQ,2026-09-14,703.325,712.95,702.74,709.18,35218978
QQQ,2026-09-15,708.8,709.5299,703.635,704.54,26631661
QQQ,2026-09-16,708.0,711.88,700.0,704.72,35687958
QQQ,2026-09-17,715.95,718.0401,713.32,716.92,37270287
QQQ,2026-09-18,718.83,721.73,715.08,721.45,48478713
QQQ,2026-09-21,727.89,743.22,727.81,741.47,46730629
QQQ,2026-09-22,740.98,748.349,740.93,747.46,40128841
QQQ,2026-09-23,746.97,747.13,738.191,741.21,33191777
QQQ,2026-09-24,735.289,742.66,734.62,741.1,29000901
QQQ,2026-09-25,742.83,745.915,739.64,744.5,30283770
SMH,2026-07-17,547.935,567.41,536.81,556.53,22083883
SMH,2026-07-20,568.78,572.77,557.24,558.83,6962563
SMH,2026-07-21,580.96,586.0,572.05,584.08,7129768
SMH,2026-07-22,571.352,592.01,571.352,586.91,5249661
SMH,2026-07-23,577.2,586.89,573.9994,580.17,7963219
SMH,2026-07-24,574.43,578.52,556.49,561.19,19156403
SMH,2026-07-27,565.94,567.62,535.31,548.55,38682157
SMH,2026-07-28,531.65,535.94,518.25,529.6,18429041
SMH,2026-07-29,525.99,532.17,503.63,504.22,19440901
SMH,2026-07-30,529.858,544.64,524.56,538.9,14175001
SMH,2026-07-31,557.5,561.44,535.24,540.53,14673890
SMH,2026-08-03,530.43,548.49,524.77,545.46,7283763
SMH,2026-08-04,564.292,578.63,562.28,575.71,9566210
SMH,2026-08-05,574.41,585.0,568.38,569.7,6209431
SMH,2026-08-06,565.475,580.43,559.56,571.48,6231651
SMH,2026-08-07,583.58,586.09,572.32,582.7,6505032
SMH,2026-08-10,585.99,586.24,569.2,569.41,6476713
SMH,2026-08-11,578.57,578.6,569.17,572.93,5028983
SMH,2026-08-12,590.55,590.57,583.79,584.83,7414056
SMH,2026-08-13,586.38,597.95,585.01,589.12,6785984
SMH,2026-08-14,587.51,590.33,581.87,587.82,5524295
SMH,2026-08-17,593.715,600.3699,591.5,594.07,7700538
SMH,2026-08-18,574.355,577.76,562.63,569.77,11364389
SMH,2026-08-19,575.06,576.835,556.315,560.92,8713301
SMH,2026-08-20,559.375,566.0,557.26,562.65,6240638
SMH,2026-08-21,569.44,569.44,556.1,560.42,9619330
SMH,2026-08-24,554.175,554.175,540.75,546.8,7743315
SMH,2026-08-25,555.375,560.38,550.66,555.82,6046222
SMH,2026-08-26,554.47,557.78,550.54,555.77,3864963
SMH,2026-08-27,569.365,573.21,562.54,573.0,6566933
SMH,2026-08-28,568.72,570.12,552.3,553.11,6468427
SMH,2026-08-31,554.38,558.43,552.79,556.63,4325053
SMH,2026-09-01,546.48,549.88,540.85,545.22,6195102
SMH,2026-09-02,545.225,553.19,541.72,550.48,5129884
SMH,2026-09-03,546.77,553.74,540.07,552.6,5623455
SMH,2026-09-04,560.5,569.4,557.72,567.01,9456112
SMH,2026-09-08,578.7,580.57,571.995,573.73,8300280
SMH,2026-09-09,569.9,577.57,569.9,574.29,3467084
SMH,2026-09-10,561.54,565.15,557.09,560.28,6620974
SMH,2026-09-11,568.828,572.8,564.0,568.53,5204920
SMH,2026-09-14,539.99,546.76,537.73,541.5,10636498
SMH,2026-09-15,546.565,548.19,540.105,542.11,6119372
SMH,2026-09-16,549.945,553.17,540.45,545.56,5998755
SMH,2026-09-17,560.095,561.7694,557.5608,560.61,6164160
SMH,2026-09-18,562.88,580.81,562.75,573.0,6296469
SMH,2026-09-21,581.895,598.62,578.51,596.03,9885982
SMH,2026-09-22,591.67,608.665,591.012,607.46,6631117
SMH,2026-09-23,604.39,606.285,593.79,601.41,6116386
SMH,2026-09-24,591.62,602.03,588.92,600.52,5645417
SMH,2026-09-25,605.57,609.66,602.22,606.56,4660131
XLB,2026-07-17,50.8,51.445,50.385,50.53,8670746
XLB,2026-07-20,50.64,50.73,49.88,50.03,10680275
XLB,2026-07-21,50.5,50.54,49.845,50.1,8699892
XLB,2026-07-22,50.33,50.97,50.3,50.82,10222317
XLB,2026-07-23,50.42,50.97,50.12,50.29,10924990
XLB,2026-07-24,50.32,51.27,50.21,51.26,12192765
XLB,2026-07-27,51.47,51.63,51.085,51.39,8704309
XLB,2026-07-28,52.0,52.775,51.88,52.34,11774861
XLB,2026-07-29,52.34,52.34,51.325,51.74,13744759
XLB,2026-07-30,52.21,52.305,51.275,51.64,10866904
XLB,2026-07-31,50.91,51.05,50.205,50.43,18329136
XLB,2026-08-03,50.74,51.04,50.35,51.01,11964085
XLB,2026-08-04,51.31,52.07,51.025,52.0,16876660
XLB,2026-08-05,52.59,52.96,52.45,52.64,12070515
XLB,2026-08-06,52.63,52.86,52.01,52.17,9000613
XLB,2026-08-07,52.34,52.94,52.17,52.86,13068359
XLB,2026-08-10,52.81,53.2,52.61,53.18,11932597
XLB,2026-08-11,53.07,53.595,53.0,53.24,11450888
XLB,2026-08-12,53.45,53.48,52.535,52.58,9843364
XLB,2026-08-13,52.6,52.78,52.215,52.31,10407156
XLB,2026-08-14,52.46,52.645,52.27,52.54,7479620
XLB,2026-08-17,52.35,52.44,52.065,52.24,7654902
XLB,2026-08-18,52.22,52.31,51.75,51.78,7774461
XLB,2026-08-19,52.52,53.145,52.275,52.52,10882946
XLB,2026-08-20,52.1,53.04,52.04,52.42,9367319
XLB,2026-08-21,53.07,53.715,52.95,53.54,14467112
XLB,2026-08-24,54.005,54.19,53.28,53.58,12839717
XLB,2026-08-25,53.48,53.645,53.005,53.58,8183404
XLB,2026-08-26,53.59,54.09,53.515,53.67,7074166
XLB,2026-08-27,53.22,53.485,53.095,53.23,7784647
XLB,2026-08-28,53.66,53.8,52.84,53.18,13595059
XLB,2026-08-31,53.16,53.26,52.565,52.69,12113055
XLB,2026-09-01,52.44,52.46,52.02,52.07,15500499
XLB,2026-09-02,52.36,53.19,52.27,52.95,12846732
XLB,2026-09-03,53.45,53.515,52.335,52.62,14287870
XLB,2026-09-04,52.16,52.67,51.975,52.44,10873874
XLB,2026-09-08,52.36,52.58,51.935,51.94,11935821
XLB,2026-09-09,52.02,52.15,51.38,51.39,13121487
XLB,2026-09-10,50.76,51.05,50.58,50.76,9652458
XLB,2026-09-11,51.19,51.21,50.87,50.95,8969603
XLB,2026-09-14,50.68,50.81,50.34,50.49,11410430
XLB,2026-09-15,50.55,50.745,50.26,50.73,9844223
XLB,2026-09-16,50.93,51.11,49.9095,50.36,9587522
XLB,2026-09-17,50.9,51.01,50.52,50.71,9063836
XLB,2026-09-18,50.425,50.62,49.8803,49.99,10500973
XLB,2026-09-21,50.13,50.18,49.655,49.71,10586631
XLB,2026-09-22,50.07,50.635,49.91,50.53,10405522
XLB,2026-09-23,50.25,50.54,50.04,50.28,10467002
XLB,2026-09-24,50.14,50.23,49.57,49.68,12868183
XLB,2026-09-25,49.78,49.96,49.45,49.8,10013719
ROBT,2026-07-17,53.44,54.2974,53.35,53.8349,26827
ROBT,2026-07-20,53.92,54.219,53.395,53.7072,27334
ROBT,2026-07-21,53.91,54.4493,53.91,54.3642,26882
ROBT,2026-07-22,54.23,54.23,53.34,53.4904,85795
ROBT,2026-07-23,53.27,53.3884,52.47,52.8152,26775
ROBT,2026-07-24,52.99,53.29,52.615,52.8839,42933
ROBT,2026-07-27,53.84,54.22,53.35,53.7726,44903
ROBT,2026-07-28,53.44,54.185,53.0,53.9628,48997
ROBT,2026-07-29,54.16,54.74,53.4306,53.4306,45379
ROBT,2026-07-30,53.63,54.5009,53.615,54.5009,90831
ROBT,2026-07-31,55.01,55.21,54.15,55.023,31545
ROBT,2026-08-03,55.53,56.455,55.45,56.3155,65920
ROBT,2026-08-04,56.79,58.5,56.79,58.4083,66433
ROBT,2026-08-05,58.97,58.97,58.12,58.15,27172
ROBT,2026-08-06,57.47,57.9562,57.11,57.5828,45931
ROBT,2026-08-07,58.29,59.16,58.29,59.09,37570
ROBT,2026-08-10,58.93,59.54,58.9,59.44,50416
ROBT,2026-08-11,59.52,59.86,59.24,59.5261,28101
ROBT,2026-08-12,59.97,60.0,59.3868,59.52,62752
ROBT,2026-08-13,59.89,60.795,59.6317,60.7724,29018
ROBT,2026-08-14,60.97,60.97,60.22,60.24,31158
ROBT,2026-08-17,60.11,60.11,59.52,59.6194,92787
ROBT,2026-08-18,58.9,59.0092,58.51,58.68,38157
ROBT,2026-08-19,58.96,59.5077,58.77,59.34,20745
ROBT,2026-08-20,58.99,59.095,58.7,58.95,22288
ROBT,2026-08-21,59.27,59.7096,59.06,59.6173,24993
ROBT,2026-08-24,59.21,59.21,58.535,58.5786,20457
ROBT,2026-08-25,59.08,59.1099,58.73,59.0138,20773
ROBT,2026-08-26,58.46,59.05,58.46,58.8553,33212
ROBT,2026-08-27,59.54,60.615,59.54,60.57,37933
ROBT,2026-08-28,60.6,60.79,59.98,60.1795,43400
ROBT,2026-08-31,60.03,60.39,59.98,60.26,43468
ROBT,2026-09-01,59.55,59.55,58.595,58.68,44714
ROBT,2026-09-02,58.37,58.6799,58.04,58.2328,31660
ROBT,2026-09-03,58.8,59.275,58.57,59.1807,31307
ROBT,2026-09-04,58.95,58.9777,58.675,58.9325,67367
ROBT,2026-09-08,58.76,58.76,57.8444,57.8444,36776
ROBT,2026-09-09,57.85,57.85,57.2,57.28,51229
ROBT,2026-09-10,56.78,57.27,56.675,56.7618,31870
ROBT,2026-09-11,57.39,57.52,57.1987,57.3847,38474
ROBT,2026-09-14,57.16,58.14,57.115,57.9,70847
ROBT,2026-09-15,57.69,58.18,57.5355,57.8247,41280
ROBT,2026-09-16,57.98,58.2195,57.322,57.65,21819
ROBT,2026-09-17,58.24,58.9699,58.24,58.8293,22024
ROBT,2026-09-18,58.93,58.93,58.1,58.4327,23060
ROBT,2026-09-21,59.09,59.9999,59.09,59.9467,20626
ROBT,2026-09-22,60.15,60.255,59.81,60.1743,30383
ROBT,2026-09-23,59.81,59.965,59.4079,59.5579,27197
ROBT,2026-09-24,59.45,59.85,59.16,59.7479,27298
ROBT,2026-09-25,60.03,60.036,59.56,59.7672,25731
CORN,2026-07-17,17.76,17.79,17.6,17.78,212315
CORN,2026-07-20,17.98,18.03,17.865,17.91,344402
CORN,2026-07-21,17.85,18.055,17.84,18.01,249827
CORN,2026-07-22,18.2,18.335,18.165,18.28,407849
CORN,2026-07-23,18.35,18.435,18.265,18.31,378639
CORN,2026-07-24,18.26,18.37,18.0786,18.3,343458
CORN,2026-07-27,17.95,18.005,17.875,17.91,353421
CORN,2026-07-28,17.93,18.215,17.93,18.08,265843
CORN,2026-07-29,18.0,18.01,17.81,17.83,384435
CORN,2026-07-30,17.86,17.99,17.76,17.76,149084
CORN,2026-07-31,17.74,17.76,17.56,17.65,244045
CORN,2026-08-03,17.58,17.96,17.5536,17.93,199125
CORN,2026-08-04,17.78,17.82,17.69,17.75,129566
CORN,2026-08-05,17.61,17.68,17.5,17.62,369904
CORN,2026-08-06,17.55,17.67,17.49,17.61,99697
CORN,2026-08-07,17.75,17.81,17.605,17.64,139270
CORN,2026-08-10,17.76,17.78,17.585,17.64,103182
CORN,2026-08-11,17.52,17.615,17.495,17.57,218165
CORN,2026-08-12,17.7,18.22,17.675,18.2,559875
CORN,2026-08-13,18.072,18.19,17.8938,17.91,318227
CORN,2026-08-14,18.14,18.29,18.05,18.26,201894
CORN,2026-08-17,18.34,18.5386,18.3,18.46,453065
CORN,2026-08-18,18.55,18.58,18.405,18.42,463535
CORN,2026-08-19,18.54,18.77,18.52,18.76,477507
CORN,2026-08-20,18.82,18.98,18.82,18.83,517026
CORN,2026-08-21,18.83,19.05,18.83,19.01,698471
CORN,2026-08-24,19.34,19.475,19.1212,19.22,867920
CORN,2026-08-25,19.25,19.61,19.185,19.59,402639
CORN,2026-08-26,19.65,20.085,19.635,20.03,934913
CORN,2026-08-27,19.9,19.94,19.69,19.8,471980
CORN,2026-08-28,20.04,20.08,19.835,19.95,732945
CORN,2026-08-31,19.87,20.06,19.81,20.06,684195
CORN,2026-09-01,19.94,20.325,19.94,20.29,1113773
CORN,2026-09-02,20.01,20.43,20.01,20.22,482031
CORN,2026-09-03,19.85,20.26,19.73,20.17,507872
CORN,2026-09-04,20.16,20.21,20.04,20.07,423822
CORN,2026-09-08,20.09,20.19,19.93,19.97,292715
CORN,2026-09-09,19.92,19.99,19.77,19.83,612922
CORN,2026-09-10,19.94,20.04,19.785,20.01,282613
CORN,2026-09-11,19.85,20.31,19.65,19.92,871538
CORN,2026-09-14,19.97,20.085,19.85,20.02,264327
CORN,2026-09-15,19.87,20.05,19.82,20.04,241109
CORN,2026-09-16,20.0,20.04,19.815,19.97,155114
CORN,2026-09-17,19.9,19.96,19.75,19.83,689011
CORN,2026-09-18,19.82,19.82,19.665,19.7,456096
CORN,2026-09-21,19.92,20.28,19.9,20.27,926142
CORN,2026-09-22,20.07,20.16,19.98,19.98,641124
CORN,2026-09-23,19.85,19.89,19.74,19.76,255385
CORN,2026-09-24,19.75,19.8199,19.65,19.68,323243
CORN,2026-09-25,19.31,19.755,19.305,19.73,743270
INDA,2026-07-17,48.93,49.085,48.82,48.91,5864351
INDA,2026-07-20,48.94,48.95,48.535,48.55,5492119
INDA,2026-07-21,48.85,48.88,48.705,48.78,4277837
INDA,2026-07-22,48.47,48.535,48.185,48.22,5610596
INDA,2026-07-23,47.88,47.91,47.5603,47.63,11380436
INDA,2026-07-24,48.09,48.43,48.0,48.02,7404098
INDA,2026-07-27,48.71,48.94,48.59,48.89,6046495
INDA,2026-07-28,48.94,49.515,48.91,49.38,8110750
INDA,2026-07-29,49.25,49.565,49.085,49.17,8751771
INDA,2026-07-30,49.65,49.835,49.58,49.7,10444142
INDA,2026-07-31,49.775,49.91,49.625,49.8,5260992
INDA,2026-08-03,50.18,50.26,50.05,50.16,5124482
INDA,2026-08-04,50.3,50.62,50.26,50.53,6290148
INDA,2026-08-05,50.45,50.49,50.245,50.31,7667592
INDA,2026-08-06,50.27,50.325,50.08,50.12,2780645
INDA,2026-08-07,50.45,50.46,50.28,50.365,4720327
INDA,2026-08-10,50.25,50.29,50.06,50.14,4086729
INDA,2026-08-11,50.15,50.23,50.065,50.09,1968929
INDA,2026-08-12,50.09,50.105,49.905,49.95,3565376
INDA,2026-08-13,50.13,50.15,49.89,49.98,2871196
INDA,2026-08-14,49.88,49.92,49.735,49.78,1885702
INDA,2026-08-17,49.77,49.835,49.58,49.58,2862939
INDA,2026-08-18,49.55,49.575,49.37,49.38,3897803
INDA,2026-08-19,49.56,49.655,49.51,49.54,2756040
INDA,2026-08-20,49.55,49.675,49.52,49.55,3764483
INDA,2026-08-21,49.69,49.74,49.63,49.64,1971306
INDA,2026-08-24,49.38,49.47,49.3027,49.35,3548769
INDA,2026-08-25,49.945,50.28,49.945,50.23,6975704
INDA,2026-08-26,49.89,50.0,49.71,49.75,5161321
INDA,2026-08-27,49.58,49.67,49.47,49.53,3924270
INDA,2026-08-28,49.71,49.845,49.45,49.56,3364977
INDA,2026-08-31,49.87,49.87,49.61,49.7,5491741
INDA,2026-09-01,49.56,49.83,49.505,49.58,6285953
INDA,2026-09-02,50.02,50.02,49.855,49.97,4975914
INDA,2026-09-03,49.81,49.96,49.74,49.92,2902124
INDA,2026-09-04,49.84,49.99,49.8,49.91,3946569
INDA,2026-09-08,49.36,49.41,49.075,49.09,7715953
INDA,2026-09-09,48.84,48.86,48.63,48.67,4382776
INDA,2026-09-10,48.28,48.3,48.05,48.11,3914391
INDA,2026-09-11,48.53,48.59,48.375,48.57,4119740
INDA,2026-09-14,48.155,48.575,48.15,48.43,4563274
INDA,2026-09-15,47.78,47.81,47.56,47.59,7659497
INDA,2026-09-16,47.72,47.86,47.31,47.46,8453670
INDA,2026-09-17,48.03,48.14,48.0,48.01,4117909
INDA,2026-09-18,48.06,48.1,47.945,48.02,8560332
INDA,2026-09-21,48.31,48.53,48.285,48.5,3262074
INDA,2026-09-22,48.34,48.47,48.2,48.29,5064861
INDA,2026-09-23,48.345,48.39,48.0,48.05,4517964
INDA,2026-09-24,47.62,47.785,47.475,47.56,4475322
INDA,2026-09-25,47.82,47.925,47.66,47.86,3168227
ARKO,2026-07-17,7.9,8.09,7.875,7.96,517228
ARKO,2026-07-20,7.96,8.0,7.7,7.75,382419
ARKO,2026-07-21,7.75,7.95,7.65,7.93,574657
ARKO,2026-07-22,7.93,8.21,7.92,8.18,491194
ARKO,2026-07-23,8.1,8.115,7.915,7.98,544277
ARKO,2026-07-24,8.07,8.13,7.88,7.93,465767
ARKO,2026-07-27,8.01,8.15,7.985,8.0,479377
ARKO,2026-07-28,8.12,8.2,7.97,8.03,716765
ARKO,2026-07-29,8.01,8.03,7.72,7.74,529814
ARKO,2026-07-30,7.76,8.145,7.74,8.05,632538
ARKO,2026-07-31,8.01,8.02,7.732,7.99,535070
ARKO,2026-08-03,8.06,8.18,7.57,7.59,538004
ARKO,2026-08-04,7.58,7.64,7.43,7.49,644298
ARKO,2026-08-05,7.69,7.75,7.3,7.36,934197
ARKO,2026-08-06,7.35,7.385,7.18,7.29,919356
ARKO,2026-08-07,6.76,6.99,5.58,5.66,2166559
ARKO,2026-08-10,5.56,5.56,4.66,4.7,2969750
ARKO,2026-08-11,4.69,4.79,4.36,4.41,2155912
ARKO,2026-08-12,4.38,4.645,4.37,4.46,1919992
ARKO,2026-08-13,4.49,4.58,4.4,4.5,1372230
ARKO,2026-08-14,4.46,5.0,4.46,4.85,1859768
ARKO,2026-08-17,4.86,4.975,4.705,4.86,1578680
ARKO,2026-08-18,4.86,4.9137,4.66,4.72,958948
ARKO,2026-08-19,4.72,4.75,4.59,4.7,973177
ARKO,2026-08-20,4.64,4.705,4.52,4.59,1102446
ARKO,2026-08-21,4.65,4.8,4.61,4.75,938874
ARKO,2026-08-24,4.73,4.76,4.615,4.72,608972
ARKO,2026-08-25,4.73,4.83,4.66,4.67,606095
ARKO,2026-08-26,4.68,4.795,4.61,4.67,814094
ARKO,2026-08-27,4.63,4.63,4.45,4.46,760681
ARKO,2026-08-28,4.44,4.46,4.34,4.37,820601
ARKO,2026-08-31,4.37,4.58,4.3,4.56,1322400
ARKO,2026-09-01,4.54,4.675,4.45,4.5,1403514
ARKO,2026-09-02,4.55,4.78,4.502,4.74,899988
ARKO,2026-09-03,4.76,4.845,4.63,4.83,859548
ARKO,2026-09-04,4.77,4.955,4.75,4.89,750613
ARKO,2026-09-08,4.86,4.89,4.655,4.705,912697
ARKO,2026-09-09,4.7,4.735,4.4,4.44,1298458
ARKO,2026-09-10,4.45,4.47,4.3,4.47,1067376
ARKO,2026-09-11,4.52,4.57,4.45,4.52,975709
ARKO,2026-09-14,4.47,4.61,4.46,4.57,770659
ARKO,2026-09-15,4.56,4.565,4.37,4.42,678873
ARKO,2026-09-16,4.45,4.48,4.305,4.35,724712
ARKO,2026-09-17,4.41,4.42,4.315,4.34,781350
ARKO,2026-09-18,4.31,4.345,4.21,4.22,3132260
ARKO,2026-09-21,4.27,4.295,4.205,4.24,708059
ARKO,2026-09-22,4.29,4.36,4.25,4.35,637525
ARKO,2026-09-23,4.31,4.315,4.22,4.23,581085
ARKO,2026-09-24,4.24,4.295,4.185,4.23,539273
ARKO,2026-09-25,4.24,4.3,4.185,4.28,651586
COPJ,2026-07-17,37.47,37.99,36.71,37.6049,66794
COPJ,2026-07-20,37.67,38.1,37.511,37.69,36470
COPJ,2026-07-21,38.34,39.82,38.34,39.7317,88641
COPJ,2026-07-22,40.19,40.8,40.16,40.37,71658
COPJ,2026-07-23,39.83,40.0,39.09,39.31,46161
COPJ,2026-07-24,39.14,39.4599,38.8,39.0749,63055
COPJ,2026-07-27,39.49,39.71,38.62,39.47,41323
COPJ,2026-07-28,38.98,39.16,38.1189,38.675,99006
COPJ,2026-07-29,38.45,39.2399,37.67,38.0631,26400
COPJ,2026-07-30,38.74,39.83,38.74,39.62,44096
COPJ,2026-07-31,39.47,39.76,38.9,39.29,33942
COPJ,2026-08-03,39.11,39.9588,39.11,39.81,67111
COPJ,2026-08-04,40.11,41.7,40.11,41.41,108170
COPJ,2026-08-05,42.21,43.41,42.21,43.185,131598
COPJ,2026-08-06,43.27,44.0,43.0,43.55,107018
COPJ,2026-08-07,44.67,45.18,44.25,45.05,135940
COPJ,2026-08-10,45.05,45.56,44.55,45.46,87585
COPJ,2026-08-11,45.6,45.7,44.76,44.94,79988
COPJ,2026-08-12,45.22,45.49,44.55,44.73,46015
COPJ,2026-08-13,44.55,44.61,43.66,43.72,57235
COPJ,2026-08-14,43.79,44.51,43.69,43.97,48778
COPJ,2026-08-17,44.4,45.1,44.28,45.08,72715
COPJ,2026-08-18,44.88,44.88,43.59,43.82,90617
COPJ,2026-08-19,44.33,45.2699,44.33,44.78,61213
COPJ,2026-08-20,44.58,45.4499,44.33,45.38,85753
COPJ,2026-08-21,46.08,47.95,46.08,47.85,160606
COPJ,2026-08-24,48.21,48.21,47.0,47.46,104688
COPJ,2026-08-25,47.23,49.04,47.19,48.81,147602
COPJ,2026-08-26,48.99,49.2,48.025,48.42,88962
COPJ,2026-08-27,47.99,49.0,47.95,48.97,75275
COPJ,2026-08-28,49.23,49.33,47.2,47.38,83983
COPJ,2026-08-31,47.59,47.705,46.73,47.15,63899
COPJ,2026-09-01,46.65,46.65,44.86,44.95,221521
COPJ,2026-09-02,45.27,46.57,45.19,45.52,30650
COPJ,2026-09-03,46.22,46.835,45.65,46.03,25134
COPJ,2026-09-04,45.74,46.39,45.5,45.96,115440
COPJ,2026-09-08,47.32,48.868,47.17,47.95,100206
COPJ,2026-09-09,47.99,48.756,47.7901,48.32,61325
COPJ,2026-09-10,46.38,46.665,44.86,45.01,103951
COPJ,2026-09-11,45.47,46.14,45.1837,45.4396,53876
COPJ,2026-09-14,44.18,44.5201,43.18,43.67,65557
COPJ,2026-09-15,43.85,43.85,42.58,43.02,78064
COPJ,2026-09-16,43.92,43.92,42.05,42.64,71683
COPJ,2026-09-17,43.78,44.6,43.78,44.4,26607
COPJ,2026-09-18,44.5,44.99,44.0801,44.97,31495
COPJ,2026-09-21,45.19,46.0,44.45,45.12,91495
COPJ,2026-09-22,45.44,47.13,45.44,47.08,55218
COPJ,2026-09-23,46.07,46.7188,45.01,45.35,74524
COPJ,2026-09-24,44.84,45.1199,44.42,44.92,28392
COPJ,2026-09-25,45.51,45.57,44.53,45.2,59401
MTUM,2026-07-17,296.555,305.73,293.27,302.09,3692896
MTUM,2026-07-20,306.58,309.18,302.26,302.64,1193456
MTUM,2026-07-21,311.53,315.4,309.4,314.48,1581069
MTUM,2026-07-22,309.37,316.93,309.37,314.24,1141191
MTUM,2026-07-23,311.71,317.33,311.71,313.98,1036867
MTUM,2026-07-24,312.25,313.44,304.84,306.39,1305748
MTUM,2026-07-27,308.16,308.82,295.84,302.33,1754298
MTUM,2026-07-28,294.65,295.055,287.3,292.32,3142333
MTUM,2026-07-29,292.54,294.615,282.65,283.11,2657065
MTUM,2026-07-30,293.68,300.03,292.65,298.77,2461709
MTUM,2026-07-31,307.93,309.39,297.53,299.59,2347887
MTUM,2026-08-03,295.62,302.415,292.71,301.78,1879133
MTUM,2026-08-04,309.53,315.36,308.1075,313.35,2189833
MTUM,2026-08-05,312.36,316.75,309.75,309.98,1941893
MTUM,2026-08-06,306.29,312.65,303.92,308.17,1525607
MTUM,2026-08-07,312.1,312.1,304.8901,309.32,948528
MTUM,2026-08-10,309.78,311.28,307.21,307.32,1058106
MTUM,2026-08-11,309.34,309.98,307.25,308.34,824848
MTUM,2026-08-12,315.16,317.03,313.45,314.73,1042708
MTUM,2026-08-13,314.2,319.69,314.01,316.03,953648
MTUM,2026-08-14,316.37,319.46,314.925,317.21,1299488
MTUM,2026-08-17,320.2,324.04,319.4,322.07,1221564
MTUM,2026-08-18,314.75,316.6,309.62,311.81,1364874
MTUM,2026-08-19,313.59,313.59,304.81,305.88,1726571
MTUM,2026-08-20,303.92,307.03,303.17,305.11,1109302
MTUM,2026-08-21,307.56,308.33,303.14,305.17,835998
MTUM,2026-08-24,301.54,301.765,297.205,300.59,1037906
MTUM,2026-08-25,304.06,304.86,300.56,302.4,749113
MTUM,2026-08-26,301.11,304.46,301.08,304.0,725629
MTUM,2026-08-27,306.52,306.52,301.3,304.23,1185132
MTUM,2026-08-28,303.41,304.21,299.07,299.71,679684
MTUM,2026-08-31,299.55,300.97,297.97,300.36,594607
MTUM,2026-09-01,297.31,298.39,294.745,296.52,701896
MTUM,2026-09-02,295.9,297.235,293.82,297.04,1260495
MTUM,2026-09-03,296.64,299.515,293.3325,299.42,826216
MTUM,2026-09-04,300.06,304.89,300.0,304.86,805352
MTUM,2026-09-08,307.15,310.6,305.875,308.69,893649
MTUM,2026-09-09,308.06,311.02,308.06,309.29,415851
MTUM,2026-09-10,305.16,306.874,303.13,303.15,831576
MTUM,2026-09-11,306.18,307.84,305.66,307.04,542367
MTUM,2026-09-14,298.6,301.76,297.71,299.7,993794
MTUM,2026-09-15,300.64,301.05,298.3835,299.51,529574
MTUM,2026-09-16,301.73,303.53,297.37,299.83,621087
MTUM,2026-09-17,304.98,306.7783,304.37,306.12,565617
MTUM,2026-09-18,307.53,309.63,306.06,309.62,680313
MTUM,2026-09-21,313.87,316.94,312.71,316.25,734706
MTUM,2026-09-22,314.13,318.565,313.48,317.9,15571223
MTUM,2026-09-23,318.35,318.85,314.97,316.95,2523386
MTUM,2026-09-24,314.46,318.28,313.49,317.45,1092462
MTUM,2026-09-25,318.88,319.66,316.66,318.5,1056437
UFO,2026-07-17,42.93,44.405,42.84,43.63,774749
UFO,2026-07-20,43.72,43.89,42.94,43.04,386839
UFO,2026-07-21,43.18,44.36,42.985,44.0,976030
UFO,2026-07-22,44.16,44.46,43.64,43.75,470900
UFO,2026-07-23,43.32,44.23,43.165,43.72,385967
UFO,2026-07-24,43.74,43.79,42.73,42.96,599112
UFO,2026-07-27,43.43,44.3,43.25,43.89,318446
UFO,2026-07-28,43.51,43.97,42.77,43.83,724834
UFO,2026-07-29,43.8,44.2,42.74,42.86,635120
UFO,2026-07-30,42.87,43.89,42.6501,43.82,297463
UFO,2026-07-31,44.335,44.45,43.055,43.79,317603
UFO,2026-08-03,43.69,45.5,43.6351,45.45,1208752
UFO,2026-08-04,46.32,47.75,46.29,47.57,638924
UFO,2026-08-05,47.09,47.31,46.45,46.59,350614
UFO,2026-08-06,46.17,47.7999,46.11,46.6,419333
UFO,2026-08-07,47.32,48.1507,46.9,48.13,238753
UFO,2026-08-10,48.26,48.51,47.62,47.88,279172
UFO,2026-08-11,47.92,48.16,47.29,47.95,293903
UFO,2026-08-12,48.46,49.06,48.15,48.86,222474
UFO,2026-08-13,48.42,49.02,48.2007,48.47,138712
UFO,2026-08-14,48.53,49.09,47.98,48.48,198945
UFO,2026-08-17,48.45,49.29,48.31,48.46,355864
UFO,2026-08-18,47.45,47.8699,47.08,47.16,447088
UFO,2026-08-19,47.24,47.45,46.3501,46.67,270567
UFO,2026-08-20,46.61,46.61,45.245,45.69,293744
UFO,2026-08-21,46.08,46.33,45.5,45.92,178527
UFO,2026-08-24,45.34,45.3775,44.61,44.67,231914
UFO,2026-08-25,45.22,45.255,44.4101,44.59,136076
UFO,2026-08-26,44.41,44.98,44.21,44.51,134888
UFO,2026-08-27,44.67,44.9,44.44,44.84,154259
UFO,2026-08-28,44.88,44.88,43.7522,43.98,249414
UFO,2026-08-31,43.65,43.81,43.42,43.62,302091
UFO,2026-09-01,43.0,43.46,42.59,42.75,214615
UFO,2026-09-02,42.95,43.37,42.6894,43.14,233984
UFO,2026-09-03,43.61,43.82,43.16,43.53,186731
UFO,2026-09-04,43.79,43.8496,43.33,43.7,99358
UFO,2026-09-08,43.91,44.6,43.5,44.34,192217
UFO,2026-09-09,44.13,44.32,43.0135,43.06,205461
UFO,2026-09-10,42.56,43.64,42.42,42.79,153687
UFO,2026-09-11,43.32,43.51,42.96,43.28,131085
UFO,2026-09-14,42.54,43.46,42.54,42.96,139981
UFO,2026-09-15,43.03,43.3,42.43,42.89,115697
UFO,2026-09-16,43.02,43.3899,42.43,42.96,120653
UFO,2026-09-17,43.6,44.0189,43.4,43.66,256252
UFO,2026-09-18,43.7,43.8,42.63,43.21,321966
UFO,2026-09-21,43.48,44.44,43.46,44.17,243131
UFO,2026-09-22,44.26,44.41,43.8114,44.24,165987
UFO,2026-09-23,44.01,44.145,43.2,43.27,158889
UFO,2026-09-24,42.96,43.875,42.65,43.42,255940
UFO,2026-09-25,43.58,44.12,43.22,43.55,270558
IBIT,2026-07-17,35.58,36.48,35.36,36.35,56170598
IBIT,2026-07-20,36.53,37.25,36.245,36.89,33229444
IBIT,2026-07-21,37.61,37.93,37.4,37.67,44121326
IBIT,2026-07-22,37.15,37.6,37.13,37.34,23341227
IBIT,2026-07-23,36.795,36.9199,36.56,36.65,36217526
IBIT,2026-07-24,36.43,36.46,36.05,36.35,33023166
IBIT,2026-07-27,36.74,37.2,36.4401,36.77,28359307
IBIT,2026-07-28,35.81,36.27,35.47,36.14,29147023
IBIT,2026-07-29,36.31,36.645,35.94,36.0,36943078
IBIT,2026-07-30,36.665,36.895,36.55,36.7,36428498
IBIT,2026-07-31,36.11,36.115,35.29,35.64,55718449
IBIT,2026-08-03,35.49,36.28,35.37,36.16,41836326
IBIT,2026-08-04,36.14,36.47,35.99,36.39,33883512
IBIT,2026-08-05,36.3,36.78,36.145,36.74,32932848
IBIT,2026-08-06,36.34,36.79,36.29,36.49,29071373
IBIT,2026-08-07,36.89,37.01,36.515,36.8,35087368
IBIT,2026-08-10,36.74,36.75,36.08,36.23,40043964
IBIT,2026-08-11,36.32,36.36,35.76,35.94,31174462
IBIT,2026-08-12,36.175,36.26,35.8,35.89,25304883
IBIT,2026-08-13,35.97,36.215,35.54,35.88,25273533
IBIT,2026-08-14,35.51,35.7875,35.365,35.63,23516731
IBIT,2026-08-17,35.905,36.59,35.89,36.42,42854225
IBIT,2026-08-18,36.255,36.845,36.22,36.6,28668711
IBIT,2026-08-19,36.81,39.48,36.675,38.78,140814847
IBIT,2026-08-20,40.73,41.335,40.255,41.2,108151790
IBIT,2026-08-21,43.67,44.125,43.165,43.68,119006678
IBIT,2026-08-24,44.735,45.315,44.08,44.64,96271945
IBIT,2026-08-25,44.54,45.0899,44.22,44.72,63862137
IBIT,2026-08-26,44.2,44.555,43.95,44.46,42848212
IBIT,2026-08-27,44.92,45.81,44.67,45.29,60965834
IBIT,2026-08-28,44.87,45.27,43.525,43.9,76877449
IBIT,2026-08-31,44.17,44.9,43.98,44.67,42438154
IBIT,2026-09-01,44.075,44.41,43.23,43.76,50502159
IBIT,2026-09-02,43.505,43.92,43.3401,43.79,30549676
IBIT,2026-09-03,44.43,46.37,44.41,46.35,84988191
IBIT,2026-09-04,44.91,45.26,44.51,45.23,52216855
IBIT,2026-09-08,44.33,44.71,43.91,44.39,42239029
IBIT,2026-09-09,45.07,45.09,44.16,44.29,37218916
IBIT,2026-09-10,43.53,43.895,43.42,43.68,31196491
IBIT,2026-09-11,43.87,45.22,43.5,43.77,47708752
IBIT,2026-09-14,44.06,44.94,44.04,44.74,46832790
IBIT,2026-09-15,43.54,43.765,42.37,43.11,77164677
IBIT,2026-09-16,42.85,43.31,42.425,43.04,49277617
IBIT,2026-09-17,43.24,43.61,42.955,43.3,30240378
IBIT,2026-09-18,44.239,46.1301,44.205,46.02,84828185
IBIT,2026-09-21,48.075,49.22,47.99,49.01,76453173
IBIT,2026-09-22,48.52,49.12,48.38,48.83,44540677
IBIT,2026-09-23,48.45,48.68,47.2939,47.88,46912443
IBIT,2026-09-24,47.41,48.1,47.195,47.81,38146661
IBIT,2026-09-25,47.605,47.765,47.05,47.57,37632105
NLR,2026-07-17,102.89,105.89,101.92,104.2,452870
NLR,2026-07-20,105.25,106.05,104.3,105.07,373426
NLR,2026-07-21,106.37,109.25,106.17,109.08,569153
NLR,2026-07-22,109.91,112.8795,109.91,111.39,520906
NLR,2026-07-23,110.41,112.38,109.75,111.41,427608
NLR,2026-07-24,111.2,111.212,107.61,108.1,283513
NLR,2026-07-27,110.04,111.3463,107.8,109.76,255847
NLR,2026-07-28,107.5,107.75,103.7088,106.14,445215
NLR,2026-07-29,105.66,106.0,102.1301,102.7,486081
NLR,2026-07-30,104.92,108.74,104.685,108.36,292726
NLR,2026-07-31,109.73,110.29,105.2201,106.83,335565
NLR,2026-08-03,107.53,111.799,107.1218,111.53,351637
NLR,2026-08-04,113.2,114.93,112.11,113.88,408353
NLR,2026-08-05,114.81,115.07,113.185,113.88,264091
NLR,2026-08-06,114.27,115.7125,112.7144,113.87,347493
NLR,2026-08-07,116.23,118.23,114.76,117.82,389250
NLR,2026-08-10,118.05,118.4699,116.58,116.99,427402
NLR,2026-08-11,117.55,119.34,117.55,119.18,385909
NLR,2026-08-12,120.8,120.8,118.37,118.52,329143
NLR,2026-08-13,118.83,120.0,117.0801,118.52,370098
NLR,2026-08-14,118.66,120.5508,117.8563,118.1,203258
NLR,2026-08-17,118.78,119.885,117.5,118.35,239385
NLR,2026-08-18,116.17,117.6493,114.01,114.45,377718
NLR,2026-08-19,115.67,117.72,114.76,117.72,307868
NLR,2026-08-20,115.92,116.8,113.2,114.55,290061
NLR,2026-08-21,116.76,120.06,116.2986,119.94,348123
NLR,2026-08-24,119.64,120.5,117.89,118.73,241684
NLR,2026-08-25,120.39,125.125,120.0,124.02,458067
NLR,2026-08-26,124.92,128.6299,123.2,123.71,344555
NLR,2026-08-27,124.72,125.6999,123.38,125.02,630542
NLR,2026-08-28,125.0,125.46,117.76,118.12,571191
NLR,2026-08-31,118.04,119.17,117.93,118.23,278338
NLR,2026-09-01,116.0,117.24,114.26,115.76,348831
NLR,2026-09-02,116.02,117.945,114.96,117.03,247920
NLR,2026-09-03,118.85,120.3,118.04,119.19,254027
NLR,2026-09-04,118.61,120.355,118.1,119.95,264787
NLR,2026-09-08,121.78,125.44,121.615,123.57,282287
NLR,2026-09-09,123.75,124.99,122.2779,122.95,259731
NLR,2026-09-10,120.29,121.0,117.74,117.83,489923
NLR,2026-09-11,118.28,118.28,113.1701,113.22,304463
NLR,2026-09-14,110.11,110.46,108.461,109.47,432179
NLR,2026-09-15,109.82,110.0,107.6955,108.32,366622
NLR,2026-09-16,109.24,109.445,105.795,107.36,566986
NLR,2026-09-17,109.63,111.74,109.0,110.57,423938
NLR,2026-09-18,110.79,110.83,107.58,107.69,439954
NLR,2026-09-21,110.11,111.57,109.58,110.73,267447
NLR,2026-09-22,111.49,112.365,109.89,111.95,288554
NLR,2026-09-23,110.56,110.56,108.27,108.33,385957
NLR,2026-09-24,108.0,108.3,105.6,106.22,344505
NLR,2026-09-25,106.49,107.2,105.24,105.78,339527
XOP,2026-07-17,168.88,170.85,167.74,170.18,3346507
XOP,2026-07-20,169.0,172.06,168.765,170.04,3263093
XOP,2026-07-21,170.89,173.87,170.8,173.83,2389121
XOP,2026-07-22,176.26,177.97,175.15,176.59,2752146
XOP,2026-07-23,180.05,180.5,175.27,175.66,3384293
XOP,2026-07-24,175.43,177.61,173.63,174.05,3622824
XOP,2026-07-27,169.91,172.14,168.8,169.08,3752547
XOP,2026-07-28,169.23,170.7,165.385,166.37,3811697
XOP,2026-07-29,170.9,172.54,170.2,172.04,5119911
XOP,2026-07-30,170.4,175.2,170.07,174.87,1874157
XOP,2026-07-31,175.47,177.5,173.48,177.4,2167843
XOP,2026-08-03,172.66,176.91,171.96,174.28,2916636
XOP,2026-08-04,171.38,173.22,168.72,171.95,3250863
XOP,2026-08-05,172.31,172.78,165.06,165.19,4195583
XOP,2026-08-06,168.42,168.96,165.365,167.05,2715439
XOP,2026-08-07,165.85,168.77,164.355,166.4,2403876
XOP,2026-08-10,169.6,176.265,169.06,175.93,3772163
XOP,2026-08-11,175.36,178.91,175.02,178.37,2906508
XOP,2026-08-12,177.85,179.22,176.9,178.58,2630526
XOP,2026-08-13,176.62,179.32,175.19,179.17,2521785
XOP,2026-08-14,179.87,182.38,179.16,180.49,2051676
XOP,2026-08-17,181.39,183.52,179.9565,183.35,2289563
XOP,2026-08-18,185.68,185.85,182.5,185.35,3917385
XOP,2026-08-19,186.41,187.81,185.36,186.33,3311061
XOP,2026-08-20,189.05,191.24,186.6,187.45,3663708
XOP,2026-08-21,188.1,190.655,187.49,189.54,2992030
XOP,2026-08-24,187.92,189.41,184.305,186.24,2956063
XOP,2026-08-25,183.135,185.02,182.62,182.73,3272540
XOP,2026-08-26,180.9,186.32,180.19,184.46,3421355
XOP,2026-08-27,184.24,186.15,181.82,185.47,1729892
XOP,2026-08-28,185.46,187.18,184.43,185.94,1592510
XOP,2026-08-31,189.77,191.24,185.65,188.96,2030260
XOP,2026-09-01,192.21,192.76,189.3,192.72,2823687
XOP,2026-09-02,191.298,194.83,191.15,193.16,1789332
XOP,2026-09-03,193.23,194.52,191.58,192.33,2282744
XOP,2026-09-04,191.05,191.605,188.2,190.71,1509205
XOP,2026-09-08,193.84,195.83,192.7,193.91,2346528
XOP,2026-09-09,195.97,196.38,193.75,195.01,2238407
XOP,2026-09-10,198.2,198.23,192.5931,195.47,5711363
XOP,2026-09-11,193.932,197.915,193.72,195.72,2158263
XOP,2026-09-14,198.86,199.46,192.99,193.47,3795553
XOP,2026-09-15,194.74,200.89,194.52,199.7,3354254
XOP,2026-09-16,195.91,196.24,190.66,191.8,7199126
XOP,2026-09-17,189.8,193.03,189.25,192.59,3625256
XOP,2026-09-18,192.79,193.16,190.55,190.61,2723412
XOP,2026-09-21,187.57,188.94,184.3075,184.75,3313074
XOP,2026-09-22,181.77,185.65,180.98,181.61,3918089
XOP,2026-09-23,183.14,185.07,181.9,182.65,5113350
XOP,2026-09-24,184.12,186.68,182.54,184.05,3609566
XOP,2026-09-25,181.45,182.26,179.69,181.5,4720230
PHO,2026-07-17,69.59,70.33,68.92,69.03,66033
PHO,2026-07-20,69.08,69.08,68.14,68.22,67325
PHO,2026-07-21,68.04,68.04,67.41,67.41,134302
PHO,2026-07-22,67.64,67.7,67.02,67.16,80128
PHO,2026-07-23,67.47,68.13,67.295,67.59,140734
PHO,2026-07-24,68.0,68.735,67.865,68.43,150457
PHO,2026-07-27,68.84,69.4,68.84,69.22,61582
PHO,2026-07-28,69.93,71.57,69.93,71.49,117768
PHO,2026-07-29,71.74,71.74,70.8,71.03,65552
PHO,2026-07-30,70.92,70.92,69.25,69.98,109627
PHO,2026-07-31,69.86,70.37,69.4101,70.17,43673
PHO,2026-08-03,71.04,71.86,70.9961,71.19,92399
PHO,2026-08-04,71.41,72.89,71.41,72.88,150863
PHO,2026-08-05,73.29,73.29,72.5701,72.92,69389
PHO,2026-08-06,73.14,73.14,72.52,72.77,61260
PHO,2026-08-07,72.89,73.77,72.805,73.31,117736
PHO,2026-08-10,73.39,73.56,73.08,73.24,118304
PHO,2026-08-11,73.22,73.37,72.73,73.03,51828
PHO,2026-08-12,73.03,73.03,71.76,72.04,74551
PHO,2026-08-13,72.32,72.34,71.3887,72.21,45881
PHO,2026-08-14,72.17,72.64,71.6202,71.97,79838
PHO,2026-08-17,71.68,71.68,71.06,71.21,88161
PHO,2026-08-18,71.54,71.54,70.825,70.85,43693
PHO,2026-08-19,71.18,72.67,71.18,72.37,118274
PHO,2026-08-20,71.94,72.4995,71.635,71.65,48494
PHO,2026-08-21,71.77,72.315,71.615,72.19,36449
PHO,2026-08-24,72.32,72.63,71.96,72.31,60023
PHO,2026-08-25,72.55,72.55,71.61,71.77,34604
PHO,2026-08-26,71.64,72.42,71.64,72.15,44751
PHO,2026-08-27,72.15,72.38,71.96,72.18,54904
PHO,2026-08-28,72.32,72.335,71.72,71.9,51497
PHO,2026-08-31,71.58,71.71,71.21,71.31,61003
PHO,2026-09-01,71.03,71.3246,70.0101,70.12,45154
PHO,2026-09-02,70.2,70.7128,70.06,70.44,215498
PHO,2026-09-03,70.9,71.4,70.26,70.84,57014
PHO,2026-09-04,70.59,70.74,70.02,70.55,93581
PHO,2026-09-08,70.18,70.18,69.65,69.77,44930
PHO,2026-09-09,69.49,69.54,68.8,68.82,128358
PHO,2026-09-10,68.66,68.66,67.86,68.07,76423
PHO,2026-09-11,68.47,68.69,68.3,68.49,66663
PHO,2026-09-14,68.56,68.98,68.39,68.71,55058
PHO,2026-09-15,68.52,68.86,68.32,68.53,50669
PHO,2026-09-16,68.57,69.0,68.04,68.37,43121
PHO,2026-09-17,68.91,69.02,68.22,68.45,46288
PHO,2026-09-18,68.21,68.38,67.99,68.17,123356
PHO,2026-09-21,68.35,68.57,67.9,68.27,87217
PHO,2026-09-22,68.61,69.11,68.535,68.91,89571
PHO,2026-09-23,68.7,69.07,68.64,68.78,87122
PHO,2026-09-24,68.59,68.92,68.045,68.08,65552
PHO,2026-09-25,68.08,68.73,67.863,68.63,70931
MJ,2026-07-17,23.06,23.805,23.06,23.77,36933
MJ,2026-07-20,23.56,23.81,23.1,23.31,39759
MJ,2026-07-21,23.3901,23.69,23.15,23.51,13934
MJ,2026-07-22,23.6,23.6,23.08,23.38,23195
MJ,2026-07-23,23.02,23.1525,22.81,23.07,23783
MJ,2026-07-24,22.9,23.01,22.53,22.7628,27167
MJ,2026-07-27,22.84,23.2703,22.6213,22.79,19367
MJ,2026-07-28,22.6317,22.8,22.2,22.225,23524
MJ,2026-07-29,22.27,22.27,21.77,21.93,29390
MJ,2026-07-30,22.06,22.8,22.06,22.8,18417
MJ,2026-07-31,22.92,23.25,22.6598,22.95,16652
MJ,2026-08-03,23.02,23.56,23.02,23.544,24454
MJ,2026-08-04,23.41,23.61,23.175,23.49,14608
MJ,2026-08-05,23.5,23.5,22.51,22.51,18145
MJ,2026-08-06,22.66,23.6,22.66,23.26,37506
MJ,2026-08-07,23.28,23.915,23.28,23.67,13987
MJ,2026-08-10,23.88,24.14,23.415,23.67,53243
MJ,2026-08-11,24.24,24.82,24.23,24.76,43214
MJ,2026-08-12,24.9,25.335,24.83,25.18,24261
MJ,2026-08-13,24.99,25.91,24.99,25.25,50741
MJ,2026-08-14,25.42,25.46,24.99,24.99,46603
MJ,2026-08-17,24.99,25.7514,24.795,24.8,53742
MJ,2026-08-18,25.01,25.27,24.85,24.995,35465
MJ,2026-08-19,25.12,26.44,25.12,25.83,31498
MJ,2026-08-20,26.01,26.36,25.9101,25.93,25213
MJ,2026-08-21,26.17,26.75,26.15,26.35,54718
MJ,2026-08-24,26.68,26.97,26.22,26.32,47085
MJ,2026-08-25,26.75,27.23,26.49,26.7,34732
MJ,2026-08-26,26.97,27.3,26.25,26.26,47687
MJ,2026-08-27,26.39,27.03,26.0,26.09,33667
MJ,2026-08-28,26.36,27.06,26.1201,26.53,36604
MJ,2026-08-31,26.73,26.85,26.3414,26.35,28431
MJ,2026-09-01,26.49,26.94,25.59,25.82,63910
MJ,2026-09-02,26.2,26.87,25.64,26.01,56903
MJ,2026-09-03,26.59,26.66,25.755,25.79,45702
MJ,2026-09-04,26.36,26.62,25.6,25.76,92051
MJ,2026-09-08,26.6,26.85,26.27,26.27,69566
MJ,2026-09-09,26.5,26.76,26.21,26.56,18185
MJ,2026-09-10,26.37,26.596,25.68,25.6975,11784
MJ,2026-09-11,25.88,25.9222,25.295,25.3748,22836
MJ,2026-09-14,25.31,26.28,25.1207,26.17,14302
MJ,2026-09-15,26.16,26.19,25.6,26.09,51236
MJ,2026-09-16,25.82,26.16,25.6301,26.0608,8825
MJ,2026-09-17,26.17,26.275,25.96,26.185,9447
MJ,2026-09-18,26.17,26.17,25.735,26.08,8254
MJ,2026-09-21,26.09,26.495,25.94,26.2056,27348
MJ,2026-09-22,26.43,27.8,26.43,27.8,36945
MJ,2026-09-23,27.44,27.89,27.34,27.66,26205
MJ,2026-09-24,27.42,27.48,26.83,27.0699,84253
MJ,2026-09-25,27.07,27.3899,26.75,27.2368,25832
XRT,2026-07-17,89.98,91.57,89.01,89.42,6322943
XRT,2026-07-20,89.9,90.015,88.74,88.94,2316424
XRT,2026-07-21,89.16,89.36,88.14,88.46,4507587
XRT,2026-07-22,88.81,89.2,88.42,88.74,2687385
XRT,2026-07-23,87.37,87.47,85.865,86.38,6568609
XRT,2026-07-24,86.6,87.66,85.98,87.01,4440017
XRT,2026-07-27,88.09,89.68,87.96,89.54,7012621
XRT,2026-07-28,90.32,91.68,90.21,91.52,5073329
XRT,2026-07-29,90.98,92.94,90.74,91.4,5319390
XRT,2026-07-30,91.01,91.09,89.49,90.58,5297644
XRT,2026-07-31,90.45,90.46,89.35,89.78,4171793
XRT,2026-08-03,90.9,91.93,90.745,91.46,3354475
XRT,2026-08-04,91.27,92.7,91.15,92.35,4869782
XRT,2026-08-05,92.76,93.52,91.4,91.42,3940430
XRT,2026-08-06,90.63,90.94,89.77,89.85,5075548
XRT,2026-08-07,90.45,91.0,89.85,90.82,3418149
XRT,2026-08-10,91.11,91.23,90.385,90.59,5048006
XRT,2026-08-11,90.1,90.59,89.6,89.63,3245959
XRT,2026-08-12,89.38,89.73,88.42,88.78,3715640
XRT,2026-08-13,89.43,89.69,88.38,89.29,2953794
XRT,2026-08-14,89.16,89.44,88.64,88.95,3456405
XRT,2026-08-17,88.47,88.605,87.43,87.54,3616137
XRT,2026-08-18,87.74,88.55,87.08,87.13,3834670
XRT,2026-08-19,87.65,89.22,87.65,88.83,4572525
XRT,2026-08-20,87.14,87.58,86.36,86.73,7552180
XRT,2026-08-21,87.43,87.83,87.1525,87.71,2462071
XRT,2026-08-24,87.8,88.94,87.795,88.85,3645622
XRT,2026-08-25,88.57,88.725,87.56,87.89,3297417
XRT,2026-08-26,88.26,88.935,88.02,88.23,2930743
XRT,2026-08-27,87.25,87.678,86.46,86.59,3089817
XRT,2026-08-28,87.13,87.63,86.84,86.89,2410413
XRT,2026-08-31,86.83,86.99,86.09,86.1,3068692
XRT,2026-09-01,85.62,86.7,85.2861,85.92,4412706
XRT,2026-09-02,86.15,86.95,85.895,86.38,2568838
XRT,2026-09-03,86.99,87.43,85.95,86.73,3703126
XRT,2026-09-04,86.42,87.71,86.28,87.59,3041324
XRT,2026-09-08,87.31,87.51,85.43,85.7,4495939
XRT,2026-09-09,85.36,85.38,84.29,84.3,4315724
XRT,2026-09-10,83.72,84.02,83.12,83.63,5067157
XRT,2026-09-11,84.48,84.98,84.0,84.79,2943209
XRT,2026-09-14,84.68,86.105,84.47,85.52,3704499
XRT,2026-09-15,85.44,85.51,83.12,83.22,3891473
XRT,2026-09-16,83.42,84.15,82.425,82.73,5053121
XRT,2026-09-17,83.73,83.91,82.82,82.82,1917354
XRT,2026-09-18,82.465,82.82,82.0,82.03,2772051
XRT,2026-09-21,82.35,83.17,81.82,82.56,2439484
XRT,2026-09-22,83.61,84.39,83.205,83.67,3583862
XRT,2026-09-23,83.59,83.595,82.045,82.1,2805124
XRT,2026-09-24,82.2,82.66,81.64,82.1,2894842
XRT,2026-09-25,82.27,82.86,81.62,82.47,3429398
DIA,2026-07-17,519.64,525.36,518.9,520.81,4741258
DIA,2026-07-20,522.04,523.4,517.16,517.94,2336645
DIA,2026-07-21,519.63,523.01,518.12,521.51,3240689
DIA,2026-07-22,521.63,524.37,521.01,521.47,3204054
DIA,2026-07-23,515.07,518.17,514.72,516.26,4305149
DIA,2026-07-24,517.28,520.5599,516.27,518.76,3328437
DIA,2026-07-27,524.7,525.34,519.29,521.26,3355180
DIA,2026-07-28,526.19,528.47,523.67,526.89,5157908
DIA,2026-07-29,522.46,523.17,514.82,515.41,7369396
DIA,2026-07-30,518.84,521.98,515.87,521.51,3225305
DIA,2026-07-31,524.08,525.61,519.25,524.32,3981072
DIA,2026-08-03,529.55,531.65,528.69,531.22,4328031
DIA,2026-08-04,537.895,542.09,535.995,540.43,6705370
DIA,2026-08-05,543.3,546.75,542.65,542.81,5256729
DIA,2026-08-06,543.8,544.57,537.69,538.19,3651834
DIA,2026-08-07,538.705,540.22,537.43,539.62,2230137
DIA,2026-08-10,538.7,540.02,537.88,538.99,3408907
DIA,2026-08-11,539.91,541.715,536.91,537.28,2826808
DIA,2026-08-12,539.01,539.185,536.86,537.15,3167554
DIA,2026-08-13,538.7,539.967,535.69,537.91,2033071
DIA,2026-08-14,537.405,538.28,536.2,536.8,2089126
DIA,2026-08-17,534.495,535.975,533.49,534.19,2668110
DIA,2026-08-18,533.38,534.26,532.02,532.91,3825717
DIA,2026-08-19,535.33,536.68,533.58,534.27,3062663
DIA,2026-08-20,530.35,531.78,527.2,527.51,2868510
DIA,2026-08-21,530.03,532.91,529.43,532.22,3036554
DIA,2026-08-24,531.83,534.48,531.83,533.65,4593526
DIA,2026-08-25,536.37,536.52,533.185,535.24,2444451
DIA,2026-08-26,535.34,535.95,533.31,534.23,1761334
DIA,2026-08-27,533.56,536.63,532.92,535.22,2508817
DIA,2026-08-28,536.53,537.73,534.4,535.06,2655557
DIA,2026-08-31,533.56,533.56,530.78,531.57,1746083
DIA,2026-09-01,528.67,531.65,526.84,527.75,3190633
DIA,2026-09-02,529.51,532.17,529.24,530.62,3114797
DIA,2026-09-03,534.04,537.62,532.94,536.93,4808368
DIA,2026-09-04,535.13,536.37,532.93,534.08,2325722
DIA,2026-09-08,530.22,530.39,527.35,528.03,3649741
DIA,2026-09-09,525.64,525.74,523.25,524.07,3784538
DIA,2026-09-10,522.29,523.02,519.8,520.75,4750332
DIA,2026-09-11,525.37,527.36,524.29,525.79,3437463
DIA,2026-09-14,524.54,526.785,523.095,524.49,2702182
DIA,2026-09-15,523.18,523.64,519.21,521.23,3227139
DIA,2026-09-16,521.9,522.3,512.29,515.22,5678676
DIA,2026-09-17,520.49,520.67,516.55,518.35,4206584
DIA,2026-09-18,516.52,517.08,514.15,515.88,2689991
DIA,2026-09-21,520.03,520.52,516.76,519.78,3087942
DIA,2026-09-22,522.475,522.55,516.51,518.0,3377555
DIA,2026-09-23,516.02,517.66,513.95,514.3,4171459
DIA,2026-09-24,512.85,514.14,510.42,512.68,2770737
DIA,2026-09-25,514.0,517.92,512.59,517.49,2789652
SIL,2026-07-17,70.67,72.4,69.68,71.74,821356
SIL,2026-07-20,71.66,72.1719,70.72,71.41,1136120
SIL,2026-07-21,73.02,75.64,72.93,75.53,1068118
SIL,2026-07-22,76.97,79.199,76.9,77.4,1030340
SIL,2026-07-23,74.71,75.93,73.95,75.28,1185830
SIL,2026-07-24,75.77,76.82,75.08,75.44,539846
SIL,2026-07-27,76.19,76.56,74.085,75.78,558972
SIL,2026-07-28,74.44,74.969,72.8,73.99,711171
SIL,2026-07-29,73.17,75.285,71.09,72.94,1321557
SIL,2026-07-30,74.29,76.33,73.11,76.19,762865
SIL,2026-07-31,74.39,75.0,72.63,73.75,695599
SIL,2026-08-03,73.4,75.82,72.69,75.79,757269
SIL,2026-08-04,77.68,79.4999,77.51,78.59,1255117
SIL,2026-08-05,82.65,84.79,82.02,83.77,1820795
SIL,2026-08-06,82.44,84.2328,81.83,83.26,1181637
SIL,2026-08-07,88.22,89.25,86.9853,88.5,2744355
SIL,2026-08-10,88.25,90.8899,87.17,90.28,1504875
SIL,2026-08-11,90.16,91.1299,89.5311,90.8,1262419
SIL,2026-08-12,93.37,93.4,90.72,91.31,1238406
SIL,2026-08-13,89.73,89.75,87.83,88.68,1737494
SIL,2026-08-14,89.875,91.2899,89.265,89.55,820332
SIL,2026-08-17,90.1,91.56,89.26,90.72,930382
SIL,2026-08-18,89.22,89.75,87.18,87.53,980150
SIL,2026-08-19,92.2,96.31,91.94,95.87,1963712
SIL,2026-08-20,94.87,98.96,94.87,97.46,2862794
SIL,2026-08-21,100.23,100.88,98.37,99.55,2372547
SIL,2026-08-24,101.21,101.7,98.785,100.37,1598354
SIL,2026-08-25,98.42,102.87,98.09,102.8,1109141
SIL,2026-08-26,100.67,102.1,100.42,100.63,944322
SIL,2026-08-27,100.41,103.32,100.365,103.14,947688
SIL,2026-08-28,104.1,104.49,96.0,99.14,1916443
SIL,2026-08-31,98.65,98.825,96.03,97.95,1230718
SIL,2026-09-01,94.23,97.99,93.6101,94.29,1403426
SIL,2026-09-02,96.81,99.1599,96.7536,98.69,881391
SIL,2026-09-03,102.11,102.15,99.54,101.36,950634
SIL,2026-09-04,99.25,100.4,98.17,99.29,993092
SIL,2026-09-08,98.91,100.0,98.4,98.5,715011
SIL,2026-09-09,100.84,102.02,99.28,100.11,930958
SIL,2026-09-10,96.8,97.79,95.64,96.2,993504
SIL,2026-09-11,98.31,99.03,95.81,96.36,713543
SIL,2026-09-14,93.09,94.12,91.75,93.27,1377663
SIL,2026-09-15,93.5,93.6077,91.21,92.71,741599
SIL,2026-09-16,94.68,94.68,89.05,90.93,852516
SIL,2026-09-17,94.4,95.69,93.155,95.01,951518
SIL,2026-09-18,95.87,96.4322,93.68,95.2,800857
SIL,2026-09-21,95.49,95.49,92.91,93.76,551407
SIL,2026-09-22,93.49,98.04,93.27,97.41,608474
SIL,2026-09-23,94.34,94.72,91.68,92.22,1366255
SIL,2026-09-24,91.38,91.4328,89.6,90.96,1155452
SIL,2026-09-25,91.05,92.05,89.93,91.56,522297
AFK,2026-07-17,25.67,25.67,25.19,25.34,58029
AFK,2026-07-20,25.27,25.4,25.075,25.21,51857
AFK,2026-07-21,25.24,25.7,25.24,25.5547,42095
AFK,2026-07-22,25.7,26.11,25.7,25.86,137646
AFK,2026-07-23,25.5,25.75,25.272,25.49,72230
AFK,2026-07-24,25.5,25.74,25.0,25.66,417224
AFK,2026-07-27,25.87,25.925,25.53,25.72,19456
AFK,2026-07-28,25.63,26.12,25.5,25.5828,7510
AFK,2026-07-29,25.52,25.92,25.3,25.7008,48736
AFK,2026-07-30,25.98,26.36,25.7001,26.09,210360
AFK,2026-07-31,25.77,26.3,25.77,26.13,177580
AFK,2026-08-03,26.15,26.3099,25.65,26.26,127131
AFK,2026-08-04,26.63,26.995,26.6,26.73,162718
AFK,2026-08-05,27.11,27.45,27.11,27.355,70003
AFK,2026-08-06,27.39,27.43,27.25,27.295,5618
AFK,2026-08-07,27.82,28.4,27.6,28.4,25793
AFK,2026-08-10,28.2,28.608,28.11,28.48,40602
AFK,2026-08-11,28.31,28.8,28.15,28.1735,20749
AFK,2026-08-12,28.51,28.63,28.08,28.0858,117629
AFK,2026-08-13,28.13,28.25,27.8202,28.2,5507
AFK,2026-08-14,28.14,28.265,27.66,27.91,67640
AFK,2026-08-17,27.9,28.25,27.9,28.09,28374
AFK,2026-08-18,27.81,28.05,27.68,27.68,18041
AFK,2026-08-19,28.66,28.94,28.365,28.85,19815
AFK,2026-08-20,28.81,29.197,28.6509,29.1842,27371
AFK,2026-08-21,29.52,29.89,29.3601,29.86,19492
AFK,2026-08-24,29.74,29.7999,29.23,29.54,119141
AFK,2026-08-25,29.49,29.85,29.4201,29.85,20085
AFK,2026-08-26,29.9,29.9,29.63,29.75,11223
AFK,2026-08-27,29.7364,29.7364,29.225,29.6,40654
AFK,2026-08-28,29.81,29.81,28.8701,29.18,44865
AFK,2026-08-31,29.22,29.69,28.68,29.12,61602
AFK,2026-09-01,29.04,29.29,28.5231,28.75,91515
AFK,2026-09-02,28.99,29.3,28.61,29.25,74333
AFK,2026-09-03,29.34,29.89,29.34,29.87,82861
AFK,2026-09-04,29.51,29.89,29.5,29.78,80338
AFK,2026-09-08,29.7,30.1392,29.7,29.94,29464
AFK,2026-09-09,30.14,30.18,29.73,29.8,198487
AFK,2026-09-10,29.32,29.38,28.9168,29.14,20257
AFK,2026-09-11,29.39,29.625,28.99,28.99,42699
AFK,2026-09-14,28.5,28.715,28.23,28.68,56887
AFK,2026-09-15,28.73,28.73,28.24,28.65,51911
AFK,2026-09-16,28.65,28.72,28.02,28.4,21193
AFK,2026-09-17,28.96,29.06,28.54,29.01,76447
AFK,2026-09-18,28.8,28.98,28.62,28.98,31780
AFK,2026-09-21,29.02,29.135,28.7806,29.12,18659
AFK,2026-09-22,29.07,29.47,28.905,29.35,23095
AFK,2026-09-23,28.83,29.0,28.5001,28.66,13732
AFK,2026-09-24,28.47,28.53,28.02,28.53,34307
AFK,2026-09-25,28.53,28.66,28.1,28.66,88113
CTEC,2026-07-17,56.45,56.4567,56.45,56.4567,1088
CTEC,2026-07-20,55.63,55.76,55.24,55.3863,1826
CTEC,2026-07-21,56.1,57.44,56.1,57.3356,1579
CTEC,2026-07-22,57.08,57.29,56.8888,56.8888,721
CTEC,2026-07-23,56.2942,56.2942,56.2942,56.2942,401
CTEC,2026-07-24,55.34,55.66,53.09,54.0217,3457
CTEC,2026-07-27,53.64,54.1122,53.19,54.1122,1923
CTEC,2026-07-28,51.44,52.025,51.44,51.7731,4535
CTEC,2026-07-29,52.41,52.41,50.65,50.8241,994
CTEC,2026-07-30,53.51,54.3044,53.48,54.3044,1369
CTEC,2026-07-31,54.1,54.13,53.541,53.5466,593
CTEC,2026-08-03,54.44,55.8899,54.44,55.7235,3493
CTEC,2026-08-04,57.68,58.55,57.68,58.4784,1561
CTEC,2026-08-05,60.02,60.11,56.86,57.396,9553
CTEC,2026-08-06,57.3,57.66,50.5,57.2013,8917
CTEC,2026-08-07,56.94,58.79,56.94,58.4,1372
CTEC,2026-08-10,58.175,60.45,54.72,58.0052,10784
CTEC,2026-08-11,58.8468,58.8468,58.44,58.603,3128
CTEC,2026-08-12,60.99,60.99,60.2648,60.2648,1042
CTEC,2026-08-13,60.045,60.08,59.73,59.7733,1359
CTEC,2026-08-14,60.24,60.2401,59.6213,59.6213,1062
CTEC,2026-08-17,60.22,60.22,59.2826,59.2826,755
CTEC,2026-08-18,57.75,57.75,56.91,56.91,645
CTEC,2026-08-19,57.8918,57.8918,57.8623,57.8623,644
CTEC,2026-08-20,56.8,56.88,56.8,56.8043,556
CTEC,2026-08-21,57.87,57.87,57.07,57.1309,2400
CTEC,2026-08-24,56.78,57.04,56.74,56.74,1987
CTEC,2026-08-25,57.7,57.7,57.6059,57.6059,324
CTEC,2026-08-26,57.34,57.459,57.0275,57.459,1322
CTEC,2026-08-27,58.91,58.91,58.55,58.8894,2434
CTEC,2026-08-28,57.7991,57.7991,57.7991,57.7991,144
CTEC,2026-08-31,57.24,57.24,57.01,57.1688,1882
CTEC,2026-09-01,56.2228,56.29,56.2228,56.2546,1028
CTEC,2026-09-02,56.065,56.2722,56.065,56.2722,768
CTEC,2026-09-03,56.37,57.55,56.37,57.3034,1697
CTEC,2026-09-04,58.2805,58.2805,58.2805,58.2805,665
CTEC,2026-09-08,59.42,60.4,59.42,59.7794,1579
CTEC,2026-09-09,59.21,59.21,59.1393,59.1393,798
CTEC,2026-09-10,57.92,57.92,57.7984,57.7984,1579
CTEC,2026-09-11,58.59,58.59,58.42,58.5324,1589
CTEC,2026-09-14,56.3,56.9266,56.3,56.9266,826
CTEC,2026-09-15,56.96,57.01,56.49,56.5689,1886
CTEC,2026-09-16,56.6699,56.6699,56.0416,56.0416,687
CTEC,2026-09-17,57.35,57.64,57.35,57.4256,1762
CTEC,2026-09-18,56.29,56.46,56.29,56.3912,875
CTEC,2026-09-21,57.21,57.45,57.19,57.3964,1458
CTEC,2026-09-22,57.32,57.8797,57.32,57.8797,605
CTEC,2026-09-23,57.37,57.37,56.6805,56.6805,1691
CTEC,2026-09-24,55.67,55.93,55.38,55.6613,3611
CTEC,2026-09-25,56.5872,56.5872,56.5872,56.5872,263
ARKK,2026-07-17,74.66,76.29,73.84,75.2,5798070
ARKK,2026-07-20,75.71,76.17,74.645,74.95,3017189
ARKK,2026-07-21,75.68,77.935,75.56,77.695,3744415
ARKK,2026-07-22,76.84,77.65,75.91,76.03,4064439
ARKK,2026-07-23,74.25,75.28,73.13,73.83,5818237
ARKK,2026-07-24,73.78,73.905,71.36,71.89,5929199
ARKK,2026-07-27,73.05,73.7,71.22,72.53,3981164
ARKK,2026-07-28,71.335,72.74,70.155,72.45,4739385
ARKK,2026-07-29,72.03,72.98,70.34,70.58,6386896
ARKK,2026-07-30,71.365,73.02,71.13,72.9,4892888
ARKK,2026-07-31,72.97,72.97,69.89,71.24,6193136
ARKK,2026-08-03,70.8,73.695,70.19,73.54,5083914
ARKK,2026-08-04,74.56,77.11,74.53,76.76,6618318
ARKK,2026-08-05,76.77,77.49,76.14,76.18,5131502
ARKK,2026-08-06,75.11,76.61,74.9315,75.73,3630481
ARKK,2026-08-07,76.96,79.51,76.96,79.43,7041169
ARKK,2026-08-10,79.49,80.615,79.385,80.44,4028728
ARKK,2026-08-11,80.65,81.15,79.71,80.6,2943233
ARKK,2026-08-12,81.77,82.02,80.585,81.37,3337911
ARKK,2026-08-13,81.375,82.925,81.25,82.59,3048878
ARKK,2026-08-14,82.62,82.62,80.785,81.1,4053272
ARKK,2026-08-17,80.97,82.27,80.56,81.75,3860481
ARKK,2026-08-18,80.0,80.71,79.055,79.15,6734210
ARKK,2026-08-19,80.83,83.35,80.53,83.31,8922340
ARKK,2026-08-20,83.32,84.0,82.54,83.27,6327240
ARKK,2026-08-21,84.24,86.45,84.115,86.21,7150999
ARKK,2026-08-24,85.67,85.67,83.76,83.92,4415732
ARKK,2026-08-25,84.25,86.84,84.2001,86.37,5278661
ARKK,2026-08-26,85.475,86.37,85.0501,85.78,3012308
ARKK,2026-08-27,86.5,87.83,86.0275,87.38,2908911
ARKK,2026-08-28,86.71,87.19,84.18,84.59,5062246
ARKK,2026-08-31,83.84,85.73,83.5896,85.57,3100219
ARKK,2026-09-01,84.04,84.42,82.77,83.08,4145726
ARKK,2026-09-02,82.99,84.02,82.58,83.39,3739564
ARKK,2026-09-03,84.39,87.3,84.39,87.14,8203268
ARKK,2026-09-04,85.9,86.535,85.8,86.22,3454385
ARKK,2026-09-08,86.15,86.78,85.21,86.08,4001156
ARKK,2026-09-09,86.1,86.37,84.47,84.56,3807394
ARKK,2026-09-10,82.77,84.28,82.42,83.06,5120513
ARKK,2026-09-11,83.63,84.79,83.5,83.58,3272700
ARKK,2026-09-14,82.59,85.19,82.49,84.72,4619639
ARKK,2026-09-15,83.9,84.32,82.91,83.49,3870218
ARKK,2026-09-16,83.88,84.57,82.04,83.18,5457946
ARKK,2026-09-17,85.04,87.165,85.04,86.92,6759240
ARKK,2026-09-18,87.55,88.33,87.009,88.23,4400037
ARKK,2026-09-21,90.05,90.985,89.86,90.72,6119085
ARKK,2026-09-22,91.0,91.94,90.48,91.61,4951577
ARKK,2026-09-23,91.38,92.03,89.67,89.77,3863031
ARKK,2026-09-24,88.94,91.86,88.76,91.7,5475339
ARKK,2026-09-25,92.02,92.2,89.72,90.77,3982102
PBW,2026-07-17,32.72,33.94,32.36,33.39,729376
PBW,2026-07-20,33.65,33.81,32.99,33.21,567088
PBW,2026-07-21,33.66,34.34,33.45,34.24,533967
PBW,2026-07-22,34.01,34.63,33.81,33.83,817631
PBW,2026-07-23,33.38,34.09,33.1,33.22,1243128
PBW,2026-07-24,33.26,33.29,31.59,31.66,1168747
PBW,2026-07-27,32.19,32.445,31.29,32.24,1342252
PBW,2026-07-28,31.63,31.63,30.5,31.1,557152
PBW,2026-07-29,31.2,31.3,29.82,29.86,955989
PBW,2026-07-30,30.8,32.12,30.8,32.06,1664027
PBW,2026-07-31,32.67,32.96,31.68,32.11,2673828
PBW,2026-08-03,32.06,33.21,31.75,32.98,862189
PBW,2026-08-04,33.74,34.73,33.66,34.64,520168
PBW,2026-08-05,34.15,34.325,33.58,33.58,566197
PBW,2026-08-06,33.62,34.72,33.26,33.64,1061019
PBW,2026-08-07,34.38,34.84,33.61,34.81,657966
PBW,2026-08-10,34.94,35.15,34.6,34.61,376877
PBW,2026-08-11,34.9,35.32,34.77,35.01,1140998
PBW,2026-08-12,35.7,35.75,34.6,34.64,866206
PBW,2026-08-13,34.64,35.28,34.51,34.81,629795
PBW,2026-08-14,34.77,35.54,34.72,35.12,597821
PBW,2026-08-17,35.0,35.0,34.455,34.63,452692
PBW,2026-08-18,33.85,34.21,33.24,33.41,624180
PBW,2026-08-19,33.63,33.74,32.93,33.55,740757
PBW,2026-08-20,33.28,33.44,32.43,32.69,589534
PBW,2026-08-21,33.12,33.54,32.96,33.29,705587
PBW,2026-08-24,32.99,33.055,32.26,32.28,351837
PBW,2026-08-25,32.72,32.9,32.32,32.84,316689
PBW,2026-08-26,32.73,33.15,32.25,32.57,336811
PBW,2026-08-27,32.92,32.92,32.61,32.86,234696
PBW,2026-08-28,32.87,32.95,31.75,31.81,317728
PBW,2026-08-31,31.775,31.895,31.435,31.61,797193
PBW,2026-09-01,31.14,31.3,30.76,31.14,508924
PBW,2026-09-02,31.09,31.45,30.955,31.43,669434
PBW,2026-09-03,31.54,31.76,31.21,31.54,384924
PBW,2026-09-04,31.52,31.84,31.48,31.79,155975
PBW,2026-09-08,32.06,32.87,32.05,32.38,552666
PBW,2026-09-09,32.28,32.65,31.45,31.45,386802
PBW,2026-09-10,31.01,31.42,30.725,30.85,202282
PBW,2026-09-11,31.18,31.4,30.97,31.1,204511
PBW,2026-09-14,30.26,30.75,30.2,30.4,380697
PBW,2026-09-15,30.4,30.57,29.97,30.16,221599
PBW,2026-09-16,30.47,30.47,29.45,29.91,241304
PBW,2026-09-17,30.61,31.11,30.54,30.76,370441
PBW,2026-09-18,30.93,31.025,30.2,30.63,80246
PBW,2026-09-21,30.87,31.07,30.52,30.96,215081
PBW,2026-09-22,31.09,31.33,30.96,31.29,264539
PBW,2026-09-23,31.18,31.18,30.42,30.47,172923
PBW,2026-09-24,30.07,30.07,29.5,29.93,380526
PBW,2026-09-25,30.07,30.38,29.815,30.02,268073
SOYB,2026-07-17,25.36,25.51,25.36,25.49,45018
SOYB,2026-07-20,25.76,26.0,25.76,25.88,62262
SOYB,2026-07-21,25.85,25.88,25.7401,25.85,23532
SOYB,2026-07-22,26.0,26.18,25.99,26.11,99130
SOYB,2026-07-23,26.21,26.29,26.09,26.09,61507
SOYB,2026-07-24,26.11,26.37,26.11,26.28,47047
SOYB,2026-07-27,25.76,25.76,25.555,25.59,107236
SOYB,2026-07-28,25.58,25.8,25.58,25.71,52581
SOYB,2026-07-29,25.49,25.505,25.1907,25.21,72322
SOYB,2026-07-30,25.29,25.3472,25.172,25.18,30397
SOYB,2026-07-31,25.23,25.32,25.04,25.16,54786
SOYB,2026-08-03,25.1,25.31,24.98,25.24,52277
SOYB,2026-08-04,25.02,25.085,24.91,25.05,45253
SOYB,2026-08-05,24.96,25.0899,24.86,25.05,180472
SOYB,2026-08-06,25.07,25.099,24.93,25.03,21669
SOYB,2026-08-07,25.13,25.13,25.03,25.045,30401
SOYB,2026-08-10,25.2,25.2,25.0501,25.17,75095
SOYB,2026-08-11,25.05,25.08,24.89,24.9222,60060
SOYB,2026-08-12,25.0,25.38,25.0,25.24,74076
SOYB,2026-08-13,25.24,25.2904,25.18,25.2,16265
SOYB,2026-08-14,25.33,25.37,25.225,25.37,41538
SOYB,2026-08-17,25.5,25.83,25.475,25.8,62549
SOYB,2026-08-18,26.0,26.08,25.8,25.8,51489
SOYB,2026-08-19,25.97,26.2035,25.97,26.16,75866
SOYB,2026-08-20,26.2,26.2564,26.12,26.17,196865
SOYB,2026-08-21,26.11,26.25,26.02,26.24,345642
SOYB,2026-08-24,26.11,26.11,25.861,25.94,70234
SOYB,2026-08-25,25.78,26.2899,25.78,26.28,33835
SOYB,2026-08-26,26.33,26.8396,26.3,26.75,145624
SOYB,2026-08-27,26.73,26.89,26.51,26.76,81139
SOYB,2026-08-28,26.94,27.23,26.94,27.2,113217
SOYB,2026-08-31,27.13,27.3285,27.13,27.24,97923
SOYB,2026-09-01,27.49,27.84,27.47,27.78,105677
SOYB,2026-09-02,27.52,27.839,27.48,27.62,48209
SOYB,2026-09-03,27.37,27.8172,27.26,27.79,79200
SOYB,2026-09-04,27.72,27.76,27.58,27.65,76150
SOYB,2026-09-08,27.61,27.84,27.59,27.82,43618
SOYB,2026-09-09,27.7,27.83,27.61,27.66,38449
SOYB,2026-09-10,27.86,28.15,27.785,28.14,63032
SOYB,2026-09-11,27.94,28.1,27.39,27.5,128812
SOYB,2026-09-14,27.68,27.7,27.46,27.69,46105
SOYB,2026-09-15,27.5728,27.96,27.5728,27.95,30220
SOYB,2026-09-16,28.12,28.12,27.85,27.97,29218
SOYB,2026-09-17,28.0,28.09,27.84,27.97,40859
SOYB,2026-09-18,27.84,27.84,27.6,27.68,81534
SOYB,2026-09-21,27.83,28.19,27.83,28.12,165593
SOYB,2026-09-22,28.06,28.17,27.99,28.08,16226
SOYB,2026-09-23,28.0,28.0,27.87,27.99,26342
SOYB,2026-09-24,28.06,28.06,27.79,27.92,101418
SOYB,2026-09-25,27.645,27.95,27.59,27.72,35622
SPY,2026-07-17,742.08,747.29,740.8,743.29,62650961
SPY,2026-07-20,747.06,748.73,741.5103,742.09,50422324
SPY,2026-07-21,746.29,749.04,744.18,748.28,34324262
SPY,2026-07-22,746.62,750.02,746.37,747.41,32836200
SPY,2026-07-23,739.37,742.56,735.21,738.18,55437332
SPY,2026-07-24,738.51,743.72,737.29,738.93,44781983
SPY,2026-07-27,744.91,745.53,735.87,739.09,41461194
SPY,2026-07-28,739.19,742.7901,735.98,740.86,47322247
SPY,2026-07-29,739.97,742.68,729.1,729.46,70697215
SPY,2026-07-30,736.05,742.45,734.59,741.69,66811268
SPY,2026-07-31,744.68,748.895,737.68,747.03,62445899
SPY,2026-08-03,749.44,758.58,748.8,757.67,59927538
SPY,2026-08-04,760.63,773.41,760.52,771.33,69154788
SPY,2026-08-05,775.85,776.85,769.51,769.79,44689081
SPY,2026-08-06,770.21,771.82,767.46,768.56,38416896
SPY,2026-08-07,771.02,773.915,769.61,773.26,43586333
SPY,2026-08-10,772.6,775.05,771.62,773.03,39249478
SPY,2026-08-11,774.53,774.61,769.2,770.56,36740555
SPY,2026-08-12,774.71,774.9,771.28,772.49,33179126
SPY,2026-08-13,774.87,779.37,774.111,777.88,35634483
SPY,2026-08-14,778.54,778.8,775.4301,776.34,31367913
SPY,2026-08-17,776.18,776.775,772.51,772.67,34356577
SPY,2026-08-18,768.7,769.5,766.92,767.45,43920908
SPY,2026-08-19,770.36,772.47,768.1,769.06,40306023
SPY,2026-08-20,765.96,768.15,762.04,762.6,45520302
SPY,2026-08-21,766.05,767.85,764.17,765.72,39188673
SPY,2026-08-24,764.78,765.22,762.08,763.47,32430886
SPY,2026-08-25,766.16,766.78,763.0501,765.91,27422263
SPY,2026-08-26,764.73,767.35,763.93,766.08,28751592
SPY,2026-08-27,768.5,772.355,767.16,771.1,34557064
SPY,2026-08-28,771.76,775.3,768.3076,769.35,36744344
SPY,2026-08-31,767.33,767.995,764.715,767.05,38810779
SPY,2026-09-01,762.01,764.67,759.48,761.78,41126315
SPY,2026-09-02,762.45,766.43,761.73,765.16,29566216
SPY,2026-09-03,767.9,774.03,767.45,773.17,43531581
SPY,2026-09-04,772.01,772.87,769.0,770.19,34054199
SPY,2026-09-08,769.07,769.7,765.14,765.96,44746095
SPY,2026-09-09,764.08,764.47,760.94,762.4,32812411
SPY,2026-09-10,758.03,760.11,756.64,757.83,42740375
SPY,2026-09-11,764.72,766.38,763.6,764.29,45512741
SPY,2026-09-14,759.0,763.52,757.93,760.88,43992428
SPY,2026-09-15,760.117,760.35,756.15,757.39,46194964
SPY,2026-09-16,759.5,761.67,749.6,754.05,59217653
SPY,2026-09-17,763.15,763.57,759.96,762.6,49652754
SPY,2026-09-18,761.31,762.0,757.971,761.69,65395148
SPY,2026-09-21,766.251,774.89,766.03,773.5,50484685
SPY,2026-09-22,774.03,775.14,772.57,773.38,34802336
SPY,2026-09-23,772.79,773.05,766.5,767.81,54931688
SPY,2026-09-24,764.065,768.95,763.245,767.18,43983659
SPY,2026-09-25,768.78,772.28,766.29,771.35,36666733
GREK,2026-07-17,74.16,74.8,74.02,74.5973,92692
GREK,2026-07-20,75.18,75.18,74.36,74.68,25659
GREK,2026-07-21,76.24,77.39,76.13,77.14,126622
GREK,2026-07-22,75.86,77.555,75.81,77.16,123570
GREK,2026-07-23,75.04,75.73,75.04,75.279,78179
GREK,2026-07-24,76.66,77.77,76.6281,77.2,214263
GREK,2026-07-27,77.9,78.315,77.59,78.08,178444
GREK,2026-07-28,77.45,78.09,77.42,78.03,25374
GREK,2026-07-29,78.295,79.53,77.395,78.52,252660
GREK,2026-07-30,79.3,80.7119,79.11,80.7119,79203
GREK,2026-07-31,80.0,80.92,79.77,80.21,110012
GREK,2026-08-03,81.19,82.2,81.19,81.95,131282
GREK,2026-08-04,82.47,83.33,82.165,82.75,73000
GREK,2026-08-05,82.44,82.95,82.1,82.13,88921
GREK,2026-08-06,82.17,82.17,81.12,81.19,20292
GREK,2026-08-07,82.14,82.2755,81.6,81.79,28052
GREK,2026-08-10,81.91,82.25,81.63,81.96,17606
GREK,2026-08-11,82.47,82.47,81.72,81.91,11885
GREK,2026-08-12,82.78,82.85,82.02,82.0857,66956
GREK,2026-08-13,82.18,82.33,81.81,82.254,21209
GREK,2026-08-14,82.52,83.04,82.11,82.85,61385
GREK,2026-08-17,83.42,83.69,82.81,83.1285,25243
GREK,2026-08-18,82.32,82.79,82.19,82.71,39543
GREK,2026-08-19,82.66,83.4,82.4027,83.15,24676
GREK,2026-08-20,83.13,83.74,82.79,83.31,30496
GREK,2026-08-21,84.09,84.72,83.84,84.495,27681
GREK,2026-08-24,84.7,84.97,84.0,84.71,132419
GREK,2026-08-25,85.14,85.47,84.82,85.13,40807
GREK,2026-08-26,85.67,85.8999,85.1322,85.41,27629
GREK,2026-08-27,85.32,85.6899,84.81,85.55,14655
GREK,2026-08-28,85.65,86.09,85.134,85.26,21561
GREK,2026-08-31,85.89,85.89,84.88,85.19,43311
GREK,2026-09-01,84.39,85.35,83.66,84.0,34010
GREK,2026-09-02,84.97,85.29,83.651,84.34,22483
GREK,2026-09-03,85.86,86.7,85.4707,86.46,28571
GREK,2026-09-04,85.82,87.1,85.25,86.967,27170
GREK,2026-09-08,86.77,87.48,86.42,86.9,36436
GREK,2026-09-09,86.64,87.0968,86.38,86.53,76896
GREK,2026-09-10,86.08,86.7,86.0,86.38,22145
GREK,2026-09-11,87.24,87.68,86.75,87.51,19933
GREK,2026-09-14,85.89,86.885,85.81,86.22,26401
GREK,2026-09-15,86.22,86.22,85.38,86.07,40735
GREK,2026-09-16,86.36,86.36,85.1688,85.8,23718
GREK,2026-09-17,85.31,85.42,85.05,85.31,20251
GREK,2026-09-18,85.04,85.22,84.6,85.09,22138
GREK,2026-09-21,85.21,86.39,85.21,86.06,216483
GREK,2026-09-22,85.25,85.35,84.5001,84.86,24115
GREK,2026-09-23,83.64,84.1,82.91,82.99,21346
GREK,2026-09-24,82.81,83.6071,82.5305,82.94,12953
GREK,2026-09-25,84.4,84.99,83.99,84.8,110156
IWD,2026-07-17,248.71,250.5,247.71,248.03,1516814
IWD,2026-07-20,248.13,248.46,246.68,246.96,7189541
IWD,2026-07-21,246.88,247.71,246.02,247.44,889774
IWD,2026-07-22,247.8,248.57,247.11,247.52,1651421
IWD,2026-07-23,246.33,247.11,245.54,246.18,1582958
IWD,2026-07-24,246.77,249.05,246.75,248.24,1438585
IWD,2026-07-27,249.59,250.54,249.26,249.74,2433890
IWD,2026-07-28,251.26,252.73,251.09,252.04,1589282
IWD,2026-07-29,251.61,252.335,249.31,249.52,1619390
IWD,2026-07-30,250.03,251.0,248.3,250.71,1662918
IWD,2026-07-31,250.87,252.4,249.68,251.82,1758613
IWD,2026-08-03,253.31,254.57,253.31,254.24,1904189
IWD,2026-08-04,253.52,257.0,253.215,256.63,1418738
IWD,2026-08-05,257.76,257.83,255.52,256.13,1224630
IWD,2026-08-06,257.43,257.52,255.49,256.12,1205784
IWD,2026-08-07,256.19,257.69,256.005,257.56,763085
IWD,2026-08-10,257.21,258.44,257.055,258.31,1147976
IWD,2026-08-11,258.17,258.6915,257.75,257.92,1134714
IWD,2026-08-12,257.88,258.1384,256.95,257.77,2111649
IWD,2026-08-13,258.32,259.3,257.655,258.7,928338
IWD,2026-08-14,258.9,259.085,258.44,258.57,879413
IWD,2026-08-17,258.02,258.2398,256.58,256.62,1182799
IWD,2026-08-18,257.32,257.72,256.59,256.73,1061712
IWD,2026-08-19,258.0,260.19,257.95,258.77,2217747
IWD,2026-08-20,257.54,258.445,256.08,256.17,2365542
IWD,2026-08-21,257.1,257.91,256.705,257.29,1443484
IWD,2026-08-24,257.62,258.595,257.53,258.32,2296248
IWD,2026-08-25,258.38,258.44,257.5,258.27,1849776
IWD,2026-08-26,257.69,258.98,257.64,258.46,1145808
IWD,2026-08-27,257.44,258.18,257.0,257.58,1101680
IWD,2026-08-28,258.26,259.28,257.73,258.33,1260279
IWD,2026-08-31,257.56,257.665,256.53,256.91,2404959
IWD,2026-09-01,256.33,257.24,255.54,255.95,932490
IWD,2026-09-02,256.42,257.5779,256.26,257.08,1199034
IWD,2026-09-03,258.08,259.53,257.79,259.38,1296865
IWD,2026-09-04,258.06,258.63,257.36,257.63,1081247
IWD,2026-09-08,256.47,256.78,255.37,255.53,1209964
IWD,2026-09-09,254.82,255.06,253.755,254.06,2249664
IWD,2026-09-10,253.68,254.0,252.9683,253.33,1988882
IWD,2026-09-11,255.26,255.97,254.96,255.58,1353131
IWD,2026-09-14,255.59,256.36,254.91,255.37,1572551
IWD,2026-09-15,253.7,254.09,252.96,253.49,1789976
IWD,2026-09-16,253.54,253.67,249.86,251.16,1587069
IWD,2026-09-17,253.23,253.3304,251.995,252.82,1164592
IWD,2026-09-18,252.38,252.48,251.26,251.7,1339186
IWD,2026-09-21,252.82,253.97,252.09,253.45,1998581
IWD,2026-09-22,254.07,254.19,252.39,252.67,1390926
IWD,2026-09-23,252.42,252.75,251.17,251.42,1723143
IWD,2026-09-24,251.3,251.61,250.24,250.76,1513822
IWD,2026-09-25,250.83,252.27,250.2392,251.93,1396637
EWY,2026-07-17,156.605,169.0,154.2,162.54,38339342
EWY,2026-07-20,165.195,167.56,162.57,162.86,19112156
EWY,2026-07-21,169.77,174.19,168.9,172.9,21114718
EWY,2026-07-22,167.9,172.075,167.9,170.43,12918155
EWY,2026-07-23,171.0,175.08,169.29,173.86,18576285
EWY,2026-07-24,168.4,168.79,162.81,162.96,21010840
EWY,2026-07-27,166.53,166.91,156.88,161.2,19210126
EWY,2026-07-28,152.09,155.14,148.535,151.45,31679529
EWY,2026-07-29,148.83,154.06,142.64,144.21,48396201
EWY,2026-07-30,152.265,161.35,151.78,161.21,50704957
EWY,2026-07-31,164.61,166.04,156.42,157.1,37067891
EWY,2026-08-03,156.4,161.0,151.3,160.24,21410089
EWY,2026-08-04,166.45,172.62,166.085,171.14,23897727
EWY,2026-08-05,169.23,171.73,168.64,169.14,14362955
EWY,2026-08-06,161.94,167.94,160.185,164.12,17697581
EWY,2026-08-07,168.715,169.08,161.81,166.09,15097547
EWY,2026-08-10,163.0,164.94,162.13,163.12,13583695
EWY,2026-08-11,167.135,168.775,165.8,167.24,13177851
EWY,2026-08-12,174.87,175.96,173.63,175.87,17891349
EWY,2026-08-13,175.47,180.99,174.99,178.62,18507287
EWY,2026-08-14,182.15,183.55,178.55,179.74,11849707
EWY,2026-08-17,183.69,190.11,183.55,185.1,18325790
EWY,2026-08-18,175.79,177.2,169.95,170.05,34354965
EWY,2026-08-19,177.87,178.25,172.77,174.43,20135550
EWY,2026-08-20,176.75,179.8899,175.8263,178.16,12145099
EWY,2026-08-21,180.23,180.65,177.89,178.34,10162825
EWY,2026-08-24,176.65,176.65,171.26,173.64,14379987
EWY,2026-08-25,178.67,180.37,177.1,180.15,12425160
EWY,2026-08-26,179.44,180.77,178.45,179.18,8224838
EWY,2026-08-27,182.64,183.05,179.0701,182.14,10182303
EWY,2026-08-28,181.96,183.49,179.58,180.2,11269298
EWY,2026-08-31,181.045,182.27,179.24,180.86,9901605
EWY,2026-09-01,178.16,179.88,174.61,175.8,13438943
EWY,2026-09-02,176.81,179.68,176.2423,178.86,7322714
EWY,2026-09-03,178.29,180.81,176.07,180.56,10940273
EWY,2026-09-04,181.37,189.2,181.145,188.87,18366717
EWY,2026-09-08,191.29,192.16,189.43,189.91,14295968
EWY,2026-09-09,190.67,193.93,189.52,190.78,11184653
EWY,2026-09-10,186.13,186.94,182.58,182.78,14946372
EWY,2026-09-11,189.77,190.13,187.99,188.72,11838532
EWY,2026-09-14,178.5,179.54,175.655,176.22,24488662
EWY,2026-09-15,178.83,178.95,175.345,176.49,7084424
EWY,2026-09-16,179.63,180.19,173.9,175.54,10989532
EWY,2026-09-17,181.62,183.4225,181.42,182.39,10639228
EWY,2026-09-18,180.25,181.46,178.23,181.31,9096110
EWY,2026-09-21,186.74,189.68,185.87,189.16,14720976
EWY,2026-09-22,187.31,193.0,187.31,192.62,12875701
EWY,2026-09-23,188.87,189.18,184.91,185.65,16694915
EWY,2026-09-24,185.32,185.46,181.69,182.53,12692065
EWY,2026-09-25,186.125,187.64,184.18,187.18,12223922
BITQ,2026-07-17,21.89,22.6,21.49,22.12,77798
BITQ,2026-07-20,22.74,23.94,22.74,23.55,97310
BITQ,2026-07-21,24.1,25.2128,24.1,24.82,251898
BITQ,2026-07-22,24.38,25.24,24.38,24.71,161776
BITQ,2026-07-23,24.32,25.045,24.1501,24.41,48921
BITQ,2026-07-24,24.0051,24.04,23.29,23.29,85567
BITQ,2026-07-27,23.81,23.965,23.1651,23.56,49225
BITQ,2026-07-28,22.98,23.14,22.17,23.04,58484
BITQ,2026-07-29,22.92,22.92,21.27,21.35,119265
BITQ,2026-07-30,22.16,23.677,22.16,23.61,87675
BITQ,2026-07-31,23.74,23.74,22.28,22.79,53818
BITQ,2026-08-03,22.45,23.72,22.285,23.55,80135
BITQ,2026-08-04,23.16,23.7997,23.16,23.46,167078
BITQ,2026-08-05,23.51,23.7,22.95,23.04,62201
BITQ,2026-08-06,22.5,23.1779,22.5,22.56,49834
BITQ,2026-08-07,23.2599,23.2599,22.52,22.88,31057
BITQ,2026-08-10,22.86,22.86,22.15,22.19,34432
BITQ,2026-08-11,22.71,22.95,22.22,22.41,77862
BITQ,2026-08-12,23.16,23.16,22.56,22.74,70104
BITQ,2026-08-13,22.8,23.43,22.5001,22.84,67989
BITQ,2026-08-14,22.57,22.91,22.36,22.7,53017
BITQ,2026-08-17,22.76,23.54,22.74,23.36,261739
BITQ,2026-08-18,22.83,23.13,22.28,22.28,35087
BITQ,2026-08-19,22.32,23.8344,22.14,23.25,166012
BITQ,2026-08-20,24.3,24.59,23.98,24.59,108627
BITQ,2026-08-21,25.51,26.0799,24.87,25.17,124307
BITQ,2026-08-24,25.21,25.6994,24.84,24.957,147553
BITQ,2026-08-25,24.82,26.18,24.8,26.03,212064
BITQ,2026-08-26,25.57,25.81,25.1001,25.34,95386
BITQ,2026-08-27,25.91,26.61,25.695,26.24,166764
BITQ,2026-08-28,25.73,25.89,24.487,24.67,79441
BITQ,2026-08-31,24.57,25.3399,24.3438,25.28,55490
BITQ,2026-09-01,24.55,24.8,24.11,24.21,49329
BITQ,2026-09-02,23.96,24.5074,23.72,24.39,35455
BITQ,2026-09-03,24.9,26.8,24.85,26.78,156567
BITQ,2026-09-04,26.05,26.695,26.05,26.62,155519
BITQ,2026-09-08,26.45,27.05,26.2656,26.66,62539
BITQ,2026-09-09,27.03,27.12,26.06,26.06,71339
BITQ,2026-09-10,25.42,25.82,25.1849,25.33,68509
BITQ,2026-09-11,25.62,26.58,25.475,25.82,199119
BITQ,2026-09-14,25.37,26.28,25.37,26.07,51362
BITQ,2026-09-15,25.3,25.3,24.271,24.62,151213
BITQ,2026-09-16,24.67,24.8543,23.9,24.35,91755
BITQ,2026-09-17,25.26,25.43,24.7604,25.19,68584
BITQ,2026-09-18,25.8,27.32,25.8,27.27,106407
BITQ,2026-09-21,28.39,28.47,27.98,28.19,243185
BITQ,2026-09-22,28.04,28.59,28.04,28.46,136411
BITQ,2026-09-23,28.14,28.6,27.75,27.78,124491
BITQ,2026-09-24,27.43,28.1006,27.35,27.79,79766
BITQ,2026-09-25,27.84,27.84,26.6,27.0,59077
IBLC,2026-07-17,41.12,42.18,40.5,41.9282,6326
IBLC,2026-07-20,43.73,45.0,43.62,44.5135,8242
IBLC,2026-07-21,45.6,47.34,45.6,46.84,6344
IBLC,2026-07-22,45.87,47.305,45.87,46.4954,2557
IBLC,2026-07-23,45.92,47.09,45.685,46.1355,3401
IBLC,2026-07-24,45.8,45.8,44.27,44.27,4797
IBLC,2026-07-27,45.14,45.56,43.47,44.2838,9677
IBLC,2026-07-28,41.69,43.6199,41.69,43.3057,17684
IBLC,2026-07-29,43.07,43.07,40.14,40.14,12042
IBLC,2026-07-30,43.31,44.81,43.31,44.64,17485
IBLC,2026-07-31,43.3964,43.7413,42.51,43.36,7834
IBLC,2026-08-03,42.7787,45.03,42.777,44.74,7928
IBLC,2026-08-04,44.09,45.39,44.09,44.9594,8644
IBLC,2026-08-05,45.16,45.16,43.75,43.7579,9753
IBLC,2026-08-06,42.84,44.015,42.69,43.0284,8329
IBLC,2026-08-07,43.52,43.6936,43.205,43.6936,3734
IBLC,2026-08-10,43.63,43.63,42.405,42.4112,17229
IBLC,2026-08-11,43.125,43.45,42.725,42.8737,7037
IBLC,2026-08-12,44.53,44.53,43.2799,43.7,7696
IBLC,2026-08-13,43.81,44.535,43.04,43.6126,15049
IBLC,2026-08-14,43.3,43.8705,43.3,43.6556,5796
IBLC,2026-08-17,43.81,44.45,43.81,44.24,8623
IBLC,2026-08-18,43.375,43.375,42.22,42.36,5260
IBLC,2026-08-19,42.55,44.45,41.792,43.7011,9024
IBLC,2026-08-20,44.84,45.62,44.615,45.5765,17877
IBLC,2026-08-21,47.0,47.36,45.605,46.06,13521
IBLC,2026-08-24,46.03,46.46,45.4009,45.4009,11193
IBLC,2026-08-25,45.33,47.51,45.33,47.3565,17370
IBLC,2026-08-26,46.55,46.615,46.125,46.42,24290
IBLC,2026-08-27,47.42,48.36,46.95,47.775,13302
IBLC,2026-08-28,46.6401,46.6401,44.49,44.7764,18927
IBLC,2026-08-31,44.61,45.98,44.485,45.959,5430
IBLC,2026-09-01,44.72,44.75,43.85,44.0519,9463
IBLC,2026-09-02,44.149,44.69,44.05,44.6,3340
IBLC,2026-09-03,46.075,48.18,46.075,48.18,41424
IBLC,2026-09-04,47.24,48.2227,47.24,48.2227,8355
IBLC,2026-09-08,48.66,49.2,48.49,48.49,6788
IBLC,2026-09-09,48.92,49.12,47.54,47.54,43155
IBLC,2026-09-10,46.46,47.025,46.2268,46.2268,41321
IBLC,2026-09-11,46.78,47.86,46.78,47.2286,1964
IBLC,2026-09-14,46.05,47.47,46.05,47.26,7446
IBLC,2026-09-15,46.41,46.41,44.35,44.8,25925
IBLC,2026-09-16,45.14,45.42,43.77,44.48,26311
IBLC,2026-09-17,46.0,46.42,45.5,46.1492,8347
IBLC,2026-09-18,47.25,49.42,47.25,49.42,7979
IBLC,2026-09-21,51.12,51.22,50.535,50.89,12467
IBLC,2026-09-22,50.61,51.54,50.61,51.4,6648
IBLC,2026-09-23,50.8,51.3836,50.12,50.1316,9935
IBLC,2026-09-24,49.43,49.98,49.32,49.8859,2498
IBLC,2026-09-25,50.06,50.06,48.34,48.5991,3110
VUG,2026-07-17,84.79,85.825,84.315,85.27,8811485
VUG,2026-07-20,85.83,86.25,85.27,85.33,6877705
VUG,2026-07-21,86.105,86.24,85.6533,86.13,9326374
VUG,2026-07-22,85.735,86.08,85.5,85.68,4388834
VUG,2026-07-23,84.22,84.52,83.215,83.78,5930297
VUG,2026-07-24,83.79,84.37,83.291,83.48,7058267
VUG,2026-07-27,84.3723,84.59,82.935,83.38,4459620
VUG,2026-07-28,83.16,83.6568,82.265,83.33,8123049
VUG,2026-07-29,83.14,83.99,81.955,82.07,7062285
VUG,2026-07-30,83.46,84.4001,83.255,84.27,6428760
VUG,2026-07-31,84.61,85.465,83.71,85.2,6342465
VUG,2026-08-03,85.57,87.39,85.46,87.08,7509007
VUG,2026-08-04,87.63,89.4551,87.56,89.09,8399493
VUG,2026-08-05,89.81,90.015,88.6651,88.73,6298552
VUG,2026-08-06,88.55,89.155,88.46,88.68,6921619
VUG,2026-08-07,89.31,89.62,88.985,89.4,5120684
VUG,2026-08-10,89.39,89.605,88.965,89.18,7907398
VUG,2026-08-11,89.44,89.49,88.415,88.59,6844303
VUG,2026-08-12,89.315,89.38,88.7617,88.87,6865384
VUG,2026-08-13,89.21,89.95,89.08,89.73,4780134
VUG,2026-08-14,89.89,89.9,89.215,89.34,5145743
VUG,2026-08-17,89.43,89.54,88.815,88.87,4528884
VUG,2026-08-18,87.91,88.23,87.765,87.86,4697166
VUG,2026-08-19,88.05,88.39,87.465,87.93,9363226
VUG,2026-08-20,87.74,87.91,87.07,87.17,4602652
VUG,2026-08-21,87.58,87.81,87.08,87.5,4339176
VUG,2026-08-24,87.31,87.35,86.65,86.93,4457395
VUG,2026-08-25,87.48,87.78,87.06,87.4,4713776
VUG,2026-08-26,87.23,87.605,87.0,87.41,3362796
VUG,2026-08-27,88.21,89.02,87.93,88.9,4686037
VUG,2026-08-28,89.03,89.5651,88.41,88.54,4009881
VUG,2026-08-31,88.36,88.36,87.88,88.24,4403765
VUG,2026-09-01,87.24,87.8577,87.04,87.37,5183576
VUG,2026-09-02,87.36,87.875,87.135,87.6,4347018
VUG,2026-09-03,88.0,89.115,87.94,88.88,5522913
VUG,2026-09-04,89.04,89.04,88.23,88.45,3498414
VUG,2026-09-08,88.5,88.52,87.895,88.12,4854565
VUG,2026-09-09,87.94,87.97,87.4399,87.68,4840349
VUG,2026-09-10,86.93,87.515,86.85,87.21,5396833
VUG,2026-09-11,88.07,88.4551,87.92,88.02,4687680
VUG,2026-09-14,87.125,88.1399,86.98,87.71,5359042
VUG,2026-09-15,87.6,87.68,86.9123,87.06,6030928
VUG,2026-09-16,87.37,87.91,86.48,87.06,6484209
VUG,2026-09-17,88.44,88.575,87.992,88.43,4630090
VUG,2026-09-18,88.795,88.84,88.22,88.75,3908968
VUG,2026-09-21,89.555,91.195,89.32,91.02,6717062
VUG,2026-09-22,91.07,91.4299,90.99,91.12,7232699
VUG,2026-09-23,91.16,91.1695,90.0248,90.27,5905799
VUG,2026-09-24,89.585,90.635,89.5,90.45,4363981
VUG,2026-09-25,90.67,91.0701,90.25,90.94,5876616
DAPP,2026-07-17,16.75,17.42,16.45,17.06,135696
DAPP,2026-07-20,17.46,18.485,17.46,18.16,370000
DAPP,2026-07-21,18.79,19.598,18.64,19.32,319550
DAPP,2026-07-22,18.92,19.6,18.92,19.12,367422
DAPP,2026-07-23,18.8,19.57,18.68,18.99,324991
DAPP,2026-07-24,18.68,18.75,18.03,18.03,385772
DAPP,2026-07-27,18.43,18.705,17.79,18.21,134623
DAPP,2026-07-28,17.69,17.89,17.06,17.76,153691
DAPP,2026-07-29,17.71,17.71,16.23,16.35,281908
DAPP,2026-07-30,17.08,18.34,17.08,18.25,223574
DAPP,2026-07-31,18.5,18.71,17.31,17.63,342984
DAPP,2026-08-03,17.38,18.51,17.2,18.35,389349
DAPP,2026-08-04,18.15,18.67,18.0,18.44,603082
DAPP,2026-08-05,18.42,18.55,17.94,17.97,86711
DAPP,2026-08-06,17.56,18.06,17.37,17.43,400519
DAPP,2026-08-07,17.91,17.97,17.3,17.69,203785
DAPP,2026-08-10,17.82,17.82,17.1,17.12,126948
DAPP,2026-08-11,17.62,17.79,17.17,17.36,114334
DAPP,2026-08-12,17.98,18.15,17.49,17.73,144658
DAPP,2026-08-13,17.73,18.28,17.53,17.83,550662
DAPP,2026-08-14,17.72,17.92,17.33,17.76,305979
DAPP,2026-08-17,17.67,18.29,17.66,18.17,2856004
DAPP,2026-08-18,17.76,17.965,17.3,17.35,190972
DAPP,2026-08-19,17.41,18.5,17.14,18.13,637084
DAPP,2026-08-20,18.83,19.095,18.63,19.03,1029534
DAPP,2026-08-21,19.68,20.28,19.25,19.48,655053
DAPP,2026-08-24,19.56,19.94,19.27,19.36,499356
DAPP,2026-08-25,19.28,20.34,19.26,20.27,546320
DAPP,2026-08-26,19.86,20.0599,19.52,19.68,1722757
DAPP,2026-08-27,20.14,20.76,19.87,20.32,470557
DAPP,2026-08-28,19.98,20.1,18.91,19.05,484256
DAPP,2026-08-31,18.98,19.55,18.715,19.53,1060784
DAPP,2026-09-01,19.0,19.1108,18.4646,18.59,375576
DAPP,2026-09-02,18.29,18.85,18.1323,18.83,346542
DAPP,2026-09-03,19.09,20.72,19.05,20.65,3533126
DAPP,2026-09-04,20.1,20.57,20.03,20.47,1417991
DAPP,2026-09-08,20.32,20.845,20.13,20.55,875682
DAPP,2026-09-09,20.83,20.96,20.06,20.09,519416
DAPP,2026-09-10,19.61,19.93,19.36,19.51,3432358
DAPP,2026-09-11,19.83,20.54,19.55,19.92,948895
DAPP,2026-09-14,19.33,20.255,19.33,19.96,592527
DAPP,2026-09-15,19.54,19.54,18.57,18.8,335676
DAPP,2026-09-16,18.83,19.04,18.23,18.64,200683
DAPP,2026-09-17,19.33,19.55,18.93,19.33,395288
DAPP,2026-09-18,19.71,20.935,19.71,20.91,829349
DAPP,2026-09-21,21.72,21.74,21.35,21.43,3974163
DAPP,2026-09-22,21.36,22.1,21.34,21.72,2699631
DAPP,2026-09-23,21.65,21.849,21.03,21.05,1062149
DAPP,2026-09-24,20.78,21.31,20.65,20.96,376910
DAPP,2026-09-25,20.98,21.02,20.115,20.41,459786
COPX,2026-07-17,72.21,74.095,71.76,73.35,2234537
COPX,2026-07-20,73.58,74.39,73.45,73.86,1551040
COPX,2026-07-21,76.12,78.48,76.0201,78.24,3561132
COPX,2026-07-22,79.25,80.435,79.185,79.99,2974803
COPX,2026-07-23,78.48,79.505,77.58,78.37,2421927
COPX,2026-07-24,78.19,78.85,77.38,77.72,2120872
COPX,2026-07-27,78.71,78.8,76.33,77.9,2226988
COPX,2026-07-28,76.29,76.955,75.02,76.52,2440017
COPX,2026-07-29,76.33,78.5,74.85,76.14,2944102
COPX,2026-07-30,78.83,79.65,77.9,79.5,3081340
COPX,2026-07-31,79.26,79.45,77.24,78.86,1574866
COPX,2026-08-03,78.33,79.55,77.64,79.36,1996596
COPX,2026-08-04,82.69,84.18,82.33,83.99,3942622
COPX,2026-08-05,86.17,87.4,86.012,86.72,3738809
COPX,2026-08-06,86.67,87.44,85.445,86.09,3171813
COPX,2026-08-07,87.95,88.56,87.115,88.03,4404376
COPX,2026-08-10,88.93,89.82,88.17,89.51,2145488
COPX,2026-08-11,89.26,89.4795,87.625,88.59,1690525
COPX,2026-08-12,89.92,90.25,88.24,88.3,2021902
COPX,2026-08-13,86.76,87.1254,85.0,85.52,4882818
COPX,2026-08-14,85.47,86.58,85.47,85.7,1626481
COPX,2026-08-17,86.35,87.58,86.22,87.34,2303277
COPX,2026-08-18,86.42,87.06,84.93,85.57,3183931
COPX,2026-08-19,88.11,89.07,87.29,88.28,3437421
COPX,2026-08-20,87.24,89.96,87.2,89.93,2541826
COPX,2026-08-21,93.09,94.845,92.83,94.59,5560676
COPX,2026-08-24,95.58,96.09,93.57,94.53,4030173
COPX,2026-08-25,93.93,96.34,93.63,96.32,3043589
COPX,2026-08-26,96.38,97.15,95.3082,95.54,3257380
COPX,2026-08-27,95.07,96.5,94.75,96.45,2145503
COPX,2026-08-28,97.11,97.59,93.83,94.42,2596406
COPX,2026-08-31,94.4,94.6499,92.28,92.86,2759304
COPX,2026-09-01,91.2,92.44,89.15,89.24,5084817
COPX,2026-09-02,90.24,91.3,89.05,89.9,3662539
COPX,2026-09-03,92.0,92.38,90.1,91.25,3370995
COPX,2026-09-04,90.05,91.175,89.76,90.66,1359185
COPX,2026-09-08,93.86,95.81,93.52,94.38,4482624
COPX,2026-09-09,95.67,96.5,94.2,95.27,2938953
COPX,2026-09-10,89.66,89.7,88.2,88.61,5838940
COPX,2026-09-11,89.67,90.05,87.99,88.53,3052624
COPX,2026-09-14,84.955,86.37,84.25,85.62,3772803
COPX,2026-09-15,85.51,85.56,83.66,84.59,2580028
COPX,2026-09-16,86.13,86.13,83.1,84.19,2306447
COPX,2026-09-17,86.65,87.24,86.1,86.61,2030187
COPX,2026-09-18,86.9,87.42,85.92,87.28,2065856
COPX,2026-09-21,87.94,88.39,86.535,87.49,2140766
COPX,2026-09-22,88.47,90.39,88.17,89.98,2136930
COPX,2026-09-23,87.34,87.77,86.17,87.03,2324428
COPX,2026-09-24,86.0,86.62,85.2,86.25,1303485
COPX,2026-09-25,86.11,87.05,85.44,86.73,939349
CLNE,2026-07-17,2.36,2.425,2.34,2.38,1080423
CLNE,2026-07-20,2.33,2.36,2.16,2.17,2382771
CLNE,2026-07-21,2.15,2.195,2.05,2.13,2371880
CLNE,2026-07-22,2.14,2.17,2.11,2.12,817256
CLNE,2026-07-23,2.13,2.18,2.08,2.09,1439011
CLNE,2026-07-24,2.09,2.09,2.01,2.03,1095779
CLNE,2026-07-27,2.01,2.04,1.93,1.96,1054302
CLNE,2026-07-28,1.97,1.9832,1.89,1.91,901485
CLNE,2026-07-29,1.92,1.95,1.88,1.89,819225
CLNE,2026-07-30,1.9,1.95,1.895,1.93,777931
CLNE,2026-07-31,1.93,1.94,1.891,1.94,1197751
CLNE,2026-08-03,1.94,1.95,1.85,1.86,1208711
CLNE,2026-08-04,1.87,1.925,1.8586,1.87,2015891
CLNE,2026-08-05,1.885,1.885,1.81,1.88,1211213
CLNE,2026-08-06,1.88,1.885,1.835,1.86,1182174
CLNE,2026-08-07,1.8,1.805,1.57,1.575,6443398
CLNE,2026-08-10,1.64,1.655,1.56,1.61,2919986
CLNE,2026-08-11,1.685,1.795,1.68,1.71,3480368
CLNE,2026-08-12,1.73,1.76,1.72,1.74,1353776
CLNE,2026-08-13,1.74,1.83,1.74,1.79,2407554
CLNE,2026-08-14,1.8,1.85,1.795,1.83,1892928
CLNE,2026-08-17,1.815,1.83,1.645,1.655,2798986
CLNE,2026-08-18,1.66,1.67,1.6,1.605,1206149
CLNE,2026-08-19,1.6,1.62,1.56,1.57,2528770
CLNE,2026-08-20,1.57,1.62,1.54,1.61,2146860
CLNE,2026-08-21,1.62,1.65,1.58,1.62,1447258
CLNE,2026-08-24,1.62,1.62,1.59,1.59,970811
CLNE,2026-08-25,1.58,1.61,1.57,1.57,2070678
CLNE,2026-08-26,1.57,1.635,1.56,1.62,1273393
CLNE,2026-08-27,1.63,1.645,1.565,1.6,2646646
CLNE,2026-08-28,1.6,1.64,1.6,1.63,1019598
CLNE,2026-08-31,1.65,1.66,1.59,1.59,1263797
CLNE,2026-09-01,1.59,1.62,1.57,1.61,1486804
CLNE,2026-09-02,1.6,1.73,1.6,1.72,2462418
CLNE,2026-09-03,1.72,1.73,1.61,1.62,1576651
CLNE,2026-09-04,1.62,1.65,1.61,1.65,637079
CLNE,2026-09-08,1.665,1.69,1.63,1.64,707377
CLNE,2026-09-09,1.65,1.66,1.62,1.64,1105392
CLNE,2026-09-10,1.65,1.7,1.58,1.59,2519611
CLNE,2026-09-11,1.59,1.65,1.56,1.63,1747970
CLNE,2026-09-14,1.65,1.8,1.645,1.78,3592736
CLNE,2026-09-15,1.78,1.82,1.72,1.73,2150480
CLNE,2026-09-16,1.69,1.725,1.67,1.7,1575645
CLNE,2026-09-17,1.7,1.75,1.69,1.74,1031063
CLNE,2026-09-18,1.74,1.78,1.68,1.69,8723615
CLNE,2026-09-21,1.67,1.775,1.67,1.72,1255419
CLNE,2026-09-22,1.72,1.73,1.665,1.68,1494400
CLNE,2026-09-23,1.68,1.6855,1.62,1.62,915261
CLNE,2026-09-24,1.64,1.665,1.62,1.64,920166
CLNE,2026-09-25,1.62,1.64,1.59,1.6,795544
PPA,2026-07-17,167.89,171.24,167.34,168.51,165625
PPA,2026-07-20,169.4,170.5,167.5506,167.83,190638
PPA,2026-07-21,167.9,169.9493,166.27,168.88,209662
PPA,2026-07-22,169.45,171.21,169.13,170.2,172161
PPA,2026-07-23,170.69,176.235,170.69,174.26,239465
PPA,2026-07-24,175.02,176.605,174.83,175.26,189884
PPA,2026-07-27,176.8,178.909,175.37,177.18,186522
PPA,2026-07-28,177.42,177.8,175.52,177.66,158155
PPA,2026-07-29,177.38,177.9446,170.7001,170.92,282353
PPA,2026-07-30,171.42,172.8426,169.09,172.63,167300
PPA,2026-07-31,173.84,175.23,171.44,174.44,136929
PPA,2026-08-03,175.27,179.2,175.18,179.14,150404
PPA,2026-08-04,181.18,184.26,180.15,183.54,195986
PPA,2026-08-05,184.49,185.61,183.02,183.47,196487
PPA,2026-08-06,182.92,185.68,181.42,181.96,184632
PPA,2026-08-07,182.83,183.8,180.504,183.78,132706
PPA,2026-08-10,184.05,185.54,183.73,184.02,144372
PPA,2026-08-11,183.62,185.23,183.47,184.07,116791
PPA,2026-08-12,184.75,185.25,183.24,184.46,143180
PPA,2026-08-13,184.78,184.78,182.27,183.27,124223
PPA,2026-08-14,183.78,185.09,183.4501,185.09,143271
PPA,2026-08-17,184.48,185.0856,183.06,183.18,132923
PPA,2026-08-18,181.9,183.02,181.76,182.56,111650
PPA,2026-08-19,183.12,183.12,179.31,179.48,152095
PPA,2026-08-20,178.52,178.52,173.77,173.77,190066
PPA,2026-08-21,174.81,175.41,173.4853,173.67,449696
PPA,2026-08-24,173.0,173.0,170.48,170.79,194920
PPA,2026-08-25,172.21,172.365,170.33,170.62,138662
PPA,2026-08-26,170.87,173.2,170.87,172.41,155775
PPA,2026-08-27,172.52,172.55,170.815,171.69,167466
PPA,2026-08-28,172.0,172.0,169.46,170.01,152782
PPA,2026-08-31,168.79,169.1,166.9451,167.39,276774
PPA,2026-09-01,166.42,168.44,164.8136,165.12,263057
PPA,2026-09-02,165.66,165.66,163.15,163.57,232236
PPA,2026-09-03,164.67,165.57,163.12,165.57,216185
PPA,2026-09-04,165.18,165.99,164.575,165.18,175826
PPA,2026-09-08,164.85,165.8825,163.89,163.95,241847
PPA,2026-09-09,163.8,164.09,161.25,161.3,242269
PPA,2026-09-10,160.55,162.5416,160.295,160.68,194579
PPA,2026-09-11,162.4,162.61,160.95,161.81,152761
PPA,2026-09-14,159.91,161.29,159.45,160.65,171148
PPA,2026-09-15,161.16,161.185,158.46,159.47,231767
PPA,2026-09-16,160.16,161.78,158.8689,160.17,264503
PPA,2026-09-17,162.15,162.15,159.19,160.04,223751
PPA,2026-09-18,160.0,160.0,158.55,159.78,197039
PPA,2026-09-21,160.23,161.68,159.565,161.17,209615
PPA,2026-09-22,162.13,162.13,157.94,159.61,295110
PPA,2026-09-23,159.58,161.36,159.47,159.5,245129
PPA,2026-09-24,158.74,160.57,158.25,159.09,216564
PPA,2026-09-25,159.57,160.415,158.666721,159.32,231449
OIH,2026-07-17,376.23,379.89,372.65,378.99,243619
OIH,2026-07-20,378.28,381.58,374.84,375.18,109373
OIH,2026-07-21,376.31,384.54,369.07,383.49,259772
OIH,2026-07-22,386.94,393.35,386.86,388.48,220682
OIH,2026-07-23,394.01,395.56,382.36,382.96,251037
OIH,2026-07-24,388.23,396.1,388.11,391.66,372296
OIH,2026-07-27,389.52,399.59,384.75,385.68,366661
OIH,2026-07-28,383.49,383.93,370.56,371.35,347150
OIH,2026-07-29,380.89,382.62,367.55,367.94,302539
OIH,2026-07-30,369.13,376.57,369.13,375.83,190404
OIH,2026-07-31,378.27,386.64,375.28,384.81,165946
OIH,2026-08-03,378.64,383.89,373.42,382.13,179279
OIH,2026-08-04,379.58,392.74,379.3,392.15,226237
OIH,2026-08-05,394.37,395.22,384.86,385.06,171649
OIH,2026-08-06,390.98,397.91,388.68,392.08,180338
OIH,2026-08-07,391.45,395.82,387.68,388.28,107159
OIH,2026-08-10,392.76,412.1,392.76,411.34,520491
OIH,2026-08-11,411.03,416.58,411.03,415.3,204619
OIH,2026-08-12,415.77,415.97,411.005,413.24,157383
OIH,2026-08-13,409.83,413.66,406.18,410.57,140148
OIH,2026-08-14,411.58,424.0,411.58,421.33,193317
OIH,2026-08-17,423.74,426.79,419.81,426.6,314912
OIH,2026-08-18,427.44,428.75,420.25,420.49,158809
OIH,2026-08-19,424.24,426.57,416.38,418.69,154573
OIH,2026-08-20,421.15,424.5,414.655,416.06,295395
OIH,2026-08-21,418.17,422.28,412.25,415.33,253021
OIH,2026-08-24,413.12,413.12,402.04,408.71,266701
OIH,2026-08-25,405.49,411.46,405.41,405.69,225331
OIH,2026-08-26,401.43,406.93,397.0,404.88,199034
OIH,2026-08-27,404.02,419.51,402.68,414.95,371639
OIH,2026-08-28,414.46,418.97,411.32,418.31,272350
OIH,2026-08-31,425.99,433.99,421.875,429.18,327581
OIH,2026-09-01,432.02,432.87,426.14,426.88,347454
OIH,2026-09-02,424.45,438.35,421.41,436.58,355875
OIH,2026-09-03,437.0,439.77,429.5,429.81,248962
OIH,2026-09-04,427.06,428.02,422.91,427.53,212909
OIH,2026-09-08,433.81,437.0,428.34,428.57,213379
OIH,2026-09-09,432.39,440.105,428.805,429.35,215067
OIH,2026-09-10,432.5,432.5,416.5,420.22,272875
OIH,2026-09-11,421.65,425.62,416.64,420.67,234222
OIH,2026-09-14,418.1,418.1,400.25,402.06,363713
OIH,2026-09-15,404.33,413.12,403.47,411.51,439985
OIH,2026-09-16,410.65,411.82,393.94,399.85,333701
OIH,2026-09-17,401.6,406.1,399.55,400.6,204476
OIH,2026-09-18,399.68,400.56,396.5,398.71,130553
OIH,2026-09-21,396.89,400.3525,391.4001,396.63,261139
OIH,2026-09-22,392.3,400.7,390.0816,395.06,185600
OIH,2026-09-23,396.97,399.88,392.62,395.66,350715
OIH,2026-09-24,398.06,399.095,393.23,394.2,158495
OIH,2026-09-25,392.49,397.83,390.56,393.68,112430
SLV,2026-07-17,49.7,50.82,49.61,50.78,15482026
SLV,2026-07-20,51.2,51.7,50.95,50.98,12897577
SLV,2026-07-21,52.86,53.52,52.66,53.08,12776301
SLV,2026-07-22,53.78,55.08,53.78,53.92,13925340
SLV,2026-07-23,52.09,52.46,51.77,52.06,13724967
SLV,2026-07-24,52.34,53.325,52.3,52.59,11134383
SLV,2026-07-27,53.04,53.325,52.5699,52.93,13115190
SLV,2026-07-28,51.61,52.01,51.185,51.7,10764255
SLV,2026-07-29,51.72,53.555,51.27,51.77,20374085
SLV,2026-07-30,52.35,53.55,52.205,53.5,16206558
SLV,2026-07-31,51.95,52.415,51.54,52.36,11609650
SLV,2026-08-03,51.25,52.62,51.12,52.46,11966291
SLV,2026-08-04,53.97,54.275,53.58,53.84,14035782
SLV,2026-08-05,56.1,56.745,55.8,56.07,21619175
SLV,2026-08-06,55.46,55.88,55.0,55.85,13389022
SLV,2026-08-07,57.999,58.18,56.99,57.5,20302140
SLV,2026-08-10,57.8,59.72,57.52,59.41,21772575
SLV,2026-08-11,58.674,58.99,58.155,58.55,13408867
SLV,2026-08-12,59.58,59.955,58.79,59.06,18591950
SLV,2026-08-13,58.81,58.8812,58.01,58.16,11659981
SLV,2026-08-14,58.83,59.365,58.42,58.48,10303467
SLV,2026-08-17,59.0,60.145,58.95,59.57,12275110
SLV,2026-08-18,58.615,59.01,57.23,57.44,13479453
SLV,2026-08-19,58.904,60.05,58.585,60.01,21288027
SLV,2026-08-20,60.26,62.33,60.26,61.66,24147928
SLV,2026-08-21,62.9,63.205,62.26,62.72,22835515
SLV,2026-08-24,62.81,63.03,61.73,62.2,19895181
SLV,2026-08-25,60.99,62.62,60.94,62.32,14178744
SLV,2026-08-26,61.59,61.96,61.015,61.59,12864824
SLV,2026-08-27,61.67,62.97,61.08,62.77,14484698
SLV,2026-08-28,63.93,64.31,59.73,60.02,36189751
SLV,2026-08-31,60.39,60.42,59.66,60.13,14752321
SLV,2026-09-01,58.39,59.0621,57.85,57.92,17814046
SLV,2026-09-02,58.73,59.24,58.55,59.07,10760558
SLV,2026-09-03,60.02,60.95,59.5999,60.55,13837414
SLV,2026-09-04,59.155,59.97,59.125,59.82,12642832
SLV,2026-09-08,59.87,60.145,59.21,59.37,9745767
SLV,2026-09-09,61.17,61.705,60.16,60.72,20478001
SLV,2026-09-10,58.42,58.725,57.38,57.5,23370720
SLV,2026-09-11,58.73,58.959,57.875,58.12,15711610
SLV,2026-09-14,56.84,57.68,56.65,56.84,14182076
SLV,2026-09-15,57.48,57.75,56.95,57.53,11807698
SLV,2026-09-16,58.35,58.63,56.275,57.05,20877542
SLV,2026-09-17,59.04,59.745,58.89,58.97,14093984
SLV,2026-09-18,60.08,60.37,59.58,59.93,15705142
SLV,2026-09-21,60.14,60.15,59.355,59.63,10799174
SLV,2026-09-22,59.31,61.0,59.05,60.73,15574319
SLV,2026-09-23,59.0,59.03,58.02,58.16,14987010
SLV,2026-09-24,57.29,57.84,56.95,57.62,15817010
SLV,2026-09-25,57.8,58.515,57.25,58.14,13695362
CGW,2026-07-17,66.21,66.67,65.74,65.76,23089
CGW,2026-07-20,65.93,65.93,64.94,65.17,38387
CGW,2026-07-21,65.0,65.0,64.4,64.531,23755
CGW,2026-07-22,64.79,65.11,64.79,65.11,14544
CGW,2026-07-23,64.46,64.62,64.273,64.61,19175
CGW,2026-07-24,64.61,64.94,64.48,64.67,25940
CGW,2026-07-27,64.98,65.1789,64.53,64.65,57403
CGW,2026-07-28,65.1,66.13,64.83,65.6,28075
CGW,2026-07-29,65.45,65.45,64.48,64.66,16753
CGW,2026-07-30,65.06,65.66,64.5582,64.999,22157
CGW,2026-07-31,65.09,65.175,64.5263,64.97,13380
CGW,2026-08-03,65.33,65.67,65.01,65.27,42642
CGW,2026-08-04,65.62,66.4599,65.3863,66.311,17371
CGW,2026-08-05,66.96,66.96,66.545,66.76,17615
CGW,2026-08-06,67.0,67.0,66.4,66.59,16939
CGW,2026-08-07,66.56,67.0143,66.49,66.74,13646
CGW,2026-08-10,66.38,66.38,65.7979,65.98,18634
CGW,2026-08-11,65.98,66.48,65.7001,66.0925,14978
CGW,2026-08-12,66.27,66.3249,65.73,65.8249,16644
CGW,2026-08-13,65.79,65.8974,65.45,65.6303,16781
CGW,2026-08-14,65.55,65.55,65.185,65.4319,12287
CGW,2026-08-17,65.27,65.27,64.81,64.9125,22135
CGW,2026-08-18,64.91,64.91,64.55,64.5532,18429
CGW,2026-08-19,65.09,65.575,65.09,65.3425,34583
CGW,2026-08-20,65.15,65.21,64.73,64.86,15800
CGW,2026-08-21,65.12,65.27,64.9961,65.1,15500
CGW,2026-08-24,65.16,65.535,65.13,65.44,40431
CGW,2026-08-25,65.74,65.74,65.42,65.61,27783
CGW,2026-08-26,65.75,65.9649,65.57,65.74,12676
CGW,2026-08-27,65.4,65.4341,65.06,65.3625,15858
CGW,2026-08-28,65.47,65.47,64.81,65.23,21186
CGW,2026-08-31,65.05,65.05,64.77,64.89,21307
CGW,2026-09-01,64.53,64.61,63.8,63.8129,42236
CGW,2026-09-02,63.99,64.3799,63.855,64.2019,11219
CGW,2026-09-03,64.6,64.8,64.315,64.67,22084
CGW,2026-09-04,64.5,64.9,64.5,64.6347,17450
CGW,2026-09-08,64.59,64.9999,64.5107,64.57,15721
CGW,2026-09-09,64.57,64.57,63.94,64.09,21679
CGW,2026-09-10,63.79,63.8784,63.32,63.4495,18263
CGW,2026-09-11,63.93,63.97,63.33,63.49,20426
CGW,2026-09-14,62.98,63.33,62.765,63.22,20784
CGW,2026-09-15,63.09,63.33,62.8443,63.01,26023
CGW,2026-09-16,63.24,63.6217,63.0,63.3,28661
CGW,2026-09-17,63.87,63.87,63.33,63.43,16296
CGW,2026-09-18,63.09,63.245,62.9301,63.19,18337
CGW,2026-09-21,63.57,63.67,63.2533,63.4924,15090
CGW,2026-09-22,63.69,64.05,63.66,63.8979,22743
CGW,2026-09-23,63.46,63.46,62.9,62.9,17630
CGW,2026-09-24,63.05,63.21,62.43,62.48,17996
CGW,2026-09-25,62.64,62.92,62.42,62.84,12349
XLK,2026-07-17,172.85,177.92,171.34,175.59,12036704
XLK,2026-07-20,177.19,178.7,175.52,175.71,7638589
XLK,2026-07-21,179.56,181.015,178.17,180.78,7506833
XLK,2026-07-22,178.155,181.43,178.15,180.27,5357598
XLK,2026-07-23,178.8,180.39,177.2,178.45,7177020
XLK,2026-07-24,177.82,179.01,175.05,175.88,7739565
XLK,2026-07-27,177.83,178.3,171.73,174.3,8376633
XLK,2026-07-28,171.21,172.17,167.54,171.09,10049334
XLK,2026-07-29,171.12,172.51,166.462,166.57,14380490
XLK,2026-07-30,172.81,176.09,172.16,175.73,15103710
XLK,2026-07-31,177.46,178.62,172.7,175.35,9146173
XLK,2026-08-03,174.01,178.92,173.04,178.04,9343373
XLK,2026-08-04,182.52,187.705,181.87,186.9,13495817
XLK,2026-08-05,187.34,188.62,185.71,185.91,7571369
XLK,2026-08-06,183.19,186.91,182.06,185.33,6706016
XLK,2026-08-07,187.99,188.73,185.74,187.97,6361238
XLK,2026-08-10,188.08,188.84,186.265,186.32,6486751
XLK,2026-08-11,187.69,187.71,185.07,186.09,5759202
XLK,2026-08-12,189.47,189.59,188.33,188.86,5887231
XLK,2026-08-13,189.13,191.74,188.86,190.77,4873867
XLK,2026-08-14,191.14,191.35,189.25,190.01,3634377
XLK,2026-08-17,190.79,191.75,190.105,190.32,6099468
XLK,2026-08-18,186.29,187.5,184.33,185.62,8436259
XLK,2026-08-19,186.39,186.91,182.41,183.64,7310368
XLK,2026-08-20,183.47,184.71,182.66,183.1,5012105
XLK,2026-08-21,184.42,184.56,181.9,183.31,5781767
XLK,2026-08-24,181.68,181.8792,178.815,180.05,6544935
XLK,2026-08-25,182.11,183.02,180.59,181.74,5364934
XLK,2026-08-26,180.71,183.345,180.71,182.84,4671370
XLK,2026-08-27,186.47,188.735,185.67,188.61,8139215
XLK,2026-08-28,188.07,188.67,185.51,185.69,6302813
XLK,2026-08-31,185.775,186.65,185.28,186.5,4877266
XLK,2026-09-01,183.7,184.92,182.63,183.64,7651287
XLK,2026-09-02,183.46,183.78,182.27,183.6,5706707
XLK,2026-09-03,183.52,186.32,182.49,185.97,6094599
XLK,2026-09-04,187.19,188.2,186.42,187.28,5105560
XLK,2026-09-08,188.64,189.08,187.02,187.87,8425293
XLK,2026-09-09,187.53,188.83,187.15,187.87,5993489
XLK,2026-09-10,185.24,186.52,184.565,185.22,5571344
XLK,2026-09-11,187.35,188.64,186.88,187.67,6535157
XLK,2026-09-14,183.0,185.6,182.08,184.28,8537788
XLK,2026-09-15,184.5,185.07,183.46,183.74,6148635
XLK,2026-09-16,184.93,186.13,182.42,183.93,8068958
XLK,2026-09-17,187.3,188.53,186.73,188.06,7392633
XLK,2026-09-18,189.23,189.81,187.52,189.6,6999752
XLK,2026-09-21,191.79,195.09,190.97,194.85,9047358
XLK,2026-09-22,194.59,196.505,194.47,196.27,8737052
XLK,2026-09-23,196.66,196.68,193.82,195.34,5854181
XLK,2026-09-24,193.0,195.2,192.61,194.71,6359329
XLK,2026-09-25,195.53,196.94,195.05,196.27,6005591
FGM,2026-07-17,62.1601,62.6913,62.1601,62.6913,3834
FGM,2026-07-20,61.9038,61.9038,61.9038,61.9038,195
FGM,2026-07-21,62.7744,62.7744,62.7744,62.7744,241
FGM,2026-07-22,62.8811,62.8811,62.8811,62.8811,359
FGM,2026-07-23,61.78,61.78,61.71,61.7707,1441
FGM,2026-07-24,61.895,61.9996,61.895,61.9996,712
FGM,2026-07-27,62.1,62.3106,62.1,62.3106,4402
FGM,2026-07-28,62.5711,62.5711,62.5711,62.5711,138
FGM,2026-07-29,62.4,62.8999,62.4,62.4649,1260
FGM,2026-07-30,63.75,63.9196,63.75,63.9196,619
FGM,2026-07-31,63.245,63.245,63.2392,63.2392,906
FGM,2026-08-03,63.7375,63.7375,63.7375,63.7375,242
FGM,2026-08-04,63.59,64.1664,63.59,64.1664,1263
FGM,2026-08-05,63.9256,63.9256,63.9256,63.9256,1701
FGM,2026-08-06,63.685,63.7005,63.63,63.7005,1406
FGM,2026-08-07,63.815,64.02,63.815,63.93,2796
FGM,2026-08-10,63.375,63.375,63.3022,63.3022,1534
FGM,2026-08-11,63.55,63.55,63.3634,63.3634,401
FGM,2026-08-12,63.63,63.63,63.44,63.4595,1195
FGM,2026-08-13,63.38,63.4673,63.33,63.4673,3175
FGM,2026-08-14,63.54,63.5787,63.54,63.5787,379
FGM,2026-08-17,62.92,63.38,62.92,63.1913,1533
FGM,2026-08-18,62.89,62.89,62.485,62.5447,1764
FGM,2026-08-19,63.0,63.1474,63.0,63.1474,500
FGM,2026-08-20,62.76,62.8394,62.76,62.8394,257
FGM,2026-08-21,63.545,63.545,63.5272,63.5272,521
FGM,2026-08-24,63.25,63.5,63.25,63.5,3238
FGM,2026-08-25,63.53,63.86,63.53,63.8569,3152
FGM,2026-08-26,64.16,64.16,63.88,64.0243,2940
FGM,2026-08-27,64.32,64.406,64.32,64.406,2687
FGM,2026-08-28,64.61,64.6115,64.41,64.4847,4667
FGM,2026-08-31,64.25,64.25,63.76,63.9721,2245
FGM,2026-09-01,63.16,63.16,62.9273,62.9273,1071
FGM,2026-09-02,60.25,62.8939,60.25,62.8939,949
FGM,2026-09-03,63.82,63.82,63.69,63.69,346
FGM,2026-09-04,64.69,64.7,64.2,64.2734,3355
FGM,2026-09-08,64.71,64.7247,64.71,64.7247,372
FGM,2026-09-09,64.07,64.07,64.07,64.07,187
FGM,2026-09-10,63.38,63.38,63.0974,63.0974,1398
FGM,2026-09-11,63.52,63.52,63.37,63.4114,957
FGM,2026-09-14,61.71,62.46,61.71,62.3967,2503
FGM,2026-09-15,62.2646,62.2646,62.2646,62.2646,166
FGM,2026-09-16,62.45,62.535,61.9838,61.9838,774
FGM,2026-09-17,62.54,62.54,61.35,62.4451,4339
FGM,2026-09-18,61.45,61.556,61.45,61.556,34409
FGM,2026-09-21,61.66,61.87,61.66,61.8114,36648
FGM,2026-09-22,62.41,62.4149,62.11,62.4149,1591
FGM,2026-09-23,61.165,61.165,60.9011,60.9011,937
FGM,2026-09-24,60.625,60.625,60.3774,60.3774,722
FGM,2026-09-25,60.46,60.8572,60.16,60.8572,489
GLD,2026-07-17,364.11,369.21,363.6,368.41,6456632
GLD,2026-07-20,367.79,368.7893,366.8,367.6,3922524
GLD,2026-07-21,371.7,375.01,371.07,374.81,6070621
GLD,2026-07-22,379.068,382.22,378.83,379.12,7115061
GLD,2026-07-23,372.36,373.0852,370.53,371.52,9820641
GLD,2026-07-24,371.26,374.49,371.03,371.9,3852356
GLD,2026-07-27,373.89,375.53,372.91,374.63,3699961
GLD,2026-07-28,369.605,371.23,367.98,369.37,4819262
GLD,2026-07-29,368.29,377.62,366.526,371.08,11839935
GLD,2026-07-30,374.16,377.86,373.755,377.16,5968409
GLD,2026-07-31,370.84,372.01,368.815,371.54,6825924
GLD,2026-08-03,370.1,372.035,368.6428,371.71,4968937
GLD,2026-08-04,374.14,376.69,373.71,374.16,5723063
GLD,2026-08-05,384.96,391.51,384.32,389.64,14758685
GLD,2026-08-06,389.5,392.12,387.27,389.67,10954325
GLD,2026-08-07,399.595,400.66,396.95,398.47,13324498
GLD,2026-08-10,397.714,403.24,395.93,402.54,11056999
GLD,2026-08-11,403.44,404.03,399.89,400.96,7439138
GLD,2026-08-12,405.31,407.36,403.22,404.92,10383089
GLD,2026-08-13,402.17,402.58,398.28,398.96,8695240
GLD,2026-08-14,402.18,403.33,400.935,401.48,6749803
GLD,2026-08-17,402.335,406.23,402.18,405.49,9604102
GLD,2026-08-18,402.55,404.32,397.87,398.55,10660892
GLD,2026-08-19,408.81,414.0,407.47,413.84,17480673
GLD,2026-08-20,410.08,416.45,409.82,415.26,13900940
GLD,2026-08-21,420.53,424.89,419.42,423.36,14528985
GLD,2026-08-24,428.55,429.42,424.2,426.69,18942968
GLD,2026-08-25,422.775,428.1399,422.33,428.07,12450559
GLD,2026-08-26,423.0,424.95,420.31,421.32,9816476
GLD,2026-08-27,420.815,423.35,418.43,422.6,7088987
GLD,2026-08-28,422.24,424.79,407.62,408.89,25044424
GLD,2026-08-31,407.76,408.8,404.9,408.42,9490022
GLD,2026-09-01,398.285,401.25,396.45,396.75,13143009
GLD,2026-09-02,399.71,403.33,399.58,402.78,13714094
GLD,2026-09-03,410.71,413.54,408.54,410.22,12509474
GLD,2026-09-04,404.66,408.0,403.96,406.77,9819435
GLD,2026-09-08,403.56,404.28,399.48,399.72,8992198
GLD,2026-09-09,406.11,406.56,401.1815,403.35,8188431
GLD,2026-09-10,399.53,401.15,395.451,396.36,10202948
GLD,2026-09-11,402.526,403.65,398.14,398.77,10962990
GLD,2026-09-14,391.89,395.9,390.96,392.84,7435126
GLD,2026-09-15,393.11,395.31,391.81,394.15,6705452
GLD,2026-09-16,398.91,400.6,388.39,391.74,15773160
GLD,2026-09-17,400.28,401.44,398.04,398.36,7746109
GLD,2026-09-18,400.48,403.15,398.13,401.17,9523869
GLD,2026-09-21,400.165,400.24,396.34,398.38,6410962
GLD,2026-09-22,397.07,400.78,395.58,400.07,6519914
GLD,2026-09-23,395.33,395.5,391.8701,392.88,7546968
GLD,2026-09-24,391.96,393.07,389.049,391.69,6710214
GLD,2026-09-25,392.21,394.2199,390.05,393.41,7701093
VGK,2026-07-17,88.14,88.845,88.14,88.59,1164986
VGK,2026-07-20,88.48,88.62,87.62,87.69,2553050
VGK,2026-07-21,88.26,88.825,87.995,88.76,2128498
VGK,2026-07-22,89.44,89.49,89.05,89.09,2169163
VGK,2026-07-23,87.66,88.1,87.595,87.83,2832181
VGK,2026-07-24,88.49,88.86,88.235,88.41,2579173
VGK,2026-07-27,89.23,89.32,88.525,88.84,1920113
VGK,2026-07-28,88.65,89.45,88.6,89.23,1475059
VGK,2026-07-29,89.115,89.9,88.4,88.86,2115168
VGK,2026-07-30,90.28,91.07,90.06,90.99,3662660
VGK,2026-07-31,90.67,90.89,89.705,90.59,2676133
VGK,2026-08-03,90.75,90.98,90.665,90.93,2634606
VGK,2026-08-04,91.6,91.955,91.41,91.84,1999375
VGK,2026-08-05,92.04,92.21,91.77,91.85,1424064
VGK,2026-08-06,92.03,92.275,91.76,91.83,4135984
VGK,2026-08-07,92.85,92.85,92.38,92.6,1293143
VGK,2026-08-10,92.32,92.445,92.17,92.26,1564662
VGK,2026-08-11,92.5,92.765,92.105,92.3,1028855
VGK,2026-08-12,92.56,92.56,92.09,92.25,1103132
VGK,2026-08-13,92.49,92.49,92.13,92.38,982058
VGK,2026-08-14,92.43,92.56,92.205,92.37,961551
VGK,2026-08-17,92.37,92.51,92.034,92.1,2781110
VGK,2026-08-18,91.73,91.965,91.46,91.55,1743125
VGK,2026-08-19,92.2,92.35,91.97,92.23,3150575
VGK,2026-08-20,92.06,92.38,91.845,92.01,1555121
VGK,2026-08-21,92.495,92.785,92.49,92.72,1491562
VGK,2026-08-24,92.55,92.725,92.475,92.61,1024350
VGK,2026-08-25,92.82,93.2,92.805,93.19,2627888
VGK,2026-08-26,93.2,93.29,92.625,92.7,1271325
VGK,2026-08-27,92.5,92.61,91.98,92.28,1484543
VGK,2026-08-28,92.56,92.69,91.845,91.98,1433709
VGK,2026-08-31,92.1,92.27,91.48,91.66,1767108
VGK,2026-09-01,91.26,91.455,90.595,90.72,2860769
VGK,2026-09-02,90.94,91.04,90.66,90.96,2236376
VGK,2026-09-03,91.67,91.8052,91.185,91.74,1421275
VGK,2026-09-04,91.5,91.94,91.36,91.74,1082464
VGK,2026-09-08,91.585,91.835,91.17,91.19,1074943
VGK,2026-09-09,90.64,90.88,90.19,90.21,1728194
VGK,2026-09-10,89.75,90.03,89.37,89.42,1283305
VGK,2026-09-11,90.31,90.42,89.89,90.02,1071089
VGK,2026-09-14,89.305,89.705,88.88,89.23,1858939
VGK,2026-09-15,89.0,89.055,88.68,88.96,1253652
VGK,2026-09-16,89.31,89.51,88.13,88.63,1659154
VGK,2026-09-17,89.51,89.73,89.225,89.37,5431012
VGK,2026-09-18,88.42,88.49,88.005,88.21,3706506
VGK,2026-09-21,89.29,89.41,88.88,89.24,1532496
VGK,2026-09-22,89.39,89.64,88.86,89.43,2024978
VGK,2026-09-23,88.53,88.71,87.685,88.01,2156607
VGK,2026-09-24,87.9,88.365,87.5,88.07,5719804
VGK,2026-09-25,88.33,88.67,87.965,88.63,1166051
BKF,2026-07-17,39.46,39.6081,39.45,39.6081,4748
BKF,2026-07-20,40.01,40.2401,40.005,40.0422,4725
BKF,2026-07-21,40.12,40.12,40.04,40.0825,2170
BKF,2026-07-22,39.81,39.8489,39.81,39.8489,1303
BKF,2026-07-23,39.65,39.65,39.5549,39.5549,462
BKF,2026-07-24,39.55,39.785,39.55,39.5809,3076
BKF,2026-07-27,39.94,40.2004,39.94,40.2004,1686
BKF,2026-07-28,40.09,40.4011,40.09,40.4011,1810
BKF,2026-07-29,40.5311,40.5433,40.5311,40.5433,404
BKF,2026-07-30,40.75,40.9919,40.4701,40.9919,4902
BKF,2026-07-31,40.94,41.0999,40.87,41.0958,19503
BKF,2026-08-03,41.325,41.325,41.2266,41.2266,2186
BKF,2026-08-04,41.12,41.39,41.12,41.37,3102
BKF,2026-08-05,41.4,41.45,41.2,41.2474,4641
BKF,2026-08-06,41.06,41.19,41.06,41.1033,1467
BKF,2026-08-07,41.39,41.51,41.38,41.39,5985
BKF,2026-08-10,41.3,41.4953,41.3,41.4953,5317
BKF,2026-08-11,41.02,41.04,40.7918,40.8567,3538
BKF,2026-08-12,40.79,40.79,40.515,40.575,4125
BKF,2026-08-13,40.45,40.45,40.18,40.2538,4292
BKF,2026-08-14,40.2,40.2696,40.2,40.2696,2397
BKF,2026-08-17,40.43,40.53,40.3801,40.4248,651
BKF,2026-08-18,40.335,40.36,40.29,40.29,8626
BKF,2026-08-19,40.5504,40.6065,40.5504,40.6065,895
BKF,2026-08-20,40.4569,40.5967,40.4569,40.5967,1290
BKF,2026-08-21,40.885,40.97,40.77,40.77,4306
BKF,2026-08-24,40.45,40.4929,40.44,40.487,858
BKF,2026-08-25,40.74,40.82,40.72,40.82,10389
BKF,2026-08-26,40.86,40.8748,40.66,40.66,5528
BKF,2026-08-27,40.5948,40.5948,40.5948,40.5948,195
BKF,2026-08-28,40.78,40.78,40.6948,40.6948,1825
BKF,2026-08-31,40.67,40.67,40.5734,40.5734,467
BKF,2026-09-01,40.66,40.66,40.53,40.53,280
BKF,2026-09-02,40.78,40.8819,40.76,40.8378,1925
BKF,2026-09-03,40.69,40.851,40.66,40.851,2471
BKF,2026-09-04,40.9,41.11,40.85,40.9709,1125
BKF,2026-09-08,40.51,40.615,40.45,40.4912,4730
BKF,2026-09-09,40.29,40.29,40.1113,40.1113,2742
BKF,2026-09-10,39.76,39.8021,39.76,39.8021,1548
BKF,2026-09-11,39.88,39.94,39.83,39.84,2512
BKF,2026-09-14,39.8599,39.9887,39.8599,39.9887,549
BKF,2026-09-15,39.665,39.665,39.49,39.5555,3613
BKF,2026-09-16,39.39,39.4,38.98,39.05,9109
BKF,2026-09-17,39.53,39.73,39.42,39.45,11679
BKF,2026-09-18,39.56,39.6351,39.55,39.6,4033
BKF,2026-09-21,40.06,40.2658,39.98,40.2658,13252
BKF,2026-09-22,40.36,40.375,40.2,40.3749,55242
BKF,2026-09-23,39.9504,39.9504,39.754,39.754,876
BKF,2026-09-24,39.34,39.3736,39.34,39.34,51969
BKF,2026-09-25,39.375,39.375,39.28,39.28,735
IZRL,2026-07-17,29.33,30.2,29.33,30.09,5357
IZRL,2026-07-20,30.05,30.26,30.05,30.0748,2396
IZRL,2026-07-21,30.82,30.82,30.3753,30.4673,6120
IZRL,2026-07-22,29.97,30.32,29.8914,29.8914,8127
IZRL,2026-07-23,29.45,29.74,29.44,29.4701,5634
IZRL,2026-07-24,29.92,29.95,29.7,29.7718,8311
IZRL,2026-07-27,29.63,30.02,29.63,29.9802,19669
IZRL,2026-07-28,29.73,29.8039,29.4916,29.7299,9722
IZRL,2026-07-29,29.5,29.79,29.04,29.0658,11965
IZRL,2026-07-30,29.005,29.1611,28.94,29.1611,6662
IZRL,2026-07-31,29.1,29.39,29.1,29.3475,3563
IZRL,2026-08-03,29.87,29.87,29.49,29.8164,14331
IZRL,2026-08-04,29.72,30.72,29.72,30.555,27023
IZRL,2026-08-05,30.99,30.99,30.215,30.23,7843
IZRL,2026-08-06,29.94,30.15,29.77,29.9044,6957
IZRL,2026-08-07,30.0,30.15,29.88,29.96,5396
IZRL,2026-08-10,29.51,29.85,29.51,29.7723,12706
IZRL,2026-08-11,29.14,29.58,29.09,29.4434,11676
IZRL,2026-08-12,29.61,29.7751,29.5,29.652,9459
IZRL,2026-08-13,29.94,30.15,29.87,30.12,26921
IZRL,2026-08-14,30.15,30.39,29.95,29.98,6128
IZRL,2026-08-17,30.0,30.0,29.15,29.4045,10254
IZRL,2026-08-18,28.98,29.4299,28.98,29.15,6281
IZRL,2026-08-19,28.94,29.265,28.94,29.12,6528
IZRL,2026-08-20,28.72,28.985,28.72,28.79,4653
IZRL,2026-08-21,28.81,29.1,28.81,29.04,13946
IZRL,2026-08-24,28.95,29.115,28.7,28.87,9470
IZRL,2026-08-25,28.8,29.22,28.8,29.22,22727
IZRL,2026-08-26,28.89,29.2781,28.89,29.18,4999
IZRL,2026-08-27,29.28,29.78,29.28,29.675,7083
IZRL,2026-08-28,29.42,29.64,29.11,29.41,10254
IZRL,2026-08-31,29.0,29.47,29.0,29.47,4476
IZRL,2026-09-01,29.2,29.37,28.7301,29.0,13451
IZRL,2026-09-02,29.4,29.4,29.03,29.2448,7152
IZRL,2026-09-03,29.26,29.3303,29.0905,29.3303,19770
IZRL,2026-09-04,29.18,29.285,29.18,29.2847,1996
IZRL,2026-09-08,29.18,29.22,28.885,28.9,9616
IZRL,2026-09-09,28.7,28.85,28.55,28.66,4461
IZRL,2026-09-10,28.72,28.72,28.2029,28.2029,6021
IZRL,2026-09-11,28.3501,28.651,28.3501,28.5702,6894
IZRL,2026-09-14,28.0,28.895,28.0,28.7952,8970
IZRL,2026-09-15,28.21,28.5341,28.21,28.375,6627
IZRL,2026-09-16,28.63,28.64,28.13,28.2848,5606
IZRL,2026-09-17,28.61,28.8,28.61,28.6506,8670
IZRL,2026-09-18,28.27,28.47,28.27,28.45,2083
IZRL,2026-09-21,28.32,29.0699,28.32,28.985,3681
IZRL,2026-09-22,29.4615,29.4615,28.71,29.26,7182
IZRL,2026-09-23,29.09,29.3448,28.6001,28.6001,4196
IZRL,2026-09-24,28.51,28.74,28.5001,28.555,2087
IZRL,2026-09-25,28.8423,28.8423,28.43,28.5555,6350
WGMI,2026-07-17,46.06,48.79,44.64,47.57,501935
WGMI,2026-07-20,50.29,53.65,49.79,52.7,526011
WGMI,2026-07-21,54.51,57.5,54.45,56.11,830972
WGMI,2026-07-22,55.15,58.2,55.07,57.16,313148
WGMI,2026-07-23,56.18,60.51,56.18,58.27,720209
WGMI,2026-07-24,57.77,57.99,53.4299,53.59,497105
WGMI,2026-07-27,54.95,54.95,50.16,51.52,643415
WGMI,2026-07-28,49.92,49.92,46.4,49.2,919482
WGMI,2026-07-29,48.78,49.15,42.964,43.3,943061
WGMI,2026-07-30,47.28,53.38,46.93,52.87,816425
WGMI,2026-07-31,55.29,55.595,50.8,51.46,817002
WGMI,2026-08-03,50.82,55.72,49.0201,54.75,614063
WGMI,2026-08-04,52.82,54.9599,52.37,52.75,805926
WGMI,2026-08-05,52.75,54.05,50.09,50.23,571176
WGMI,2026-08-06,48.5,51.0607,47.935,48.46,271118
WGMI,2026-08-07,50.31,50.99,46.67,48.4,643871
WGMI,2026-08-10,48.43,48.6,45.46,45.52,536646
WGMI,2026-08-11,47.77,48.38,46.4,46.63,411748
WGMI,2026-08-12,50.26,50.79,48.2763,49.28,630490
WGMI,2026-08-13,49.39,50.98,47.16,47.31,599355
WGMI,2026-08-14,46.82,49.11,46.615,48.64,175682
WGMI,2026-08-17,49.45,50.92,48.81,50.13,309850
WGMI,2026-08-18,48.49,49.56,45.41,45.81,588036
WGMI,2026-08-19,45.29,46.08,42.4401,45.16,868951
WGMI,2026-08-20,45.73,47.04,45.24,46.92,545463
WGMI,2026-08-21,48.29,49.35,45.0,45.73,694537
WGMI,2026-08-24,44.9,45.87,43.97,44.625,1071271
WGMI,2026-08-25,45.2,47.04,44.85,46.75,828081
WGMI,2026-08-26,46.03,46.5,44.88,45.16,598965
WGMI,2026-08-27,46.9,48.32,46.32,46.46,1139695
WGMI,2026-08-28,45.59,45.6,42.34,42.7,1248744
WGMI,2026-08-31,42.78,43.01,41.75,43.0,345083
WGMI,2026-09-01,41.72,42.035,40.82,41.28,427079
WGMI,2026-09-02,40.71,42.78,40.49,42.54,520903
WGMI,2026-09-03,42.73,46.285,42.27,46.03,814510
WGMI,2026-09-04,45.71,47.49,45.7,47.48,1012832
WGMI,2026-09-08,48.22,50.93,47.91,49.765,1085195
WGMI,2026-09-09,49.92,50.33,47.68,47.83,465977
WGMI,2026-09-10,46.05,47.11,45.28,45.58,427246
WGMI,2026-09-11,46.56,48.11,45.98,47.06,243833
WGMI,2026-09-14,44.03,46.03,43.63,44.87,923075
WGMI,2026-09-15,44.5,44.78,42.81,43.07,376362
WGMI,2026-09-16,43.92,45.67,43.66,44.56,439865
WGMI,2026-09-17,47.01,47.495,44.6901,46.2,417998
WGMI,2026-09-18,47.17,49.5215,46.43,49.5,335260
WGMI,2026-09-21,50.95,51.77,50.06,50.94,666526
WGMI,2026-09-22,50.465,52.685,50.36,51.75,551630
WGMI,2026-09-23,51.35,51.75,49.71,49.79,403522
WGMI,2026-09-24,48.96,50.86,48.73,49.82,441641
WGMI,2026-09-25,50.12,50.26,47.74,48.22,708702
ARKF,2026-07-17,40.39,41.11,39.95,40.66,182293
ARKF,2026-07-20,40.88,41.6843,40.61,41.22,127580
ARKF,2026-07-21,41.39,42.05,41.39,41.99,200515
ARKF,2026-07-22,41.64,41.64,40.46,40.78,153863
ARKF,2026-07-23,40.36,40.49,39.31,39.71,357090
ARKF,2026-07-24,39.74,39.87,39.15,39.47,134382
ARKF,2026-07-27,40.24,40.83,40.13,40.77,128442
ARKF,2026-07-28,40.43,41.21,39.89,40.9,81280
ARKF,2026-07-29,40.84,41.2295,39.72,40.15,101303
ARKF,2026-07-30,40.37,40.54,39.89,40.5,233486
ARKF,2026-07-31,40.14,40.23,39.06,39.65,84808
ARKF,2026-08-03,39.91,40.75,39.82,40.54,62732
ARKF,2026-08-04,40.8,42.05,40.8,42.0,145372
ARKF,2026-08-05,42.83,42.94,42.2501,42.44,78776
ARKF,2026-08-06,41.92,42.27,41.6,41.92,76036
ARKF,2026-08-07,42.41,43.25,42.31,42.98,173803
ARKF,2026-08-10,42.89,43.37,42.89,43.1,163199
ARKF,2026-08-11,43.23,43.52,43.0,43.22,84356
ARKF,2026-08-12,43.34,43.39,42.5901,42.82,47350
ARKF,2026-08-13,43.1,44.265,43.1,44.18,152057
ARKF,2026-08-14,44.18,44.27,43.54,43.58,93620
ARKF,2026-08-17,43.52,43.7,43.15,43.18,67899
ARKF,2026-08-18,42.63,43.03,42.45,42.46,69839
ARKF,2026-08-19,42.69,44.24,42.69,43.71,132243
ARKF,2026-08-20,44.47,44.5,43.79,44.17,88936
ARKF,2026-08-21,45.0,45.8466,45.0,45.72,201322
ARKF,2026-08-24,45.78,46.31,45.3201,45.48,116112
ARKF,2026-08-25,45.43,46.68,45.43,46.63,91709
ARKF,2026-08-26,46.27,46.535,45.98,46.2,132176
ARKF,2026-08-27,46.71,47.285,46.45,47.03,191652
ARKF,2026-08-28,46.84,47.12,46.0,46.1,165596
ARKF,2026-08-31,45.9,46.4999,45.47,46.35,108667
ARKF,2026-09-01,45.53,45.8151,44.9,44.94,89286
ARKF,2026-09-02,44.74,45.4695,44.58,45.36,59748
ARKF,2026-09-03,46.1,47.73,46.1,47.63,169363
ARKF,2026-09-04,46.79,47.28,46.77,47.1,101453
ARKF,2026-09-08,46.66,46.75,45.9006,45.96,120651
ARKF,2026-09-09,46.31,46.34,45.23,45.24,78925
ARKF,2026-09-10,44.49,45.195,44.4608,44.73,105677
ARKF,2026-09-11,45.22,45.8,44.95,45.09,112967
ARKF,2026-09-14,45.23,46.56,45.23,46.43,318646
ARKF,2026-09-15,45.66,45.72,44.65,44.885,91733
ARKF,2026-09-16,44.79,44.79,43.43,43.98,108506
ARKF,2026-09-17,44.75,44.765,44.3,44.65,51775
ARKF,2026-09-18,44.96,45.78,44.89,45.75,90816
ARKF,2026-09-21,46.87,47.6299,46.51,47.5,121698
ARKF,2026-09-22,47.78,48.13,47.5031,47.74,72300
ARKF,2026-09-23,47.44,47.81,46.79,46.97,56510
ARKF,2026-09-24,46.64,47.43,46.64,47.4,180494
ARKF,2026-09-25,47.31,47.39,46.45,46.88,72907
VWO,2026-07-17,57.33,57.9699,57.26,57.84,10037851
VWO,2026-07-20,58.22,58.28,57.85,57.93,6693910
VWO,2026-07-21,58.8,58.935,58.615,58.86,6840040
VWO,2026-07-22,58.71,58.95,58.67,58.81,5395067
VWO,2026-07-23,58.175,58.43,57.815,58.1,5733087
VWO,2026-07-24,57.995,58.275,57.73,57.8,6078848
VWO,2026-07-27,58.33,58.43,57.72,58.23,6416654
VWO,2026-07-28,57.4,57.945,57.2295,57.74,5828155
VWO,2026-07-29,57.24,57.92,56.79,56.92,6851363
VWO,2026-07-30,57.69,58.3,57.54,58.19,9313368
VWO,2026-07-31,58.89,58.995,58.19,58.75,7398450
VWO,2026-08-03,58.57,59.115,58.57,59.06,9281738
VWO,2026-08-04,59.58,60.13,59.5,60.05,9797776
VWO,2026-08-05,60.28,60.325,59.985,60.01,7624171
VWO,2026-08-06,59.745,60.215,59.67,59.96,5073880
VWO,2026-08-07,60.5,60.54,60.15,60.47,5602729
VWO,2026-08-10,60.37,60.43,60.215,60.33,4636908
VWO,2026-08-11,60.36,60.4172,59.89,60.12,8457577
VWO,2026-08-12,60.65,60.65,60.35,60.41,10255631
VWO,2026-08-13,60.36,60.56,60.3,60.34,6183460
VWO,2026-08-14,60.14,60.2799,59.98,60.11,4153646
VWO,2026-08-17,60.48,60.626,60.34,60.39,5054139
VWO,2026-08-18,59.87,60.0193,59.555,59.64,6971555
VWO,2026-08-19,60.18,60.27,59.915,60.04,8772348
VWO,2026-08-20,59.72,60.1453,59.72,60.02,5538097
VWO,2026-08-21,60.64,60.66,60.35,60.45,3926355
VWO,2026-08-24,60.05,60.05,59.8,59.97,5320631
VWO,2026-08-25,60.33,60.67,60.295,60.64,4405580
VWO,2026-08-26,60.8,60.935,60.61,60.66,4982666
VWO,2026-08-27,60.86,61.0577,60.755,61.01,4591229
VWO,2026-08-28,61.2,61.38,60.63,60.79,5336556
VWO,2026-08-31,60.835,60.89,60.435,60.52,7226512
VWO,2026-09-01,60.74,61.075,60.5741,60.68,4950906
VWO,2026-09-02,60.65,60.78,60.56,60.77,5652744
VWO,2026-09-03,60.68,61.04,60.555,60.99,6265968
VWO,2026-09-04,61.09,61.535,61.09,61.44,5446605
VWO,2026-09-08,61.29,61.45,61.17,61.23,10731041
VWO,2026-09-09,61.08,61.2,60.755,60.87,4750822
VWO,2026-09-10,60.04,60.25,59.9,59.94,6509080
VWO,2026-09-11,60.38,60.47,60.25,60.35,6348062
VWO,2026-09-14,59.44,59.88,59.36,59.61,7387824
VWO,2026-09-15,59.39,59.4,59.06,59.22,7115906
VWO,2026-09-16,59.53,59.72,58.855,59.18,7295395
VWO,2026-09-17,59.86,59.9901,59.7244,59.91,4746019
VWO,2026-09-18,59.89,60.02,59.75,60.01,4587463
VWO,2026-09-21,60.73,61.19,60.615,61.14,6257453
VWO,2026-09-22,60.92,61.21,60.845,61.1,7716417
VWO,2026-09-23,60.63,60.7,60.005,60.12,5590760
VWO,2026-09-24,60.04,60.185,59.68,59.87,9749093
VWO,2026-09-25,60.12,60.375,59.91,60.16,5987708
EFA,2026-07-17,102.51,103.51,102.51,103.33,10969900
EFA,2026-07-20,103.34,103.49,102.465,102.57,14834448
EFA,2026-07-21,103.51,104.19,103.09,104.06,9826921
EFA,2026-07-22,104.44,104.64,104.215,104.25,14694586
EFA,2026-07-23,102.755,103.29,102.54,102.9,12596067
EFA,2026-07-24,103.5,104.025,103.255,103.41,9032149
EFA,2026-07-27,104.355,104.455,103.445,103.91,9299983
EFA,2026-07-28,103.19,104.18,103.12,103.89,9580483
EFA,2026-07-29,103.715,104.85,102.98,103.37,11646402
EFA,2026-07-30,105.005,106.32,104.81,106.24,13263685
EFA,2026-07-31,105.75,105.8297,104.6,105.58,14260693
EFA,2026-08-03,105.72,106.08,105.535,106.02,9956842
EFA,2026-08-04,106.72,107.47,106.61,107.32,10410034
EFA,2026-08-05,107.99,108.0,107.4,107.43,9007597
EFA,2026-08-06,107.66,107.905,107.255,107.36,8510713
EFA,2026-08-07,108.75,108.76,108.185,108.55,9430888
EFA,2026-08-10,108.21,108.305,107.965,108.01,7015481
EFA,2026-08-11,108.44,108.625,107.88,108.09,6368380
EFA,2026-08-12,108.75,108.815,108.32,108.5,9901365
EFA,2026-08-13,108.67,108.89,108.51,108.69,7237890
EFA,2026-08-14,108.76,108.89,108.4625,108.64,5660191
EFA,2026-08-17,108.66,108.865,108.345,108.45,9375599
EFA,2026-08-18,107.75,108.025,107.18,107.27,14561278
EFA,2026-08-19,107.87,108.07,107.405,107.66,10829625
EFA,2026-08-20,107.29,107.86,107.16,107.35,10578409
EFA,2026-08-21,108.13,108.37,108.045,108.24,9935618
EFA,2026-08-24,107.99,108.185,107.775,108.03,6095423
EFA,2026-08-25,108.51,108.83,108.24,108.81,6438753
EFA,2026-08-26,108.68,108.82,108.145,108.27,5219092
EFA,2026-08-27,108.04,108.14,107.605,108.02,5371934
EFA,2026-08-28,108.52,108.74,107.525,107.72,13245042
EFA,2026-08-31,108.04,108.07,107.265,107.45,9539194
EFA,2026-09-01,107.04,107.27,106.285,106.49,10129599
EFA,2026-09-02,106.73,107.1,106.64,107.06,6463702
EFA,2026-09-03,108.02,108.4099,107.6,108.21,12746226
EFA,2026-09-04,107.85,108.575,107.85,108.35,5730777
EFA,2026-09-08,108.34,108.405,107.705,107.76,8318987
EFA,2026-09-09,107.27,107.315,106.495,106.56,15827653
EFA,2026-09-10,106.0,106.335,105.49,105.66,12804365
EFA,2026-09-11,106.98,107.03,106.57,106.7,10285845
EFA,2026-09-14,105.8,106.44,105.44,105.85,11477451
EFA,2026-09-15,105.48,105.51,105.045,105.4,11921749
EFA,2026-09-16,105.88,106.17,104.36,105.02,11545676
EFA,2026-09-17,106.28,106.39,105.915,106.04,8514850
EFA,2026-09-18,104.985,105.13,104.605,104.97,17992802
EFA,2026-09-21,106.09,106.35,105.66,106.13,10884498
EFA,2026-09-22,106.405,106.7799,105.875,106.5,11185044
EFA,2026-09-23,105.485,105.555,104.46,104.8,12210321
EFA,2026-09-24,104.41,104.91,103.905,104.5,17124623
EFA,2026-09-25,105.18,105.625,104.755,105.56,14070520
KSTR,2026-07-17,24.5,24.925,24.3,24.76,908986
KSTR,2026-07-20,24.55,24.86,24.51,24.53,718102
KSTR,2026-07-21,26.998,27.3,26.93,27.21,1451299
KSTR,2026-07-22,26.64,26.75,26.5281,26.65,478601
KSTR,2026-07-23,25.46,25.64,25.325,25.43,953235
KSTR,2026-07-24,25.61,25.6799,25.3,25.41,877282
KSTR,2026-07-27,25.645,25.86,25.475,25.7,832138
KSTR,2026-07-28,24.3,24.46,24.08,24.34,814388
KSTR,2026-07-29,24.07,24.34,23.85,23.92,800989
KSTR,2026-07-30,23.102,24.06,23.02,23.85,2731084
KSTR,2026-07-31,23.76,23.79,23.41,23.54,1518866
KSTR,2026-08-03,22.45,22.73,22.26,22.63,1510046
KSTR,2026-08-04,23.32,23.81,23.29,23.67,2205039
KSTR,2026-08-05,24.43,24.52,24.31,24.34,2296566
KSTR,2026-08-06,24.64,24.86,24.5,24.76,836243
KSTR,2026-08-07,25.35,25.555,25.25,25.44,2406599
KSTR,2026-08-10,25.09,25.18,24.965,24.98,519848
KSTR,2026-08-11,24.72,24.76,24.59,24.7,708378
KSTR,2026-08-12,25.25,25.48,25.22,25.38,923562
KSTR,2026-08-13,24.83,25.02,24.81,24.81,918468
KSTR,2026-08-14,24.93,24.93,24.65,24.76,517754
KSTR,2026-08-17,25.76,25.95,25.73,25.81,1278164
KSTR,2026-08-18,25.7,25.77,25.38,25.48,1343193
KSTR,2026-08-19,24.47,24.47,24.06,24.23,1483860
KSTR,2026-08-20,23.97,24.01,23.73,23.91,1457158
KSTR,2026-08-21,23.96,24.0,23.75,23.78,906825
KSTR,2026-08-24,23.07,23.12,22.91,23.03,746702
KSTR,2026-08-25,23.35,23.5,23.265,23.42,763261
KSTR,2026-08-26,23.58,23.7,23.58,23.63,476665
KSTR,2026-08-27,24.5,24.625,24.39,24.6,1289234
KSTR,2026-08-28,24.26,24.26,23.9201,23.97,560389
KSTR,2026-08-31,24.33,24.33,24.17,24.24,262523
KSTR,2026-09-01,23.71,23.78,23.52,23.57,499636
KSTR,2026-09-02,23.5,23.52,23.38,23.47,813482
KSTR,2026-09-03,23.34,23.45,23.15,23.39,726355
KSTR,2026-09-04,23.02,23.29,23.015,23.22,678929
KSTR,2026-09-08,23.16,23.32,23.05,23.05,773715
KSTR,2026-09-09,23.0,23.0,22.722,22.76,674162
KSTR,2026-09-10,22.64,22.66,22.2601,22.27,758636
KSTR,2026-09-11,22.57,22.65,22.485,22.56,863604
KSTR,2026-09-14,22.14,22.22,21.99,22.14,880583
KSTR,2026-09-15,22.57,22.64,22.4,22.45,2787381
KSTR,2026-09-16,23.39,23.525,23.26,23.33,997890
KSTR,2026-09-17,23.44,23.71,23.405,23.62,398352
KSTR,2026-09-18,24.1,24.29,24.02,24.22,582439
KSTR,2026-09-21,24.38,24.61,24.29,24.57,1764269
KSTR,2026-09-22,24.43,24.655,24.41,24.64,473100
KSTR,2026-09-23,24.23,24.265,23.97,24.03,478217
KSTR,2026-09-24,23.68,23.77,23.55,23.55,400021
KSTR,2026-09-25,23.54,23.62,23.44,23.5,496778
EPOL,2026-07-17,40.02,40.46,40.02,40.35,320535
EPOL,2026-07-20,40.54,40.62,40.38,40.45,190536
EPOL,2026-07-21,41.02,41.405,40.83,41.32,358044
EPOL,2026-07-22,41.44,41.53,41.33,41.37,163623
EPOL,2026-07-23,40.69,41.1,40.6314,40.78,751414
EPOL,2026-07-24,40.93,41.15,40.835,40.92,559026
EPOL,2026-07-27,41.18,41.3,40.95,41.07,132520
EPOL,2026-07-28,41.1,41.37,40.92,41.24,353031
EPOL,2026-07-29,41.5,42.06,41.16,41.56,403462
EPOL,2026-07-30,42.26,42.78,42.19,42.76,831857
EPOL,2026-07-31,42.47,42.905,42.15,42.83,650378
EPOL,2026-08-03,42.86,43.02,42.725,42.94,737638
EPOL,2026-08-04,43.63,44.13,43.57,44.07,356942
EPOL,2026-08-05,43.84,43.86,43.54,43.68,1004951
EPOL,2026-08-06,44.25,44.315,43.99,44.06,408347
EPOL,2026-08-07,44.22,44.255,44.0401,44.19,377300
EPOL,2026-08-10,44.09,44.3,43.98,44.16,857039
EPOL,2026-08-11,44.48,44.6307,44.3,44.39,242248
EPOL,2026-08-12,44.57,44.75,44.52,44.6,298646
EPOL,2026-08-13,44.14,44.175,43.88,43.96,266017
EPOL,2026-08-14,44.4,44.6,44.4,44.45,208625
EPOL,2026-08-17,43.98,44.16,43.91,43.96,201651
EPOL,2026-08-18,43.76,43.85,43.57,43.63,172896
EPOL,2026-08-19,44.66,44.72,44.495,44.6,386993
EPOL,2026-08-20,44.27,44.39,44.0,44.17,276444
EPOL,2026-08-21,44.41,44.49,44.31,44.42,148765
EPOL,2026-08-24,44.49,44.7,44.41,44.52,627831
EPOL,2026-08-25,44.55,44.74,44.48,44.69,227243
EPOL,2026-08-26,45.0,45.06,44.67,44.73,168695
EPOL,2026-08-27,43.99,44.01,43.51,43.58,1440890
EPOL,2026-08-28,43.85,43.97,43.39,43.48,669591
EPOL,2026-08-31,44.41,44.41,44.01,44.1,278038
EPOL,2026-09-01,43.94,44.15,43.6715,43.78,513483
EPOL,2026-09-02,44.2,44.28,44.04,44.16,382852
EPOL,2026-09-03,44.34,44.58,44.185,44.55,305266
EPOL,2026-09-04,44.94,45.14,44.905,45.12,209212
EPOL,2026-09-08,45.79,46.03,45.7,45.76,449552
EPOL,2026-09-09,45.57,45.689,45.41,45.55,758269
EPOL,2026-09-10,45.37,45.38,45.08,45.15,277042
EPOL,2026-09-11,45.51,45.7,45.39,45.56,550762
EPOL,2026-09-14,44.82,45.395,44.7124,45.14,403502
EPOL,2026-09-15,44.78,44.885,44.615,44.86,281409
EPOL,2026-09-16,44.64,44.66,43.9,44.17,328485
EPOL,2026-09-17,44.92,44.995,44.74,44.78,497833
EPOL,2026-09-18,44.41,44.435,44.17,44.41,155700
EPOL,2026-09-21,45.39,45.705,45.235,45.67,350551
EPOL,2026-09-22,45.42,45.715,45.25,45.57,385177
EPOL,2026-09-23,44.69,44.78,44.315,44.58,497167
EPOL,2026-09-24,44.63,44.91,44.45,44.72,279511
EPOL,2026-09-25,44.59,44.925,44.52,44.85,218255
STCE,2026-07-17,60.91,62.72,59.38,61.73,95182
STCE,2026-07-20,63.07,66.0,63.07,65.13,92348
STCE,2026-07-21,66.44,69.2,66.44,68.335,106906
STCE,2026-07-22,66.95,69.41,66.95,67.73,104857
STCE,2026-07-23,66.42,69.47,66.42,67.53,78103
STCE,2026-07-24,66.91,66.91,64.13,64.36,80906
STCE,2026-07-27,65.44,66.0,62.85,64.48,119187
STCE,2026-07-28,62.9,63.24,60.38,62.66,130997
STCE,2026-07-29,62.25,62.52,57.73,58.11,131111
STCE,2026-07-30,60.81,65.36,60.21,65.12,91744
STCE,2026-07-31,65.95,66.0178,62.03,62.46,106019
STCE,2026-08-03,61.65,65.51,60.74,64.93,65238
STCE,2026-08-04,64.66,66.06,64.34,65.09,82310
STCE,2026-08-05,65.09,66.08,63.32,63.33,81863
STCE,2026-08-06,62.01,63.42,61.49,61.8,71848
STCE,2026-08-07,63.25,63.25,61.11,62.53,140564
STCE,2026-08-10,62.38,62.38,59.81,59.81,50076
STCE,2026-08-11,61.54,61.75,59.95,60.35,49531
STCE,2026-08-12,62.55,62.94,61.195,61.66,37572
STCE,2026-08-13,61.7,63.47,60.66,61.22,70678
STCE,2026-08-14,60.58,61.95,60.3275,61.6005,31771
STCE,2026-08-17,61.62,62.935,61.61,62.62,42497
STCE,2026-08-18,61.23,61.96,59.415,59.66,57329
STCE,2026-08-19,59.93,62.79,58.48,61.4959,71922
STCE,2026-08-20,63.49,65.0,63.0,64.73,66462
STCE,2026-08-21,67.0,68.61,64.61,65.92,146898
STCE,2026-08-24,65.65,67.084,64.59,65.31,90339
STCE,2026-08-25,65.11,68.41,65.01,68.21,39705
STCE,2026-08-26,67.2,67.67,66.06,66.55,49508
STCE,2026-08-27,67.71,70.22,67.37,68.92,41884
STCE,2026-08-28,67.46,67.63,63.885,64.4067,54468
STCE,2026-08-31,64.2,65.47,63.39,65.3,44459
STCE,2026-09-01,63.84,63.87,62.45,62.5,40144
STCE,2026-09-02,62.21,63.93,61.61,63.68,26352
STCE,2026-09-03,64.57,69.55,64.57,69.521,112067
STCE,2026-09-04,68.52,69.49,68.16,69.3026,45103
STCE,2026-09-08,68.92,71.135,68.69,70.0,74086
STCE,2026-09-09,70.35,70.57,68.13,68.198,56506
STCE,2026-09-10,66.1,67.98,65.97,66.37,67216
STCE,2026-09-11,67.53,69.6,66.77,68.074,76196
STCE,2026-09-14,65.94,68.34,65.94,67.39,87870
STCE,2026-09-15,66.42,66.42,63.93,64.59,89276
STCE,2026-09-16,65.08,65.55,63.09,64.36,62776
STCE,2026-09-17,66.69,67.12,64.89,66.2031,54413
STCE,2026-09-18,67.71,71.75,67.39,71.69,125476
STCE,2026-09-21,74.31,74.47,73.1353,73.82,83466
STCE,2026-09-22,73.18,75.32,73.18,74.88,157914
STCE,2026-09-23,74.39,74.83,72.44,72.57,252029
STCE,2026-09-24,71.53,73.09,71.09,72.25,123938
STCE,2026-09-25,72.75,72.75,69.47,70.33,760986
XME,2026-07-17,97.54,99.53,96.43,98.35,2546494
XME,2026-07-20,98.71,99.32,96.93,97.74,1515080
XME,2026-07-21,99.47,101.86,99.04,101.6,1751536
XME,2026-07-22,102.05,104.665,101.87,103.5,2565130
XME,2026-07-23,102.51,104.475,101.97,103.17,2650536
XME,2026-07-24,103.64,103.64,101.14,101.74,1328910
XME,2026-07-27,102.67,103.41,100.92,103.11,1519009
XME,2026-07-28,102.02,102.16,99.97,101.44,2002782
XME,2026-07-29,101.13,101.13,96.37,97.58,2542252
XME,2026-07-30,99.63,102.02,98.64,101.86,2760768
XME,2026-07-31,101.85,102.4199,99.15,100.65,1611833
XME,2026-08-03,99.87,103.175,99.01,103.11,1549064
XME,2026-08-04,105.3,108.52,105.3,107.86,2256506
XME,2026-08-05,110.48,113.25,109.97,111.92,4255619
XME,2026-08-06,111.67,112.89,109.83,110.35,2877582
XME,2026-08-07,113.71,116.1012,112.47,115.74,3151370
XME,2026-08-10,115.78,117.84,115.66,117.54,2144120
XME,2026-08-11,117.84,118.85,116.83,117.83,1312570
XME,2026-08-12,119.59,119.725,116.205,116.79,1371951
XME,2026-08-13,116.05,116.9,115.17,115.27,1605958
XME,2026-08-14,116.06,118.905,115.82,117.14,1472730
XME,2026-08-17,117.28,118.3,115.96,118.1,1288517
XME,2026-08-18,115.85,116.5,112.85,113.63,1884399
XME,2026-08-19,116.65,118.69,114.63,117.07,3985981
XME,2026-08-20,115.42,116.22,113.86,114.7,1934317
XME,2026-08-21,117.54,119.74,117.11,119.34,4357695
XME,2026-08-24,120.38,121.0,117.27,117.87,2760664
XME,2026-08-25,117.28,121.04,116.42,120.94,1683100
XME,2026-08-26,120.08,122.755,119.59,120.31,1841220
XME,2026-08-27,120.25,123.19,119.83,123.0,1578023
XME,2026-08-28,123.26,123.81,118.3761,118.74,1682662
XME,2026-08-31,119.08,119.515,117.6,118.13,1125940
XME,2026-09-01,115.81,117.8,114.79,115.77,1970421
XME,2026-09-02,117.0,120.315,117.0,119.46,1585403
XME,2026-09-03,121.53,121.72,117.68,118.38,1208135
XME,2026-09-04,117.42,119.18,117.33,118.62,801565
XME,2026-09-08,119.1,121.55,119.1,119.95,1457233
XME,2026-09-09,120.68,122.2,119.05,119.19,1887936
XME,2026-09-10,116.14,116.86,114.69,114.77,1194055
XME,2026-09-11,116.03,116.42,113.52,113.63,1773713
XME,2026-09-14,111.22,111.55,109.96,110.17,1796146
XME,2026-09-15,110.5,110.82,107.98,109.44,1385633
XME,2026-09-16,110.9,110.9,106.8646,108.77,2009310
XME,2026-09-17,111.52,112.27,110.57,111.32,1157493
XME,2026-09-18,111.4,111.82,108.29,108.68,1742201
XME,2026-09-21,110.04,110.37,108.65,109.0,1341793
XME,2026-09-22,109.4,112.44,108.735,111.94,1527068
XME,2026-09-23,110.22,110.44,108.74,109.58,1240287
XME,2026-09-24,108.69,108.9,107.08,107.96,2139416
XME,2026-09-25,108.02,108.93,106.92,108.33,923738
SHLD,2026-07-17,60.11,60.8,59.96,60.06,967759
SHLD,2026-07-20,60.14,60.57,59.97,60.03,1105965
SHLD,2026-07-21,59.71,60.6,59.09,60.25,791654
SHLD,2026-07-22,60.86,61.33,60.56,60.73,656664
SHLD,2026-07-23,61.98,63.68,61.98,62.75,1270340
SHLD,2026-07-24,63.26,63.6197,62.9501,63.01,953061
SHLD,2026-07-27,63.39,64.1576,63.3618,63.85,1197543
SHLD,2026-07-28,64.24,64.275,63.52,63.91,2392851
SHLD,2026-07-29,63.67,63.8546,61.87,62.03,853876
SHLD,2026-07-30,62.14,62.8084,61.5017,62.77,921290
SHLD,2026-07-31,62.93,63.38,62.14,63.25,1045782
SHLD,2026-08-03,63.95,64.52,63.735,64.37,886197
SHLD,2026-08-04,66.05,67.84,66.02,67.57,1422494
SHLD,2026-08-05,67.99,68.49,67.26,67.37,832093
SHLD,2026-08-06,67.43,68.165,67.43,67.78,799990
SHLD,2026-08-07,68.35,69.06,68.02,69.04,1166429
SHLD,2026-08-10,69.15,70.32,69.15,69.85,925941
SHLD,2026-08-11,69.5,69.9625,69.27,69.45,747518
SHLD,2026-08-12,70.0,70.32,69.5,70.15,647427
SHLD,2026-08-13,70.45,70.52,69.7936,70.27,751284
SHLD,2026-08-14,70.75,71.14,70.41,70.81,586041
SHLD,2026-08-17,70.56,70.92,69.91,69.97,806393
SHLD,2026-08-18,69.54,70.27,69.5245,69.82,532111
SHLD,2026-08-19,70.18,70.18,69.13,69.2,707841
SHLD,2026-08-20,68.97,68.97,67.555,67.65,1008221
SHLD,2026-08-21,67.4,67.43,66.81,67.09,624464
SHLD,2026-08-24,66.85,66.85,65.9,66.02,942812
SHLD,2026-08-25,66.46,66.46,65.47,65.65,1148544
SHLD,2026-08-26,65.5,66.29,65.5,66.12,636078
SHLD,2026-08-27,66.53,66.985,66.33,66.88,509866
SHLD,2026-08-28,66.69,66.7,65.96,66.19,619422
SHLD,2026-08-31,65.7,65.7799,65.275,65.48,744443
SHLD,2026-09-01,64.96,65.5,64.07,64.11,973132
SHLD,2026-09-02,64.27,64.29,62.925,63.11,747924
SHLD,2026-09-03,63.38,63.8385,63.25,63.75,572048
SHLD,2026-09-04,63.33,63.3699,62.79,62.98,766212
SHLD,2026-09-08,62.84,63.26,62.659,62.72,681091
SHLD,2026-09-09,62.61,62.8,61.8,61.84,516829
SHLD,2026-09-10,61.86,62.285,61.68,61.78,611364
SHLD,2026-09-11,62.11,62.2339,61.364,61.75,841444
SHLD,2026-09-14,61.93,62.505,61.81,62.33,797682
SHLD,2026-09-15,62.23,62.915,61.79,62.57,626381
SHLD,2026-09-16,62.5,62.99,62.205,62.67,4424446
SHLD,2026-09-17,63.3,63.6,62.68,62.99,806099
SHLD,2026-09-18,63.0,63.0269,62.1909,62.68,686877
SHLD,2026-09-21,62.76,63.33,62.565,63.18,665568
SHLD,2026-09-22,63.29,63.29,61.58,62.25,8326630
SHLD,2026-09-23,62.06,62.9,61.95,62.3,4911708
SHLD,2026-09-24,61.88,62.16,61.555,61.61,2456664
SHLD,2026-09-25,61.72,61.925,61.27,61.46,1022313
TAN,2026-07-17,53.22,54.77,52.94,53.9,608298
TAN,2026-07-20,54.06,54.06,52.6,52.69,445638
TAN,2026-07-21,53.64,54.05,53.12,53.74,411516
TAN,2026-07-22,53.74,54.53,53.66,53.72,451660
TAN,2026-07-23,53.19,53.76,52.4,52.85,380476
TAN,2026-07-24,52.72,52.97,50.95,51.28,726512
TAN,2026-07-27,51.75,51.75,50.22,51.56,2384458
TAN,2026-07-28,50.0,50.01,48.5,49.1,3697967
TAN,2026-07-29,49.05,49.23,47.26,47.68,1277429
TAN,2026-07-30,48.89,49.925,48.89,49.84,1505769
TAN,2026-07-31,50.35,50.728,48.78,49.33,2019420
TAN,2026-08-03,49.62,51.49,49.395,51.24,2429505
TAN,2026-08-04,52.25,53.7,51.85,53.37,1418612
TAN,2026-08-05,52.12,52.52,50.8,51.27,2430815
TAN,2026-08-06,50.81,52.2299,50.11,51.25,1453938
TAN,2026-08-07,52.71,53.6,52.0,52.75,864906
TAN,2026-08-10,52.74,52.86,51.73,51.86,585152
TAN,2026-08-11,52.83,53.23,52.42,52.7,532539
TAN,2026-08-12,53.97,54.01,52.24,52.33,602199
TAN,2026-08-13,52.56,52.93,52.05,52.47,405139
TAN,2026-08-14,52.04,52.93,51.8001,51.97,503469
TAN,2026-08-17,52.08,52.08,50.695,50.92,1337664
TAN,2026-08-18,50.51,50.85,49.67,49.87,779900
TAN,2026-08-19,50.34,50.56,49.605,50.47,368278
TAN,2026-08-20,50.5,51.0,49.6,49.73,383970
TAN,2026-08-21,50.09,50.39,48.81,49.32,4931292
TAN,2026-08-24,49.0,49.0,48.235,48.32,917186
TAN,2026-08-25,49.28,49.31,48.58,48.85,473997
TAN,2026-08-26,48.61,49.04,48.21,48.78,527068
TAN,2026-08-27,49.89,49.89,49.17,49.74,372490
TAN,2026-08-28,49.83,49.92,48.54,48.65,632558
TAN,2026-08-31,48.2,48.2,47.42,47.57,1151755
TAN,2026-09-01,46.95,47.19,46.65,46.86,715667
TAN,2026-09-02,46.85,47.36,46.495,47.27,605003
TAN,2026-09-03,47.25,47.9,46.91,47.72,464274
TAN,2026-09-04,47.95,48.28,47.8,48.04,296468
TAN,2026-09-08,48.41,49.51,48.3166,49.13,727734
TAN,2026-09-09,49.15,49.62,47.64,47.74,721708
TAN,2026-09-10,46.68,47.58,46.09,47.04,826796
TAN,2026-09-11,47.53,47.76,46.97,47.15,444494
TAN,2026-09-14,45.68,46.74,45.5601,46.22,521409
TAN,2026-09-15,45.54,45.97,44.99,45.09,2689867
TAN,2026-09-16,45.84,45.84,44.27,44.62,1118867
TAN,2026-09-17,45.5,46.66,45.5,46.36,727314
TAN,2026-09-18,46.38,46.54,45.29,45.66,527004
TAN,2026-09-21,46.4,46.81,45.7301,46.71,778721
TAN,2026-09-22,46.45,46.69,46.26,46.5,587977
TAN,2026-09-23,46.3,46.39,44.95,45.05,990110
TAN,2026-09-24,44.08,44.17,43.01,43.47,947775
TAN,2026-09-25,43.77,44.52,43.736,44.06,404539
VGT,2026-07-17,111.505,114.4544,110.7,113.1,5347752
VGT,2026-07-20,114.27,114.87,113.13,113.23,2803547
VGT,2026-07-21,115.15,116.14,114.51,116.01,3253529
VGT,2026-07-22,114.86,116.3286,114.7032,115.62,3376476
VGT,2026-07-23,114.84,115.63,113.555,114.39,3032455
VGT,2026-07-24,114.175,115.1,112.79,113.3,2869076
VGT,2026-07-27,114.53,114.64,110.995,112.42,3990166
VGT,2026-07-28,110.895,111.53,108.75,110.87,4917153
VGT,2026-07-29,110.935,111.75,108.1,108.2,5035462
VGT,2026-07-30,111.4,113.81,111.37,113.58,4379333
VGT,2026-07-31,113.97,114.7,111.33,113.15,5464755
VGT,2026-08-03,112.51,115.74,112.13,115.14,3909934
VGT,2026-08-04,117.35,120.64,117.11,120.15,5686998
VGT,2026-08-05,120.44,121.25,119.62,119.72,3790836
VGT,2026-08-06,118.3,120.5338,117.821,119.6,3606101
VGT,2026-08-07,121.415,121.85,120.19,121.45,3138428
VGT,2026-08-10,121.385,121.75,120.18,120.25,5630461
VGT,2026-08-11,121.14,121.15,119.49,120.17,2614520
VGT,2026-08-12,121.99,122.005,121.31,121.6,2425658
VGT,2026-08-13,121.88,123.36,121.71,122.99,3269586
VGT,2026-08-14,123.24,123.39,122.1307,122.56,2898356
VGT,2026-08-17,122.92,123.36,122.4199,122.54,2730668
VGT,2026-08-18,120.165,121.01,119.18,119.79,3348775
VGT,2026-08-19,120.22,120.53,118.07,118.8,2722149
VGT,2026-08-20,118.665,119.355,118.16,118.36,2745105
VGT,2026-08-21,119.16,119.16,117.57,118.42,11739243
VGT,2026-08-24,117.68,117.9,115.91,116.42,3297358
VGT,2026-08-25,117.57,118.125,116.79,117.51,2607741
VGT,2026-08-26,116.89,118.355,116.89,117.99,2302972
VGT,2026-08-27,120.22,121.98,119.98,121.91,5062448
VGT,2026-08-28,121.61,122.06,119.98,120.07,3050484
VGT,2026-08-31,120.05,120.62,119.72,120.49,2713713
VGT,2026-09-01,118.73,119.7299,118.31,118.87,2706470
VGT,2026-09-02,118.935,119.3,118.2301,119.13,2255846
VGT,2026-09-03,119.4,121.12,118.845,120.88,3394724
VGT,2026-09-04,121.35,121.93,120.89,121.27,3117934
VGT,2026-09-08,121.86,122.06,120.72,121.05,2923665
VGT,2026-09-09,120.78,121.525,120.44,120.89,3608065
VGT,2026-09-10,119.42,120.28,118.96,119.63,4063553
VGT,2026-09-11,120.93,121.77,120.63,121.07,2892143
VGT,2026-09-14,118.4,119.99,117.88,119.17,3207599
VGT,2026-09-15,119.34,119.59,118.585,118.79,2375299
VGT,2026-09-16,119.44,120.22,117.93,118.92,3527841
VGT,2026-09-17,120.885,121.78,120.53,121.48,2747494
VGT,2026-09-18,122.01,122.475,121.044,122.31,3445736
VGT,2026-09-21,123.86,125.71,123.24,125.56,4993312
VGT,2026-09-22,125.52,126.62,125.5,126.41,5338351
VGT,2026-09-23,126.55,126.62,124.76,125.6,4416357
VGT,2026-09-24,124.24,125.48,123.94,125.19,6776378
VGT,2026-09-25,125.63,126.5899,125.31,126.17,3376140
XLE,2026-07-17,57.95,58.115,57.28,57.68,31397793
XLE,2026-07-20,57.555,58.385,57.41,57.94,27329327
XLE,2026-07-21,58.16,58.53,57.83,58.5,20315679
XLE,2026-07-22,59.27,59.52,58.9,59.2,29548568
XLE,2026-07-23,60.244,60.3768,59.265,59.38,35838630
XLE,2026-07-24,59.4,60.45,59.4,59.62,34181899
XLE,2026-07-27,58.41,59.2799,58.23,58.36,33826362
XLE,2026-07-28,58.41,58.79,57.25,57.57,27800811
XLE,2026-07-29,59.08,59.3,58.42,58.65,34175576
XLE,2026-07-30,58.08,59.105,58.02,58.96,23045724
XLE,2026-07-31,58.93,59.685,58.32,59.55,23556476
XLE,2026-08-03,58.69,59.325,58.16,58.79,26038365
XLE,2026-08-04,57.7,58.72,57.13,58.52,37661542
XLE,2026-08-05,58.77,58.98,57.205,57.31,33213538
XLE,2026-08-06,58.39,58.56,57.58,58.16,25084278
XLE,2026-08-07,57.525,58.045,57.11,57.5,21092719
XLE,2026-08-10,58.19,60.21,58.1,60.18,33677848
XLE,2026-08-11,59.99,61.08,59.99,60.93,22400839
XLE,2026-08-12,60.47,61.17,60.335,61.03,22584153
XLE,2026-08-13,60.52,61.125,60.23,61.06,20703554
XLE,2026-08-14,61.37,62.11,61.25,61.91,22777742
XLE,2026-08-17,62.215,62.685,61.785,62.58,23550295
XLE,2026-08-18,63.41,63.71,63.115,63.68,27280522
XLE,2026-08-19,63.85,64.25,63.4,63.58,25537822
XLE,2026-08-20,64.25,64.7,63.69,63.75,24304126
XLE,2026-08-21,63.905,64.3,63.35,63.64,27798587
XLE,2026-08-24,63.24,63.72,62.56,63.11,23010358
XLE,2026-08-25,62.2,62.785,62.04,62.06,27426442
XLE,2026-08-26,61.43,63.02,61.31,62.43,24398571
XLE,2026-08-27,62.23,62.72,61.55,62.29,29603990
XLE,2026-08-28,62.35,62.74,62.118,62.68,20624540
XLE,2026-08-31,63.8,64.44,63.14,63.96,27148838
XLE,2026-09-01,64.87,64.95,64.05,64.77,33275948
XLE,2026-09-02,64.27,65.345,64.25,65.1,27401415
XLE,2026-09-03,65.12,65.52,64.5825,64.62,24079406
XLE,2026-09-04,64.04,64.33,63.375,64.06,26289553
XLE,2026-09-08,64.83,65.24,64.31,64.77,28088243
XLE,2026-09-09,65.56,65.915,65.01,65.31,25392376
XLE,2026-09-10,66.14,66.17,64.34,64.93,37212595
XLE,2026-09-11,64.89,65.725,64.71,65.14,30546274
XLE,2026-09-14,65.955,66.05,64.18,64.53,47236503
XLE,2026-09-15,64.88,66.115,64.81,65.93,34571930
XLE,2026-09-16,65.22,65.22,63.68,64.03,48608372
XLE,2026-09-17,63.5,64.52,63.46,64.48,35543834
XLE,2026-09-18,64.2,64.75,64.1,64.31,29426410
XLE,2026-09-21,63.17,63.7,62.365,62.46,36482209
XLE,2026-09-22,61.63,62.67,61.42,61.78,39289105
XLE,2026-09-23,62.175,62.97,62.05,62.37,36551698
XLE,2026-09-24,63.07,63.41,62.455,62.6,38168904
XLE,2026-09-25,61.92,62.33,61.655,62.04,37567631
VT,2026-07-17,154.24,155.43,153.845,154.78,2361254
VT,2026-07-20,155.39,155.69,154.18,154.29,2124219
VT,2026-07-21,155.55,156.3,155.1,156.14,1458777
VT,2026-07-22,155.86,156.49,155.78,156.02,1448599
VT,2026-07-23,154.27,155.1,153.56,154.31,2084522
VT,2026-07-24,154.4,155.29,153.88,154.2,2944155
VT,2026-07-27,155.48,155.7387,153.68,154.45,4991123
VT,2026-07-28,153.88,154.82,153.24,154.35,2582798
VT,2026-07-29,153.98,154.98,152.13,152.22,4037862
VT,2026-07-30,153.98,155.565,153.7704,155.45,2720865
VT,2026-07-31,155.98,156.25,154.25,155.86,3216821
VT,2026-08-03,156.4,157.72,156.19,157.61,2439345
VT,2026-08-04,158.59,160.775,158.5099,160.45,2839038
VT,2026-08-05,161.34,162.0,160.12,160.17,2386031
VT,2026-08-06,160.1,160.6799,159.765,159.92,4295862
VT,2026-08-07,161.01,161.38,160.5349,161.3,2952747
VT,2026-08-10,161.0,161.345,160.85,160.97,2425918
VT,2026-08-11,161.45,161.54,160.54,160.82,1646008
VT,2026-08-12,161.9,162.0,161.33,161.53,3041793
VT,2026-08-13,161.92,162.68,161.82,162.39,2324441
VT,2026-08-14,162.56,162.71,162.005,162.25,1925365
VT,2026-08-17,162.27,162.56,161.765,161.83,3566327
VT,2026-08-18,160.81,161.03,160.0,160.06,1975473
VT,2026-08-19,161.01,161.37,160.535,160.7,2481467
VT,2026-08-20,160.33,160.829,159.805,159.93,2072586
VT,2026-08-21,160.9,161.17,160.46,160.77,1552067
VT,2026-08-24,160.48,160.5,159.78,160.1,1827098
VT,2026-08-25,160.88,161.045,160.32,160.99,2569887
VT,2026-08-26,160.93,161.29,160.58,160.87,1375524
VT,2026-08-27,161.16,161.76,160.92,161.57,2016670
VT,2026-08-28,161.77,162.2,160.76,161.01,1593197
VT,2026-08-31,160.965,161.0,160.17,160.55,2027659
VT,2026-09-01,159.6,160.1505,158.91,159.31,1965160
VT,2026-09-02,159.5,160.2,159.44,160.11,1622455
VT,2026-09-03,160.9,161.915,160.62,161.76,1589401
VT,2026-09-04,161.36,161.97,161.36,161.73,1537228
VT,2026-09-08,161.7,161.7375,160.81,160.92,1620956
VT,2026-09-09,160.65,160.7,159.7,159.89,1677046
VT,2026-09-10,159.06,159.2099,158.405,158.53,1594908
VT,2026-09-11,160.02,160.34,159.76,159.94,2084104
VT,2026-09-14,158.63,159.4,158.08,158.73,2607033
VT,2026-09-15,158.55,158.7,157.66,158.03,2692951
VT,2026-09-16,158.67,159.02,156.475,157.41,1972010
VT,2026-09-17,159.365,159.5,158.94,159.22,1456477
VT,2026-09-18,158.555,158.63,157.89,158.55,3036884
VT,2026-09-21,159.98,161.195,159.765,160.89,2520978
VT,2026-09-22,161.09,161.55,160.73,161.24,3843171
VT,2026-09-23,160.66,160.66,159.095,159.33,4292187
VT,2026-09-24,158.67,159.495,158.25,159.05,2060882
VT,2026-09-25,159.55,160.25,159.04,160.03,2846675
WOOD,2026-07-17,69.636,69.636,69.0,69.1862,19605
WOOD,2026-07-20,68.6122,68.66,68.3167,68.4263,12294
WOOD,2026-07-21,68.84,68.84,68.4,68.6053,17937
WOOD,2026-07-22,69.4982,69.96,69.46,69.908,12315
WOOD,2026-07-23,68.705,68.929,68.23,68.4869,7004
WOOD,2026-07-24,68.45,69.459,68.45,69.34,16729
WOOD,2026-07-27,70.35,70.5,69.94,70.047,8619
WOOD,2026-07-28,70.935,71.6309,70.935,71.461,6401
WOOD,2026-07-29,71.3,71.8,70.71,71.0569,33961
WOOD,2026-07-30,72.37,72.37,71.64,72.0783,11072
WOOD,2026-07-31,71.5818,71.9625,71.1,71.9457,5239
WOOD,2026-08-03,72.29,72.9,71.9501,72.71,40503
WOOD,2026-08-04,72.28,73.53,72.28,73.3522,12291
WOOD,2026-08-05,73.24,73.24,72.71,72.8287,35675
WOOD,2026-08-06,73.6,73.6,72.2804,72.5,3605
WOOD,2026-08-07,73.54,73.655,73.27,73.545,9884
WOOD,2026-08-10,73.16,73.33,72.8724,73.186,12897
WOOD,2026-08-11,72.97,72.97,72.41,72.5774,6811
WOOD,2026-08-12,72.81,72.81,72.12,72.2871,6337
WOOD,2026-08-13,72.18,72.4757,72.0,72.3864,140508
WOOD,2026-08-14,72.52,72.89,72.195,72.355,48972
WOOD,2026-08-17,71.78,71.78,71.09,71.135,72259
WOOD,2026-08-18,71.15,71.235,70.79,70.856,32066
WOOD,2026-08-19,71.3,71.87,71.3,71.8469,29866
WOOD,2026-08-20,71.5713,71.94,71.25,71.47,22363
WOOD,2026-08-21,71.98,72.69,71.97,72.4943,19793
WOOD,2026-08-24,72.7,73.0,72.22,72.4102,28665
WOOD,2026-08-25,72.28,72.73,72.28,72.6185,13036
WOOD,2026-08-26,72.625,72.805,72.4082,72.4082,8992
WOOD,2026-08-27,72.46,72.81,72.3,72.4393,8716
WOOD,2026-08-28,72.87,72.905,71.97,72.1362,16249
WOOD,2026-08-31,72.43,72.43,71.51,71.7049,30239
WOOD,2026-09-01,71.51,71.725,71.1,71.2522,18456
WOOD,2026-09-02,71.3,71.92,71.1801,71.2408,128686
WOOD,2026-09-03,71.69,71.69,70.711,71.2153,47927
WOOD,2026-09-04,71.03,72.01,71.03,71.73,61663
WOOD,2026-09-08,71.76,71.805,71.251,71.371,23467
WOOD,2026-09-09,71.89,71.89,70.85,70.9691,18390
WOOD,2026-09-10,70.98,70.98,69.99,70.5031,12693
WOOD,2026-09-11,70.88,70.985,70.59,70.76,5857
WOOD,2026-09-14,70.13,70.66,69.87,70.2599,12423
WOOD,2026-09-15,70.9199,70.9199,70.43,70.6873,92875
WOOD,2026-09-16,70.95,71.56,70.39,70.705,27309
WOOD,2026-09-17,71.45,71.76,71.19,71.5903,25026
WOOD,2026-09-18,70.79,70.795,70.37,70.615,23624
WOOD,2026-09-21,70.99,71.16,70.726,70.843,30437
WOOD,2026-09-22,71.32,71.9999,71.26,71.8793,10291
WOOD,2026-09-23,71.0658,71.0658,70.49,70.5713,19244
WOOD,2026-09-24,70.175,70.21,69.13,69.2563,11959
WOOD,2026-09-25,69.3,69.43,69.11,69.3145,6969
UNG,2026-07-17,10.48,10.53,10.38,10.51,7122223
UNG,2026-07-20,10.38,10.38,10.23,10.29,7163214
UNG,2026-07-21,10.33,10.45,10.28,10.4,5293677
UNG,2026-07-22,10.46,10.65,10.45,10.6,5825279
UNG,2026-07-23,10.63,10.74,10.585,10.61,7649061
UNG,2026-07-24,10.81,10.82,10.485,10.55,7240185
UNG,2026-07-27,10.22,10.26,10.1,10.11,8718584
UNG,2026-07-28,10.03,10.03,9.75,9.8,15037921
UNG,2026-07-29,9.82,10.0301,9.81,9.93,6447918
UNG,2026-07-30,9.89,10.11,9.82,10.01,10505862
UNG,2026-07-31,9.99,10.08,9.88,10.06,7111008
UNG,2026-08-03,10.11,10.135,9.9951,10.11,6815240
UNG,2026-08-04,9.78,9.79,9.69,9.77,12619745
UNG,2026-08-05,9.76,9.8265,9.7,9.74,7819351
UNG,2026-08-06,9.73,9.73,9.545,9.63,13407224
UNG,2026-08-07,9.78,9.81,9.68,9.74,8059833
UNG,2026-08-10,10.17,10.23,10.13,10.14,11466489
UNG,2026-08-11,10.18,10.2166,10.02,10.07,7628099
UNG,2026-08-12,10.25,10.3,10.17,10.2,8935202
UNG,2026-08-13,10.01,10.115,9.89,9.97,11804517
UNG,2026-08-14,10.02,10.13,9.9,9.92,10851367
UNG,2026-08-17,9.77,9.85,9.72,9.83,8701360
UNG,2026-08-18,9.91,10.1,9.84,10.1,9057092
UNG,2026-08-19,10.29,10.33,10.0,10.01,11197323
UNG,2026-08-20,9.995,10.01,9.83,10.01,10541691
UNG,2026-08-21,10.07,10.13,9.99,9.99,7259375
UNG,2026-08-24,10.3,10.3097,10.095,10.15,10193310
UNG,2026-08-25,9.92,10.24,9.88,10.23,11637132
UNG,2026-08-26,10.32,10.51,10.3,10.41,10839862
UNG,2026-08-27,10.55,10.7295,10.41,10.43,10397264
UNG,2026-08-28,10.39,10.41,10.2535,10.33,8629814
UNG,2026-08-31,10.42,10.585,10.34,10.54,9752977
UNG,2026-09-01,10.27,10.61,10.2405,10.58,14734170
UNG,2026-09-02,10.57,10.76,10.53,10.75,12226983
UNG,2026-09-03,10.715,10.82,10.3701,10.49,22245707
UNG,2026-09-04,10.65,10.715,10.5422,10.56,16359558
UNG,2026-09-08,10.6,10.6002,10.3,10.46,14247764
UNG,2026-09-09,10.27,10.3899,10.07,10.09,14183786
UNG,2026-09-10,10.01,10.22,9.85,10.19,17270665
UNG,2026-09-11,10.09,10.23,10.075,10.17,11804212
UNG,2026-09-14,10.28,10.45,10.26,10.33,19528569
UNG,2026-09-15,10.56,10.59,10.4031,10.54,23461866
UNG,2026-09-16,10.56,10.59,10.32,10.36,21101719
UNG,2026-09-17,10.3,10.575,10.29,10.33,25508445
UNG,2026-09-18,10.41,10.52,10.385,10.41,22826499
UNG,2026-09-21,10.3,10.4015,10.23,10.26,21351241
UNG,2026-09-22,10.34,10.86,10.3215,10.86,45557772
UNG,2026-09-23,10.87,10.92,10.665,10.87,48669945
UNG,2026-09-24,10.79,11.67,10.78,11.55,66543561
UNG,2026-09-25,11.05,11.2,10.86,11.13,43663483
XLU,2026-07-17,45.9,46.15,45.055,45.17,20924552
XLU,2026-07-20,45.325,45.66,44.81,44.94,17830881
XLU,2026-07-21,44.87,45.04,44.64,44.92,15891711
XLU,2026-07-22,45.27,45.985,45.21,45.93,18366860
XLU,2026-07-23,45.65,46.3279,45.6,46.19,13696748
XLU,2026-07-24,46.4,46.625,46.1,46.29,16108991
XLU,2026-07-27,46.125,46.28,45.56,45.68,16609574
XLU,2026-07-28,45.86,46.4251,45.5,45.52,16414449
XLU,2026-07-29,45.76,45.7997,44.73,44.91,23653223
XLU,2026-07-30,45.195,45.235,44.36,44.66,23430326
XLU,2026-07-31,44.61,44.74,44.305,44.35,20778490
XLU,2026-08-03,44.24,44.66,43.94,44.36,25872639
XLU,2026-08-04,44.25,44.29,43.585,44.11,26772266
XLU,2026-08-05,44.1,44.13,43.285,43.66,26062254
XLU,2026-08-06,44.15,44.27,43.155,43.38,27020146
XLU,2026-08-07,43.2,43.8653,42.945,43.61,18693808
XLU,2026-08-10,43.43,43.52,43.055,43.13,25438230
XLU,2026-08-11,43.13,43.71,43.08,43.63,19690834
XLU,2026-08-12,43.76,43.96,43.64,43.84,15979025
XLU,2026-08-13,43.89,44.195,43.88,44.04,17855880
XLU,2026-08-14,44.01,44.41,43.975,44.31,17154205
XLU,2026-08-17,44.2,44.25,43.82,44.18,16377519
XLU,2026-08-18,44.53,44.6501,43.95,44.02,19424744
XLU,2026-08-19,44.26,44.38,43.8,44.02,15856392
XLU,2026-08-20,43.83,44.26,43.75,43.77,17077438
XLU,2026-08-21,43.9,43.96,42.75,42.77,22072959
XLU,2026-08-24,42.87,43.26,42.7,43.22,20055688
XLU,2026-08-25,43.24,43.48,43.07,43.31,13432139
XLU,2026-08-26,43.31,43.705,43.275,43.51,12242436
XLU,2026-08-27,43.22,43.33,42.92,43.18,16034681
XLU,2026-08-28,43.34,43.38,42.5601,42.73,20366675
XLU,2026-08-31,42.0,42.395,41.86,42.23,31626919
XLU,2026-09-01,42.3,42.61,42.09,42.56,30618655
XLU,2026-09-02,42.4,42.71,42.02,42.67,29770593
XLU,2026-09-03,42.82,43.13,42.77,43.03,22880343
XLU,2026-09-04,42.77,43.23,42.75,43.08,18861522
XLU,2026-09-08,43.05,43.7057,43.035,43.45,19713920
XLU,2026-09-09,43.4,43.53,42.825,42.94,16905814
XLU,2026-09-10,42.99,43.25,42.51,42.52,20625289
XLU,2026-09-11,42.89,42.96,42.31,42.39,15174869
XLU,2026-09-14,42.38,42.44,41.75,41.82,23589853
XLU,2026-09-15,41.92,41.95,41.29,41.32,24212551
XLU,2026-09-16,41.63,41.66,41.15,41.32,23577404
XLU,2026-09-17,41.5,41.755,41.32,41.69,20995818
XLU,2026-09-18,41.375,41.5,41.08,41.1,22574356
XLU,2026-09-21,40.77,40.93,40.575,40.66,20935323
XLU,2026-09-22,40.59,40.82,40.45,40.53,18877919
XLU,2026-09-23,40.38,40.41,39.71,39.75,27882441
XLU,2026-09-24,39.88,39.89,39.36,39.36,25594049
XLU,2026-09-25,39.41,39.6,39.125,39.51,30294917
BKCH,2026-07-17,61.38,63.9499,59.79,62.26,67476
BKCH,2026-07-20,64.82,68.86,64.82,67.8,45180
BKCH,2026-07-21,69.79,73.65,69.79,72.32,53488
BKCH,2026-07-22,70.52,74.25,70.52,71.93,45289
BKCH,2026-07-23,70.68,74.06,70.68,71.54,43582
BKCH,2026-07-24,70.79,70.79,67.58,67.62,53290
BKCH,2026-07-27,69.68,69.68,65.76,67.57,23990
BKCH,2026-07-28,65.38,65.85,62.45,65.44,28544
BKCH,2026-07-29,65.02,65.02,58.79,59.19,36182
BKCH,2026-07-30,62.26,68.41,62.26,68.12,41331
BKCH,2026-07-31,69.41,69.41,64.02,65.36,31302
BKCH,2026-08-03,64.21,68.69,63.02,68.05,53799
BKCH,2026-08-04,66.95,69.49,66.95,68.19,33045
BKCH,2026-08-05,67.94,68.25,65.61,65.61,27583
BKCH,2026-08-06,63.28,66.63,63.28,64.15,45593
BKCH,2026-08-07,66.19,66.54,63.12,65.23,65006
BKCH,2026-08-10,65.38,65.38,62.23,62.33,27743
BKCH,2026-08-11,64.4,65.25,62.88,63.27,19403
BKCH,2026-08-12,66.49,66.82,64.4886,65.36,674081
BKCH,2026-08-13,65.2,67.345,63.9,64.74,28732
BKCH,2026-08-14,63.85,65.425,63.3,64.9,40830
BKCH,2026-08-17,65.0,66.925,65.0,66.32,23063
BKCH,2026-08-18,64.66,65.09,62.18,62.46,26102
BKCH,2026-08-19,62.74,66.7661,61.36,65.4,69780
BKCH,2026-08-20,67.92,69.28,66.96,69.28,55340
BKCH,2026-08-21,72.11,74.08,69.225,70.34,171729
BKCH,2026-08-24,70.01,71.37,68.5,68.95,43485
BKCH,2026-08-25,68.51,73.25,68.51,72.73,25158
BKCH,2026-08-26,71.01,72.15,70.02,70.6338,20470
BKCH,2026-08-27,72.1827,74.95,71.9354,73.44,73786
BKCH,2026-08-28,71.48,71.48,67.05,67.41,48307
BKCH,2026-08-31,67.33,69.795,66.8,69.69,37346
BKCH,2026-09-01,67.75,67.75,65.795,66.38,33368
BKCH,2026-09-02,65.48,67.85,65.0,67.53,32573
BKCH,2026-09-03,68.51,74.77,68.51,74.63,44478
BKCH,2026-09-04,72.83,75.0,72.76,74.91,121747
BKCH,2026-09-08,74.72,76.86,74.245,75.42,23768
BKCH,2026-09-09,76.61,76.61,73.15,73.15,28684
BKCH,2026-09-10,71.01,72.88,70.25,70.77,23346
BKCH,2026-09-11,72.13,74.7,71.72,72.69,12648
BKCH,2026-09-14,70.71,73.87,70.71,72.83,20508
BKCH,2026-09-15,70.98,70.98,67.72,67.95,30084
BKCH,2026-09-16,68.53,68.83,66.13,67.74,40914
BKCH,2026-09-17,70.62,71.37,68.84,70.63,20577
BKCH,2026-09-18,72.23,76.99,72.23,76.89,35094
BKCH,2026-09-21,80.17,81.0,78.76,79.35,78040
BKCH,2026-09-22,78.76,80.98,78.75,80.61,55592
BKCH,2026-09-23,79.24,80.73,77.82,77.9947,79552
BKCH,2026-09-24,76.37,78.37,76.34,77.24,41363
BKCH,2026-09-25,77.6,77.6,74.12,74.94,27602
CRBN,2026-07-17,249.43,250.61,249.3201,249.85,7919
CRBN,2026-07-20,250.4907,250.71,249.1876,249.1876,6552
CRBN,2026-07-21,251.63,252.69,250.765,252.23,17685
CRBN,2026-07-22,251.915,252.52,251.915,252.22,2098
CRBN,2026-07-23,249.7,249.7,248.4,248.79,2198
CRBN,2026-07-24,248.95,250.62,248.495,248.76,2787
CRBN,2026-07-27,251.53,251.53,248.42,249.66,3726
CRBN,2026-07-28,248.39,249.66,247.51,249.1986,5552
CRBN,2026-07-29,247.419,249.799,245.6807,245.6807,4771
CRBN,2026-07-30,248.35,251.0,248.35,251.0,5442
CRBN,2026-07-31,249.9435,251.88,249.215,251.76,13484
CRBN,2026-08-03,252.17,254.58,252.17,254.58,12308
CRBN,2026-08-04,256.15,258.92,256.15,258.88,10971
CRBN,2026-08-05,260.35,260.35,258.61,258.7293,4318
CRBN,2026-08-06,258.64,259.21,257.84,258.03,4795
CRBN,2026-08-07,259.31,259.9599,259.02,259.59,3544
CRBN,2026-08-10,258.97,259.66,258.75,258.81,3555
CRBN,2026-08-11,259.68,260.01,258.605,258.73,7680
CRBN,2026-08-12,260.4999,260.4999,259.73,260.36,3475
CRBN,2026-08-13,261.86,261.86,260.77,261.31,3336
CRBN,2026-08-14,262.08,262.08,260.5,260.68,7330
CRBN,2026-08-17,260.92,261.45,260.21,260.54,3581
CRBN,2026-08-18,258.68,258.68,257.47,257.72,4541
CRBN,2026-08-19,259.02,259.02,258.2273,258.9,3627
CRBN,2026-08-20,257.73,258.34,257.19,257.1959,3324
CRBN,2026-08-21,259.0,259.31,258.53,258.93,4781
CRBN,2026-08-24,258.14,258.47,257.2501,257.85,6866
CRBN,2026-08-25,259.43,259.77,258.83,259.77,3834
CRBN,2026-08-26,259.56,259.9,258.985,259.08,3155
CRBN,2026-08-27,259.9,261.03,259.9,260.87,5843
CRBN,2026-08-28,261.76,261.76,259.4327,259.8793,4167
CRBN,2026-08-31,258.8976,259.36,258.75,259.23,4322
CRBN,2026-09-01,257.87,258.27,256.2765,257.07,45804
CRBN,2026-09-02,257.25,258.31,257.15,258.31,5873
CRBN,2026-09-03,259.2897,260.65,259.226,260.6418,3070
CRBN,2026-09-04,260.725,260.725,259.84,260.31,5465
CRBN,2026-09-08,259.81,260.379,258.99,258.99,5567
CRBN,2026-09-09,257.97,258.525,257.14,257.24,5026
CRBN,2026-09-10,256.15,256.15,255.03,255.03,2513
CRBN,2026-09-11,258.4,258.65,257.38,257.96,28886
CRBN,2026-09-14,254.89,256.13,254.795,255.6225,3426
CRBN,2026-09-15,255.11,255.11,253.88,254.0936,3438
CRBN,2026-09-16,255.09,255.6899,253.69,253.69,3086
CRBN,2026-09-17,256.315,256.88,256.085,256.7768,5019
CRBN,2026-09-18,255.335,256.405,255.29,256.17,4301
CRBN,2026-09-21,258.3,261.28,258.3,260.38,21664
CRBN,2026-09-22,261.299,261.299,259.86,261.07,5475
CRBN,2026-09-23,258.8,258.9412,257.6,257.6,6196
CRBN,2026-09-24,256.8,258.02,256.315,258.02,13717
CRBN,2026-09-25,258.75,259.32,258.02,259.32,5028
GRNY,2026-07-17,27.09,27.4702,27.04,27.31,1131951
GRNY,2026-07-20,27.46,27.52,27.21,27.21,1116813
GRNY,2026-07-21,27.44,27.585,27.37,27.52,1199950
GRNY,2026-07-22,27.42,27.6,27.41,27.49,934957
GRNY,2026-07-23,27.28,27.43,27.075,27.22,1000468
GRNY,2026-07-24,27.21,27.265,27.0399,27.1,848774
GRNY,2026-07-27,27.31,27.37,26.8601,27.05,1243460
GRNY,2026-07-28,26.94,27.025,26.73,26.93,1230413
GRNY,2026-07-29,26.83,26.885,26.32,26.34,1448027
GRNY,2026-07-30,26.64,26.8399,26.53,26.81,1254982
GRNY,2026-07-31,27.03,27.135,26.69,27.01,1118417
GRNY,2026-08-03,27.09,27.415,27.03,27.39,1459330
GRNY,2026-08-04,27.68,28.02,27.625,27.9,1195596
GRNY,2026-08-05,28.11,28.16,27.84,27.85,1513470
GRNY,2026-08-06,27.79,27.875,27.68,27.72,887471
GRNY,2026-08-07,27.88,27.94,27.72,27.84,1063221
GRNY,2026-08-10,27.87,28.0299,27.86,27.93,1005424
GRNY,2026-08-11,28.01,28.085,27.915,27.98,1303835
GRNY,2026-08-12,28.19,28.19,27.955,28.06,1313693
GRNY,2026-08-13,28.14,28.3,28.11,28.21,1381542
GRNY,2026-08-14,28.2,28.22,28.11,28.12,676864
GRNY,2026-08-17,28.1,28.14,27.98,27.99,1154608
GRNY,2026-08-18,27.83,27.905,27.69,27.72,1431227
GRNY,2026-08-19,27.77,27.825,27.6,27.67,2430546
GRNY,2026-08-20,27.67,27.8005,27.46,27.48,1658920
GRNY,2026-08-21,27.71,27.875,27.635,27.8,1289401
GRNY,2026-08-24,27.73,27.74,27.545,27.61,1510026
GRNY,2026-08-25,27.77,27.89,27.695,27.82,1253768
GRNY,2026-08-26,27.7,27.955,27.7,27.91,880555
GRNY,2026-08-27,28.06,28.095,27.92,28.08,1172558
GRNY,2026-08-28,28.08,28.125,27.7799,27.81,1191209
GRNY,2026-08-31,27.75,27.865,27.66,27.83,857505
GRNY,2026-09-01,27.58,27.6239,27.31,27.41,1205140
GRNY,2026-09-02,27.42,27.5202,27.305,27.5,1076542
GRNY,2026-09-03,27.7,28.175,27.67,28.14,953296
GRNY,2026-09-04,28.05,28.165,28.035,28.12,723896
GRNY,2026-09-08,28.27,28.385,28.16,28.19,1131922
GRNY,2026-09-09,28.2,28.205,27.865,27.89,1005223
GRNY,2026-09-10,27.58,27.735,27.51,27.53,1323070
GRNY,2026-09-11,27.84,27.93,27.765,27.79,1065907
GRNY,2026-09-14,27.32,27.525,27.25,27.4,1231286
GRNY,2026-09-15,27.4,27.42,27.135,27.19,1010595
GRNY,2026-09-16,27.33,27.4899,26.96,27.18,1559321
GRNY,2026-09-17,27.66,27.69,27.53,27.64,855675
GRNY,2026-09-18,27.72,27.9,27.64,27.88,843157
GRNY,2026-09-21,28.28,28.5,28.19,28.44,1362016
GRNY,2026-09-22,28.48,28.555,28.395,28.52,1007961
GRNY,2026-09-23,28.48,28.5,28.2799,28.34,1318599
GRNY,2026-09-24,28.1,28.3801,28.07,28.33,1196752
GRNY,2026-09-25,28.43,28.43,28.155,28.32,1197051
XLI,2026-07-17,178.26,181.46,177.6,179.41,8061743
XLI,2026-07-20,180.61,181.265,177.59,178.12,6044619
XLI,2026-07-21,179.51,179.94,177.76,178.66,4836072
XLI,2026-07-22,178.2,179.84,178.14,178.85,4350196
XLI,2026-07-23,179.09,182.98,179.09,181.94,8556033
XLI,2026-07-24,181.92,183.9,181.74,182.66,5507718
XLI,2026-07-27,183.62,184.42,180.84,183.2,6195737
XLI,2026-07-28,182.63,182.95,181.44,182.49,5708678
XLI,2026-07-29,181.0,181.44,176.35,176.66,9507073
XLI,2026-07-30,178.93,179.1,175.96,178.39,7368172
XLI,2026-07-31,180.5,180.9244,177.89,179.84,7206270
XLI,2026-08-03,180.46,183.347,180.1,183.16,8814029
XLI,2026-08-04,185.64,186.87,183.28,186.4,10497957
XLI,2026-08-05,186.58,188.19,185.99,186.35,5641064
XLI,2026-08-06,186.7,187.46,184.5,184.76,5520599
XLI,2026-08-07,185.45,185.87,183.99,185.18,6170231
XLI,2026-08-10,185.93,185.93,184.37,184.6,3438696
XLI,2026-08-11,185.08,187.26,185.03,185.7,4893903
XLI,2026-08-12,187.17,187.41,185.15,185.88,4052141
XLI,2026-08-13,186.48,186.67,184.74,185.79,4942559
XLI,2026-08-14,186.18,186.88,185.6001,186.51,3590373
XLI,2026-08-17,186.39,187.39,186.18,186.32,5363153
XLI,2026-08-18,185.21,185.575,183.505,183.57,4646776
XLI,2026-08-19,184.24,184.62,181.72,181.95,8312134
XLI,2026-08-20,181.01,182.03,179.55,179.77,6497823
XLI,2026-08-21,180.95,181.24,179.79,180.25,5471243
XLI,2026-08-24,180.09,180.3,178.355,179.0,5242909
XLI,2026-08-25,180.76,180.96,178.16,178.4,6567070
XLI,2026-08-26,178.9,180.9,178.9,180.34,8142608
XLI,2026-08-27,180.47,180.49,178.18,178.8,5464909
XLI,2026-08-28,179.44,179.52,176.65,177.14,8235619
XLI,2026-08-31,176.09,176.255,174.73,175.13,7362271
XLI,2026-09-01,174.34,175.44,172.145,172.73,9143082
XLI,2026-09-02,173.34,173.34,171.615,172.78,10831020
XLI,2026-09-03,173.76,174.56,172.02,174.56,8340646
XLI,2026-09-04,174.34,175.775,174.1,175.27,5841947
XLI,2026-09-08,175.14,175.71,174.27,174.42,6225467
XLI,2026-09-09,173.53,174.16,171.71,171.79,6411912
XLI,2026-09-10,170.83,171.68,170.0,170.55,7830393
XLI,2026-09-11,172.45,172.915,171.87,172.37,5577302
XLI,2026-09-14,168.67,170.135,168.34,169.93,7360025
XLI,2026-09-15,170.47,171.03,168.42,168.85,8890427
XLI,2026-09-16,169.61,170.68,167.49,168.71,8915209
XLI,2026-09-17,171.51,171.51,168.66,169.01,5851448
XLI,2026-09-18,169.0,169.92,168.48,169.75,8563436
XLI,2026-09-21,170.36,170.69,168.56,169.98,8548981
XLI,2026-09-22,170.68,170.71,169.13,170.27,7208184
XLI,2026-09-23,169.71,171.13,169.58,170.1,8007088
XLI,2026-09-24,168.75,170.045,168.245,168.83,8599603
XLI,2026-09-25,169.53,171.03,169.03,170.43,7292854
MAGS,2026-07-17,66.61,67.27,66.33,66.91,6322575
MAGS,2026-07-20,67.2,67.43,66.805,66.93,2977439
MAGS,2026-07-21,67.0,67.22,66.78,66.95,2245218
MAGS,2026-07-22,66.95,67.05,66.2,66.3,2261982
MAGS,2026-07-23,64.2,64.2441,62.78,63.23,7860422
MAGS,2026-07-24,63.47,63.715,63.1,63.15,4705672
MAGS,2026-07-27,63.95,64.085,62.96,63.01,4880166
MAGS,2026-07-28,63.26,63.695,62.745,63.44,3086443
MAGS,2026-07-29,63.26,64.075,62.43,62.56,3666470
MAGS,2026-07-30,63.03,64.1,62.87,63.92,3422480
MAGS,2026-07-31,64.6,66.16,64.34,65.96,4629200
MAGS,2026-08-03,66.74,68.73,66.66,68.38,10127351
MAGS,2026-08-04,67.74,69.2076,67.74,68.96,9311926
MAGS,2026-08-05,69.61,69.61,68.0851,68.42,3388595
MAGS,2026-08-06,68.49,69.13,68.29,68.58,3620614
MAGS,2026-08-07,68.57,69.52,68.53,69.14,3587095
MAGS,2026-08-10,69.01,69.485,68.79,69.04,2455397
MAGS,2026-08-11,69.18,69.29,68.33,68.44,2203540
MAGS,2026-08-12,68.64,68.695,67.575,67.71,3318913
MAGS,2026-08-13,67.87,68.56,67.82,68.49,2446234
MAGS,2026-08-14,68.5,68.92,68.25,68.26,2149767
MAGS,2026-08-17,68.3,68.39,67.19,67.35,3515212
MAGS,2026-08-18,66.84,67.16,66.55,66.74,3078307
MAGS,2026-08-19,66.92,67.95,66.7,67.66,2571001
MAGS,2026-08-20,67.26,67.5,66.785,66.89,1798274
MAGS,2026-08-21,67.1,67.6195,66.84,67.28,2047851
MAGS,2026-08-24,67.23,67.65,66.925,67.2,1852116
MAGS,2026-08-25,67.41,67.8,67.24,67.61,1547404
MAGS,2026-08-26,67.72,67.81,67.28,67.57,1935780
MAGS,2026-08-27,68.0,68.7,67.59,68.6,2790437
MAGS,2026-08-28,68.66,69.8,68.66,69.07,4305530
MAGS,2026-08-31,68.67,68.91,68.405,68.74,2003782
MAGS,2026-09-01,67.68,68.61,67.37,68.23,2653720
MAGS,2026-09-02,68.28,68.995,68.19,68.76,1969333
MAGS,2026-09-03,69.52,70.8,69.465,70.43,5888331
MAGS,2026-09-04,70.2,70.33,69.205,69.44,3835034
MAGS,2026-09-08,69.34,69.45,68.88,69.07,3264229
MAGS,2026-09-09,69.42,69.43,69.02,69.32,2398436
MAGS,2026-09-10,68.88,69.395,68.7,69.18,2492289
MAGS,2026-09-11,69.71,70.32,69.6,69.89,4346592
MAGS,2026-09-14,69.68,70.505,69.42,70.1,3197105
MAGS,2026-09-15,69.8,70.25,69.4135,69.6,4498810
MAGS,2026-09-16,69.98,70.2,69.105,69.52,2896349
MAGS,2026-09-17,70.6,70.8499,70.06,70.78,4269756
MAGS,2026-09-18,71.13,71.25,70.285,70.46,3446098
MAGS,2026-09-21,71.08,73.18,71.03,72.97,10233254
MAGS,2026-09-22,72.8,73.46,72.57,72.57,6762123
MAGS,2026-09-23,72.79,72.94,71.92,72.08,3672174
MAGS,2026-09-24,71.51,72.66,71.5,72.51,4799446
MAGS,2026-09-25,72.52,72.76,72.035,72.64,2695996
WEAT,2026-07-17,25.1,25.3099,24.87,25.25,633117
WEAT,2026-07-20,25.31,25.32,24.98,24.99,502478
WEAT,2026-07-21,24.85,25.23,24.78,25.2,335754
WEAT,2026-07-22,25.74,26.08,25.5407,26.0,992256
WEAT,2026-07-23,25.955,26.0,25.59,25.63,438614
WEAT,2026-07-24,25.0,25.225,24.53,25.22,1043220
WEAT,2026-07-27,25.03,25.09,24.48,24.52,674989
WEAT,2026-07-28,24.38,24.67,24.32,24.62,491271
WEAT,2026-07-29,24.64,24.66,24.44,24.5,290493
WEAT,2026-07-30,24.9,25.12,24.61,24.62,323054
WEAT,2026-07-31,24.37,24.3799,23.7144,23.81,1077227
WEAT,2026-08-03,23.86,24.325,23.74,24.26,431289
WEAT,2026-08-04,23.9,24.0,23.77,23.86,833736
WEAT,2026-08-05,24.11,24.271,23.96,24.06,322828
WEAT,2026-08-06,24.06,24.06,23.54,23.72,284255
WEAT,2026-08-07,23.85,24.13,23.8362,23.91,250222
WEAT,2026-08-10,24.3,24.35,24.0,24.01,231810
WEAT,2026-08-11,23.82,23.89,23.59,23.71,415761
WEAT,2026-08-12,24.13,24.45,24.13,24.36,798282
WEAT,2026-08-13,24.4,24.72,24.14,24.32,482684
WEAT,2026-08-14,24.66,25.0823,24.66,24.97,521940
WEAT,2026-08-17,24.91,25.135,24.779,25.0,455205
WEAT,2026-08-18,25.1,25.17,24.69,24.71,449927
WEAT,2026-08-19,24.81,25.45,24.81,25.34,536990
WEAT,2026-08-20,25.53,25.7,25.29,25.38,534241
WEAT,2026-08-21,25.37,25.47,25.19,25.41,385366
WEAT,2026-08-24,25.74,25.74,25.325,25.48,790423
WEAT,2026-08-25,25.11,25.66,25.05,25.63,445107
WEAT,2026-08-26,25.99,27.04,25.8228,26.99,1534617
WEAT,2026-08-27,26.9,27.3994,26.8,27.22,1540260
WEAT,2026-08-28,27.6,28.19,27.49,28.0,1294986
WEAT,2026-08-31,27.28,27.816,27.19,27.81,2105548
WEAT,2026-09-01,27.8,28.19,27.8,28.0,714352
WEAT,2026-09-02,27.76,28.41,27.73,27.86,557956
WEAT,2026-09-03,26.81,27.24,26.44,27.12,930191
WEAT,2026-09-04,26.91,26.98,26.46,26.49,762064
WEAT,2026-09-08,26.915,26.96,26.63,26.96,589959
WEAT,2026-09-09,26.93,26.93,26.28,26.28,571841
WEAT,2026-09-10,26.43,26.73,26.17,26.71,456535
WEAT,2026-09-11,26.6,26.6,25.9501,26.25,771995
WEAT,2026-09-14,26.44,26.515,25.7705,26.17,822261
WEAT,2026-09-15,25.88,26.43,25.832,26.32,868217
WEAT,2026-09-16,26.36,26.56,26.23,26.55,296232
WEAT,2026-09-17,26.15,26.41,26.01,26.24,570824
WEAT,2026-09-18,26.12,26.14,25.7959,25.86,442505
WEAT,2026-09-21,26.02,26.4,26.02,26.31,557392
WEAT,2026-09-22,26.05,26.21,25.98,25.99,252536
WEAT,2026-09-23,25.93,25.9644,25.53,25.68,377612
WEAT,2026-09-24,25.55,25.7204,25.44,25.57,319842
WEAT,2026-09-25,25.06,25.53,24.89,25.5,740873
ILF,2026-07-17,33.68,34.21,33.68,34.07,1558485
ILF,2026-07-20,34.23,34.435,34.12,34.24,770561
ILF,2026-07-21,34.46,34.7,34.2,34.69,2334693
ILF,2026-07-22,34.84,35.42,34.84,35.41,2231618
ILF,2026-07-23,35.1,35.28,34.8,34.84,3311016
ILF,2026-07-24,34.7,34.965,34.61,34.64,1622694
ILF,2026-07-27,34.79,34.87,34.57,34.81,1132751
ILF,2026-07-28,34.9,35.135,34.69,34.88,1529113
ILF,2026-07-29,34.875,34.88,34.23,34.3,1905494
ILF,2026-07-30,34.52,35.39,34.52,35.38,2379596
ILF,2026-07-31,35.48,35.63,35.055,35.37,5463254
ILF,2026-08-03,35.34,35.3849,35.04,35.16,5550536
ILF,2026-08-04,35.46,35.57,35.0382,35.08,1115510
ILF,2026-08-05,35.44,35.56,35.065,35.09,4396291
ILF,2026-08-06,35.04,35.38,34.8601,34.91,2173099
ILF,2026-08-07,35.19,35.19,34.545,34.62,1384613
ILF,2026-08-10,34.57,34.655,34.405,34.52,1292781
ILF,2026-08-11,34.53,34.6,33.675,33.75,1514082
ILF,2026-08-12,33.86,33.93,33.52,33.55,5431576
ILF,2026-08-13,33.62,33.74,33.35,33.42,6534779
ILF,2026-08-14,33.74,33.86,33.37,33.6,2100397
ILF,2026-08-17,33.74,33.78,33.51,33.64,1983178
ILF,2026-08-18,33.5,33.77,33.155,33.23,3116921
ILF,2026-08-19,33.83,34.095,33.645,33.67,1670285
ILF,2026-08-20,33.49,34.0,33.49,33.72,1940281
ILF,2026-08-21,34.03,34.815,33.995,34.68,4033642
ILF,2026-08-24,34.46,35.02,34.36,34.77,4390384
ILF,2026-08-25,34.835,35.22,34.44,35.21,2031757
ILF,2026-08-26,35.24,35.44,35.0001,35.03,986914
ILF,2026-08-27,35.03,35.03,34.7199,34.95,1673300
ILF,2026-08-28,34.98,34.98,34.34,34.65,1393980
ILF,2026-08-31,35.0,35.12,34.64,34.9,5011090
ILF,2026-09-01,34.88,35.53,34.82,35.06,2513241
ILF,2026-09-02,35.41,36.245,35.31,36.22,5545087
ILF,2026-09-03,36.68,36.8,36.1,36.35,2902590
ILF,2026-09-04,36.02,36.405,35.89,36.07,2154902
ILF,2026-09-08,36.53,36.86,36.42,36.52,2448535
ILF,2026-09-09,36.39,36.57,36.1,36.16,2420497
ILF,2026-09-10,35.81,36.48,35.66,36.22,1736532
ILF,2026-09-11,36.36,36.39,35.745,35.97,5378384
ILF,2026-09-14,35.31,35.61,35.13,35.55,2908539
ILF,2026-09-15,35.48,35.65,35.33,35.51,1194806
ILF,2026-09-16,35.41,35.445,34.715,35.03,2067856
ILF,2026-09-17,35.38,35.58,34.91,35.45,2190327
ILF,2026-09-18,35.23,35.295,34.905,35.04,1468293
ILF,2026-09-21,35.43,35.585,35.18,35.49,2361227
ILF,2026-09-22,35.28,35.86,35.2,35.81,1239379
ILF,2026-09-23,35.65,35.78,35.08,35.14,1518253
ILF,2026-09-24,34.91,35.1,34.58,34.65,1439645
ILF,2026-09-25,34.58,34.875,34.4,34.75,2154508
FXI,2026-07-17,33.95,34.15,33.88,34.13,24493172
FXI,2026-07-20,35.01,35.29,34.92,35.04,32981053
FXI,2026-07-21,34.84,34.86,34.57,34.63,22487965
FXI,2026-07-22,34.55,34.565,34.385,34.43,15704172
FXI,2026-07-23,34.64,34.735,34.375,34.46,19708935
FXI,2026-07-24,34.52,34.76,34.44,34.58,11418005
FXI,2026-07-27,35.08,35.33,34.98,35.28,21449316
FXI,2026-07-28,35.405,35.715,35.325,35.65,23244458
FXI,2026-07-29,35.92,36.4866,35.92,36.12,27091141
FXI,2026-07-30,36.33,36.55,36.195,36.52,21680119
FXI,2026-07-31,36.28,36.535,36.19,36.5,23602683
FXI,2026-08-03,36.4,36.55,36.355,36.46,13943647
FXI,2026-08-04,36.01,36.32,35.905,36.31,18978308
FXI,2026-08-05,36.37,36.39,36.02,36.08,19597460
FXI,2026-08-06,35.912,36.01,35.74,35.95,12233954
FXI,2026-08-07,36.064,36.225,36.03,36.17,11950559
FXI,2026-08-10,36.23,36.52,36.145,36.49,13000696
FXI,2026-08-11,35.81,35.811,35.6,35.66,23101162
FXI,2026-08-12,35.35,35.35,35.155,35.23,20482857
FXI,2026-08-13,35.07,35.16,34.8,34.86,20171503
FXI,2026-08-14,34.82,34.995,34.79,34.89,11076786
FXI,2026-08-17,35.15,35.25,35.055,35.1,17101772
FXI,2026-08-18,35.18,35.335,34.995,35.06,13956830
FXI,2026-08-19,35.54,35.745,35.53,35.68,22795390
FXI,2026-08-20,35.445,35.67,35.34,35.67,17608663
FXI,2026-08-21,36.08,36.12,35.82,35.86,13749549
FXI,2026-08-24,35.37,35.605,35.36,35.55,16508457
FXI,2026-08-25,35.39,35.575,35.325,35.56,10668629
FXI,2026-08-26,35.64,35.72,35.53,35.55,7523167
FXI,2026-08-27,35.33,35.36,35.19,35.24,12485727
FXI,2026-08-28,35.52,35.65,35.37,35.51,14878233
FXI,2026-08-31,35.66,35.7,35.35,35.37,11402320
FXI,2026-09-01,35.36,35.635,35.28,35.34,15098952
FXI,2026-09-02,35.51,35.655,35.47,35.54,10331354
FXI,2026-09-03,35.11,35.43,35.04,35.34,15395380
FXI,2026-09-04,35.75,35.905,35.7,35.88,18696504
FXI,2026-09-08,35.15,35.16,34.92,35.0,28701663
FXI,2026-09-09,34.91,34.92,34.54,34.55,23332037
FXI,2026-09-10,34.475,34.525,34.33,34.35,16596970
FXI,2026-09-11,34.57,34.72,34.46,34.49,12912598
FXI,2026-09-14,34.68,34.98,34.645,34.84,15105503
FXI,2026-09-15,34.515,34.54,34.37,34.4,18054645
FXI,2026-09-16,34.235,34.235,33.82,33.92,20318624
FXI,2026-09-17,34.19,34.27,34.115,34.19,15891488
FXI,2026-09-18,34.2,34.365,34.15,34.32,14432361
FXI,2026-09-21,34.83,34.95,34.635,34.91,23384763
FXI,2026-09-22,35.2,35.285,34.9,35.0,15226136
FXI,2026-09-23,34.508,34.555,34.28,34.36,22055714
FXI,2026-09-24,34.43,34.455,34.16,34.24,13954045
FXI,2026-09-25,34.0,34.055,33.9,33.96,13395783
IYT,2026-07-17,89.58,89.9952,88.85,89.21,605413
IYT,2026-07-20,89.47,89.71,88.08,88.26,458288
IYT,2026-07-21,88.55,88.7999,87.8549,88.55,295054
IYT,2026-07-22,88.19,88.47,87.73,87.95,575936
IYT,2026-07-23,88.51,89.5679,87.72,88.19,664631
IYT,2026-07-24,88.12,89.3699,87.59,88.02,1380146
IYT,2026-07-27,88.53,88.6,86.57,87.18,1007233
IYT,2026-07-28,87.12,87.45,86.35,86.97,358184
IYT,2026-07-29,86.38,86.5,85.17,85.76,651202
IYT,2026-07-30,85.81,85.995,83.745,84.88,1064243
IYT,2026-07-31,84.84,85.23,84.425,84.89,668681
IYT,2026-08-03,85.6,86.23,85.26,85.88,537780
IYT,2026-08-04,86.5,87.94,86.09,87.85,499482
IYT,2026-08-05,87.44,87.59,86.515,86.77,371094
IYT,2026-08-06,86.76,86.89,86.14,86.25,553694
IYT,2026-08-07,86.27,87.79,86.08,87.23,295376
IYT,2026-08-10,86.85,87.8,86.815,86.905,373647
IYT,2026-08-11,86.77,87.49,86.53,86.98,241492
IYT,2026-08-12,86.74,87.295,86.45,86.95,348525
IYT,2026-08-13,87.37,88.27,87.37,88.14,304492
IYT,2026-08-14,88.27,88.51,87.3447,87.435,279347
IYT,2026-08-17,87.37,88.155,87.29,87.32,233606
IYT,2026-08-18,87.22,87.55,86.13,86.18,336598
IYT,2026-08-19,86.49,87.7,86.45,86.59,721662
IYT,2026-08-20,86.06,86.99,86.0,86.27,264994
IYT,2026-08-21,86.78,87.165,86.695,87.03,265576
IYT,2026-08-24,87.32,87.56,86.27,86.83,469024
IYT,2026-08-25,87.19,87.38,86.815,87.295,312400
IYT,2026-08-26,87.53,88.02,87.21,87.22,645058
IYT,2026-08-27,86.88,86.88,86.18,86.4,427790
IYT,2026-08-28,86.65,87.08,86.12,86.39,276086
IYT,2026-08-31,86.0,86.0014,84.95,85.14,577647
IYT,2026-09-01,84.6,84.82,82.6,82.93,1072137
IYT,2026-09-02,83.4,83.92,82.68,83.32,789220
IYT,2026-09-03,83.71,84.18,82.64,83.6,599254
IYT,2026-09-04,83.31,84.36,83.31,84.17,492759
IYT,2026-09-08,83.78,83.88,82.91,82.97,298202
IYT,2026-09-09,82.45,82.5,81.63,81.71,525661
IYT,2026-09-10,81.43,82.37,80.93,82.03,1709443
IYT,2026-09-11,82.66,82.945,81.63,82.14,534966
IYT,2026-09-14,81.67,82.68,81.55,82.64,788119
IYT,2026-09-15,82.28,82.31,81.35,81.82,2629890
IYT,2026-09-16,81.35,81.39,79.75,80.16,1171158
IYT,2026-09-17,81.14,81.335,80.42,80.8,542221
IYT,2026-09-18,80.8,80.8,79.93,80.27,797400
IYT,2026-09-21,80.44,80.44,79.28,79.86,1175357
IYT,2026-09-22,80.59,80.78,79.8,80.15,718818
IYT,2026-09-23,79.82,80.4,79.44,79.76,759580
IYT,2026-09-24,79.46,79.89,78.75,78.92,2908831
IYT,2026-09-25,79.12,79.61,78.82,79.35,866427
XLF,2026-07-17,56.43,56.935,56.12,56.26,42881769
XLF,2026-07-20,56.3,56.38,55.89,56.04,38162632
XLF,2026-07-21,55.99,56.335,55.72,56.11,26398953
XLF,2026-07-22,56.14,56.275,55.91,56.05,25430855
XLF,2026-07-23,55.68,55.86,55.45,55.83,24311041
XLF,2026-07-24,55.83,56.3799,55.69,56.31,32212936
XLF,2026-07-27,56.76,57.13,56.585,56.88,29805892
XLF,2026-07-28,57.13,57.6,56.95,57.6,34204441
XLF,2026-07-29,57.29,57.4701,56.585,56.68,49038768
XLF,2026-07-30,56.82,57.05,56.1847,57.0,33193785
XLF,2026-07-31,56.81,57.12,56.69,56.94,32543466
XLF,2026-08-03,57.29,57.55,57.0,57.38,31019439
XLF,2026-08-04,57.22,58.015,57.19,57.88,31466059
XLF,2026-08-05,58.18,58.405,57.8,58.0,34275586
XLF,2026-08-06,58.38,58.38,57.59,57.81,27704214
XLF,2026-08-07,57.61,57.79,57.34,57.6,20816712
XLF,2026-08-10,57.54,58.02,57.455,57.81,26070835
XLF,2026-08-11,57.78,58.095,57.715,57.8,19797010
XLF,2026-08-12,57.83,58.0,57.68,57.92,18531736
XLF,2026-08-13,58.19,58.305,57.75,58.26,23193475
XLF,2026-08-14,58.22,58.29,58.06,58.16,28130143
XLF,2026-08-17,57.96,58.265,57.55,57.58,45636699
XLF,2026-08-18,57.73,57.9796,57.565,57.84,25389365
XLF,2026-08-19,57.88,58.2,57.42,57.48,35648257
XLF,2026-08-20,57.47,57.655,56.91,56.95,30704196
XLF,2026-08-21,57.32,57.695,57.245,57.48,27277760
XLF,2026-08-24,57.7,58.3759,57.64,58.22,31462888
XLF,2026-08-25,58.19,58.36,57.87,58.31,23685140
XLF,2026-08-26,58.25,58.38,58.02,58.26,20054032
XLF,2026-08-27,57.91,58.23,57.73,57.88,26088711
XLF,2026-08-28,57.98,58.41,57.92,58.1,25142604
XLF,2026-08-31,57.86,57.925,57.69,57.71,25215699
XLF,2026-09-01,57.61,57.98,57.13,57.2,32401547
XLF,2026-09-02,57.38,58.2261,57.32,57.66,31324726
XLF,2026-09-03,58.0,58.6,57.99,58.56,32670451
XLF,2026-09-04,58.04,58.38,57.915,58.1,26361489
XLF,2026-09-08,57.705,57.82,57.26,57.3,38239199
XLF,2026-09-09,57.13,57.33,56.73,57.06,27523005
XLF,2026-09-10,56.91,57.11,56.6901,56.87,25355091
XLF,2026-09-11,57.44,57.615,56.955,57.25,34705631
XLF,2026-09-14,57.34,57.57,56.76,57.03,38162426
XLF,2026-09-15,56.97,56.99,56.46,56.85,30169969
XLF,2026-09-16,56.82,56.85,55.44,55.93,53072797
XLF,2026-09-17,56.27,56.4,55.56,55.88,29191320
XLF,2026-09-18,55.66,55.98,55.46,55.86,36017922
XLF,2026-09-21,56.05,56.205,55.72,55.9,30640758
XLF,2026-09-22,56.0,56.05,54.55,54.8,69837419
XLF,2026-09-23,54.5,55.0805,54.46,54.54,42703374
XLF,2026-09-24,54.61,54.815,54.25,54.53,28808024
XLF,2026-09-25,54.625,54.885,54.31,54.84,29108388
XLY,2026-07-17,115.91,116.87,115.32,115.44,10275143
XLY,2026-07-20,116.22,116.22,114.38,114.61,7804561
XLY,2026-07-21,114.64,115.17,114.28,114.87,6557798
XLY,2026-07-22,114.9,115.23,113.82,114.02,7106380
XLY,2026-07-23,110.48,110.59,108.29,108.76,12650403
XLY,2026-07-24,109.1,109.935,108.65,109.41,8210826
XLY,2026-07-27,110.87,111.36,110.3,110.84,6979358
XLY,2026-07-28,111.66,112.53,111.25,112.48,6018139
XLY,2026-07-29,111.95,113.59,111.44,111.61,7534395
XLY,2026-07-30,112.17,112.795,111.46,112.39,8074561
XLY,2026-07-31,115.44,116.39,114.97,116.09,13158076
XLY,2026-08-03,117.64,119.12,117.64,118.21,10041503
XLY,2026-08-04,117.53,118.565,117.12,118.29,10500947
XLY,2026-08-05,119.28,119.64,118.07,118.64,6117485
XLY,2026-08-06,118.61,118.795,117.705,118.1,4827897
XLY,2026-08-07,118.52,120.435,118.4973,119.86,5077365
XLY,2026-08-10,119.225,119.855,118.86,119.67,4466197
XLY,2026-08-11,119.67,119.96,119.11,119.24,3788630
XLY,2026-08-12,119.32,119.32,117.55,117.89,4486935
XLY,2026-08-13,118.04,118.93,117.885,118.45,4521072
XLY,2026-08-14,118.47,119.175,118.09,118.2,3839277
XLY,2026-08-17,117.96,117.96,116.4941,116.75,6884914
XLY,2026-08-18,116.7,117.58,116.07,116.36,5287015
XLY,2026-08-19,116.9,119.06,116.73,118.59,7526407
XLY,2026-08-20,117.05,117.4,116.375,116.68,5156014
XLY,2026-08-21,117.44,118.43,116.74,118.02,6561410
XLY,2026-08-24,118.38,118.79,118.07,118.3,4662421
XLY,2026-08-25,118.41,118.57,117.745,117.95,4156401
XLY,2026-08-26,117.69,117.84,116.745,117.16,3271701
XLY,2026-08-27,116.54,116.62,115.81,115.88,5231609
XLY,2026-08-28,116.71,117.57,116.375,117.21,4505756
XLY,2026-08-31,116.56,117.14,116.29,116.59,4912744
XLY,2026-09-01,115.42,115.615,114.32,114.59,5883310
XLY,2026-09-02,114.99,115.11,114.25,114.86,4238602
XLY,2026-09-03,115.93,117.065,115.83,116.46,5658703
XLY,2026-09-04,115.26,115.74,114.46,114.91,5120236
XLY,2026-09-08,114.47,114.63,113.75,113.99,7821202
XLY,2026-09-09,112.96,113.27,112.265,112.46,7683858
XLY,2026-09-10,111.49,112.65,111.02,111.96,5814603
XLY,2026-09-11,112.87,113.25,112.545,112.96,4536751
XLY,2026-09-14,112.31,113.28,112.11,112.85,5276401
XLY,2026-09-15,112.53,112.63,110.56,110.88,12691188
XLY,2026-09-16,111.1,111.46,109.625,110.18,8875133
XLY,2026-09-17,112.04,112.24,111.1726,111.39,4508651
XLY,2026-09-18,111.46,111.77,110.63,111.03,5418889
XLY,2026-09-21,111.54,112.61,111.12,112.23,4977191
XLY,2026-09-22,112.98,113.29,111.975,112.33,7643444
XLY,2026-09-23,111.705,112.08,110.36,110.65,6961758
XLY,2026-09-24,110.16,110.895,109.62,110.32,5000439
XLY,2026-09-25,110.67,110.92,109.65,110.56,6128754
BLOK,2026-07-17,57.75,59.32,57.02,58.53,170416
BLOK,2026-07-20,59.74,61.07,59.36,60.49,221414
BLOK,2026-07-21,61.6,63.5999,61.6,62.94,177483
BLOK,2026-07-22,62.08,63.65,62.08,62.54,258661
BLOK,2026-07-23,61.78,63.23,61.48,62.04,154095
BLOK,2026-07-24,61.91,61.91,60.1,60.25,129404
BLOK,2026-07-27,61.32,61.64,59.48,60.435,143101
BLOK,2026-07-28,59.37,59.69,57.7,59.45,435758
BLOK,2026-07-29,59.22,59.25,56.14,56.21,249720
BLOK,2026-07-30,57.98,60.25,57.98,59.99,145818
BLOK,2026-07-31,61.0,61.036,58.47,59.26,97919
BLOK,2026-08-03,58.98,61.71,58.5,61.28,423550
BLOK,2026-08-04,60.97,62.6,60.97,62.15,116721
BLOK,2026-08-05,61.8,62.11,60.47,60.47,137190
BLOK,2026-08-06,59.81,60.59,59.23,59.65,127252
BLOK,2026-08-07,60.59,60.67,59.33,59.89,152867
BLOK,2026-08-10,59.75,59.98,59.01,59.08,106419
BLOK,2026-08-11,59.7,60.12,58.9806,59.16,80819
BLOK,2026-08-12,60.63,60.83,59.6,60.12,76753
BLOK,2026-08-13,60.5,61.29,59.93,60.35,87635
BLOK,2026-08-14,60.44,60.85,59.88,60.73,171887
BLOK,2026-08-17,61.0,61.34,60.67,61.08,124146
BLOK,2026-08-18,60.07,60.69,59.135,59.21,184013
BLOK,2026-08-19,59.46,61.0,58.61,60.34,116634
BLOK,2026-08-20,61.85,62.0597,61.11,61.88,126566
BLOK,2026-08-21,63.51,64.32,62.5,62.95,357331
BLOK,2026-08-24,62.89,63.37,62.11,62.34,532880
BLOK,2026-08-25,62.54,64.56,62.39,64.5,241103
BLOK,2026-08-26,63.89,64.08,63.095,63.44,131778
BLOK,2026-08-27,64.39,65.46,63.85,64.91,97951
BLOK,2026-08-28,64.15,64.285,61.815,62.07,396015
BLOK,2026-08-31,62.07,62.64,61.34,62.51,220734
BLOK,2026-09-01,61.31,61.65,60.39,60.6,483660
BLOK,2026-09-02,60.35,61.72,59.96,61.51,162689
BLOK,2026-09-03,62.19,65.31,62.19,65.31,169332
BLOK,2026-09-04,64.52,65.24,64.36,65.23,176374
BLOK,2026-09-08,65.12,66.21,64.7,65.53,90654
BLOK,2026-09-09,65.98,66.07,64.252,64.27,165430
BLOK,2026-09-10,62.98,63.8,62.63,62.84,160795
BLOK,2026-09-11,63.61,65.1,63.21,63.9,119126
BLOK,2026-09-14,62.44,63.73,62.36,63.3,121603
BLOK,2026-09-15,62.37,62.47,60.5005,60.985,122170
BLOK,2026-09-16,61.25,61.65,59.795,60.73,91082
BLOK,2026-09-17,62.59,62.78,61.59,62.02,84973
BLOK,2026-09-18,62.91,64.91,62.88,64.86,209183
BLOK,2026-09-21,66.78,67.115,66.06,66.79,322303
BLOK,2026-09-22,66.5,67.58,66.44,67.12,249882
BLOK,2026-09-23,66.68,66.928,65.29,65.51,283451
BLOK,2026-09-24,64.55,65.43,64.1901,64.94,736896
BLOK,2026-09-25,65.32,65.32,63.75,64.21,272265
GDX,2026-07-17,70.4,71.93,69.74,71.32,18182121
GDX,2026-07-20,71.14,71.61,70.52,70.74,12353795
GDX,2026-07-21,72.44,74.225,72.11,74.19,18735246
GDX,2026-07-22,75.92,77.99,75.92,76.68,20428053
GDX,2026-07-23,74.442,75.36,73.85,75.02,16371395
GDX,2026-07-24,75.5,76.48,74.62,75.23,10693556
GDX,2026-07-27,76.21,76.56,74.25,75.73,11401249
GDX,2026-07-28,74.5,75.145,73.33,74.21,14266212
GDX,2026-07-29,73.94,76.03,72.18,73.57,25718807
GDX,2026-07-30,75.35,76.81,74.3,76.78,20321286
GDX,2026-07-31,74.88,75.32,72.92,74.1,17782727
GDX,2026-08-03,74.31,76.12,73.62,76.05,13804006
GDX,2026-08-04,77.61,78.86,77.01,77.92,20255625
GDX,2026-08-05,82.2,84.31,81.81,83.68,40684591
GDX,2026-08-06,82.44,84.48,82.18,83.92,25510574
GDX,2026-08-07,89.31,90.8,88.44,89.89,44624086
GDX,2026-08-10,88.9,90.75,87.43,90.49,22709785
GDX,2026-08-11,90.0,90.94,89.25,90.12,15322155
GDX,2026-08-12,92.59,92.66,90.38,90.96,18593306
GDX,2026-08-13,89.21,89.25,87.515,88.27,36716265
GDX,2026-08-14,89.635,91.02,89.36,89.97,15204299
GDX,2026-08-17,90.94,92.6,90.315,91.89,17103747
GDX,2026-08-18,90.535,91.21,88.775,88.95,22465984
GDX,2026-08-19,94.025,97.47,93.81,97.33,44388763
GDX,2026-08-20,96.32,100.33,96.3,99.85,33388074
GDX,2026-08-21,102.65,103.25,101.7699,102.83,33601603
GDX,2026-08-24,103.98,104.66,101.53,103.54,22815293
GDX,2026-08-25,101.94,105.67,101.8,105.52,26039862
GDX,2026-08-26,103.37,104.16,102.31,102.42,23884480
GDX,2026-08-27,102.14,104.114,101.69,103.69,16851380
GDX,2026-08-28,104.24,104.78,98.69,99.65,41059510
GDX,2026-08-31,99.275,99.635,96.99,98.51,17583148
GDX,2026-09-01,95.155,98.26,94.49,94.67,31351733
GDX,2026-09-02,96.96,98.76,96.3,97.63,22553275
GDX,2026-09-03,100.68,101.71,99.06,101.49,29159604
GDX,2026-09-04,98.75,100.1,98.01,99.26,21529057
GDX,2026-09-08,98.89,100.3,98.37,98.41,12532814
GDX,2026-09-09,100.46,101.48,98.69,99.47,15094218
GDX,2026-09-10,96.528,97.44,95.62,96.03,21940266
GDX,2026-09-11,98.21,99.0758,96.23,97.1,14308367
GDX,2026-09-14,93.93,95.08,92.85,94.14,24406665
GDX,2026-09-15,94.62,94.75,92.85,94.13,13916600
GDX,2026-09-16,95.98,95.98,91.19,92.8,27020109
GDX,2026-09-17,95.85,96.68,94.45,95.92,21167849
GDX,2026-09-18,96.15,96.25,94.23,95.48,19017603
GDX,2026-09-21,95.81,95.91,93.705,94.43,17063790
GDX,2026-09-22,94.51,98.365,94.5,97.83,20860202
GDX,2026-09-23,95.1849,95.27,93.07,93.56,28405465
GDX,2026-09-24,92.52,92.64,90.85,92.35,21881760
GDX,2026-09-25,92.442,93.32,91.34,92.87,15989275
DBB,2026-07-17,24.31,24.53,24.29,24.53,93840
DBB,2026-07-20,24.52,24.58,24.44,24.52,61742
DBB,2026-07-21,24.8,24.97,24.8,24.92,172262
DBB,2026-07-22,24.91,25.02,24.9,24.93,271015
DBB,2026-07-23,24.79,24.83,24.66,24.7,107066
DBB,2026-07-24,24.72,24.81,24.67,24.69,373947
DBB,2026-07-27,24.82,24.87,24.78,24.85,118650
DBB,2026-07-28,24.57,24.69,24.5,24.59,140383
DBB,2026-07-29,24.67,24.93,24.61,24.71,257762
DBB,2026-07-30,24.9,25.09,24.9,25.04,312153
DBB,2026-07-31,25.06,25.16,24.88,25.16,80998
DBB,2026-08-03,25.18,25.19,24.93,25.19,119644
DBB,2026-08-04,25.39,25.398,25.265,25.29,173540
DBB,2026-08-05,25.46,25.6,25.37,25.58,130429
DBB,2026-08-06,25.53,25.59,25.445,25.54,323605
DBB,2026-08-07,25.48,25.49,25.36,25.37,127617
DBB,2026-08-10,25.51,25.67,25.47,25.67,131136
DBB,2026-08-11,25.76,25.77,25.64,25.69,97057
DBB,2026-08-12,25.84,25.84,25.5,25.5,101803
DBB,2026-08-13,25.43,25.455,25.29,25.3,111509
DBB,2026-08-14,25.35,25.4401,25.35,25.42,75472
DBB,2026-08-17,25.41,25.49,25.39,25.44,87818
DBB,2026-08-18,25.3,25.305,25.04,25.07,482688
DBB,2026-08-19,25.2,25.29,25.15,25.27,85264
DBB,2026-08-20,25.01,25.2,25.01,25.16,216008
DBB,2026-08-21,25.41,25.55,25.41,25.55,117163
DBB,2026-08-24,25.61,25.66,25.465,25.52,305509
DBB,2026-08-25,25.54,25.735,25.48,25.72,489508
DBB,2026-08-26,25.66,25.66,25.4714,25.53,101362
DBB,2026-08-27,25.45,25.57,25.45,25.56,78735
DBB,2026-08-28,25.66,25.66,25.41,25.48,107621
DBB,2026-08-31,25.47,25.7,25.47,25.61,126246
DBB,2026-09-01,25.5,25.57,25.335,25.42,221429
DBB,2026-09-02,25.47,25.62,25.47,25.61,220520
DBB,2026-09-03,25.71,25.8,25.66,25.79,60610
DBB,2026-09-04,25.69,25.79,25.69,25.75,109523
DBB,2026-09-08,26.24,26.2757,26.05,26.06,367268
DBB,2026-09-09,26.27,26.405,26.205,26.29,224289
DBB,2026-09-10,25.82,25.82,25.33,25.34,491605
DBB,2026-09-11,25.35,25.43,25.35,25.41,86042
DBB,2026-09-14,25.2,25.2,24.9363,25.06,356096
DBB,2026-09-15,25.14,25.19,25.01,25.14,120075
DBB,2026-09-16,25.27,25.34,25.11,25.19,386197
DBB,2026-09-17,25.63,25.775,25.59,25.71,458508
DBB,2026-09-18,25.71,25.96,25.6713,25.94,121944
DBB,2026-09-21,26.03,26.03,25.855,25.88,113069
DBB,2026-09-22,26.06,26.205,25.985,26.17,111687
DBB,2026-09-23,25.9,25.945,25.76,25.81,155224
DBB,2026-09-24,25.79,25.95,25.79,25.93,287714
DBB,2026-09-25,25.72,25.93,25.72,25.93,227779
XLG,2026-07-17,60.45,61.145,60.21,60.71,856508
XLG,2026-07-20,61.09,61.33,60.66,60.71,1137491
XLG,2026-07-21,61.17,61.445,60.99,61.4,650509
XLG,2026-07-22,61.14,61.54,61.135,61.28,1324797
XLG,2026-07-23,60.25,60.5045,59.76,60.11,1062612
XLG,2026-07-24,60.09,60.465,59.815,59.98,817419
XLG,2026-07-27,60.53,60.5656,59.51,59.78,820234
XLG,2026-07-28,59.67,59.955,59.27,59.72,761877
XLG,2026-07-29,59.6,59.9,58.585,58.64,1486418
XLG,2026-07-30,59.41,60.275,59.3128,60.13,928625
XLG,2026-07-31,60.42,60.95,59.85,60.77,1148860
XLG,2026-08-03,60.94,61.97,60.915,61.83,877209
XLG,2026-08-04,62.09,63.33,62.09,63.09,1044092
XLG,2026-08-05,63.59,63.67,62.89,62.93,1003355
XLG,2026-08-06,63.0,63.27,62.84,62.95,790610
XLG,2026-08-07,63.15,63.4,62.9899,63.3,725210
XLG,2026-08-10,63.22,63.42,63.04,63.18,696042
XLG,2026-08-11,63.44,63.44,62.63,62.73,996243
XLG,2026-08-12,63.22,63.22,62.83,62.87,765481
XLG,2026-08-13,63.02,63.52,62.995,63.32,731899
XLG,2026-08-14,63.33,63.4204,63.01,63.11,587821
XLG,2026-08-17,63.21,63.27,62.84,62.88,567464
XLG,2026-08-18,62.4,62.4604,62.23,62.39,2339184
XLG,2026-08-19,62.54,62.705,62.19,62.45,1158205
XLG,2026-08-20,62.28,62.3895,61.86,61.9,2234729
XLG,2026-08-21,62.2,62.32,61.93,62.08,600021
XLG,2026-08-24,62.02,62.07,61.655,61.82,573242
XLG,2026-08-25,62.09,62.25,61.855,62.1,610351
XLG,2026-08-26,62.02,62.12,61.7912,62.0,564603
XLG,2026-08-27,62.31,62.75,62.161,62.66,668145
XLG,2026-08-28,62.73,63.245,62.515,62.64,701256
XLG,2026-08-31,62.55,62.57,62.27,62.49,633001
XLG,2026-09-01,61.96,62.455,61.79,62.13,674595
XLG,2026-09-02,62.24,62.685,62.18,62.53,466100
XLG,2026-09-03,62.69,63.42,62.69,63.29,7060735
XLG,2026-09-04,63.35,63.41,62.905,63.04,560439
XLG,2026-09-08,63.06,63.14,62.76,62.87,555025
XLG,2026-09-09,62.72,62.79,62.45,62.72,742188
XLG,2026-09-10,62.3,62.505,62.14,62.39,673622
XLG,2026-09-11,62.97,63.195,62.85,62.9,783604
XLG,2026-09-14,62.34,62.73,62.18,62.47,902284
XLG,2026-09-15,62.44,62.505,62.075,62.22,1484539
XLG,2026-09-16,62.42,62.61,61.67,62.02,888693
XLG,2026-09-17,62.89,63.06,62.67,62.97,725218
XLG,2026-09-18,63.17,63.245,62.835,63.19,842820
XLG,2026-09-21,63.53,64.535,63.5,64.41,855272
XLG,2026-09-22,64.34,64.58,64.335,64.44,957559
XLG,2026-09-23,64.44,64.44,63.6437,63.84,1053814
XLG,2026-09-24,63.39,64.005,63.37,63.92,1435056
XLG,2026-09-25,64.07,64.365,63.83,64.3,957498
MOO,2026-07-17,82.33,83.22,81.88,82.53,158864
MOO,2026-07-20,82.46,82.46,81.91,82.01,113205
MOO,2026-07-21,82.29,82.55,81.8701,82.15,68092
MOO,2026-07-22,82.39,83.22,82.24,83.17,133224
MOO,2026-07-23,82.84,83.53,82.38,82.55,174060
MOO,2026-07-24,82.9,83.18,82.73,83.15,69810
MOO,2026-07-27,83.32,83.385,82.69,83.0,180297
MOO,2026-07-28,83.21,84.31,83.19,83.88,177553
MOO,2026-07-29,83.92,83.92,83.13,83.39,195799
MOO,2026-07-30,83.42,83.705,83.0,83.52,315731
MOO,2026-07-31,82.75,82.77,81.32,81.72,292838
MOO,2026-08-03,81.64,81.95,80.92,80.98,218648
MOO,2026-08-04,81.2,81.785,80.39,81.69,339988
MOO,2026-08-05,82.24,82.48,81.22,81.22,164755
MOO,2026-08-06,81.5,81.54,80.95,81.48,141978
MOO,2026-08-07,81.88,81.94,81.06,81.1,118919
MOO,2026-08-10,81.1,81.5827,81.0075,81.52,117484
MOO,2026-08-11,81.66,81.97,81.43,81.62,185198
MOO,2026-08-12,81.56,81.59,80.61,81.2,173414
MOO,2026-08-13,81.08,81.29,80.74,80.96,152501
MOO,2026-08-14,81.23,81.7,81.17,81.37,231382
MOO,2026-08-17,81.23,81.45,81.045,81.19,120795
MOO,2026-08-18,81.5,81.83,81.27,81.35,347723
MOO,2026-08-19,81.97,82.92,81.97,82.13,171413
MOO,2026-08-20,82.17,84.295,82.17,83.51,650922
MOO,2026-08-21,84.14,85.37,84.02,85.19,807283
MOO,2026-08-24,85.55,85.795,84.6964,84.99,395847
MOO,2026-08-25,84.87,85.16,84.19,84.95,412239
MOO,2026-08-26,85.21,85.73,85.07,85.07,167047
MOO,2026-08-27,84.76,84.845,83.87,84.27,529536
MOO,2026-08-28,84.55,85.335,84.19,84.99,347337
MOO,2026-08-31,85.66,86.03,85.31,85.98,404318
MOO,2026-09-01,86.22,87.43,86.09,87.43,940621
MOO,2026-09-02,87.28,89.0699,87.28,88.85,888763
MOO,2026-09-03,89.22,89.2975,87.8003,88.18,450546
MOO,2026-09-04,87.47,88.15,87.02,87.83,413369
MOO,2026-09-08,87.85,88.32,87.48,87.58,507905
MOO,2026-09-09,87.96,88.495,87.51,87.69,1148128
MOO,2026-09-10,87.52,87.98,86.71,86.79,542352
MOO,2026-09-11,87.04,87.38,86.4,86.48,399860
MOO,2026-09-14,86.88,86.97,86.2,86.32,277068
MOO,2026-09-15,85.96,86.94,85.7001,86.51,247419
MOO,2026-09-16,86.55,86.58,84.95,85.29,481748
MOO,2026-09-17,85.72,86.355,85.56,86.23,314588
MOO,2026-09-18,85.66,85.66,84.485,84.64,312731
MOO,2026-09-21,84.82,84.985,83.83,84.03,318433
MOO,2026-09-22,84.1,84.85,83.93,84.56,423783
MOO,2026-09-23,84.56,85.24,84.23,84.31,218853
MOO,2026-09-24,84.37,84.43,83.24,83.34,258305
MOO,2026-09-25,83.65,83.87,82.68,83.27,298149
IYR,2026-07-17,106.62,107.37,105.61,106.09,5216703
IYR,2026-07-20,105.77,106.25,105.14,105.55,3921999
IYR,2026-07-21,105.67,105.86,105.09,105.52,4581045
IYR,2026-07-22,105.85,105.8638,104.78,104.95,3327771
IYR,2026-07-23,104.64,105.425,104.42,104.71,4654568
IYR,2026-07-24,105.51,107.32,105.51,107.0,7885090
IYR,2026-07-27,106.74,107.31,106.43,106.64,3671114
IYR,2026-07-28,107.84,108.17,107.22,107.26,5245862
IYR,2026-07-29,107.21,107.63,106.485,107.01,6530625
IYR,2026-07-30,107.15,107.215,104.68,105.67,6438931
IYR,2026-07-31,105.55,105.75,104.45,105.09,5885740
IYR,2026-08-03,105.13,105.84,104.74,105.23,4681071
IYR,2026-08-04,104.28,105.24,103.47,105.12,8161259
IYR,2026-08-05,105.5,105.5,104.13,105.14,5916708
IYR,2026-08-06,105.89,105.89,103.89,104.19,5592624
IYR,2026-08-07,104.2,105.25,103.995,104.69,4309364
IYR,2026-08-10,104.02,104.16,102.94,103.35,5355871
IYR,2026-08-11,103.08,103.27,102.4817,102.57,5528680
IYR,2026-08-12,102.93,103.61,102.69,103.51,4393312
IYR,2026-08-13,104.04,105.06,104.0,104.89,5838322
IYR,2026-08-14,104.96,105.295,104.67,105.06,4256864
IYR,2026-08-17,104.53,104.77,103.9,104.15,3604163
IYR,2026-08-18,104.965,104.965,103.74,103.76,4375055
IYR,2026-08-19,104.39,104.95,104.02,104.79,5122251
IYR,2026-08-20,104.72,105.315,104.36,104.78,4080989
IYR,2026-08-21,105.1,105.17,104.39,104.73,3431427
IYR,2026-08-24,105.0,105.63,104.62,105.39,3439437
IYR,2026-08-25,105.4,105.66,104.91,105.46,2879350
IYR,2026-08-26,105.5,105.615,104.7025,104.74,3221948
IYR,2026-08-27,104.09,104.545,103.745,103.79,4284994
IYR,2026-08-28,104.37,104.37,103.3,103.43,3752375
IYR,2026-08-31,103.05,103.05,102.08,102.63,4895784
IYR,2026-09-01,102.62,103.17,102.105,102.45,7096998
IYR,2026-09-02,102.55,102.57,101.46,101.84,4936089
IYR,2026-09-03,102.56,102.915,102.05,102.88,4403310
IYR,2026-09-04,102.28,102.955,102.07,102.14,5607961
IYR,2026-09-08,101.54,102.84,101.54,102.05,5558365
IYR,2026-09-09,101.83,102.08,100.8,100.91,6555559
IYR,2026-09-10,101.21,101.325,99.8,99.97,9325665
IYR,2026-09-11,100.85,101.09,100.31,100.75,6291365
IYR,2026-09-14,100.79,101.34,99.875,100.28,5712309
IYR,2026-09-15,99.63,99.65,98.58,99.31,7319464
IYR,2026-09-16,99.45,100.25,98.12,98.65,6790530
IYR,2026-09-17,99.38,99.47,98.735,98.94,4927496
IYR,2026-09-18,98.32,98.63,97.95,98.0,5915773
IYR,2026-09-21,98.32,99.025,98.245,98.9,5155744
IYR,2026-09-22,98.96,99.05,98.52,98.68,3382808
IYR,2026-09-23,97.89,98.47,97.1337,97.24,5540381
IYR,2026-09-24,97.56,97.77,96.74,96.81,7560737
IYR,2026-09-25,97.07,97.22,96.075,96.63,7126799
BTGD,2026-07-17,20.305,21.0,20.18,20.96,12720
BTGD,2026-07-20,20.97,21.4,20.8,21.18,9273
BTGD,2026-07-21,21.85,22.1,21.85,22.029,21247
BTGD,2026-07-22,22.0,22.385,22.0,22.1538,8068
BTGD,2026-07-23,21.41,21.41,21.15,21.27,12934
BTGD,2026-07-24,21.11,21.15,20.902,21.08,5476
BTGD,2026-07-27,21.35,21.6776,21.205,21.4298,48446
BTGD,2026-07-28,20.59,20.89,20.38,20.77,20523
BTGD,2026-07-29,20.82,21.36,20.67,20.77,26304
BTGD,2026-07-30,21.295,21.53,21.27,21.4709,8835
BTGD,2026-07-31,20.82,20.82,20.325,20.57,10626
BTGD,2026-08-03,20.3,20.855,20.2416,20.8266,45336
BTGD,2026-08-04,20.92,21.15,20.92,21.1128,16717
BTGD,2026-08-05,21.6,22.249,21.561,22.1792,34250
BTGD,2026-08-06,21.6001,22.22,21.6001,22.0116,12195
BTGD,2026-08-07,22.69,22.88,22.5,22.6672,20125
BTGD,2026-08-10,22.49,22.66,22.31,22.55,31599
BTGD,2026-08-11,22.69,22.699,22.12,22.24,33375
BTGD,2026-08-12,22.55,22.7,22.3802,22.42,11595
BTGD,2026-08-13,22.3616,22.3616,21.9901,22.1,10357
BTGD,2026-08-14,21.96,22.189,21.9159,22.025,12176
BTGD,2026-08-17,22.3701,22.7427,22.3701,22.735,15744
BTGD,2026-08-18,22.5,22.69,22.4421,22.4421,8782
BTGD,2026-08-19,23.09,24.78,23.031,24.6552,30046
BTGD,2026-08-20,25.72,26.3196,25.5001,26.2677,60122
BTGD,2026-08-21,28.2,28.6,27.9215,28.39,79578
BTGD,2026-08-24,29.41,29.7,28.9989,29.155,65632
BTGD,2026-08-25,28.82,29.4445,28.65,29.24,80739
BTGD,2026-08-26,28.605,28.91,28.42,28.6328,26306
BTGD,2026-08-27,28.86,29.6,28.75,29.266,31640
BTGD,2026-08-28,28.84,29.21,27.2201,27.3686,50882
BTGD,2026-08-31,27.36,27.79,27.2,27.7746,25834
BTGD,2026-09-01,26.7,27.02,26.2,26.3581,27522
BTGD,2026-09-02,26.36,26.82,26.3315,26.82,26508
BTGD,2026-09-03,27.66,28.88,27.66,28.88,28669
BTGD,2026-09-04,27.5,27.8776,27.35,27.8662,17007
BTGD,2026-09-08,27.15,27.3,26.831,26.89,47026
BTGD,2026-09-09,27.7,27.75,26.74,27.0359,19321
BTGD,2026-09-10,26.31,26.49,26.1,26.2,23685
BTGD,2026-09-11,26.52,27.13,26.295,26.38,10992
BTGD,2026-09-14,26.0,26.78,26.0,26.56,22172
BTGD,2026-09-15,25.79,25.9199,25.32,25.6053,17931
BTGD,2026-09-16,25.7897,25.93,25.0,25.4365,20207
BTGD,2026-09-17,26.0,26.29,25.93,26.008,25326
BTGD,2026-09-18,26.72,27.8299,26.72,27.805,19346
BTGD,2026-09-21,28.88,29.47,28.755,29.33,40467
BTGD,2026-09-22,29.04,29.52,29.011,29.4493,16746
BTGD,2026-09-23,28.8,28.8,28.0641,28.2659,12906
BTGD,2026-09-24,27.93,28.26,27.8,28.1413,10342
BTGD,2026-09-25,27.815,28.08,27.561,28.0545,15972
EEM,2026-07-17,62.3,63.89,62.005,63.29,35145369
EEM,2026-07-20,64.035,64.1707,63.48,63.56,19269608
EEM,2026-07-21,65.119,65.5,64.82,65.34,20839299
EEM,2026-07-22,64.64,65.1899,64.63,64.99,13400147
EEM,2026-07-23,64.49,65.035,63.99,64.6,13003342
EEM,2026-07-24,63.95,64.15,63.245,63.33,20525619
EEM,2026-07-27,64.22,64.27,62.845,63.62,23441421
EEM,2026-07-28,62.06,62.795,61.675,62.36,29000865
EEM,2026-07-29,61.73,62.7,60.765,61.07,32438147
EEM,2026-07-30,62.48,63.64,62.295,63.59,42234966
EEM,2026-07-31,64.93,65.06,63.505,64.09,31148570
EEM,2026-08-03,63.74,64.445,63.34,64.32,21829561
EEM,2026-08-04,65.22,66.14,65.12,66.0,25811425
EEM,2026-08-05,65.95,66.235,65.67,65.72,21452661
EEM,2026-08-06,64.68,65.56,64.465,65.02,20782376
EEM,2026-08-07,65.87,65.94,65.005,65.64,21462078
EEM,2026-08-10,65.21,65.36,64.98,65.17,19095123
EEM,2026-08-11,65.62,65.75,65.19,65.43,9763383
EEM,2026-08-12,66.61,66.67,66.195,66.46,20256641
EEM,2026-08-13,66.42,66.97,66.345,66.68,14549135
EEM,2026-08-14,66.845,67.09,66.4222,66.61,11964713
EEM,2026-08-17,67.33,67.94,67.225,67.32,17036869
EEM,2026-08-18,66.03,66.28,65.25,65.34,24782771
EEM,2026-08-19,66.55,66.6,65.84,66.11,16168596
EEM,2026-08-20,66.18,66.81,66.135,66.62,16821773
EEM,2026-08-21,67.425,67.49,66.97,67.12,18381082
EEM,2026-08-24,66.4,66.44,65.775,66.11,16073657
EEM,2026-08-25,66.84,67.29,66.63,67.25,16396316
EEM,2026-08-26,67.36,67.55,67.135,67.17,14934191
EEM,2026-08-27,67.57,67.69,67.205,67.61,10911259
EEM,2026-08-28,67.7,68.0,66.97,67.14,11763244
EEM,2026-08-31,67.29,67.41,66.81,67.02,20905050
EEM,2026-09-01,67.06,67.425,66.56,66.77,17084741
EEM,2026-09-02,66.81,67.195,66.77,67.15,9798205
EEM,2026-09-03,67.07,67.545,66.71,67.47,12203650
EEM,2026-09-04,67.73,68.73,67.725,68.7,22133079
EEM,2026-09-08,68.99,69.125,68.72,68.83,18051058
EEM,2026-09-09,68.66,69.0,68.295,68.48,16270958
EEM,2026-09-10,67.37,67.51,66.96,67.0,22822230
EEM,2026-09-11,67.98,68.03,67.69,67.84,21480551
EEM,2026-09-14,65.95,66.485,65.72,65.99,24207029
EEM,2026-09-15,66.12,66.135,65.56,65.76,13861710
EEM,2026-09-16,66.41,66.58,65.29,65.72,17607504
EEM,2026-09-17,66.78,67.075,66.705,66.91,18612264
EEM,2026-09-18,66.835,67.065,66.565,67.03,19432097
EEM,2026-09-21,68.29,68.93,68.13,68.83,21980072
EEM,2026-09-22,68.53,69.23,68.495,69.1,20106737
EEM,2026-09-23,68.48,68.53,67.534,67.71,23853648
EEM,2026-09-24,67.57,67.69,66.99,67.25,18070048
EEM,2026-09-25,67.79,68.17,67.485,67.98,19753821
BOTZ,2026-07-17,34.205,34.595,33.935,34.4,1189204
BOTZ,2026-07-20,34.56,34.67,34.21,34.25,657946
BOTZ,2026-07-21,34.72,34.995,34.63,34.89,703709
BOTZ,2026-07-22,34.9,35.1201,34.8701,34.89,591684
BOTZ,2026-07-23,34.55,34.685,34.1,34.31,718723
BOTZ,2026-07-24,34.18,34.23,33.775,33.83,1202295
BOTZ,2026-07-27,34.48,34.63,34.07,34.34,549314
BOTZ,2026-07-28,33.69,34.075,33.484,33.98,1076851
BOTZ,2026-07-29,34.18,34.495,33.61,33.68,1062993
BOTZ,2026-07-30,34.21,34.9,34.125,34.9,876980
BOTZ,2026-07-31,35.38,35.53,34.82,35.22,906405
BOTZ,2026-08-03,35.155,35.96,35.07,35.93,827735
BOTZ,2026-08-04,36.58,37.16,36.42,37.09,1011484
BOTZ,2026-08-05,37.755,37.7648,37.28,37.3,698912
BOTZ,2026-08-06,37.15,37.24,36.8,36.94,798411
BOTZ,2026-08-07,37.38,37.65,37.21,37.61,686754
BOTZ,2026-08-10,37.61,37.65,37.335,37.42,468309
BOTZ,2026-08-11,37.56,37.715,37.38,37.48,396797
BOTZ,2026-08-12,38.11,38.15,37.75,37.81,409555
BOTZ,2026-08-13,37.695,37.9,37.63,37.82,729702
BOTZ,2026-08-14,37.82,37.91,37.6438,37.74,429463
BOTZ,2026-08-17,37.9,38.025,37.79,37.82,454907
BOTZ,2026-08-18,36.924,37.04,36.545,36.55,713340
BOTZ,2026-08-19,36.54,36.54,36.15,36.38,795926
BOTZ,2026-08-20,36.0,36.085,35.6638,35.81,724166
BOTZ,2026-08-21,36.06,36.16,35.8937,36.04,685368
BOTZ,2026-08-24,35.73,35.73,35.24,35.25,683387
BOTZ,2026-08-25,35.695,35.8999,35.635,35.85,632551
BOTZ,2026-08-26,35.78,35.865,35.55,35.63,408561
BOTZ,2026-08-27,36.06,36.3,36.01,36.14,677409
BOTZ,2026-08-28,36.27,36.31,35.68,35.75,496883
BOTZ,2026-08-31,35.95,36.07,35.745,35.89,545148
BOTZ,2026-09-01,35.33,35.41,35.05,35.15,838639
BOTZ,2026-09-02,34.96,35.2,34.83,35.19,564549
BOTZ,2026-09-03,35.52,35.87,35.41,35.81,602579
BOTZ,2026-09-04,35.83,35.96,35.71,35.95,776343
BOTZ,2026-09-08,35.86,35.9,35.59,35.61,797717
BOTZ,2026-09-09,35.57,35.63,35.16,35.18,558353
BOTZ,2026-09-10,34.86,35.015,34.62,34.76,799649
BOTZ,2026-09-11,35.22,35.49,35.22,35.28,1051519
BOTZ,2026-09-14,34.6,34.925,34.53,34.76,665868
BOTZ,2026-09-15,34.68,34.765,34.46,34.63,556240
BOTZ,2026-09-16,34.9,35.155,34.4301,34.72,513167
BOTZ,2026-09-17,35.2,35.25,35.045,35.115,429536
BOTZ,2026-09-18,35.105,35.17,34.934,35.11,427988
BOTZ,2026-09-21,35.5,35.915,35.38,35.82,780783
BOTZ,2026-09-22,35.89,36.04,35.75,36.01,675545
BOTZ,2026-09-23,35.63,35.67,35.145,35.29,816810
BOTZ,2026-09-24,35.16,35.35,34.94,35.22,411899
BOTZ,2026-09-25,35.4,35.5,35.13,35.4,371448
HYDR,2026-07-17,40.82,42.88,40.57,42.39,98551
HYDR,2026-07-20,42.86,42.86,41.28,41.4656,17347
HYDR,2026-07-21,42.61,44.11,42.52,43.95,34440
HYDR,2026-07-22,43.19,44.59,43.19,43.86,13079
HYDR,2026-07-23,43.76,45.5,43.76,44.2237,47987
HYDR,2026-07-24,43.81,43.81,41.5954,42.0205,187484
HYDR,2026-07-27,42.29,42.29,39.705,40.7051,91852
HYDR,2026-07-28,39.1,39.1,37.56,38.037,191418
HYDR,2026-07-29,38.3,38.45,36.426,36.46,35083
HYDR,2026-07-30,38.02,40.4596,38.02,40.2588,35063
HYDR,2026-07-31,41.78,42.005,40.01,40.52,65827
HYDR,2026-08-03,40.73,41.75,39.48,41.25,33320
HYDR,2026-08-04,42.84,43.72,42.28,43.2626,28017
HYDR,2026-08-05,43.52,44.34,43.16,43.831,46784
HYDR,2026-08-06,43.31,44.5271,42.9557,43.27,28429
HYDR,2026-08-07,44.3,44.3,42.434,43.5563,27522
HYDR,2026-08-10,44.84,44.84,43.2523,43.4744,19239
HYDR,2026-08-11,44.99,45.0,43.93,44.0916,25091
HYDR,2026-08-12,45.92,46.25,45.5329,45.9849,57116
HYDR,2026-08-13,46.25,46.93,45.415,46.02,41028
HYDR,2026-08-14,45.92,46.25,45.0,45.22,52108
HYDR,2026-08-17,45.22,45.91,44.68,45.3157,16490
HYDR,2026-08-18,43.85,44.14,42.5101,42.9083,22445
HYDR,2026-08-19,44.27,44.28,43.18,43.8481,22909
HYDR,2026-08-20,43.71,43.96,42.55,43.24,57483
HYDR,2026-08-21,42.8,43.37,42.58,42.76,57286
HYDR,2026-08-24,42.31,43.07,41.48,42.2827,24392
HYDR,2026-08-25,43.74,44.23,43.17,43.66,59178
HYDR,2026-08-26,43.82,44.83,43.4874,43.83,16367
HYDR,2026-08-27,44.65,44.65,44.0,44.1515,32972
HYDR,2026-08-28,44.54,44.595,43.125,43.4024,21170
HYDR,2026-08-31,43.31,43.63,42.585,43.0009,36568
HYDR,2026-09-01,42.59,42.66,41.85,42.06,25882
HYDR,2026-09-02,42.27,42.27,41.03,41.65,20703
HYDR,2026-09-03,42.11,43.08,41.53,42.83,26603
HYDR,2026-09-04,43.25,44.17,43.25,44.15,15064
HYDR,2026-09-08,45.23,46.81,45.23,46.29,36112
HYDR,2026-09-09,46.79,47.44,46.15,46.47,255393
HYDR,2026-09-10,44.7,45.17,44.0,44.0,232811
HYDR,2026-09-11,45.01,45.55,44.91,44.94,9184
HYDR,2026-09-14,43.1,43.54,42.01,43.1755,19341
HYDR,2026-09-15,43.69,44.05,43.24,43.51,20087
HYDR,2026-09-16,43.61,44.4799,43.2801,43.863,15726
HYDR,2026-09-17,45.23,45.54,44.99,45.15,57764
HYDR,2026-09-18,45.41,45.41,44.4001,45.14,16260
HYDR,2026-09-21,45.0,45.6399,44.382,45.03,34636
HYDR,2026-09-22,45.16,45.81,44.98,45.5775,20887
HYDR,2026-09-23,45.58,45.58,44.3882,44.66,10318
HYDR,2026-09-24,43.56,43.71,42.78,43.2993,19413
HYDR,2026-09-25,43.77,44.95,43.77,44.6278,11251
