Symbol,Date,Open,High,Low,Close,Volume
EG,2026-06-17,336.22,342.84,332.57,337.52,492571
EG,2026-06-18,335.45,339.42,333.71,335.63,1246885
EG,2026-06-22,339.96,344.65,336.05,339.3,545087
EG,2026-06-23,341.14,344.16,339.035,343.56,516591
EG,2026-06-24,344.45,349.51,343.45,345.74,453221
EG,2026-06-25,343.0,348.23,340.165,343.02,356359
EG,2026-06-26,345.42,355.7,344.9,355.52,622273
EG,2026-06-29,353.55,361.26,352.14,360.79,435805
EG,2026-06-30,360.66,360.9,356.725,357.23,383515
EG,2026-07-01,360.0,364.175,357.39,359.93,444173
EG,2026-07-02,361.37,372.36,357.885,371.35,389397
EG,2026-07-06,370.0,374.26,367.24,372.93,414282
EG,2026-07-07,375.0,379.215,373.19,373.22,307711
EG,2026-07-08,369.79,376.48,369.79,371.29,286035
EG,2026-07-09,367.2,375.49,367.2,371.0,397195
EG,2026-07-10,371.89,372.5499,368.86,370.58,226737
EG,2026-07-13,373.31,378.86,372.505,377.89,271435
EG,2026-07-14,374.37,377.72,371.24,371.85,281655
EG,2026-07-15,369.01,370.51,361.07,364.13,345567
EG,2026-07-16,364.38,373.425,364.38,373.22,278120
EG,2026-07-17,375.26,385.685,375.26,382.57,475056
EG,2026-07-20,380.92,383.56,378.31,378.99,444704
EG,2026-07-21,377.75,379.3,374.0,377.09,426705
EG,2026-07-22,378.32,378.32,372.125,373.07,384777
EG,2026-07-23,370.72,376.5,369.465,375.56,409828
EG,2026-07-24,376.79,386.87,376.22,385.12,313057
EG,2026-07-27,385.0,390.53,385.0,389.34,319333
EG,2026-07-28,393.11,401.07,392.85,398.7,324353
EG,2026-07-29,395.68,399.83,391.94,393.89,458226
EG,2026-07-30,378.63,388.97,368.33,375.36,692283
EG,2026-07-31,369.13,376.65,368.92,374.15,433681
EG,2026-08-03,374.31,379.0,370.19,372.05,357839
EG,2026-08-04,365.0,370.38,364.36,369.21,338471
EG,2026-08-05,373.74,376.12,369.54,373.28,388922
EG,2026-08-06,375.18,376.63,368.97,370.35,314802
EG,2026-08-07,365.79,375.04,364.56,374.96,289641
EG,2026-08-10,369.62,374.52,368.2275,369.9,254907
EG,2026-08-11,368.09,369.98,365.59,365.7,215693
EG,2026-08-12,362.86,366.65,362.82,363.67,269277
EG,2026-08-13,360.63,369.94,360.63,366.05,362881
EG,2026-08-14,367.23,370.35,366.29,370.11,204363
EG,2026-08-17,373.81,373.81,364.3,365.15,238498
EG,2026-08-18,369.53,373.32,367.31,367.38,245822
EG,2026-08-19,369.62,371.21,362.74,363.93,238980
EG,2026-08-20,362.77,370.485,362.58,368.36,264519
EG,2026-08-21,369.0,372.0,369.0,370.06,226742
EG,2026-08-24,373.89,377.74,372.69,376.79,237280
EG,2026-08-25,376.64,377.07,372.49,375.39,191049
EG,2026-08-26,375.21,380.85,370.0,379.78,250200
EG,2026-08-27,377.05,380.51,372.63,377.66,259868
IONQ,2026-06-17,56.9,57.7283,54.455,54.69,19556469
IONQ,2026-06-18,55.79,56.66,52.9206,56.55,20362592
IONQ,2026-06-22,56.58,61.99,55.53,58.32,28044973
IONQ,2026-06-23,56.61,61.47,56.0,57.85,26838928
IONQ,2026-06-24,57.35,57.35,52.36,53.6,25170012
IONQ,2026-06-25,54.625,55.076,50.16,50.56,21891234
IONQ,2026-06-26,49.65,52.478,48.49,49.31,67767379
IONQ,2026-06-29,50.62,54.2,49.65,53.88,22875192
IONQ,2026-06-30,52.695,54.8399,52.402,53.26,14832606
IONQ,2026-07-01,52.175,54.76,51.4,51.4,14440757
IONQ,2026-07-02,51.11,54.4,48.18,49.12,17018808
IONQ,2026-07-06,49.04,51.33,48.79,48.87,12516221
IONQ,2026-07-07,47.54,47.95,44.024,45.36,18921611
IONQ,2026-07-08,44.36,46.23,43.72,45.08,15213702
IONQ,2026-07-09,45.5,46.0,44.37,44.77,13051554
IONQ,2026-07-10,45.32,45.45,42.4,42.86,14548434
IONQ,2026-07-13,42.07,42.1811,38.62,38.88,23873279
IONQ,2026-07-14,40.04,40.442,38.72,39.29,17284296
IONQ,2026-07-15,40.0,40.07,36.86,37.51,20413048
IONQ,2026-07-16,37.0,37.2431,34.6708,35.1,24564597
IONQ,2026-07-17,34.99,35.91,33.29,34.78,23953827
IONQ,2026-07-20,35.05,36.3,34.21,34.24,16492832
IONQ,2026-07-21,35.46,36.065,34.7,35.51,20478407
IONQ,2026-07-22,34.89,35.99,34.655,34.68,14983095
IONQ,2026-07-23,34.0,35.5177,33.565,34.07,17661727
IONQ,2026-07-24,34.1,34.3,32.5601,32.84,14828771
IONQ,2026-07-27,34.47,37.17,34.3,35.92,28363261
IONQ,2026-07-28,34.18,34.65,32.12,33.88,20006623
IONQ,2026-07-29,33.72,34.32,31.8101,31.99,22149558
IONQ,2026-07-30,33.165,36.1799,33.0,35.77,23464963
IONQ,2026-07-31,36.49,37.645,35.584,36.44,18218447
IONQ,2026-08-03,35.83,40.16,35.4263,38.85,23340744
IONQ,2026-08-04,39.635,42.05,39.58,41.72,25440243
IONQ,2026-08-05,40.95,41.9,39.7,39.93,24378401
IONQ,2026-08-06,41.37,41.88,39.655,39.72,26407675
IONQ,2026-08-07,40.385,44.615,40.0,44.43,34474354
IONQ,2026-08-10,43.24,44.2,42.2,42.53,17017392
IONQ,2026-08-11,43.02,44.02,42.18,43.44,15464847
IONQ,2026-08-12,44.64,45.5399,42.84,45.2,22203965
IONQ,2026-08-13,44.9,47.945,44.73,44.98,21098769
IONQ,2026-08-14,44.7,47.27,44.36,46.26,18133532
IONQ,2026-08-17,46.01,47.21,44.85,46.84,13863053
IONQ,2026-08-18,44.36,46.46,43.6,44.12,16881414
IONQ,2026-08-19,43.38,44.19,42.16,43.36,15005891
IONQ,2026-08-20,43.44,43.59,40.33,41.53,17163545
IONQ,2026-08-21,42.2,45.46,42.01,44.86,19707839
IONQ,2026-08-24,43.33,43.55,40.96,41.06,17251147
IONQ,2026-08-25,42.08,42.67,40.99,42.05,12364095
IONQ,2026-08-26,41.06,41.91,39.96,40.03,13106054
IONQ,2026-08-27,41.03,42.94,40.76,42.46,14880812
RVTY,2026-06-17,100.28,101.205,96.855,97.82,858931
RVTY,2026-06-18,97.98,100.73,97.92,100.0,2170304
RVTY,2026-06-22,99.7,100.435,97.385,99.04,1187951
RVTY,2026-06-23,99.18,101.395,98.89,99.9,1116258
RVTY,2026-06-24,101.49,106.86,101.49,105.63,1680645
RVTY,2026-06-25,108.0,114.15,107.38,113.53,2192629
RVTY,2026-06-26,112.35,116.16,111.57,113.02,3674633
RVTY,2026-06-29,113.58,113.58,110.72,111.21,2018101
RVTY,2026-06-30,115.63,115.63,109.62,111.26,2492846
RVTY,2026-07-01,111.77,114.455,110.69,112.84,1436240
RVTY,2026-07-02,113.37,114.505,112.185,113.76,972331
RVTY,2026-07-06,112.88,113.03,111.02,112.95,1006155
RVTY,2026-07-07,113.93,114.1375,110.21,112.05,1165428
RVTY,2026-07-08,110.39,111.245,108.02,109.35,939448
RVTY,2026-07-09,109.64,113.32,109.25,112.95,1609064
RVTY,2026-07-10,113.48,114.1556,111.84,112.29,929159
RVTY,2026-07-13,110.67,112.87,110.49,111.11,1126772
RVTY,2026-07-14,110.67,111.765,109.13,111.21,994729
RVTY,2026-07-15,112.04,112.05,110.695,111.35,836105
RVTY,2026-07-16,110.71,111.83,109.94,111.7,1065528
RVTY,2026-07-17,110.59,111.76,108.94,110.15,1248955
RVTY,2026-07-20,109.48,109.78,106.21,106.44,1248507
RVTY,2026-07-21,103.79,112.3,102.365,110.52,1654468
RVTY,2026-07-22,109.94,111.225,108.96,110.54,1699177
RVTY,2026-07-23,113.2,116.0,110.91,113.17,1495343
RVTY,2026-07-24,113.14,113.81,110.25,110.47,1117831
RVTY,2026-07-27,110.84,111.25,107.48,108.07,1349053
RVTY,2026-07-28,109.26,112.4974,108.745,111.51,1772609
RVTY,2026-07-29,112.13,114.47,109.99,113.37,2332945
RVTY,2026-07-30,112.4,114.08,111.155,113.54,2036978
RVTY,2026-07-31,113.99,114.15,110.95,112.52,1206936
RVTY,2026-08-03,112.48,116.32,112.15,115.22,2589124
RVTY,2026-08-04,114.5,117.37,107.73,111.39,2587309
RVTY,2026-08-05,112.45,115.84,110.81,115.02,2149569
RVTY,2026-08-06,114.24,115.0,112.24,114.24,1259780
RVTY,2026-08-07,114.98,115.51,113.735,114.66,1032433
RVTY,2026-08-10,114.22,116.74,112.68,116.02,1253851
RVTY,2026-08-11,115.83,116.84,115.095,115.73,1287613
RVTY,2026-08-12,115.21,117.94,114.64,117.88,1213768
RVTY,2026-08-13,118.25,118.34,115.67,117.5,1373246
RVTY,2026-08-14,116.51,117.72,115.66,116.84,774555
RVTY,2026-08-17,115.97,117.25,115.97,116.17,786673
RVTY,2026-08-18,115.86,115.9,113.69,113.75,800025
RVTY,2026-08-19,116.02,122.11,115.29,119.45,1718081
RVTY,2026-08-20,118.26,124.49,116.955,124.13,2344489
RVTY,2026-08-21,124.48,124.97,121.51,124.75,2289765
RVTY,2026-08-24,123.49,124.89,121.38,123.0,1505424
RVTY,2026-08-25,123.69,124.94,122.0109,124.84,1035680
RVTY,2026-08-26,123.29,126.9,123.29,126.35,1155883
RVTY,2026-08-27,126.53,129.8,126.5,129.71,1932886
BLK,2026-06-17,1048.96,1075.69,1043.6,1057.38,781762
BLK,2026-06-18,1073.77,1076.505,1045.905,1050.09,1032316
BLK,2026-06-22,1048.2,1063.74,1042.39,1051.74,824188
BLK,2026-06-23,1049.13,1050.0,1009.24,1015.33,1455445
BLK,2026-06-24,1013.36,1015.465,970.0301,982.6,1567684
BLK,2026-06-25,995.0,1002.47,966.13,971.92,1130889
BLK,2026-06-26,972.8,984.01,962.68,964.71,1507173
BLK,2026-06-29,969.21,972.93,947.211,950.17,884921
BLK,2026-06-30,950.81,969.76,950.18,961.56,896364
BLK,2026-07-01,960.42,986.57,957.11,980.38,969310
BLK,2026-07-02,988.5,1002.04,982.59,995.73,634788
BLK,2026-07-06,998.73,1012.3,990.24,1011.21,612983
BLK,2026-07-07,1012.3,1019.01,1003.435,1009.43,462189
BLK,2026-07-08,1001.73,1006.81,982.99,990.34,653461
BLK,2026-07-09,995.92,1021.24,991.24,1019.68,912212
BLK,2026-07-10,1039.47,1048.495,1030.0,1036.11,595067
BLK,2026-07-13,1039.36,1039.43,1015.97,1031.56,941039
BLK,2026-07-14,1030.24,1036.5225,1023.05,1025.44,719064
BLK,2026-07-15,1100.0,1109.99,1078.0,1093.4,1583086
BLK,2026-07-16,1110.94,1125.0,1079.455,1087.05,1219784
BLK,2026-07-17,1068.29,1099.41,1065.951,1072.2,761085
BLK,2026-07-20,1070.74,1073.18,1052.16,1054.11,660929
BLK,2026-07-21,1056.86,1062.87,1030.93,1038.24,1009996
BLK,2026-07-22,1036.6,1057.19,1034.34,1056.63,726333
BLK,2026-07-23,1051.15,1061.43,1036.44,1037.16,633835
BLK,2026-07-24,1039.1,1056.48,1033.49,1055.67,506285
BLK,2026-07-27,1067.38,1069.99,1051.005,1062.14,698166
BLK,2026-07-28,1069.39,1103.48,1062.51,1097.55,1044026
BLK,2026-07-29,1086.07,1110.0,1079.19,1079.19,1121932
BLK,2026-07-30,1079.36,1104.11,1071.365,1098.37,624239
BLK,2026-07-31,1100.84,1104.185,1089.79,1090.39,378425
BLK,2026-08-03,1100.07,1129.24,1096.19,1126.63,745984
BLK,2026-08-04,1138.5,1150.2963,1130.85,1131.13,625167
BLK,2026-08-05,1138.5,1142.89,1121.17,1133.58,761776
BLK,2026-08-06,1135.57,1139.63,1120.2801,1129.3,701861
BLK,2026-08-07,1132.53,1143.52,1128.65,1136.39,588784
BLK,2026-08-10,1129.82,1139.98,1126.0,1131.4,656256
BLK,2026-08-11,1130.65,1152.8,1128.45,1148.84,438166
BLK,2026-08-12,1157.0,1162.64,1145.08,1160.91,378461
BLK,2026-08-13,1165.77,1186.74,1164.305,1182.84,379275
BLK,2026-08-14,1179.0,1180.0,1168.495,1173.73,515081
BLK,2026-08-17,1167.31,1169.48,1146.97,1147.11,450455
BLK,2026-08-18,1149.0,1161.805,1143.13,1154.35,355358
BLK,2026-08-19,1161.52,1181.68,1155.1,1158.92,584724
BLK,2026-08-20,1154.76,1159.8125,1139.29,1139.82,702201
BLK,2026-08-21,1150.68,1159.9999,1147.325,1156.55,380588
BLK,2026-08-24,1158.84,1174.43,1156.565,1172.61,585068
BLK,2026-08-25,1170.94,1180.78,1163.36,1176.64,488510
BLK,2026-08-26,1175.71,1182.01,1170.88,1173.21,644980
BLK,2026-08-27,1168.43,1187.1708,1161.9,1167.57,751585
HIG,2026-06-17,129.92,131.5,129.03,129.64,1528556
HIG,2026-06-18,131.12,131.12,127.91,128.25,3929187
HIG,2026-06-22,129.01,130.39,128.0001,129.5,2061099
HIG,2026-06-23,130.5,131.59,129.21,131.33,2561875
HIG,2026-06-24,131.87,133.205,130.69,132.32,1942628
HIG,2026-06-25,132.57,134.08,130.17,130.37,1148582
HIG,2026-06-26,131.94,134.06,131.175,133.89,2381276
HIG,2026-06-29,133.38,134.0,132.77,133.49,1075517
HIG,2026-06-30,133.76,133.76,132.31,132.52,1306459
HIG,2026-07-01,132.86,135.385,132.52,133.89,1949028
HIG,2026-07-02,135.18,137.89,133.92,137.85,1787280
HIG,2026-07-06,137.9,137.9,136.54,137.64,1298316
HIG,2026-07-07,139.11,141.3,138.895,139.64,2052520
HIG,2026-07-08,139.14,139.745,138.15,138.74,1966264
HIG,2026-07-09,139.85,139.96,138.18,138.52,1283059
HIG,2026-07-10,138.47,138.92,137.24,138.78,1052449
HIG,2026-07-13,139.85,140.88,138.77,140.78,1418736
HIG,2026-07-14,139.2,140.875,138.05,138.15,1195088
HIG,2026-07-15,134.95,135.96,131.84,134.5,1558847
HIG,2026-07-16,134.74,137.15,134.2,136.65,1407613
HIG,2026-07-17,137.54,141.99,137.54,140.26,1896270
HIG,2026-07-20,140.3,141.3,139.89,140.5,1761477
HIG,2026-07-21,140.17,142.15,139.33,141.98,1958979
HIG,2026-07-22,139.0,141.97,139.0,140.84,1547367
HIG,2026-07-23,140.84,143.0,139.82,142.18,1679715
HIG,2026-07-24,136.93,141.57,134.16,140.53,2580492
HIG,2026-07-27,140.8,141.92,139.69,140.14,2573593
HIG,2026-07-28,142.0,143.72,140.91,143.42,1934990
HIG,2026-07-29,142.97,145.81,142.51,145.68,1775666
HIG,2026-07-30,145.0,146.065,141.1,143.05,1505772
HIG,2026-07-31,142.37,143.55,141.83,141.91,1131659
HIG,2026-08-03,142.19,143.98,141.16,142.9,2244988
HIG,2026-08-04,140.99,142.4,140.28,142.05,2226194
HIG,2026-08-05,141.99,143.78,141.99,143.6,1440737
HIG,2026-08-06,144.5,145.04,142.87,144.51,1199569
HIG,2026-08-07,143.88,144.42,142.16,143.28,1474032
HIG,2026-08-10,142.33,143.608,140.36,141.15,1515982
HIG,2026-08-11,140.69,141.36,139.03,139.08,1008565
HIG,2026-08-12,137.61,139.58,137.26,137.44,1170598
HIG,2026-08-13,137.94,139.07,136.62,137.81,1173978
HIG,2026-08-14,137.57,138.525,136.71,138.02,895281
HIG,2026-08-17,137.64,139.18,136.6248,136.71,960721
HIG,2026-08-18,139.37,139.39,137.79,138.96,1403102
HIG,2026-08-19,139.26,140.0,137.5,137.53,1789845
HIG,2026-08-20,137.05,138.025,136.39,137.12,905124
HIG,2026-08-21,137.36,138.43,136.0,136.1,2793778
HIG,2026-08-24,137.38,139.51,137.38,138.98,991438
HIG,2026-08-25,138.77,139.524,137.61,138.22,1084483
HIG,2026-08-26,138.57,140.31,138.02,139.86,1207191
HIG,2026-08-27,138.63,138.97,136.49,137.8,1256457
FTNT,2026-06-17,145.805,148.0,141.69,144.14,7649093
FTNT,2026-06-18,143.485,147.2,139.79,144.73,18432871
FTNT,2026-06-22,146.355,149.19,143.59,145.39,5607486
FTNT,2026-06-23,144.83,148.36,143.47,148.0,5921180
FTNT,2026-06-24,147.7,148.82,144.57,145.28,4742339
FTNT,2026-06-25,144.62,151.97,144.62,149.93,6549435
FTNT,2026-06-26,150.81,152.77,147.55,151.35,9199715
FTNT,2026-06-29,152.974,159.07,152.13,155.42,6780273
FTNT,2026-06-30,151.04,154.4652,150.73,153.62,6678719
FTNT,2026-07-01,154.74,159.8,152.54,158.98,4734373
FTNT,2026-07-02,158.64,158.96,156.2,156.25,4491268
FTNT,2026-07-06,154.745,163.5699,153.43,162.35,5163669
FTNT,2026-07-07,162.39,163.31,155.68,158.67,5827963
FTNT,2026-07-08,156.995,159.45,154.4227,156.71,4770245
FTNT,2026-07-09,153.27,164.01,152.25,163.73,4626524
FTNT,2026-07-10,164.435,165.2799,156.62,157.51,3519019
FTNT,2026-07-13,157.67,161.95,155.72,160.62,4098962
FTNT,2026-07-14,158.775,167.27,158.06,166.83,4685215
FTNT,2026-07-15,169.39,170.35,163.03,164.51,5088963
FTNT,2026-07-16,164.07,165.0,159.08,160.78,4145301
FTNT,2026-07-17,160.5,163.83,158.93,161.61,5651642
FTNT,2026-07-20,160.635,164.57,160.0,160.36,3775367
FTNT,2026-07-21,163.38,163.5,156.02,158.1,5548733
FTNT,2026-07-22,158.57,159.0,154.51,155.05,4570398
FTNT,2026-07-23,155.29,156.485,150.92,151.54,4590455
FTNT,2026-07-24,152.696,154.32,151.48,152.37,2817161
FTNT,2026-07-27,157.13,157.13,151.675,152.38,4796956
FTNT,2026-07-28,152.6,153.24,146.117,149.98,6019937
FTNT,2026-07-29,148.27,154.99,143.77,153.22,12380406
FTNT,2026-07-30,164.0,169.26,152.23,154.25,11021787
FTNT,2026-07-31,154.01,162.57,153.61,161.95,6085470
FTNT,2026-08-03,163.305,164.5,159.32,163.21,5916854
FTNT,2026-08-04,164.11,169.105,162.77,168.29,6437420
FTNT,2026-08-05,170.35,172.09,163.94,164.13,4578515
FTNT,2026-08-06,160.07,162.73,158.27,160.11,4996309
FTNT,2026-08-07,165.015,165.5,158.555,159.64,4826784
FTNT,2026-08-10,159.9,167.1899,159.64,164.21,5726210
FTNT,2026-08-11,163.24,163.92,160.7375,161.89,4156358
FTNT,2026-08-12,161.48,165.11,160.0,160.84,3850859
FTNT,2026-08-13,162.64,165.75,160.14,165.44,4262282
FTNT,2026-08-14,165.75,165.75,159.1041,160.01,2861525
FTNT,2026-08-17,160.05,160.43,155.57,155.85,3834560
FTNT,2026-08-18,156.0,159.9699,155.7,158.01,4055130
FTNT,2026-08-19,157.97,158.56,151.66,152.85,3812266
FTNT,2026-08-20,152.0,154.44,150.16,150.79,5158066
FTNT,2026-08-21,151.9,154.11,148.25,153.51,4054822
FTNT,2026-08-24,152.425,153.8525,150.4,151.99,3422743
FTNT,2026-08-25,152.86,154.33,151.67,153.66,3460119
FTNT,2026-08-26,151.5,158.44,149.5,157.54,2995030
FTNT,2026-08-27,160.24,173.8899,159.875,172.78,6907240
C,2026-06-17,143.2,146.54,143.04,143.78,13140254
C,2026-06-18,146.49,147.96,143.04,143.06,29331203
C,2026-06-22,144.71,146.37,144.48,145.67,14979417
C,2026-06-23,144.13,146.14,143.14,144.97,13297288
C,2026-06-24,144.99,145.92,143.18,143.59,13904342
C,2026-06-25,144.89,147.79,144.815,144.98,12158545
C,2026-06-26,144.63,145.095,140.76,141.76,17927127
C,2026-06-29,141.85,143.8366,141.43,142.49,9526132
C,2026-06-30,141.0,141.9,139.38,139.96,22118602
C,2026-07-01,140.24,141.275,138.26,140.13,13702844
C,2026-07-02,141.88,142.11,138.22,139.97,9501105
C,2026-07-06,141.87,143.89,141.56,143.86,14139721
C,2026-07-07,144.06,144.71,140.66,140.77,9737618
C,2026-07-08,140.14,140.235,137.15,137.39,9831380
C,2026-07-09,138.76,139.8382,138.01,139.57,10269005
C,2026-07-10,141.39,141.44,139.75,140.79,10517766
C,2026-07-13,141.1,141.4701,137.57,140.71,12439854
C,2026-07-14,137.74,144.285,132.16,133.27,32127839
C,2026-07-15,134.08,135.12,131.77,134.89,18092179
C,2026-07-16,134.72,135.0,131.21,131.71,13763548
C,2026-07-17,129.44,131.245,127.08,129.36,15691871
C,2026-07-20,129.56,131.27,128.44,128.72,10961329
C,2026-07-21,129.565,133.54,129.17,132.84,11224195
C,2026-07-22,132.72,133.91,132.1,132.25,10635457
C,2026-07-23,130.5,132.47,130.02,131.88,10724813
C,2026-07-24,132.24,133.28,131.4,132.19,10821976
C,2026-07-27,134.245,135.35,131.02,133.1,12453715
C,2026-07-28,132.78,133.0,130.75,132.47,9421922
C,2026-07-29,131.755,132.43,126.78,127.13,12942581
C,2026-07-30,128.97,132.579,128.8,132.32,10469414
C,2026-07-31,133.55,135.4399,131.94,132.45,9604898
C,2026-08-03,132.47,133.62,131.18,133.57,8084092
C,2026-08-04,134.32,138.05,134.32,136.87,12152476
C,2026-08-05,137.295,139.17,137.14,137.64,12028315
C,2026-08-06,138.34,139.26,133.66,133.82,8882556
C,2026-08-07,133.82,135.235,132.52,135.0,10160290
C,2026-08-10,134.87,136.14,134.47,135.22,7077258
C,2026-08-11,135.91,137.15,135.34,135.77,5067507
C,2026-08-12,136.87,138.585,136.41,137.58,6060365
C,2026-08-13,138.29,139.06,137.1,138.73,9507140
C,2026-08-14,138.16,140.28,138.16,139.33,6829987
C,2026-08-17,139.25,140.88,137.805,138.51,8949818
C,2026-08-18,137.3,138.21,136.445,137.65,7079839
C,2026-08-19,137.74,137.79,132.35,132.89,10383221
C,2026-08-20,132.5,133.0795,129.61,129.67,7830464
C,2026-08-21,131.22,132.25,130.34,131.65,11276182
C,2026-08-24,131.385,132.635,131.01,131.72,9325158
C,2026-08-25,132.77,133.68,131.5,133.25,6701970
C,2026-08-26,133.54,133.82,132.25,133.56,4545213
C,2026-08-27,132.95,133.96,131.775,132.68,11623375
VZ,2026-06-17,46.51,46.61,45.23,45.84,33481470
VZ,2026-06-18,45.785,46.06,45.36,45.37,66305278
VZ,2026-06-22,45.365,45.885,45.15,45.36,19293008
VZ,2026-06-23,45.71,46.85,45.4,46.73,23019146
VZ,2026-06-24,46.46,46.8,45.4301,45.68,25280132
VZ,2026-06-25,45.54,46.26,45.33,46.07,17592756
VZ,2026-06-26,46.2,46.585,46.0,46.54,38132746
VZ,2026-06-29,45.57,45.8505,42.78,44.1,55387637
VZ,2026-06-30,44.22,44.36,41.995,42.34,60542631
VZ,2026-07-01,42.39,42.8,41.49,41.99,57139643
VZ,2026-07-02,42.24,43.08,40.755,42.56,59060834
VZ,2026-07-06,42.9,43.158,41.63,42.07,55342915
VZ,2026-07-07,42.7,43.5,42.42,42.59,34682408
VZ,2026-07-08,42.48,43.235,42.25,42.45,23082130
VZ,2026-07-09,42.2,42.3366,41.66,42.24,28215825
VZ,2026-07-10,41.61,42.435,41.34,42.12,27705436
VZ,2026-07-13,42.66,42.85,42.35,42.68,24782037
VZ,2026-07-14,42.64,42.81,42.21,42.47,17515417
VZ,2026-07-15,42.27,43.335,42.21,42.83,23029214
VZ,2026-07-16,43.0,44.215,42.89,43.88,25260317
VZ,2026-07-17,44.64,45.02,43.27,43.59,31014394
VZ,2026-07-20,43.28,43.655,43.14,43.5,21344443
VZ,2026-07-21,43.25,43.87,42.89,43.78,20340099
VZ,2026-07-22,45.04,45.12,44.155,44.29,23734327
VZ,2026-07-23,44.16,44.575,43.78,43.82,28013502
VZ,2026-07-24,44.075,46.44,43.73,46.38,40755219
VZ,2026-07-27,46.3797,47.555,46.32,47.32,30412886
VZ,2026-07-28,47.85,49.01,47.8,48.19,29692559
VZ,2026-07-29,48.48,48.54,45.7,47.22,41396239
VZ,2026-07-30,46.4,47.09,45.725,46.11,20937924
VZ,2026-07-31,45.9,46.91,45.47,46.81,28291337
VZ,2026-08-03,47.32,47.81,47.145,47.36,23007878
VZ,2026-08-04,47.0,47.08,46.06,46.88,23748620
VZ,2026-08-05,46.0,46.91,45.085,46.47,39580637
VZ,2026-08-06,47.2,47.48,46.58,46.99,24297036
VZ,2026-08-07,46.34,47.06,46.09,47.06,20544983
VZ,2026-08-10,46.735,47.115,46.095,47.03,15462500
VZ,2026-08-11,46.9,47.45,46.8,47.27,13314642
VZ,2026-08-12,46.89,47.08,46.61,46.98,12120534
VZ,2026-08-13,47.03,48.24,47.0014,48.22,17937291
VZ,2026-08-14,48.46,48.605,48.19,48.48,15062289
VZ,2026-08-17,48.24,48.675,48.0,48.06,14466197
VZ,2026-08-18,48.57,49.005,48.405,48.54,14376329
VZ,2026-08-19,48.6,49.595,48.59,49.36,17795954
VZ,2026-08-20,49.28,49.59,49.139,49.19,12546286
VZ,2026-08-21,49.37,49.72,49.17,49.45,15082012
VZ,2026-08-24,49.49,50.28,49.36,50.15,19502087
VZ,2026-08-25,49.995,50.33,49.79,50.25,21340957
VZ,2026-08-26,50.31,50.78,50.08,50.19,20726697
VZ,2026-08-27,49.56,49.9,49.12,49.43,16389716
CRM,2026-06-17,160.25,161.4274,154.23,155.02,19986161
CRM,2026-06-18,152.73,154.47,149.8,151.78,57940830
CRM,2026-06-22,150.16,153.87,146.32,150.12,20502834
CRM,2026-06-23,151.65,155.18,150.85,153.42,20720688
CRM,2026-06-24,151.81,157.06,150.4,152.76,13146831
CRM,2026-06-25,150.01,154.0,148.78,150.19,11334729
CRM,2026-06-26,151.49,158.46,151.49,158.37,21267939
CRM,2026-06-29,160.27,161.76,157.7,157.93,12664074
CRM,2026-06-30,155.09,157.69,154.07,156.66,13690515
CRM,2026-07-01,162.22,165.81,161.2,163.23,14164644
CRM,2026-07-02,163.0,167.21,162.0,166.11,10493199
CRM,2026-07-06,163.99,167.7219,162.37,165.65,10595529
CRM,2026-07-07,169.22,172.38,167.681,169.52,13057946
CRM,2026-07-08,167.37,167.53,164.78,166.58,9792382
CRM,2026-07-09,158.33,163.7999,156.48,162.5,13858605
CRM,2026-07-10,165.6,166.3,162.42,163.32,8321511
CRM,2026-07-13,165.92,172.76,165.92,171.22,14020677
CRM,2026-07-14,162.49,171.35,161.47,167.56,13507926
CRM,2026-07-15,170.52,172.8,166.56,167.0,13328089
CRM,2026-07-16,170.84,174.54,166.88,172.68,12057492
CRM,2026-07-17,171.5,175.43,169.7504,170.77,10191465
CRM,2026-07-20,167.86,175.39,166.495,173.79,13426526
CRM,2026-07-21,167.06,172.425,166.93,170.06,12831764
CRM,2026-07-22,169.47,169.57,162.21,163.0,12194506
CRM,2026-07-23,165.05,165.88,155.145,156.93,12774982
CRM,2026-07-24,160.38,164.45,159.55,163.66,10899068
CRM,2026-07-27,168.0,176.9488,167.14,173.6,17317431
CRM,2026-07-28,176.905,184.54,176.905,181.5,17204648
CRM,2026-07-29,182.01,190.18,182.01,188.38,18139477
CRM,2026-07-30,180.99,182.5078,175.9,180.71,12189410
CRM,2026-07-31,177.695,184.45,177.0253,184.02,9691524
CRM,2026-08-03,188.99,193.7,185.9,185.95,12908027
CRM,2026-08-04,183.09,191.285,183.0,190.99,9326930
CRM,2026-08-05,193.28,194.94,190.425,192.98,9605450
CRM,2026-08-06,183.44,187.02,183.0,186.77,13297636
CRM,2026-08-07,191.09,194.7,190.6,192.74,11392789
CRM,2026-08-10,190.17,198.184,190.0,197.51,9706611
CRM,2026-08-11,196.94,199.39,195.5001,197.47,11171642
CRM,2026-08-12,192.0,196.5,191.78,193.32,12787896
CRM,2026-08-13,196.835,202.99,191.39,201.37,15058682
CRM,2026-08-14,202.75,204.4,195.32,196.21,8664790
CRM,2026-08-17,193.83,194.94,189.91,190.97,14378800
CRM,2026-08-18,194.09,199.41,193.23,196.14,14152940
CRM,2026-08-19,194.21,207.95,194.21,206.09,17843612
CRM,2026-08-20,205.22,207.8795,203.0,205.43,11482298
CRM,2026-08-21,205.58,211.07,204.7261,209.17,9685429
CRM,2026-08-24,208.42,213.17,207.39,209.06,9586822
CRM,2026-08-25,205.85,210.31,204.76,205.69,10089513
CRM,2026-08-26,199.94,206.44,198.95,205.62,14888872
CRM,2026-08-27,230.05,254.48,230.05,252.05,55517471
HII,2026-06-17,295.48,302.74,294.41,296.89,513581
HII,2026-06-18,299.03,299.03,281.44,285.43,1215089
HII,2026-06-22,281.11,284.3834,274.81,278.19,606604
HII,2026-06-23,279.58,283.49,277.44,283.48,432578
HII,2026-06-24,283.0,285.9045,278.37,279.62,533355
HII,2026-06-25,280.55,283.33,276.88,279.09,702666
HII,2026-06-26,278.17,286.3,278.17,281.99,689647
HII,2026-06-29,282.89,282.89,277.05,277.39,489326
HII,2026-06-30,279.77,282.81,276.665,279.89,477749
HII,2026-07-01,283.2,285.0,278.33,278.97,395412
HII,2026-07-02,282.94,291.92,282.745,291.5,491236
HII,2026-07-06,291.0,296.19,289.23,294.1,434180
HII,2026-07-07,293.95,295.5,286.0702,289.46,336444
HII,2026-07-08,285.76,290.0,284.02,289.47,379695
HII,2026-07-09,287.08,289.674,282.535,286.21,321565
HII,2026-07-10,286.73,287.235,283.9,286.09,235806
HII,2026-07-13,287.29,288.285,284.4,284.86,301120
HII,2026-07-14,285.89,287.6525,279.805,280.0,253768
HII,2026-07-15,281.72,283.55,276.7,277.79,378542
HII,2026-07-16,276.86,277.9851,270.13,271.05,529692
HII,2026-07-17,273.78,277.1999,268.25,269.13,947219
HII,2026-07-20,270.81,273.52,269.22,270.04,342412
HII,2026-07-21,267.7,271.36,263.62,268.76,381022
HII,2026-07-22,273.0,277.93,271.975,277.28,331369
HII,2026-07-23,282.59,295.4,282.59,287.09,698772
HII,2026-07-24,289.41,292.685,286.8601,287.59,324635
HII,2026-07-27,287.59,290.57,284.455,288.25,371954
HII,2026-07-28,289.81,301.69,285.08,299.9,1022982
HII,2026-07-29,300.25,302.78,279.44,280.4,770507
HII,2026-07-30,307.01,320.65,296.66,319.9,1374579
HII,2026-07-31,323.01,329.545,311.5,326.45,930563
HII,2026-08-03,333.0,334.53,325.405,325.95,605964
HII,2026-08-04,327.69,330.415,316.465,323.06,607858
HII,2026-08-05,327.37,329.56,316.39,317.7,598563
HII,2026-08-06,322.47,325.28,319.72,321.76,464960
HII,2026-08-07,322.92,325.1925,320.5,324.48,292818
HII,2026-08-10,324.83,334.5,324.0,330.81,441049
HII,2026-08-11,328.8,334.168,326.26,327.85,400335
HII,2026-08-12,325.61,329.485,323.25,326.8,313536
HII,2026-08-13,327.02,328.665,322.0,325.76,367336
HII,2026-08-14,330.52,330.75,322.35,327.71,406045
HII,2026-08-17,325.74,327.25,317.505,318.34,422407
HII,2026-08-18,319.44,322.475,317.31,317.61,592952
HII,2026-08-19,316.89,317.0,310.56,311.76,407368
HII,2026-08-20,310.32,310.76,300.26,301.4,400910
HII,2026-08-21,303.42,305.25,296.89,298.2,491354
HII,2026-08-24,297.18,298.05,291.15,294.63,335533
HII,2026-08-25,294.26,295.8699,286.5,291.15,364534
HII,2026-08-26,291.15,298.99,291.0,296.4,367983
HII,2026-08-27,296.99,298.83,293.02,297.29,325302
VEEV,2026-06-17,160.86,163.76,153.91,154.85,2247461
VEEV,2026-06-18,153.3,154.0,150.39,153.3,5108136
VEEV,2026-06-22,153.97,156.63,151.1546,153.16,2449701
VEEV,2026-06-23,157.0,160.84,155.74,159.71,3066626
VEEV,2026-06-24,161.7,165.8,160.53,161.35,2517132
VEEV,2026-06-25,160.43,162.035,157.88,158.08,1690966
VEEV,2026-06-26,160.25,171.49,160.25,171.36,5660088
VEEV,2026-06-29,174.46,178.31,172.65,176.22,3299801
VEEV,2026-06-30,174.35,177.95,172.855,177.47,2638808
VEEV,2026-07-01,182.0,189.12,181.05,184.22,3150777
VEEV,2026-07-02,184.42,192.9,184.42,192.74,2574692
VEEV,2026-07-06,191.34,193.52,187.75,192.01,2278412
VEEV,2026-07-07,196.95,199.7,191.38,192.3,2392126
VEEV,2026-07-08,189.54,192.48,187.88,188.17,1678241
VEEV,2026-07-09,183.295,190.09,182.09,189.7,1284734
VEEV,2026-07-10,193.48,194.96,189.33,190.12,1266997
VEEV,2026-07-13,191.24,198.73,191.1401,196.81,1857396
VEEV,2026-07-14,190.12,196.64,188.43,193.09,1691939
VEEV,2026-07-15,196.74,199.12,192.52,193.67,1391331
VEEV,2026-07-16,195.75,200.33,194.93,197.37,1566078
VEEV,2026-07-17,197.37,200.0,194.25,195.38,1252256
VEEV,2026-07-20,193.0,199.87,191.24,197.41,1245623
VEEV,2026-07-21,195.0,197.07,188.57,189.24,1189240
VEEV,2026-07-22,189.83,189.83,182.1,184.55,1225159
VEEV,2026-07-23,187.19,187.3,179.25,179.58,1037451
VEEV,2026-07-24,182.28,187.19,181.995,186.24,1056924
VEEV,2026-07-27,190.75,197.88,189.11,194.46,1708890
VEEV,2026-07-28,198.28,203.19,197.37,201.2,1692117
VEEV,2026-07-29,201.08,209.33,200.3,207.91,2075636
VEEV,2026-07-30,201.765,203.11,196.67,201.56,1441703
VEEV,2026-07-31,200.69,206.005,199.005,203.78,1888810
VEEV,2026-08-03,209.99,211.56,205.635,206.25,2608935
VEEV,2026-08-04,205.0,212.34,204.68,211.86,1476239
VEEV,2026-08-05,212.85,214.245,210.4401,213.51,1548768
VEEV,2026-08-06,209.0,217.95,208.07,217.8,2200557
VEEV,2026-08-07,224.35,231.66,223.31,230.47,2565898
VEEV,2026-08-10,228.86,236.0,228.37,234.69,1786556
VEEV,2026-08-11,233.46,238.97,231.78,236.58,1645727
VEEV,2026-08-12,232.53,241.74,230.17,241.51,1782437
VEEV,2026-08-13,241.91,253.35,239.5,252.64,2590635
VEEV,2026-08-14,251.8,253.48,243.49,243.75,1426057
VEEV,2026-08-17,241.0,244.205,238.32,238.34,1008526
VEEV,2026-08-18,243.17,247.025,241.72,242.75,1522561
VEEV,2026-08-19,243.3,252.97,242.755,251.0,1800384
VEEV,2026-08-20,250.0,253.4899,246.0,250.53,1305746
VEEV,2026-08-21,250.74,250.81,246.8,247.9,1092058
VEEV,2026-08-24,247.06,249.24,242.03,248.46,1570208
VEEV,2026-08-25,244.27,247.85,242.53,246.78,1620396
VEEV,2026-08-26,239.87,247.7,238.93,244.91,1457594
VEEV,2026-08-27,275.355,296.24,274.81,282.13,6410127
RL,2026-06-17,405.76,417.02,403.39,403.85,909231
RL,2026-06-18,412.23,418.21,407.08,413.01,1135986
RL,2026-06-22,414.95,419.86,408.65,410.92,628243
RL,2026-06-23,405.51,408.98,398.22,407.01,590098
RL,2026-06-24,408.84,417.07,408.84,414.25,541307
RL,2026-06-25,414.64,417.92,408.48,410.11,503949
RL,2026-06-26,407.32,418.63,407.32,411.16,1392959
RL,2026-06-29,409.59,411.9599,396.64,397.61,724787
RL,2026-06-30,395.73,407.55,395.19,401.41,535310
RL,2026-07-01,402.05,404.62,396.6,398.02,499758
RL,2026-07-02,397.55,405.71,392.36,398.22,627782
RL,2026-07-06,401.64,402.38,392.525,396.32,633182
RL,2026-07-07,399.0,399.32,392.77,395.31,447631
RL,2026-07-08,393.02,393.02,380.15,380.36,780928
RL,2026-07-09,381.26,389.82,379.61,387.58,648085
RL,2026-07-10,387.91,399.0,387.87,394.9,433981
RL,2026-07-13,394.88,397.82,371.835,374.49,908824
RL,2026-07-14,378.06,380.86,367.0,368.97,628153
RL,2026-07-15,367.7,381.09,367.59,374.08,514984
RL,2026-07-16,372.11,389.11,370.41,388.11,682886
RL,2026-07-17,386.15,388.13,378.85,380.45,549505
RL,2026-07-20,383.49,387.535,374.55,376.48,409569
RL,2026-07-21,385.75,387.82,381.0,382.93,479883
RL,2026-07-22,383.37,388.16,381.62,387.14,474324
RL,2026-07-23,381.45,382.12,370.17,371.69,512243
RL,2026-07-24,368.65,379.87,366.9325,373.58,315816
RL,2026-07-27,374.24,383.57,374.23,379.94,536294
RL,2026-07-28,382.72,388.03,377.22,377.46,501203
RL,2026-07-29,372.92,379.93,367.57,375.68,580773
RL,2026-07-30,378.16,388.1302,376.0,385.91,427589
RL,2026-07-31,386.79,387.285,380.1,380.34,439612
RL,2026-08-03,392.0,392.935,373.45,380.17,602669
RL,2026-08-04,382.51,385.0,376.7,377.92,924671
RL,2026-08-05,379.76,392.47,379.76,380.78,987406
RL,2026-08-06,375.0,411.19,371.93,395.83,1263679
RL,2026-08-07,395.56,400.45,386.29,395.53,709501
RL,2026-08-10,399.56,407.788,395.92,406.89,708155
RL,2026-08-11,404.175,406.52,396.04,397.72,581041
RL,2026-08-12,402.62,403.535,388.38,396.35,593288
RL,2026-08-13,396.63,397.85,385.0101,387.39,576275
RL,2026-08-14,386.83,391.61,382.835,388.92,459831
RL,2026-08-17,384.91,386.74,379.261,379.31,476436
RL,2026-08-18,380.31,385.52,377.54,378.25,466778
RL,2026-08-19,384.0,384.0,377.105,377.96,328600
RL,2026-08-20,374.725,374.725,365.69,372.52,574521
RL,2026-08-21,378.49,380.0,371.29,372.59,534041
RL,2026-08-24,371.38,375.6258,367.33,370.82,570824
RL,2026-08-25,374.12,374.12,362.22,362.6,611477
RL,2026-08-26,364.24,365.51,357.46,362.32,487083
RL,2026-08-27,358.28,361.99,350.8,351.9,753961
EXPE,2026-06-17,241.88,244.355,238.81,239.47,1174554
EXPE,2026-06-18,242.05,243.76,238.85,240.9,3024202
EXPE,2026-06-22,239.68,242.445,232.52,238.02,1581360
EXPE,2026-06-23,237.975,245.585,237.975,245.07,1692105
EXPE,2026-06-24,248.45,270.51,247.81,262.15,3038257
EXPE,2026-06-25,260.25,262.885,250.545,250.95,1766449
EXPE,2026-06-26,250.12,264.79,249.28,262.8,2154170
EXPE,2026-06-29,265.0,271.59,262.1425,265.28,1520491
EXPE,2026-06-30,260.69,262.32,253.85,255.88,1310713
EXPE,2026-07-01,261.98,268.48,256.475,264.54,1149331
EXPE,2026-07-02,265.57,269.3899,263.25,268.69,1247189
EXPE,2026-07-06,268.69,270.53,263.9,266.76,1362069
EXPE,2026-07-07,271.54,275.81,268.67,269.87,1239378
EXPE,2026-07-08,266.05,267.0,254.6779,260.31,1502184
EXPE,2026-07-09,259.6,268.51,253.66,267.78,2322514
EXPE,2026-07-10,267.78,273.15,267.31,270.83,1026060
EXPE,2026-07-13,270.62,274.69,263.5,265.63,1605817
EXPE,2026-07-14,262.03,271.8808,260.001,266.28,1082774
EXPE,2026-07-15,266.67,271.64,263.835,267.11,1373223
EXPE,2026-07-16,270.64,272.4,263.12,270.95,1316505
EXPE,2026-07-17,269.31,273.0,264.6,268.77,1596698
EXPE,2026-07-20,268.03,269.58,263.5375,265.08,1616287
EXPE,2026-07-21,264.11,268.99,260.25,264.94,1975191
EXPE,2026-07-22,265.83,266.2825,259.655,261.08,915826
EXPE,2026-07-23,257.1,260.2,251.12,257.61,1213654
EXPE,2026-07-24,259.52,266.6,258.25,259.94,1231271
EXPE,2026-07-27,265.01,280.755,265.01,278.37,1273156
EXPE,2026-07-28,282.43,296.65,279.915,295.79,1446914
EXPE,2026-07-29,291.54,312.4,290.64,304.27,2495641
EXPE,2026-07-30,299.56,301.08,287.16,292.93,1737060
EXPE,2026-07-31,290.44,297.365,287.65,294.74,1124823
EXPE,2026-08-03,303.42,307.2375,297.8,298.03,2169038
EXPE,2026-08-04,300.08,312.75,298.7,312.06,2207246
EXPE,2026-08-05,323.0,326.99,313.46,319.66,3018166
EXPE,2026-08-06,325.0,331.31,305.92,306.57,2334929
EXPE,2026-08-07,311.48,314.79,304.85,310.68,1620113
EXPE,2026-08-10,307.53,314.39,304.2,314.01,1356212
EXPE,2026-08-11,310.91,325.82,310.91,321.07,1416443
EXPE,2026-08-12,320.13,329.26,316.09,325.57,1631593
EXPE,2026-08-13,325.65,329.56,318.85,328.31,833150
EXPE,2026-08-14,329.01,333.24,327.875,332.69,1334098
EXPE,2026-08-17,330.5,335.0,317.35,318.5,2251814
EXPE,2026-08-18,316.77,327.89,316.74,321.42,1014257
EXPE,2026-08-19,324.13,334.86,323.23,326.27,1213092
EXPE,2026-08-20,326.68,328.62,322.755,324.17,934265
EXPE,2026-08-21,328.45,328.99,320.67,321.63,1361802
EXPE,2026-08-24,323.55,341.09,323.55,339.125,1564122
EXPE,2026-08-25,337.0,340.49,333.17,337.97,976076
EXPE,2026-08-26,339.0,342.0,333.22,333.44,1186857
EXPE,2026-08-27,333.37,333.37,315.39,318.92,1682825
EQT,2026-06-17,50.84,51.81,50.72,51.13,7826678
EQT,2026-06-18,50.8,51.45,50.27,50.72,13560800
EQT,2026-06-22,51.155,51.85,50.57,51.84,9872777
EQT,2026-06-23,51.5,51.8,50.93,51.66,9762803
EQT,2026-06-24,50.88,52.17,50.81,51.48,8643215
EQT,2026-06-25,51.285,51.7999,51.02,51.65,7955902
EQT,2026-06-26,51.85,53.6,51.85,52.7,12647677
EQT,2026-06-29,52.545,52.9186,51.825,52.0,6287670
EQT,2026-06-30,52.32,53.74,52.19,53.17,11787733
EQT,2026-07-01,53.0,53.25,52.32,52.48,7368597
EQT,2026-07-02,52.81,53.18,52.19,52.61,4878729
EQT,2026-07-06,52.56,52.715,51.67,51.71,6848365
EQT,2026-07-07,51.77,52.0556,51.29,51.76,6510748
EQT,2026-07-08,51.88,52.04,50.78,51.16,8363123
EQT,2026-07-09,51.24,51.26,50.08,50.15,6776564
EQT,2026-07-10,50.11,50.24,47.9366,48.85,10861644
EQT,2026-07-13,49.21,49.95,48.87,49.72,7671509
EQT,2026-07-14,49.8,50.33,49.02,49.81,5812752
EQT,2026-07-15,49.81,50.375,49.085,49.25,5906873
EQT,2026-07-16,49.55,49.8,49.09,49.4,7634173
EQT,2026-07-17,50.08,50.5,49.37,49.56,5535641
EQT,2026-07-20,49.39,49.47,48.56,49.05,9119987
EQT,2026-07-21,49.09,49.88,49.09,49.8,7224686
EQT,2026-07-22,51.1,54.06,50.7501,54.01,17854908
EQT,2026-07-23,54.39,54.808,53.135,53.39,8831912
EQT,2026-07-24,53.65,54.3341,52.785,53.03,6683718
EQT,2026-07-27,52.43,52.79,51.87,52.0,7692881
EQT,2026-07-28,52.1,52.95,51.22,51.66,8311937
EQT,2026-07-29,52.39,53.18,51.57,52.57,6974043
EQT,2026-07-30,51.98,52.75,51.565,52.71,5448268
EQT,2026-07-31,52.62,53.35,52.33,53.29,5338910
EQT,2026-08-03,52.71,53.735,52.55,53.56,5073619
EQT,2026-08-04,52.67,53.175,52.0,52.77,6022866
EQT,2026-08-05,53.0,53.26,51.075,51.23,6281837
EQT,2026-08-06,52.12,52.41,51.12,51.6,5692093
EQT,2026-08-07,51.59,51.98,51.25,51.69,4828133
EQT,2026-08-10,52.44,54.15,51.84,54.08,7239934
EQT,2026-08-11,54.02,54.585,53.68,54.37,6246467
EQT,2026-08-12,54.3,54.722,53.765,54.06,4574306
EQT,2026-08-13,53.62,54.175,53.51,54.08,4625783
EQT,2026-08-14,54.35,55.145,54.18,54.42,5161475
EQT,2026-08-17,54.37,54.42,52.375,53.01,8623923
EQT,2026-08-18,53.73,53.92,53.01,53.14,7357389
EQT,2026-08-19,53.73,54.05,53.235,53.64,6518113
EQT,2026-08-20,53.58,54.665,53.12,53.89,5210773
EQT,2026-08-21,53.98,54.495,53.545,53.72,6130607
EQT,2026-08-24,53.96,54.32,53.335,53.79,6482441
EQT,2026-08-25,52.95,54.51,52.57,54.0,6992499
EQT,2026-08-26,53.67,56.47,53.67,54.79,8275162
EQT,2026-08-27,54.73,55.03,53.855,54.77,8726283
ARES,2026-06-17,134.14,136.7713,128.12,128.35,2554597
ARES,2026-06-18,130.0,131.37,127.7194,129.34,4523715
ARES,2026-06-22,130.4,131.075,124.75,125.9,2257979
ARES,2026-06-23,124.01,125.068,117.32,120.78,3486190
ARES,2026-06-24,120.12,120.68,113.05,113.87,3864435
ARES,2026-06-25,113.72,118.16,111.69,112.47,2515744
ARES,2026-06-26,111.34,113.86,108.2,109.13,4221029
ARES,2026-06-29,110.81,112.04,105.79,107.6,3261852
ARES,2026-06-30,107.06,113.22,107.04,111.31,3043572
ARES,2026-07-01,112.35,115.36,111.16,113.63,2432678
ARES,2026-07-02,116.48,118.51,114.35,116.9,1638670
ARES,2026-07-06,117.92,121.87,117.175,121.83,2109640
ARES,2026-07-07,120.31,122.14,119.59,120.7,1633114
ARES,2026-07-08,118.36,119.095,116.5,118.0,1664385
ARES,2026-07-09,117.36,121.83,117.185,121.66,1670675
ARES,2026-07-10,124.09,125.09,121.35,121.81,1087075
ARES,2026-07-13,121.73,123.36,119.78,120.45,2182568
ARES,2026-07-14,119.28,122.18,119.28,120.3,1671593
ARES,2026-07-15,123.82,127.89,123.12,124.79,2458853
ARES,2026-07-16,123.65,127.4653,122.15,125.43,1195453
ARES,2026-07-17,122.4,127.0,122.4,125.68,1945775
ARES,2026-07-20,125.33,125.45,120.425,121.27,1953160
ARES,2026-07-21,120.94,122.4305,119.96,120.78,1238320
ARES,2026-07-22,120.17,122.32,118.83,119.57,1307812
ARES,2026-07-23,117.98,123.86,117.425,121.28,2015771
ARES,2026-07-24,121.48,126.58,120.62,126.51,1818175
ARES,2026-07-27,126.51,131.34,125.83,127.76,3179333
ARES,2026-07-28,127.78,129.51,126.57,127.9,2619463
ARES,2026-07-29,126.56,127.26,123.12,124.6,2750133
ARES,2026-07-30,124.75,124.99,121.66,124.12,2937379
ARES,2026-07-31,128.44,128.745,121.29,128.09,4178552
ARES,2026-08-03,128.95,139.225,128.95,138.57,3538647
ARES,2026-08-04,138.24,143.25,137.79,142.91,3460037
ARES,2026-08-05,144.23,145.99,137.89,139.77,2449030
ARES,2026-08-06,138.9,139.96,136.6,138.17,1393829
ARES,2026-08-07,138.2,140.83,136.48,136.85,1402520
ARES,2026-08-10,136.0,137.72,134.42,137.66,1725850
ARES,2026-08-11,138.0,144.825,137.54,143.11,3383008
ARES,2026-08-12,143.55,144.48,139.89,142.35,2024309
ARES,2026-08-13,142.55,149.87,142.25,149.45,3195538
ARES,2026-08-14,148.63,149.625,143.61,144.02,2021318
ARES,2026-08-17,143.35,143.35,139.57,141.34,1672269
ARES,2026-08-18,140.28,141.595,137.52,140.31,1475338
ARES,2026-08-19,141.38,144.87,140.13,143.1,2308378
ARES,2026-08-20,142.96,144.07,139.7601,140.23,2169495
ARES,2026-08-21,141.85,143.505,140.215,141.25,1422713
ARES,2026-08-24,141.25,141.67,139.08,140.01,1573082
ARES,2026-08-25,140.63,143.19,137.12,142.76,2863100
ARES,2026-08-26,141.95,144.36,141.6,141.98,1686399
ARES,2026-08-27,141.7,145.53,141.685,142.41,1985384
ECL,2026-06-17,272.19,275.35,267.8,269.06,1738035
ECL,2026-06-18,270.58,275.44,268.865,269.12,3332824
ECL,2026-06-22,267.67,271.9,265.92,269.34,1310840
ECL,2026-06-23,267.9,273.46,267.1,268.66,1724427
ECL,2026-06-24,272.69,279.77,270.05,276.29,1722486
ECL,2026-06-25,277.89,283.405,277.0,281.2,1954305
ECL,2026-06-26,280.3,283.95,277.95,283.65,2958259
ECL,2026-06-29,281.5,282.26,277.1075,278.6,1560446
ECL,2026-06-30,279.7,280.336,276.58,278.61,1680458
ECL,2026-07-01,278.33,282.92,277.3801,278.37,1231121
ECL,2026-07-02,278.94,283.41,276.09,283.36,1242751
ECL,2026-07-06,284.25,284.25,278.5,283.72,1045496
ECL,2026-07-07,287.04,288.3,281.8,283.08,1301398
ECL,2026-07-08,278.33,278.34,272.21,274.12,1213497
ECL,2026-07-09,273.8,275.4,270.37,273.03,1012978
ECL,2026-07-10,273.64,275.7,272.86,274.31,649883
ECL,2026-07-13,274.07,275.87,269.6101,271.85,847485
ECL,2026-07-14,271.42,273.03,269.49,269.75,849288
ECL,2026-07-15,269.4,273.1599,268.46,270.25,1037627
ECL,2026-07-16,269.06,275.74,268.68,275.71,1202069
ECL,2026-07-17,277.65,281.195,272.09,272.83,1177045
ECL,2026-07-20,272.68,273.94,266.13,268.65,1147173
ECL,2026-07-21,267.16,268.32,263.22,264.2,1194560
ECL,2026-07-22,266.43,267.37,263.05,266.88,1115592
ECL,2026-07-23,262.87,265.47,261.5,263.14,1224518
ECL,2026-07-24,263.75,268.83,263.2,268.75,1155135
ECL,2026-07-27,269.04,272.29,269.0,271.38,1515332
ECL,2026-07-28,278.0,284.99,275.21,282.9,1889641
ECL,2026-07-29,285.68,285.68,278.88,283.7,1536404
ECL,2026-07-30,282.0,283.765,275.75,279.34,1141440
ECL,2026-07-31,274.4,279.1655,272.79,277.63,1656572
ECL,2026-08-03,280.25,281.86,275.72,279.43,1595433
ECL,2026-08-04,278.0,283.73,276.32,283.14,1225878
ECL,2026-08-05,285.0,286.46,282.37,285.47,1309121
ECL,2026-08-06,286.62,288.445,280.73,283.46,1223223
ECL,2026-08-07,282.72,287.7132,282.2,285.17,1106750
ECL,2026-08-10,284.25,284.885,281.31,284.4,942896
ECL,2026-08-11,282.79,286.34,281.625,284.63,724914
ECL,2026-08-12,282.47,282.85,277.88,278.43,1204923
ECL,2026-08-13,278.95,279.62,274.53,276.26,874381
ECL,2026-08-14,275.14,276.93,274.3,276.11,767300
ECL,2026-08-17,274.12,277.21,273.33,275.84,2384235
ECL,2026-08-18,276.4,282.15,275.24,280.0,2087596
ECL,2026-08-19,280.35,285.78,279.1,285.62,1555373
ECL,2026-08-20,282.44,286.6,280.33,281.48,1862809
ECL,2026-08-21,281.32,283.645,278.45,281.63,2403388
ECL,2026-08-24,284.06,287.38,283.895,286.98,1683010
ECL,2026-08-25,286.99,290.28,285.0,289.54,1779449
ECL,2026-08-26,290.45,295.33,289.89,290.6,1426845
ECL,2026-08-27,287.38,288.745,284.425,285.91,1384850
BR,2026-06-17,142.42,146.17,139.5,139.63,1328851
BR,2026-06-18,139.23,139.23,135.975,137.6,3442581
BR,2026-06-22,136.09,137.57,133.831,136.22,1826276
BR,2026-06-23,139.44,139.44,136.29,136.33,1577625
BR,2026-06-24,138.68,140.85,136.33,140.1,2444650
BR,2026-06-25,139.5,142.84,135.78,136.26,1902794
BR,2026-06-26,136.54,140.61,136.261,137.93,5316487
BR,2026-06-29,140.67,140.75,134.52,135.44,1253573
BR,2026-06-30,134.56,137.305,133.88,136.95,1471298
BR,2026-07-01,136.24,143.72,136.24,140.93,1437268
BR,2026-07-02,141.91,144.5,141.13,143.95,1023863
BR,2026-07-06,143.06,144.85,140.61,144.77,1320540
BR,2026-07-07,147.98,150.37,147.09,148.6,1141864
BR,2026-07-08,147.39,148.075,145.68,147.07,1059033
BR,2026-07-09,145.29,147.38,144.04,147.32,926800
BR,2026-07-10,150.24,150.7125,145.78,147.47,797156
BR,2026-07-13,149.08,151.74,148.965,151.04,782390
BR,2026-07-14,146.31,148.805,145.75,146.02,884859
BR,2026-07-15,147.36,151.11,147.04,147.39,710854
BR,2026-07-16,149.61,153.72,148.635,153.06,1126618
BR,2026-07-17,153.42,155.13,149.615,149.91,956765
BR,2026-07-20,149.0,151.0,146.92,150.02,1000466
BR,2026-07-21,146.98,148.54,144.71,145.01,880439
BR,2026-07-22,146.0,146.88,143.12,144.12,697429
BR,2026-07-23,144.29,145.68,143.04,144.4,648310
BR,2026-07-24,146.0,149.21,145.305,148.92,733497
BR,2026-07-27,151.32,154.46,150.0069,152.78,739160
BR,2026-07-28,155.43,160.94,155.22,158.18,1364215
BR,2026-07-29,158.27,163.24,157.36,159.2,1049204
BR,2026-07-30,156.24,156.83,150.29,154.77,1079940
BR,2026-07-31,153.64,154.7899,152.355,153.95,935693
BR,2026-08-03,157.64,159.72,156.47,157.34,1310433
BR,2026-08-04,168.3,176.94,167.31,168.41,2517166
BR,2026-08-05,169.68,170.585,161.2,163.41,1594205
BR,2026-08-06,161.81,164.78,160.0,164.75,1455720
BR,2026-08-07,164.72,167.8,163.575,166.5,2169977
BR,2026-08-10,165.3,174.45,165.3,173.4,1745553
BR,2026-08-11,171.66,174.49,169.665,170.73,1243237
BR,2026-08-12,167.64,170.46,165.805,169.27,1234812
BR,2026-08-13,170.09,172.75,167.32,172.24,1389529
BR,2026-08-14,173.04,173.37,169.3801,171.01,587630
BR,2026-08-17,169.42,171.125,167.73,167.84,1457577
BR,2026-08-18,170.68,173.65,169.175,169.86,1605907
BR,2026-08-19,172.99,177.5075,170.18,176.03,1702162
BR,2026-08-20,175.97,178.61,174.17,178.5,1071611
BR,2026-08-21,179.0,182.52,178.22,182.18,1142681
BR,2026-08-24,183.31,186.91,183.0,185.45,1409967
BR,2026-08-25,183.07,186.01,182.01,184.82,1108192
BR,2026-08-26,183.73,185.67,180.85,181.6,1186334
BR,2026-08-27,181.89,184.465,180.95,183.08,1008842
EMR,2026-06-17,149.81,152.76,148.665,149.0,2962312
EMR,2026-06-18,152.28,152.88,150.08,150.66,4090266
EMR,2026-06-22,150.72,152.0,149.37,150.21,2806367
EMR,2026-06-23,146.84,146.925,143.09,143.14,2925617
EMR,2026-06-24,143.25,144.77,140.9,141.44,3726812
EMR,2026-06-25,143.0,147.3399,141.955,145.34,3135221
EMR,2026-06-26,143.6,144.84,141.79,143.49,5831790
EMR,2026-06-29,142.99,144.05,141.6001,142.82,2329240
EMR,2026-06-30,142.86,144.17,141.91,143.15,2804776
EMR,2026-07-01,142.33,142.73,139.47,139.52,2160566
EMR,2026-07-02,140.58,142.003,137.27,139.05,2654966
EMR,2026-07-06,139.04,141.74,138.58,141.56,1896215
EMR,2026-07-07,140.09,140.86,136.975,137.91,2159521
EMR,2026-07-08,136.24,137.055,134.2,136.48,2838235
EMR,2026-07-09,138.11,139.5,136.733,137.8,2341393
EMR,2026-07-10,139.04,140.385,138.215,138.88,1563376
EMR,2026-07-13,138.0,139.28,134.9505,135.38,1741991
EMR,2026-07-14,137.29,138.05,134.54,136.09,1831767
EMR,2026-07-15,136.95,137.11,134.6,136.25,2249942
EMR,2026-07-16,133.91,139.31,133.55,139.08,2499349
EMR,2026-07-17,138.3,142.37,137.52,139.54,3253924
EMR,2026-07-20,139.46,140.0,135.25,136.58,2251184
EMR,2026-07-21,138.62,140.34,136.06,139.26,1612546
EMR,2026-07-22,139.12,140.92,139.03,139.63,1696377
EMR,2026-07-23,138.7,145.835,138.6,144.9,4274823
EMR,2026-07-24,144.9,149.175,144.33,147.94,3744174
EMR,2026-07-27,148.6,150.79,146.92,149.3,2835222
EMR,2026-07-28,149.0,152.09,147.6197,151.81,2740202
EMR,2026-07-29,150.78,150.78,145.1,145.73,3601438
EMR,2026-07-30,149.29,149.61,146.75,148.64,2911060
EMR,2026-07-31,149.73,151.0,147.95,149.82,3725482
EMR,2026-08-03,150.62,154.98,150.035,154.85,3431852
EMR,2026-08-04,156.0,159.475,152.28,158.84,5333622
EMR,2026-08-05,157.27,164.87,155.5,162.47,5251245
EMR,2026-08-06,164.32,164.85,156.0,156.91,3831316
EMR,2026-08-07,157.97,159.34,156.91,158.26,2826819
EMR,2026-08-10,158.43,159.8099,157.35,158.71,3570515
EMR,2026-08-11,159.0,164.42,159.0,164.38,2531131
EMR,2026-08-12,165.92,166.35,162.82,163.8,2457129
EMR,2026-08-13,164.26,164.37,159.845,164.21,2695375
EMR,2026-08-14,164.26,164.8,162.3,163.17,2144513
EMR,2026-08-17,162.99,164.35,161.55,162.05,2054134
EMR,2026-08-18,161.09,161.5,157.73,157.78,2120399
EMR,2026-08-19,159.11,159.6999,157.18,157.6,1554680
EMR,2026-08-20,155.77,157.25,154.08,154.72,1821598
EMR,2026-08-21,156.45,157.48,155.075,157.26,2081719
EMR,2026-08-24,157.37,158.2,156.205,157.57,1721990
EMR,2026-08-25,159.8,159.82,154.6,154.96,3111986
EMR,2026-08-26,155.58,158.7,155.5,158.29,2066557
EMR,2026-08-27,158.6,158.975,156.5501,157.71,1711199
J,2026-06-17,124.02,127.38,122.76,122.85,1260863
J,2026-06-18,124.56,124.56,119.62,120.97,4018316
J,2026-06-22,121.68,122.19,117.91,118.7,1633230
J,2026-06-23,118.8,121.1,117.13,120.9,1180355
J,2026-06-24,120.66,123.08,119.87,122.04,1107262
J,2026-06-25,122.18,125.68,121.455,124.39,924895
J,2026-06-26,124.03,126.1117,123.44,125.69,1451572
J,2026-06-29,126.16,126.43,123.79,123.81,1067631
J,2026-06-30,123.81,126.35,122.34,126.0,1512275
J,2026-07-01,126.35,127.63,124.58,124.63,1284425
J,2026-07-02,125.55,127.91,125.55,127.89,853205
J,2026-07-06,127.22,129.5999,126.88,128.98,870875
J,2026-07-07,130.4,131.785,129.185,130.29,828210
J,2026-07-08,128.51,130.18,128.0,129.7,702577
J,2026-07-09,128.94,129.125,124.875,125.84,1166625
J,2026-07-10,127.59,128.42,125.0,125.83,1226712
J,2026-07-13,126.86,127.305,125.62,126.54,669342
J,2026-07-14,124.66,130.05,124.47,129.26,1096422
J,2026-07-15,129.88,132.67,129.19,129.66,758125
J,2026-07-16,130.64,132.685,129.45,132.31,716511
J,2026-07-17,131.54,135.155,130.9,131.75,1082557
J,2026-07-20,131.44,131.815,129.16,129.49,804113
J,2026-07-21,128.36,130.015,128.0,129.64,581922
J,2026-07-22,130.36,130.805,129.57,130.5,482814
J,2026-07-23,130.47,132.86,130.37,132.0,580436
J,2026-07-24,132.63,136.075,132.17,134.56,699420
J,2026-07-27,135.86,136.0299,132.52,135.23,872571
J,2026-07-28,137.92,141.05,136.26,140.61,1155722
J,2026-07-29,139.82,139.9341,135.77,135.91,1292635
J,2026-07-30,134.01,135.33,131.02,132.75,890474
J,2026-07-31,131.32,135.49,131.04,134.93,747019
J,2026-08-03,136.68,139.51,136.65,138.72,864243
J,2026-08-04,139.38,143.97,138.55,142.68,1362849
J,2026-08-05,144.91,151.975,142.3101,144.67,1547344
J,2026-08-06,142.8,145.33,142.51,144.03,913560
J,2026-08-07,143.67,146.5099,143.665,145.07,665799
J,2026-08-10,144.91,147.69,144.91,147.33,1033591
J,2026-08-11,145.14,149.54,144.975,147.62,604150
J,2026-08-12,145.47,147.285,144.01,145.37,526481
J,2026-08-13,146.0,146.5617,142.4101,143.91,1106574
J,2026-08-14,143.76,144.75,142.71,144.66,958643
J,2026-08-17,143.7,144.87,142.56,143.63,1021799
J,2026-08-18,144.87,145.0,142.76,142.86,531575
J,2026-08-19,143.79,147.84,142.615,147.37,739478
J,2026-08-20,146.11,149.0,145.57,147.94,909945
J,2026-08-21,148.16,150.25,147.74,150.08,890614
J,2026-08-24,150.8,152.46,149.66,151.61,1024785
J,2026-08-25,151.65,152.72,149.94,150.87,999465
J,2026-08-26,150.65,153.2999,150.44,151.52,501020
J,2026-08-27,151.23,152.58,149.78,150.62,888783
ZTS,2026-06-17,78.5,80.02,76.8,77.26,5247109
ZTS,2026-06-18,77.73,79.06,77.31,78.71,17092116
ZTS,2026-06-22,76.88,78.46,75.64,75.89,6772601
ZTS,2026-06-23,76.68,78.0,76.315,76.84,5859339
ZTS,2026-06-24,77.81,79.09,77.36,78.17,4762091
ZTS,2026-06-25,78.71,79.905,77.26,77.82,5790443
ZTS,2026-06-26,76.89,77.61,75.55,76.09,15723340
ZTS,2026-06-29,76.83,76.89,73.06,73.25,6520310
ZTS,2026-06-30,73.17,73.56,71.47,71.86,8322247
ZTS,2026-07-01,72.26,74.64,72.11,72.45,6268152
ZTS,2026-07-02,73.275,75.05,72.9,74.8,4361046
ZTS,2026-07-06,75.06,75.64,73.06,75.42,7187257
ZTS,2026-07-07,76.5,77.99,75.82,76.29,4683665
ZTS,2026-07-08,75.47,76.06,73.8,75.1,4838120
ZTS,2026-07-09,74.75,75.86,74.01,75.08,5611310
ZTS,2026-07-10,75.86,76.99,75.25,75.56,5158105
ZTS,2026-07-13,75.9,76.5,74.52,75.39,6093764
ZTS,2026-07-14,74.665,74.84,73.38,74.07,5321071
ZTS,2026-07-15,74.78,76.4,74.23,74.53,5359544
ZTS,2026-07-16,75.42,77.43,75.39,76.91,7403623
ZTS,2026-07-17,77.4,78.05,75.68,76.56,7544442
ZTS,2026-07-20,75.69,76.5,74.65,76.2,5635719
ZTS,2026-07-21,75.5,76.46,74.555,75.35,4827626
ZTS,2026-07-22,75.78,76.02,73.67,74.19,4680672
ZTS,2026-07-23,73.89,75.11,73.55,74.57,6320018
ZTS,2026-07-24,75.115,76.06,74.28,75.35,5098555
ZTS,2026-07-27,76.03,77.65,75.53,76.92,3472224
ZTS,2026-07-28,78.29,79.43,77.28,77.51,6322624
ZTS,2026-07-29,77.3,79.08,77.25,77.93,5332669
ZTS,2026-07-30,77.0,77.38,75.26,76.03,4778594
ZTS,2026-07-31,75.61,77.52,74.91,77.29,5018255
ZTS,2026-08-03,79.31,80.17,76.85,77.1,5060766
ZTS,2026-08-04,76.05,76.42,74.99,76.04,7601403
ZTS,2026-08-05,76.1,76.6499,72.98,74.39,10181203
ZTS,2026-08-06,78.82,79.6,73.71,77.27,17854643
ZTS,2026-08-07,77.92,79.25,72.19,72.66,12784552
ZTS,2026-08-10,72.4,74.98,71.45,74.83,9610018
ZTS,2026-08-11,74.24,75.83,74.095,75.35,4131850
ZTS,2026-08-12,74.39,74.39,71.99,73.54,7186420
ZTS,2026-08-13,74.09,75.84,73.01,75.84,7351641
ZTS,2026-08-14,75.52,76.37,73.61,73.79,4455345
ZTS,2026-08-17,73.1,73.1,71.0,72.97,6554014
ZTS,2026-08-18,73.75,74.48,72.88,73.96,4028429
ZTS,2026-08-19,74.63,77.46,74.62,76.68,5222005
ZTS,2026-08-20,76.1,77.2946,74.935,75.02,3917290
ZTS,2026-08-21,75.29,78.59,75.18,77.73,5054620
ZTS,2026-08-24,77.59,78.2,76.4805,77.17,4069409
ZTS,2026-08-25,76.65,77.45,75.88,77.29,3479421
ZTS,2026-08-26,76.82,78.7499,76.55,77.52,4847998
ZTS,2026-08-27,76.57,76.9112,74.93,75.02,3974985
LLY,2026-06-17,1116.7,1121.49,1104.9025,1112.0,2383254
LLY,2026-06-18,1120.49,1122.33,1088.655,1098.57,4470535
LLY,2026-06-22,1112.24,1119.45,1093.15,1102.08,3015040
LLY,2026-06-23,1117.0,1122.02,1079.22,1107.08,3316278
LLY,2026-06-24,1129.41,1135.14,1100.98,1117.26,2908248
LLY,2026-06-25,1126.99,1145.43,1114.0,1127.69,2760164
LLY,2026-06-26,1128.8,1215.76,1128.0,1208.12,7725847
LLY,2026-06-29,1222.78,1238.0,1203.1431,1229.93,3684723
LLY,2026-06-30,1228.88,1230.05,1190.2,1199.43,3723583
LLY,2026-07-01,1217.505,1217.505,1173.93,1191.74,2720449
LLY,2026-07-02,1193.01,1232.0,1180.3,1213.91,3297441
LLY,2026-07-06,1208.0,1213.79,1183.34,1200.06,2348798
LLY,2026-07-07,1232.88,1249.45,1222.77,1235.56,2933770
LLY,2026-07-08,1221.095,1241.89,1204.16,1215.83,2608556
LLY,2026-07-09,1211.64,1230.0,1200.37,1216.95,2088071
LLY,2026-07-10,1210.31,1212.96,1178.32,1188.58,2010190
LLY,2026-07-13,1180.11,1196.29,1166.01,1181.87,2072666
LLY,2026-07-14,1166.01,1166.01,1140.74,1152.54,2642940
LLY,2026-07-15,1145.5,1160.82,1134.4,1156.63,2552230
LLY,2026-07-16,1162.27,1189.0699,1141.2,1169.17,2791060
LLY,2026-07-17,1159.445,1187.95,1151.01,1179.11,2757541
LLY,2026-07-20,1179.65,1187.12,1144.43,1146.9,2644242
LLY,2026-07-21,1143.0,1177.58,1139.0,1175.41,2092000
LLY,2026-07-22,1173.905,1175.0,1153.5,1163.01,1555768
LLY,2026-07-23,1146.615,1189.59,1141.78,1185.87,1909944
LLY,2026-07-24,1194.35,1206.94,1187.4983,1196.03,1983288
LLY,2026-07-27,1201.0,1205.045,1183.4454,1197.53,1593652
LLY,2026-07-28,1217.6,1232.0,1205.01,1220.66,2379981
LLY,2026-07-29,1215.18,1229.19,1204.8,1210.02,2173483
LLY,2026-07-30,1174.03,1186.65,1153.14,1154.97,3030710
LLY,2026-07-31,1148.51,1150.63,1119.0,1148.84,2884613
LLY,2026-08-03,1152.0,1161.9403,1109.15,1121.36,2934021
LLY,2026-08-04,1117.38,1135.83,1109.16,1115.68,4097186
LLY,2026-08-05,1174.0,1216.94,1138.4301,1169.86,6445689
LLY,2026-08-06,1196.55,1230.88,1173.5,1191.94,3422379
LLY,2026-08-07,1188.0,1196.8,1161.2001,1185.71,2898528
LLY,2026-08-10,1185.01,1231.94,1184.405,1231.94,3011882
LLY,2026-08-11,1230.65,1237.9999,1209.53,1215.02,2113241
LLY,2026-08-12,1201.73,1226.5,1191.08,1220.28,1941576
LLY,2026-08-13,1238.3,1240.1,1206.0,1209.0,1927272
LLY,2026-08-14,1194.01,1199.0,1171.1956,1180.16,2274505
LLY,2026-08-17,1175.2,1198.52,1163.5,1183.16,1807037
LLY,2026-08-18,1200.0,1228.47,1194.01,1225.73,2509057
LLY,2026-08-19,1245.81,1292.65,1240.54,1280.34,4541762
LLY,2026-08-20,1274.13,1280.28,1243.2301,1244.4,2621394
LLY,2026-08-21,1232.0,1271.22,1230.0,1255.4,2503262
LLY,2026-08-24,1262.14,1262.14,1230.95,1246.93,1665577
LLY,2026-08-25,1249.0,1264.73,1229.79,1233.66,2143184
LLY,2026-08-26,1234.0,1235.775,1180.01,1189.41,3006472
LLY,2026-08-27,1182.25,1190.11,1171.71,1176.1,2735051
EXR,2026-06-17,145.5,146.23,142.78,143.92,1561865
EXR,2026-06-18,145.05,146.6,144.24,145.33,2606882
EXR,2026-06-22,144.49,146.978,144.49,146.08,1381375
EXR,2026-06-23,146.56,148.52,145.77,147.76,1272341
EXR,2026-06-24,149.03,149.09,144.57,145.86,1697134
EXR,2026-06-25,146.9,147.54,144.05,147.19,1320409
EXR,2026-06-26,148.02,149.63,147.7625,149.21,1667987
EXR,2026-06-29,148.47,148.47,146.46,148.26,1001178
EXR,2026-06-30,146.78,146.78,144.78,145.3,1358461
EXR,2026-07-01,145.74,148.02,145.74,147.29,971189
EXR,2026-07-02,148.85,149.7,147.98,149.34,782269
EXR,2026-07-06,148.95,148.95,144.94,146.14,716354
EXR,2026-07-07,147.07,149.53,146.57,147.73,561393
EXR,2026-07-08,146.95,146.95,143.53,143.99,716829
EXR,2026-07-09,144.16,145.3599,142.31,142.68,758694
EXR,2026-07-10,143.2,144.5,142.58,143.96,876920
EXR,2026-07-13,144.14,146.19,144.14,145.32,871344
EXR,2026-07-14,146.08,146.25,145.09,145.5,1092882
EXR,2026-07-15,146.47,147.73,144.39,144.64,1175507
EXR,2026-07-16,145.35,150.46,144.82,150.33,1169446
EXR,2026-07-17,150.39,152.72,147.615,148.16,843523
EXR,2026-07-20,147.89,147.89,145.935,147.28,770918
EXR,2026-07-21,146.99,147.43,144.77,145.55,1189787
EXR,2026-07-22,145.47,146.14,144.27,145.05,1827203
EXR,2026-07-23,144.22,146.6,144.17,145.42,1672098
EXR,2026-07-24,146.67,148.35,144.4225,147.71,1048430
EXR,2026-07-27,146.95,150.66,146.95,148.29,1500281
EXR,2026-07-28,149.52,153.34,149.19,152.21,1974554
EXR,2026-07-29,155.63,158.88,152.3,152.85,2782858
EXR,2026-07-30,152.84,152.84,146.5,148.21,2020464
EXR,2026-07-31,148.2,148.88,145.72,148.04,1575870
EXR,2026-08-03,149.0,150.87,148.82,149.73,1689057
EXR,2026-08-04,148.38,150.16,147.35,149.86,1209150
EXR,2026-08-05,150.34,150.44,148.49,150.04,898559
EXR,2026-08-06,152.6,152.6,149.205,149.54,965031
EXR,2026-08-07,149.49,151.35,148.86,149.54,872557
EXR,2026-08-10,148.3,148.3,145.34,146.66,810419
EXR,2026-08-11,145.99,147.68,145.76,146.55,561311
EXR,2026-08-12,146.53,147.41,145.25,146.76,821400
EXR,2026-08-13,147.87,149.55,147.26,149.4,574171
EXR,2026-08-14,148.75,149.99,147.87,147.9,850965
EXR,2026-08-17,147.24,147.7,146.23,146.89,731386
EXR,2026-08-18,148.7,148.81,146.85,146.92,731682
EXR,2026-08-19,147.97,149.97,147.56,147.91,796310
EXR,2026-08-20,146.69,148.375,146.47,147.26,664784
EXR,2026-08-21,147.4,147.62,146.16,146.81,644410
EXR,2026-08-24,146.03,147.79,144.89,146.25,781949
EXR,2026-08-25,146.19,146.99,144.35,144.87,868347
EXR,2026-08-26,144.81,145.81,143.82,144.09,725835
EXR,2026-08-27,144.43,145.28,142.5075,142.79,1005716
SYK,2026-06-17,308.0,310.705,299.19,301.14,2930430
SYK,2026-06-18,301.19,311.54,299.36,307.8,3427962
SYK,2026-06-22,307.57,311.8202,303.51,304.69,2395483
SYK,2026-06-23,308.78,311.6799,304.04,310.0,2260595
SYK,2026-06-24,312.81,319.54,311.55,313.68,2947379
SYK,2026-06-25,316.02,322.25,314.0,316.11,2299752
SYK,2026-06-26,317.75,333.82,317.75,332.71,5507882
SYK,2026-06-29,333.07,334.75,329.25,330.52,2810037
SYK,2026-06-30,326.61,327.0,311.1943,314.84,2955950
SYK,2026-07-01,317.16,319.015,309.23,313.39,2917822
SYK,2026-07-02,317.04,327.76,307.49,326.54,2609807
SYK,2026-07-06,327.5,327.76,318.03,324.73,2141059
SYK,2026-07-07,328.9,333.99,324.54,329.74,2573173
SYK,2026-07-08,328.78,330.73,325.5052,326.85,2319847
SYK,2026-07-09,325.64,330.22,321.79,327.11,1947227
SYK,2026-07-10,328.06,331.575,327.0,329.78,2724626
SYK,2026-07-13,330.18,336.15,329.1,331.45,2217730
SYK,2026-07-14,319.555,319.555,306.53,311.07,4053002
SYK,2026-07-15,313.0,317.49,310.36,316.44,2722236
SYK,2026-07-16,320.12,335.86,318.76,331.2,2305787
SYK,2026-07-17,328.9,329.262,318.08,319.87,2459764
SYK,2026-07-20,319.23,322.1599,317.1901,319.14,1632723
SYK,2026-07-21,314.15,316.74,311.45,314.58,1412708
SYK,2026-07-22,315.06,316.99,309.12,309.24,2152377
SYK,2026-07-23,310.18,319.38,306.9004,318.97,2509107
SYK,2026-07-24,325.08,330.805,324.015,330.25,2372737
SYK,2026-07-27,332.82,338.79,331.915,336.74,2070033
SYK,2026-07-28,346.66,352.4599,344.01,346.6,2751776
SYK,2026-07-29,344.12,352.49,342.92,352.25,1857961
SYK,2026-07-30,349.73,351.485,344.4,348.04,2769308
SYK,2026-07-31,330.1,334.46,317.615,325.7,4536530
SYK,2026-08-03,332.94,342.04,330.6,341.2,2627585
SYK,2026-08-04,336.04,339.65,331.59,335.96,3180107
SYK,2026-08-05,336.1,339.0,330.16,337.03,2031500
SYK,2026-08-06,340.45,343.87,334.24,337.43,1803188
SYK,2026-08-07,336.67,340.0,332.5401,339.03,1845947
SYK,2026-08-10,337.03,345.925,335.0,345.81,1660210
SYK,2026-08-11,344.45,349.765,344.45,348.15,1626868
SYK,2026-08-12,342.19,347.46,339.35,347.21,2089874
SYK,2026-08-13,345.02,346.64,339.53,341.09,2017199
SYK,2026-08-14,341.5,341.51,335.12,339.21,2800783
SYK,2026-08-17,338.0,339.76,331.3,331.68,2286632
SYK,2026-08-18,336.995,339.24,331.04,331.37,3179933
SYK,2026-08-19,331.74,343.9,331.0,339.98,2188067
SYK,2026-08-20,338.26,342.35,327.47,327.7,2232215
SYK,2026-08-21,326.03,332.55,324.0,329.45,3163456
SYK,2026-08-24,330.0,334.87,327.01,327.81,1878157
SYK,2026-08-25,325.09,331.75,324.0,330.59,2202691
SYK,2026-08-26,329.13,333.39,326.41,329.67,1571648
SYK,2026-08-27,326.845,328.4499,321.6,322.12,2167056
CCEP,2026-06-17,98.55,99.08,96.62,97.12,1701107
CCEP,2026-06-18,97.33,97.83,96.69,96.93,3018440
CCEP,2026-06-22,96.25,98.07,95.96,96.98,1457156
CCEP,2026-06-23,98.66,98.74,97.0275,97.77,1969693
CCEP,2026-06-24,98.94,99.85,98.58,98.8,2169511
CCEP,2026-06-25,98.86,100.72,98.86,99.6,1727165
CCEP,2026-06-26,100.1,101.88,99.93,101.59,2333576
CCEP,2026-06-29,101.38,102.73,100.21,101.38,1942477
CCEP,2026-06-30,100.935,101.465,99.5,100.07,2335583
CCEP,2026-07-01,104.02,106.485,103.76,106.1,2909571
CCEP,2026-07-02,107.345,108.07,106.2,106.61,2633834
CCEP,2026-07-06,106.205,107.23,105.445,106.97,2020522
CCEP,2026-07-07,108.74,109.5,106.05,106.5,1659725
CCEP,2026-07-08,107.06,107.29,105.31,105.43,1634327
CCEP,2026-07-09,104.59,105.28,104.15,105.09,2053143
CCEP,2026-07-10,104.92,106.6,104.92,105.84,1285626
CCEP,2026-07-13,105.88,107.43,105.53,106.0,1377881
CCEP,2026-07-14,106.09,107.085,105.28,105.5,1175282
CCEP,2026-07-15,105.08,105.915,104.035,104.49,1031606
CCEP,2026-07-16,104.69,106.81,102.61,106.05,2802699
CCEP,2026-07-17,106.83,107.44,103.75,105.18,1730954
CCEP,2026-07-20,104.51,106.34,104.4325,106.14,1577410
CCEP,2026-07-21,105.66,106.24,105.07,105.19,1753484
CCEP,2026-07-22,107.165,107.41,105.43,105.88,1831386
CCEP,2026-07-23,103.655,104.68,102.94,103.62,2169322
CCEP,2026-07-24,104.12,105.43,104.12,105.11,1313062
CCEP,2026-07-27,105.51,108.85,105.51,108.7,1716315
CCEP,2026-07-28,111.515,113.67,110.335,111.45,2615215
CCEP,2026-07-29,110.75,111.755,110.35,111.1,3642224
CCEP,2026-07-30,110.64,111.86,110.29,111.71,2328885
CCEP,2026-07-31,110.595,110.81,109.15,109.46,2653252
CCEP,2026-08-03,110.07,110.82,107.27,108.19,2366786
CCEP,2026-08-04,104.96,106.675,102.59,106.13,3583505
CCEP,2026-08-05,107.44,108.74,106.68,108.58,2155123
CCEP,2026-08-06,109.75,110.155,107.375,108.25,1611243
CCEP,2026-08-07,107.838,108.45,107.145,108.29,1207216
CCEP,2026-08-10,106.65,107.91,105.33,106.03,1495275
CCEP,2026-08-11,105.44,106.54,104.57,106.51,1946656
CCEP,2026-08-12,106.225,107.62,105.79,107.08,2179225
CCEP,2026-08-13,106.82,107.59,106.71,107.48,2237203
CCEP,2026-08-14,107.11,108.18,107.11,107.64,1280388
CCEP,2026-08-17,106.74,106.84,105.235,105.57,1609769
CCEP,2026-08-18,106.81,108.25,106.535,107.5,1715629
CCEP,2026-08-19,107.88,108.61,106.515,106.68,2066563
CCEP,2026-08-20,106.49,107.83,106.385,106.85,1312039
CCEP,2026-08-21,107.35,108.62,107.1719,108.0,1011964
CCEP,2026-08-24,109.21,110.57,109.13,110.12,1903625
CCEP,2026-08-25,109.85,110.275,109.39,109.85,1336621
CCEP,2026-08-26,110.46,110.54,108.8275,108.99,1299577
CCEP,2026-08-27,107.47,107.8225,106.71,107.32,1052417
OXY,2026-06-17,53.48,53.995,52.83,53.04,8258234
OXY,2026-06-18,52.4,52.415,51.185,51.82,13871778
OXY,2026-06-22,52.025,52.28,51.11,52.0,9212291
OXY,2026-06-23,52.1,52.58,51.66,52.23,9887728
OXY,2026-06-24,51.0,51.38,50.295,51.09,7858064
OXY,2026-06-25,51.09,51.75,50.44,51.21,7428067
OXY,2026-06-26,50.94,51.07,49.85,49.99,12790869
OXY,2026-06-29,50.01,50.41,49.05,49.09,9708701
OXY,2026-06-30,49.18,49.715,48.55,48.57,10121388
OXY,2026-07-01,48.375,48.7222,47.77,47.94,8495666
OXY,2026-07-02,48.44,48.97,48.27,48.91,8553606
OXY,2026-07-06,48.71,49.27,48.69,48.81,6667401
OXY,2026-07-07,49.41,51.875,49.385,51.68,11662005
OXY,2026-07-08,52.9,54.89,52.47,53.59,20822332
OXY,2026-07-09,52.87,52.94,52.0,52.3,8296430
OXY,2026-07-10,52.53,53.06,51.865,52.89,6593058
OXY,2026-07-13,54.09,55.1097,53.445,54.81,12864190
OXY,2026-07-14,55.0,55.49,53.81,54.57,11115188
OXY,2026-07-15,54.56,54.66,52.9505,53.77,8792013
OXY,2026-07-16,53.91,54.2,53.53,53.65,6536142
OXY,2026-07-17,54.65,55.17,54.005,54.86,7919257
OXY,2026-07-20,54.21,55.6699,54.0,55.19,7887310
OXY,2026-07-21,55.54,56.5,55.36,56.5,7558386
OXY,2026-07-22,57.47,57.82,57.09,57.5,7569993
OXY,2026-07-23,58.64,58.99,57.5,57.6,9043807
OXY,2026-07-24,57.3,57.93,56.8301,57.3,8129530
OXY,2026-07-27,55.54,56.49,54.905,54.93,8471829
OXY,2026-07-28,55.0,55.425,53.75,53.93,7922894
OXY,2026-07-29,55.725,56.315,55.33,56.03,9568802
OXY,2026-07-30,55.04,55.98,54.73,55.95,6281796
OXY,2026-07-31,56.0,57.1,55.55,57.07,6836510
OXY,2026-08-03,55.64,56.125,54.86,55.47,8665146
OXY,2026-08-04,54.3,55.37,53.76,55.09,9032472
OXY,2026-08-05,55.49,55.59,53.66,53.81,8614352
OXY,2026-08-06,56.43,57.35,55.82,56.04,16224511
OXY,2026-08-07,55.75,56.45,55.13,55.91,7683234
OXY,2026-08-10,56.62,58.7327,56.6,58.65,9416388
OXY,2026-08-11,58.475,59.55,58.39,59.06,7724015
OXY,2026-08-12,58.5,58.87,58.255,58.55,7529163
OXY,2026-08-13,57.74,58.0665,57.175,57.7,8681966
OXY,2026-08-14,58.13,58.94,57.83,58.36,6745129
OXY,2026-08-17,58.51,59.14,58.06,59.04,6575396
OXY,2026-08-18,59.97,60.155,59.04,59.8,7942599
OXY,2026-08-19,60.02,60.83,59.75,60.09,7899060
OXY,2026-08-20,61.0,62.145,60.94,61.52,8957707
OXY,2026-08-21,61.535,61.7798,61.2,61.3,6456499
OXY,2026-08-24,61.0,61.23,59.39,60.11,6933956
OXY,2026-08-25,59.07,59.36,58.37,58.41,6828950
OXY,2026-08-26,57.75,58.98,57.54,58.62,6207187
OXY,2026-08-27,58.56,59.59,58.13,59.17,6109618
RMD,2026-06-17,190.0,192.0,184.65,186.29,1873182
RMD,2026-06-18,188.92,190.36,187.01,188.63,3884969
RMD,2026-06-22,188.52,190.73,187.245,188.45,1204046
RMD,2026-06-23,191.53,193.85,190.16,191.26,1235525
RMD,2026-06-24,193.43,197.5999,192.355,196.5,1665369
RMD,2026-06-25,199.24,202.68,198.24,198.6,1825054
RMD,2026-06-26,199.54,201.89,198.21,200.29,2102371
RMD,2026-06-29,201.0,202.08,197.65,198.43,1396294
RMD,2026-06-30,197.48,198.682,192.805,194.88,1503607
RMD,2026-07-01,196.99,203.22,196.99,201.1,1111986
RMD,2026-07-02,204.0,209.68,203.145,209.63,1144252
RMD,2026-07-06,211.88,222.43,211.88,218.4,3722027
RMD,2026-07-07,219.34,219.98,216.52,219.75,1726352
RMD,2026-07-08,212.53,214.495,205.21,205.84,1761755
RMD,2026-07-09,206.39,209.33,205.0,208.45,1479036
RMD,2026-07-10,208.61,209.36,203.4,203.87,1331149
RMD,2026-07-13,193.72,200.55,190.25,198.5,2161420
RMD,2026-07-14,193.31,195.05,190.76,193.01,1622359
RMD,2026-07-15,194.61,199.56,194.06,198.57,1208785
RMD,2026-07-16,196.49,203.88,195.09,202.76,1019540
RMD,2026-07-17,201.19,203.04,198.22,198.99,1284198
RMD,2026-07-20,196.94,198.73,194.52,198.61,1037424
RMD,2026-07-21,194.6,198.23,194.0,195.8,1112740
RMD,2026-07-22,196.94,197.08,191.67,192.91,971174
RMD,2026-07-23,191.55,192.55,190.21,191.89,1012467
RMD,2026-07-24,194.27,197.6,194.23,195.27,1005232
RMD,2026-07-27,197.29,203.5799,195.795,203.08,1142770
RMD,2026-07-28,206.17,210.11,204.6,208.96,1137281
RMD,2026-07-29,208.58,215.2,207.785,214.29,1325347
RMD,2026-07-30,210.5,211.42,206.59,208.56,1091211
RMD,2026-07-31,206.72,211.775,205.22,210.98,1113759
RMD,2026-08-03,214.0,217.5692,212.86,215.19,1466073
RMD,2026-08-04,212.26,223.21,210.93,223.14,1742551
RMD,2026-08-05,222.0,225.0,220.49,224.03,1746578
RMD,2026-08-06,224.84,226.12,222.2,223.24,1786085
RMD,2026-08-07,207.18,215.5,202.0,211.94,3810438
RMD,2026-08-10,211.89,220.405,210.58,220.05,1715960
RMD,2026-08-11,218.78,225.76,215.71,224.84,1239266
RMD,2026-08-12,218.73,226.64,218.73,226.0,1403347
RMD,2026-08-13,226.0,227.76,223.22,226.74,1167599
RMD,2026-08-14,228.12,228.5475,223.79,224.46,1193129
RMD,2026-08-17,222.68,223.94,218.655,220.37,1453880
RMD,2026-08-18,221.0,223.47,219.97,219.98,1295889
RMD,2026-08-19,221.0,231.04,220.44,230.65,1209808
RMD,2026-08-20,229.03,232.99,228.38,228.44,1285692
RMD,2026-08-21,229.44,234.14,228.5386,231.52,1725347
RMD,2026-08-24,231.0,233.23,228.87,232.45,1113640
RMD,2026-08-25,232.22,238.37,231.885,236.59,1761110
RMD,2026-08-26,233.66,237.76,232.1,235.69,1542343
RMD,2026-08-27,233.06,237.94,232.29,235.76,1588523
APD,2026-06-17,279.49,283.58,279.36,281.75,1748077
APD,2026-06-18,283.4,283.835,278.62,280.21,2568781
APD,2026-06-22,279.37,284.8599,278.81,283.11,1907300
APD,2026-06-23,281.44,284.55,279.63,282.45,1874234
APD,2026-06-24,282.0,282.57,275.51,278.73,1826429
APD,2026-06-25,277.82,282.6315,276.34,279.93,1260288
APD,2026-06-26,279.29,282.27,277.17,277.79,1741536
APD,2026-06-29,277.41,279.18,270.11,271.35,1307381
APD,2026-06-30,295.95,304.7699,290.59,293.18,3510201
APD,2026-07-01,291.36,307.76,285.91,306.4,2692522
APD,2026-07-02,306.46,314.28,303.83,314.19,1847226
APD,2026-07-06,314.3,314.87,305.02,308.86,1368826
APD,2026-07-07,310.0,311.6,304.97,305.05,923545
APD,2026-07-08,303.71,303.71,296.59,296.75,1014971
APD,2026-07-09,294.83,297.74,292.94,295.85,1098304
APD,2026-07-10,296.86,301.3103,296.29,299.53,1349484
APD,2026-07-13,300.92,304.32,299.0,301.96,892216
APD,2026-07-14,303.69,307.12,297.9758,299.4,1064819
APD,2026-07-15,297.77,299.08,292.59,293.69,879556
APD,2026-07-16,292.22,298.28,290.32,297.29,1265008
APD,2026-07-17,297.8,304.51,294.92,295.62,909520
APD,2026-07-20,295.1,298.86,292.22,296.63,1044349
APD,2026-07-21,299.92,301.97,296.08,296.39,1043482
APD,2026-07-22,298.1,300.3,296.01,297.0,1167338
APD,2026-07-23,296.62,299.78,294.0801,294.29,1296159
APD,2026-07-24,294.77,298.76,293.98,297.87,734713
APD,2026-07-27,296.5,297.34,291.38,292.58,1218161
APD,2026-07-28,293.11,298.1,292.58,292.85,1539136
APD,2026-07-29,294.8,295.53,291.54,294.27,1068927
APD,2026-07-30,308.58,311.08,297.35,300.2,1614366
APD,2026-07-31,299.57,301.75,291.3754,294.89,1464241
APD,2026-08-03,295.14,296.005,290.2,292.94,1605549
APD,2026-08-04,290.9,296.93,288.0,294.71,1063969
APD,2026-08-05,295.43,297.07,293.4375,295.09,911287
APD,2026-08-06,297.53,299.98,295.67,299.92,683690
APD,2026-08-07,297.24,303.66,295.86,303.44,749215
APD,2026-08-10,303.99,308.25,301.35,308.18,851867
APD,2026-08-11,307.98,311.51,307.25,309.31,796078
APD,2026-08-12,308.37,308.55,302.94,304.07,613882
APD,2026-08-13,303.79,307.34,302.668,305.52,710095
APD,2026-08-14,305.91,309.195,304.16,308.97,474478
APD,2026-08-17,307.89,307.985,299.5,300.86,898063
APD,2026-08-18,302.67,304.98,302.25,303.23,609993
APD,2026-08-19,304.12,306.14,302.51,303.22,948816
APD,2026-08-20,302.47,311.0,297.85,300.33,1615465
APD,2026-08-21,301.11,307.99,299.9,305.1,1355974
APD,2026-08-24,304.55,306.4,301.95,306.24,1187363
APD,2026-08-25,304.92,306.57,302.37,303.85,832932
APD,2026-08-26,303.52,308.83,302.74,306.66,749794
APD,2026-08-27,304.3,306.53,302.56,305.47,1001762
Q,2026-06-17,156.2,162.85,156.2,156.72,2258377
Q,2026-06-18,160.45,170.07,159.5,168.98,5672908
Q,2026-06-22,174.96,177.2799,170.37,175.64,4092769
Q,2026-06-23,163.98,167.13,160.0779,161.19,2416711
Q,2026-06-24,162.16,165.59,156.16,158.73,1780862
Q,2026-06-25,166.0,170.0,159.4,167.49,1356844
Q,2026-06-26,161.23,162.52,155.5,158.2,1913377
Q,2026-06-29,158.0,161.445,149.29,158.23,3860397
Q,2026-06-30,158.05,165.23,158.0,163.31,2567303
Q,2026-07-01,158.85,162.69,152.97,153.37,1576122
Q,2026-07-02,153.74,156.6,139.39,141.75,2817807
Q,2026-07-06,147.99,152.8899,145.54,146.68,1946168
Q,2026-07-07,140.17,142.75,134.67,140.54,2525933
Q,2026-07-08,139.74,144.49,137.9,142.17,1932136
Q,2026-07-09,149.1,150.557,143.03,143.46,1565686
Q,2026-07-10,141.19,145.36,139.7,143.8,1232294
Q,2026-07-13,140.71,143.6,138.7518,140.98,1607444
Q,2026-07-14,145.8,147.88,140.01,141.67,1567694
Q,2026-07-15,143.62,145.82,133.51,140.23,1729037
Q,2026-07-16,136.845,138.655,134.1,135.47,2299534
Q,2026-07-17,130.45,139.87,129.0852,136.35,2235439
Q,2026-07-20,138.61,139.8,134.26,134.58,1171252
Q,2026-07-21,138.92,140.09,136.5,138.78,1265289
Q,2026-07-22,136.15,140.6299,136.15,138.74,1033030
Q,2026-07-23,137.02,140.2475,135.89,138.66,1040615
Q,2026-07-24,137.5,139.71,134.09,135.06,1627970
Q,2026-07-27,136.0,136.07,128.67,132.97,1640805
Q,2026-07-28,127.18,128.88,123.72,127.89,3077618
Q,2026-07-29,127.55,129.14,122.67,123.39,3296644
Q,2026-07-30,129.49,134.66,129.04,130.52,3336940
Q,2026-07-31,135.36,137.7299,128.76,131.18,1704286
Q,2026-08-03,128.86,135.18,128.71,133.3,2641605
Q,2026-08-04,141.035,146.08,137.0,141.67,3113862
Q,2026-08-05,140.16,141.145,135.11,135.64,2033836
Q,2026-08-06,134.47,138.0,130.43,133.37,1584394
Q,2026-08-07,136.46,138.97,135.71,138.0,1312056
Q,2026-08-10,139.18,139.99,134.15,134.37,1175429
Q,2026-08-11,135.2,140.83,134.645,138.24,1368244
Q,2026-08-12,142.34,143.99,141.1101,142.08,1498979
Q,2026-08-13,143.87,146.67,142.0,142.59,1595783
Q,2026-08-14,142.55,144.08,140.0,142.3,783373
Q,2026-08-17,143.66,144.92,139.94,140.76,1361215
Q,2026-08-18,136.0,137.6599,131.9054,133.58,1290428
Q,2026-08-19,135.72,136.07,125.71,126.04,1925434
Q,2026-08-20,125.98,134.395,125.312,133.52,4292129
Q,2026-08-21,133.26,134.17,128.71,128.88,1734888
Q,2026-08-24,126.74,126.8101,122.47,126.24,1614929
Q,2026-08-25,129.04,129.5,125.81,126.62,945105
Q,2026-08-26,127.12,127.9238,125.14,126.2,1456350
Q,2026-08-27,128.15,129.21,125.5,126.35,1130541
WY,2026-06-17,24.69,24.935,24.205,24.33,4532371
WY,2026-06-18,24.58,24.86,24.32,24.32,7925213
WY,2026-06-22,24.27,24.795,24.19,24.25,7582673
WY,2026-06-23,24.34,24.48,24.1,24.44,5111710
WY,2026-06-24,24.68,25.585,24.68,25.3,7251200
WY,2026-06-25,25.51,25.85,25.38,25.76,4795665
WY,2026-06-26,25.69,25.86,25.19,25.31,9518865
WY,2026-06-29,25.12,25.32,24.215,24.62,9169685
WY,2026-06-30,24.475,24.6,23.72,23.94,6472813
WY,2026-07-01,23.95,23.99,23.46,23.56,4910275
WY,2026-07-02,23.77,24.01,23.555,23.79,5496319
WY,2026-07-06,23.78,23.87,23.22,23.4,5514229
WY,2026-07-07,23.68,23.76,23.26,23.29,4633912
WY,2026-07-08,23.15,23.22,22.46,22.46,5407215
WY,2026-07-09,22.5,22.725,22.43,22.5,4091618
WY,2026-07-10,22.86,23.615,22.82,23.45,6523553
WY,2026-07-13,23.41,23.74,23.21,23.41,3864873
WY,2026-07-14,23.53,23.91,23.35,23.8,5347614
WY,2026-07-15,23.79,24.1599,23.774,23.91,4180991
WY,2026-07-16,23.89,24.72,23.82,24.45,4097160
WY,2026-07-17,24.63,25.14,24.25,24.49,6188331
WY,2026-07-20,24.46,24.55,23.78,23.96,5064157
WY,2026-07-21,23.95,23.96,23.53,23.61,3289152
WY,2026-07-22,23.78,23.925,23.575,23.82,4195967
WY,2026-07-23,23.6,23.745,23.465,23.64,3304757
WY,2026-07-24,23.67,24.09,23.525,23.94,5247590
WY,2026-07-27,23.96,24.33,23.88,23.91,3861330
WY,2026-07-28,24.25,24.8,24.18,24.61,5125586
WY,2026-07-29,24.57,24.63,24.2,24.45,4209053
WY,2026-07-30,24.38,24.43,23.155,23.5,6675169
WY,2026-07-31,24.19,25.1,23.815,25.03,10943590
WY,2026-08-03,25.47,25.68,24.92,25.23,6142846
WY,2026-08-04,25.0,25.84,24.8,25.83,5723559
WY,2026-08-05,25.72,25.92,25.415,25.84,5778294
WY,2026-08-06,26.0,26.0,25.285,25.45,7523019
WY,2026-08-07,25.67,25.865,25.49,25.58,7386973
WY,2026-08-10,25.54,25.54,24.895,25.29,6445065
WY,2026-08-11,25.2,25.49,24.95,25.02,4812249
WY,2026-08-12,24.97,25.0,24.445,24.76,4338896
WY,2026-08-13,24.84,25.0,24.75,24.82,3745965
WY,2026-08-14,24.81,24.97,24.51,24.56,3610640
WY,2026-08-17,24.3,24.327,23.995,24.08,4884837
WY,2026-08-18,24.2,24.255,23.56,23.61,5343468
WY,2026-08-19,23.98,24.635,23.82,24.62,6016377
WY,2026-08-20,24.38,24.965,24.37,24.62,5105413
WY,2026-08-21,24.72,24.77,24.335,24.43,3577316
WY,2026-08-24,24.6,24.88,24.295,24.39,4332525
WY,2026-08-25,24.34,24.5164,24.165,24.43,2780408
WY,2026-08-26,24.41,24.555,23.95,24.08,3941200
WY,2026-08-27,23.84,24.06,23.7,23.7,4169076
GPN,2026-06-17,68.06,70.11,65.85,66.36,3824187
GPN,2026-06-18,66.64,67.98,65.81,66.88,6117794
GPN,2026-06-22,66.08,67.51,64.94,65.09,3361701
GPN,2026-06-23,64.72,65.495,63.66,64.28,2872968
GPN,2026-06-24,64.4,67.39,64.4,67.08,5921681
GPN,2026-06-25,67.46,69.195,66.89,68.16,4239803
GPN,2026-06-26,67.57,69.99,67.5,69.8,3917816
GPN,2026-06-29,70.0,71.5,69.725,71.12,2833454
GPN,2026-06-30,70.84,72.67,69.65,72.56,4022234
GPN,2026-07-01,73.51,76.59,72.62,75.05,4259260
GPN,2026-07-02,75.75,78.71,75.55,78.63,4358965
GPN,2026-07-06,78.38,78.4,76.51,77.41,3478523
GPN,2026-07-07,77.78,79.315,77.52,77.59,2267831
GPN,2026-07-08,76.79,76.79,72.13,73.01,3554196
GPN,2026-07-09,72.5,74.42,71.45,74.38,2261155
GPN,2026-07-10,75.62,76.84,75.205,76.04,2285326
GPN,2026-07-13,76.77,78.03,76.54,76.85,3339779
GPN,2026-07-14,75.4,76.48,74.69,75.89,2145750
GPN,2026-07-15,78.03,80.59,76.785,78.22,3478917
GPN,2026-07-16,78.85,80.76,78.752,80.49,4330278
GPN,2026-07-17,79.85,81.96,77.74,77.82,2806981
GPN,2026-07-20,80.9,83.03,78.87,82.37,5877170
GPN,2026-07-21,82.0,82.8,79.68,80.07,2379775
GPN,2026-07-22,80.8,80.85,78.49,78.97,2355040
GPN,2026-07-23,78.7,78.88,77.25,77.86,2629309
GPN,2026-07-24,78.56,81.145,78.13,80.92,2981829
GPN,2026-07-27,82.02,84.34,82.02,84.06,3473028
GPN,2026-07-28,84.93,87.525,84.585,87.46,3581591
GPN,2026-07-29,86.57,89.095,86.285,88.27,2942647
GPN,2026-07-30,86.79,87.5298,84.83,86.84,2774355
GPN,2026-07-31,85.67,86.245,83.87,84.08,3003962
GPN,2026-08-03,85.75,87.09,84.1,86.19,3280189
GPN,2026-08-04,84.89,88.57,84.46,88.25,4048687
GPN,2026-08-05,87.78,90.85,86.0,87.48,4160447
GPN,2026-08-06,87.52,87.79,85.695,87.69,4914599
GPN,2026-08-07,87.6,88.5,84.64,86.12,5308758
GPN,2026-08-10,85.7,86.925,84.99,86.13,2691007
GPN,2026-08-11,85.96,86.91,85.575,85.86,2102459
GPN,2026-08-12,85.75,88.74,84.2,88.53,2944000
GPN,2026-08-13,88.9,95.58,88.6043,94.83,3638150
GPN,2026-08-14,94.71,95.23,92.0,93.05,2498134
GPN,2026-08-17,92.03,92.45,90.18,90.38,2741109
GPN,2026-08-18,91.66,93.046,90.3575,90.37,1442566
GPN,2026-08-19,90.47,92.53,90.3835,91.74,2460537
GPN,2026-08-20,91.61,92.93,90.8501,92.28,1899631
GPN,2026-08-21,93.03,94.635,91.58,93.49,4132110
GPN,2026-08-24,93.63,95.88,93.63,94.3,3307292
GPN,2026-08-25,93.86,94.89,92.74,93.82,3089229
GPN,2026-08-26,93.66,94.0,92.71,92.96,3037567
GPN,2026-08-27,92.68,93.45,91.6857,92.74,2140398
CMCSA,2026-06-17,23.44,23.5,22.55,22.69,40926880
CMCSA,2026-06-18,22.75,22.86,22.38,22.43,74561805
CMCSA,2026-06-22,22.245,22.6,22.125,22.32,46066700
CMCSA,2026-06-23,22.56,23.05,22.24,22.8,40351915
CMCSA,2026-06-24,22.84,23.075,22.42,22.64,43019682
CMCSA,2026-06-25,22.66,23.0,22.625,22.69,25308248
CMCSA,2026-06-26,22.755,23.225,22.705,23.17,42040332
CMCSA,2026-06-29,27.045,27.1,24.17,24.22,135440129
CMCSA,2026-06-30,24.705,25.04,24.07,24.55,61967234
CMCSA,2026-07-01,24.25,24.49,23.5841,23.73,52264380
CMCSA,2026-07-02,23.79,23.92,23.081,23.79,43735083
CMCSA,2026-07-06,23.77,23.97,23.22,23.38,42491875
CMCSA,2026-07-07,23.86,24.235,23.3705,23.41,33016953
CMCSA,2026-07-08,23.54,23.765,23.17,23.19,26684813
CMCSA,2026-07-09,23.075,23.41,22.795,23.345,27015512
CMCSA,2026-07-10,23.49,23.73,23.35,23.57,25487340
CMCSA,2026-07-13,23.96,24.28,23.78,23.97,30705430
CMCSA,2026-07-14,23.834,23.94,23.165,23.19,26068380
CMCSA,2026-07-15,23.24,23.81,23.18,23.49,22869892
CMCSA,2026-07-16,23.72,24.28,23.6,24.1,32232835
CMCSA,2026-07-17,24.345,24.675,23.66,23.79,40121270
CMCSA,2026-07-20,23.88,23.99,23.37,23.78,37183505
CMCSA,2026-07-21,23.71,23.95,23.58,23.81,27095890
CMCSA,2026-07-22,24.16,24.248,23.49,23.52,36647999
CMCSA,2026-07-23,24.01,24.01,21.91,21.92,53009273
CMCSA,2026-07-24,21.3,22.485,21.28,22.295,48229751
CMCSA,2026-07-27,22.425,23.29,22.355,22.8,37498119
CMCSA,2026-07-28,23.25,24.26,23.23,24.19,41669513
CMCSA,2026-07-29,24.155,24.875,23.84,24.61,37047730
CMCSA,2026-07-30,23.85,24.085,23.355,23.67,29280467
CMCSA,2026-07-31,23.44,24.145,23.28,23.96,28202430
CMCSA,2026-08-03,24.43,24.895,24.39,24.56,37773947
CMCSA,2026-08-04,24.4,24.97,24.33,24.93,31994567
CMCSA,2026-08-05,24.915,24.93,24.335,24.75,28978332
CMCSA,2026-08-06,24.99,25.2,24.76,25.17,27604574
CMCSA,2026-08-07,24.99,25.5,24.94,25.36,19058887
CMCSA,2026-08-10,25.16,25.235,24.775,25.2,19015012
CMCSA,2026-08-11,25.04,25.68,25.04,25.65,22284152
CMCSA,2026-08-12,25.54,25.63,25.07,25.47,21388491
CMCSA,2026-08-13,25.63,26.26,25.6207,26.18,18079778
CMCSA,2026-08-14,26.31,26.49,26.13,26.18,20010476
CMCSA,2026-08-17,25.88,26.09,25.5025,25.57,21547008
CMCSA,2026-08-18,25.9,26.28,25.695,26.2,26609146
CMCSA,2026-08-19,26.14,27.04,26.14,26.59,23087483
CMCSA,2026-08-20,26.57,26.76,26.25,26.42,18865507
CMCSA,2026-08-21,26.57,26.965,26.425,26.85,20309153
CMCSA,2026-08-24,26.9,27.18,26.84,27.02,16801453
CMCSA,2026-08-25,26.9,27.35,26.69,27.1,22653867
CMCSA,2026-08-26,27.11,27.265,26.97,27.2,13764861
CMCSA,2026-08-27,26.81,27.05,26.365,26.41,20704614
AWK,2026-06-17,127.75,128.54,124.48,125.41,2334297
AWK,2026-06-18,125.7,127.55,124.53,125.07,4992263
AWK,2026-06-22,125.33,127.7,124.645,124.92,2457025
AWK,2026-06-23,126.75,127.24,125.69,126.6,1558315
AWK,2026-06-24,127.94,129.86,126.3701,129.64,1927242
AWK,2026-06-25,130.5,131.39,128.62,130.0,2228509
AWK,2026-06-26,131.3,132.68,129.7,132.68,3539126
AWK,2026-06-29,131.36,133.135,130.78,132.5,2170839
AWK,2026-06-30,132.3,133.44,130.92,131.58,2817914
AWK,2026-07-01,131.6,133.43,130.99,131.79,2462181
AWK,2026-07-02,133.03,136.93,132.07,136.86,3269337
AWK,2026-07-06,135.75,136.13,132.0,133.09,3630006
AWK,2026-07-07,134.68,138.42,134.26,134.82,2098728
AWK,2026-07-08,135.96,135.96,131.75,131.88,1654319
AWK,2026-07-09,131.1,131.855,130.085,130.55,1373378
AWK,2026-07-10,130.74,131.7,129.64,130.69,1679179
AWK,2026-07-13,131.36,133.325,131.05,131.53,1236585
AWK,2026-07-14,131.42,132.65,130.88,131.57,1172773
AWK,2026-07-15,131.18,132.52,128.95,129.21,1510508
AWK,2026-07-16,129.45,134.77,129.45,134.33,1846874
AWK,2026-07-17,136.31,137.76,134.24,135.11,2390913
AWK,2026-07-20,134.525,135.76,132.4,133.65,1543468
AWK,2026-07-21,132.76,133.35,130.73,131.53,1971441
AWK,2026-07-22,132.7,133.91,132.03,133.83,1789050
AWK,2026-07-23,132.98,135.44,132.4101,134.41,2019695
AWK,2026-07-24,135.29,135.81,133.95,134.66,1467977
AWK,2026-07-27,133.53,136.585,133.42,134.56,2541354
AWK,2026-07-28,136.02,140.44,135.49,138.04,4666904
AWK,2026-07-29,138.6,140.3,137.07,138.09,3035061
AWK,2026-07-30,140.0,141.25,135.61,136.81,3580360
AWK,2026-07-31,136.65,136.9,134.13,134.17,3254675
AWK,2026-08-03,133.74,137.095,130.91,131.3,2497741
AWK,2026-08-04,129.95,134.555,129.74,134.01,3673438
AWK,2026-08-05,134.4,135.32,132.27,134.16,1963411
AWK,2026-08-06,135.09,135.42,133.3201,134.82,1471406
AWK,2026-08-07,133.54,136.24,133.22,135.31,1200320
AWK,2026-08-10,134.19,135.86,131.9,135.45,2478683
AWK,2026-08-11,133.93,136.14,133.065,136.06,1729726
AWK,2026-08-12,135.62,136.39,134.19,134.92,2902950
AWK,2026-08-13,135.05,137.15,135.05,136.46,3409051
AWK,2026-08-14,136.5,136.99,135.08,136.2,1728132
AWK,2026-08-17,135.19,135.94,133.25,134.35,2105972
AWK,2026-08-18,135.93,137.75,135.36,136.27,1892688
AWK,2026-08-19,136.41,139.36,136.3,138.71,3029189
AWK,2026-08-20,137.96,139.34,137.09,137.21,1661723
AWK,2026-08-21,136.81,137.39,135.2602,135.39,1947590
AWK,2026-08-24,136.0,140.13,135.04,139.91,2406325
AWK,2026-08-25,139.0,139.8,137.1,137.6,1939596
AWK,2026-08-26,137.48,138.62,137.23,137.49,1361822
AWK,2026-08-27,136.05,138.26,135.27,136.69,2364424
JPM,2026-06-17,332.18,337.77,331.5,333.46,12246449
JPM,2026-06-18,336.95,338.09,324.16,325.22,20111030
JPM,2026-06-22,329.7,332.77,326.75,331.48,10182506
JPM,2026-06-23,329.47,335.37,327.21,334.14,7582217
JPM,2026-06-24,333.07,334.53,329.77,333.45,7907442
JPM,2026-06-25,334.96,343.4485,334.76,335.12,10049358
JPM,2026-06-26,336.0,336.4,327.5,329.05,17640907
JPM,2026-06-29,328.28,332.39,327.2,329.39,7981795
JPM,2026-06-30,328.89,330.4372,326.68,327.33,8080064
JPM,2026-07-01,328.365,335.64,325.01,334.07,15210192
JPM,2026-07-02,338.02,340.0,331.77,334.47,8415407
JPM,2026-07-06,335.0,339.715,334.11,337.72,8673530
JPM,2026-07-07,340.975,341.4,337.09,339.22,7115819
JPM,2026-07-08,336.53,336.53,330.13,330.62,18505243
JPM,2026-07-09,331.46,337.0,330.8053,335.47,15570588
JPM,2026-07-10,337.47,338.5859,335.77,336.47,6299028
JPM,2026-07-13,338.34,338.35,332.5001,334.53,7120251
JPM,2026-07-14,327.0,344.73,325.75,342.89,14537914
JPM,2026-07-15,345.845,351.24,344.05,346.91,10749985
JPM,2026-07-16,349.28,349.34,341.11,343.15,12432392
JPM,2026-07-17,339.03,346.125,335.05,341.1,9250854
JPM,2026-07-20,341.8,344.26,337.37,338.87,7723269
JPM,2026-07-21,340.115,345.735,337.3,345.23,6015334
JPM,2026-07-22,345.07,349.07,344.2501,348.21,8040220
JPM,2026-07-23,346.58,349.92,345.42,349.9,10913025
JPM,2026-07-24,350.64,353.37,347.5,353.21,7520829
JPM,2026-07-27,357.89,359.05,352.58,356.2,7888760
JPM,2026-07-28,357.3,359.3,354.15,357.31,6538299
JPM,2026-07-29,356.5,357.37,343.78,344.71,8272605
JPM,2026-07-30,347.54,352.28,345.37,350.85,7607701
JPM,2026-07-31,353.3,354.47,349.7,351.79,6603422
JPM,2026-08-03,353.75,355.62,350.84,352.64,6436597
JPM,2026-08-04,355.0,363.0,353.873,357.52,8477203
JPM,2026-08-05,358.97,362.17,358.2,359.24,5269490
JPM,2026-08-06,362.81,362.81,354.945,356.3,5820107
JPM,2026-08-07,355.76,358.8543,353.33,357.52,4566210
JPM,2026-08-10,357.96,359.99,356.5,359.79,5327471
JPM,2026-08-11,360.05,363.12,358.6,362.04,4576473
JPM,2026-08-12,362.97,366.09,361.3,365.18,4366754
JPM,2026-08-13,366.5,366.5,361.52,363.11,5102686
JPM,2026-08-14,363.0,365.9,361.45,362.84,5058591
JPM,2026-08-17,361.94,365.75,360.96,360.96,5282595
JPM,2026-08-18,362.34,363.57,359.27,363.25,5525081
JPM,2026-08-19,363.01,363.05,355.645,357.26,6696210
JPM,2026-08-20,357.6,357.95,351.55,351.55,6799673
JPM,2026-08-21,354.07,356.86,350.3666,351.58,8112130
JPM,2026-08-24,353.3,358.28,352.815,356.39,4397594
JPM,2026-08-25,357.0,357.37,353.0737,356.69,4298730
JPM,2026-08-26,356.5,358.35,354.6001,356.5,5802515
JPM,2026-08-27,354.68,357.57,352.225,354.22,5214828
AIZ,2026-06-17,261.25,265.66,260.56,262.13,384548
AIZ,2026-06-18,265.26,265.26,258.44,259.86,863079
AIZ,2026-06-22,260.28,265.51,260.28,261.58,280407
AIZ,2026-06-23,263.71,266.9,262.44,265.3,405818
AIZ,2026-06-24,266.4,268.67,263.17,263.82,449988
AIZ,2026-06-25,264.53,267.955,260.69,260.77,385555
AIZ,2026-06-26,263.2,265.57,262.89,264.43,634599
AIZ,2026-06-29,263.28,268.0,263.235,267.98,354785
AIZ,2026-06-30,267.54,270.78,266.92,268.53,347776
AIZ,2026-07-01,269.43,276.06,269.43,274.14,300056
AIZ,2026-07-02,275.98,279.5,271.47,279.48,276650
AIZ,2026-07-06,280.11,282.36,276.82,279.28,429516
AIZ,2026-07-07,281.7,284.12,279.023,280.11,369852
AIZ,2026-07-08,281.77,281.77,277.96,278.03,289508
AIZ,2026-07-09,279.0,282.48,277.55,279.2,430927
AIZ,2026-07-10,279.39,282.0,276.855,278.89,404251
AIZ,2026-07-13,280.9,282.96,277.75,279.88,313119
AIZ,2026-07-14,277.37,281.63,276.7,276.98,230703
AIZ,2026-07-15,272.88,276.04,271.75,273.92,337006
AIZ,2026-07-16,273.63,277.5799,271.79,275.44,321009
AIZ,2026-07-17,275.79,281.605,275.79,276.84,296591
AIZ,2026-07-20,276.84,278.745,275.17,275.47,282099
AIZ,2026-07-21,275.28,276.06,272.42,275.84,223635
AIZ,2026-07-22,274.99,274.99,272.07,273.15,347155
AIZ,2026-07-23,272.2,274.005,269.78,273.8,282240
AIZ,2026-07-24,274.02,277.885,272.38,276.94,235468
AIZ,2026-07-27,277.19,279.15,276.78,276.87,320736
AIZ,2026-07-28,277.29,283.455,276.865,283.08,518603
AIZ,2026-07-29,281.96,284.64,278.55,281.0,394957
AIZ,2026-07-30,281.6,284.07,275.77,282.46,438842
AIZ,2026-07-31,280.21,282.84,279.07,279.19,531157
AIZ,2026-08-03,280.52,283.525,278.985,282.39,433361
AIZ,2026-08-04,280.67,282.89,278.59,281.31,425805
AIZ,2026-08-05,294.14,302.29,290.0,301.57,711345
AIZ,2026-08-06,300.95,303.94,292.2494,296.4,485251
AIZ,2026-08-07,296.38,298.225,288.66,289.55,486784
AIZ,2026-08-10,287.45,289.37,285.27,287.22,363999
AIZ,2026-08-11,286.38,289.96,280.9,281.41,385189
AIZ,2026-08-12,280.09,284.64,278.3707,281.12,273954
AIZ,2026-08-13,290.5,290.5,280.32,280.92,284391
AIZ,2026-08-14,282.27,283.38,279.4401,282.38,359517
AIZ,2026-08-17,281.96,285.91,281.02,281.11,374703
AIZ,2026-08-18,284.24,288.135,279.9,280.07,393798
AIZ,2026-08-19,282.86,282.86,278.28,278.31,283806
AIZ,2026-08-20,276.88,283.45,274.36,282.0,442530
AIZ,2026-08-21,283.68,285.25,282.915,284.04,587372
AIZ,2026-08-24,284.95,288.5,284.95,287.81,309966
AIZ,2026-08-25,288.24,288.24,282.82,285.15,272888
AIZ,2026-08-26,285.15,289.25,285.15,288.51,284171
AIZ,2026-08-27,285.98,288.455,283.96,285.41,228837
IIPR,2026-06-17,59.55,60.0,58.55,58.65,313021
IIPR,2026-06-18,59.0,60.06,58.85,59.6,461531
IIPR,2026-06-22,59.8,60.1799,59.05,59.31,396755
IIPR,2026-06-23,58.92,60.89,58.92,60.66,303835
IIPR,2026-06-24,61.15,61.49,60.41,61.08,342793
IIPR,2026-06-25,61.33,61.81,60.39,61.16,224608
IIPR,2026-06-26,61.15,63.15,61.12,62.93,789579
IIPR,2026-06-29,62.99,63.64,61.99,63.26,688935
IIPR,2026-06-30,61.5,62.29,60.15,61.98,647135
IIPR,2026-07-01,61.68,63.42,61.51,62.7,362417
IIPR,2026-07-02,63.0,63.55,62.5766,63.36,290458
IIPR,2026-07-06,63.3,63.705,61.78,61.86,231670
IIPR,2026-07-07,62.03,62.64,61.6801,61.81,265481
IIPR,2026-07-08,61.75,63.21,60.86,62.87,373071
IIPR,2026-07-09,63.24,63.58,62.39,63.03,250732
IIPR,2026-07-10,63.22,64.55,63.22,64.44,348092
IIPR,2026-07-13,64.41,64.8378,62.96,63.79,283595
IIPR,2026-07-14,64.85,64.85,63.4,63.72,249016
IIPR,2026-07-15,63.8,65.12,63.39,63.58,287111
IIPR,2026-07-16,63.52,65.38,63.385,64.67,366820
IIPR,2026-07-17,64.39,65.175,63.975,64.47,266110
IIPR,2026-07-20,64.49,65.0954,63.85,64.35,163262
IIPR,2026-07-21,63.94,64.28,61.0,63.26,776209
IIPR,2026-07-22,63.38,63.56,62.17,62.31,193833
IIPR,2026-07-23,61.79,62.04,60.45,61.27,328604
IIPR,2026-07-24,61.44,62.4399,61.44,61.48,203070
IIPR,2026-07-27,61.55,62.5,61.13,61.42,414694
IIPR,2026-07-28,61.69,61.9899,60.4,60.57,234754
IIPR,2026-07-29,60.73,61.4566,60.26,61.21,309100
IIPR,2026-07-30,61.55,61.55,60.01,60.78,212577
IIPR,2026-07-31,60.88,61.0,58.675,58.81,392943
IIPR,2026-08-03,59.01,59.48,58.07,58.59,368111
IIPR,2026-08-04,57.8,60.7,56.25,60.36,473638
IIPR,2026-08-05,59.77,60.56,57.63,58.47,484126
IIPR,2026-08-06,58.36,59.22,58.04,58.35,262592
IIPR,2026-08-07,58.62,59.55,58.53,59.16,237915
IIPR,2026-08-10,58.86,58.86,57.19,57.4,357008
IIPR,2026-08-11,57.64,58.28,57.32,57.68,196871
IIPR,2026-08-12,58.5,58.69,57.65,57.72,214287
IIPR,2026-08-13,58.1,58.7,57.43,57.53,243766
IIPR,2026-08-14,57.31,57.75,55.95,55.99,362681
IIPR,2026-08-17,55.58,55.87,55.28,55.8,349867
IIPR,2026-08-18,55.82,56.11,54.62,55.12,396933
IIPR,2026-08-19,55.35,56.2,55.35,56.2,226110
IIPR,2026-08-20,56.27,56.8,55.72,56.73,167841
IIPR,2026-08-21,56.99,57.4241,56.37,56.71,199404
IIPR,2026-08-24,56.78,57.7,55.88,56.8,418843
IIPR,2026-08-25,57.13,57.67,56.68,57.63,472939
IIPR,2026-08-26,57.61,57.96,56.91,57.04,180355
IIPR,2026-08-27,57.0,57.33,56.36,56.42,312278
LNT,2026-06-17,73.31,73.91,72.61,72.82,3351494
LNT,2026-06-18,73.62,73.71,72.53,73.0,4271604
LNT,2026-06-22,72.93,73.995,72.805,73.21,2712037
LNT,2026-06-23,73.65,74.66,73.15,74.57,3222602
LNT,2026-06-24,74.99,75.69,74.52,75.59,2496361
LNT,2026-06-25,75.815,76.595,75.33,76.19,2744635
LNT,2026-06-26,76.53,77.36,76.33,77.25,2920532
LNT,2026-06-29,77.17,77.345,76.68,77.18,2427716
LNT,2026-06-30,77.01,77.13,76.15,76.29,2388778
LNT,2026-07-01,76.0,76.24,75.53,75.79,2220682
LNT,2026-07-02,76.23,78.21,76.03,78.03,2563261
LNT,2026-07-06,77.84,77.99,76.39,76.58,2250162
LNT,2026-07-07,77.36,78.81,76.73,77.65,1994062
LNT,2026-07-08,77.74,77.795,76.2,76.37,2857119
LNT,2026-07-09,76.37,76.8,75.57,75.7,1371824
LNT,2026-07-10,75.73,76.62,75.7,76.4,1680571
LNT,2026-07-13,76.61,77.295,76.38,76.63,2279394
LNT,2026-07-14,77.06,77.445,76.18,76.31,1795734
LNT,2026-07-15,76.04,76.255,74.44,74.55,3171698
LNT,2026-07-16,74.89,75.89,74.59,75.75,3071951
LNT,2026-07-17,76.96,77.11,74.63,74.82,2019666
LNT,2026-07-20,75.01,75.69,73.835,73.96,2193032
LNT,2026-07-21,73.96,74.085,72.355,73.11,3618346
LNT,2026-07-22,73.88,74.34,73.41,74.02,2126570
LNT,2026-07-23,73.51,74.795,73.5,74.42,1784606
LNT,2026-07-24,74.77,75.44,74.63,74.94,1957464
LNT,2026-07-27,74.64,75.17,73.73,73.93,2139749
LNT,2026-07-28,74.85,75.31,73.79,73.79,2098963
LNT,2026-07-29,74.12,74.31,71.7,72.0,3418944
LNT,2026-07-30,72.17,72.29,70.685,70.89,3165482
LNT,2026-07-31,70.46,71.14,69.92,70.78,3240101
LNT,2026-08-03,70.71,71.63,70.14,71.27,3303541
LNT,2026-08-04,71.05,71.21,70.23,70.66,3365163
LNT,2026-08-05,70.63,70.63,69.38,70.2,2560626
LNT,2026-08-06,71.05,71.05,69.06,69.52,2000344
LNT,2026-08-07,69.41,69.86,68.89,69.37,2152140
LNT,2026-08-10,69.545,69.545,67.94,68.21,2749824
LNT,2026-08-11,68.06,68.77,67.54,68.58,2915617
LNT,2026-08-12,68.95,70.46,68.805,70.24,5651652
LNT,2026-08-13,70.46,70.77,70.15,70.2,3255562
LNT,2026-08-14,70.01,70.77,69.985,70.6,1610188
LNT,2026-08-17,70.15,70.44,69.77,70.35,2058179
LNT,2026-08-18,71.25,71.456,69.95,69.98,2018141
LNT,2026-08-19,70.48,70.64,69.84,70.15,1936097
LNT,2026-08-20,69.8,70.585,69.43,69.46,1765442
LNT,2026-08-21,69.76,70.51,67.81,67.86,1956161
LNT,2026-08-24,68.01,68.5,67.68,68.42,1823233
LNT,2026-08-25,68.5,68.68,68.14,68.34,1381078
LNT,2026-08-26,68.34,69.19,68.1689,68.92,1706798
LNT,2026-08-27,68.31,68.51,67.9,68.21,1508567
PNR,2026-06-17,74.995,76.2975,73.12,73.39,1595325
PNR,2026-06-18,75.15,75.7999,74.29,74.32,3889846
PNR,2026-06-22,74.07,74.73,73.53,74.03,1643044
PNR,2026-06-23,73.26,74.33,72.54,73.16,1493865
PNR,2026-06-24,73.42,75.98,73.42,74.81,2735178
PNR,2026-06-25,75.92,77.69,74.85,76.0,4815718
PNR,2026-06-26,76.5,77.24,76.0,76.42,2456158
PNR,2026-06-29,76.34,76.865,75.67,76.3,1585699
PNR,2026-06-30,76.49,76.8913,76.07,76.66,1819433
PNR,2026-07-01,76.81,77.91,75.79,76.38,2018141
PNR,2026-07-02,77.15,77.53,75.52,76.72,1308000
PNR,2026-07-06,76.96,77.09,74.54,75.53,1583964
PNR,2026-07-07,76.23,76.27,74.2,75.18,1872998
PNR,2026-07-08,74.0,74.295,72.735,73.26,1409834
PNR,2026-07-09,72.37,75.09,72.31,74.57,3036753
PNR,2026-07-10,75.01,77.72,74.32,76.19,2491689
PNR,2026-07-13,76.38,77.96,75.99,76.53,3415658
PNR,2026-07-14,77.38,77.73,75.435,75.68,3347200
PNR,2026-07-15,57.99,66.87,57.6,64.33,12047215
PNR,2026-07-16,63.41,66.25,62.31,65.69,6449260
PNR,2026-07-17,64.93,65.895,62.11,62.45,5022651
PNR,2026-07-20,62.81,62.84,61.62,62.12,4581933
PNR,2026-07-21,61.85,62.09,60.62,61.48,2722905
PNR,2026-07-22,61.55,63.1,61.54,63.02,2673706
PNR,2026-07-23,62.92,63.5,61.7181,62.07,2088406
PNR,2026-07-24,61.83,63.7565,61.745,62.88,2887931
PNR,2026-07-27,63.83,64.78,63.08,63.18,2428299
PNR,2026-07-28,64.08,66.81,63.9,66.77,5014094
PNR,2026-07-29,66.55,67.5,65.735,66.59,4140187
PNR,2026-07-30,65.59,66.26,63.95,66.17,3532840
PNR,2026-07-31,66.05,66.445,64.92,65.44,5094522
PNR,2026-08-03,65.89,67.4,65.88,67.07,2964284
PNR,2026-08-04,67.19,68.61,66.54,68.48,2682454
PNR,2026-08-05,68.48,69.12,68.06,69.02,2661975
PNR,2026-08-06,68.99,70.37,68.9247,69.9,3166257
PNR,2026-08-07,69.68,70.97,68.68,68.89,3243153
PNR,2026-08-10,68.36,68.5,66.7,66.73,2310171
PNR,2026-08-11,66.66,67.84,66.0,67.19,3022976
PNR,2026-08-12,66.96,67.11,65.685,65.77,2159922
PNR,2026-08-13,65.98,68.23,65.1,66.87,2259103
PNR,2026-08-14,67.05,67.07,65.47,66.16,1556695
PNR,2026-08-17,65.74,65.93,63.95,64.1,2450459
PNR,2026-08-18,64.18,64.38,63.17,63.55,2410658
PNR,2026-08-19,64.02,65.89,63.56,65.59,2430111
PNR,2026-08-20,64.65,65.425,63.23,63.78,2726955
PNR,2026-08-21,64.74,65.68,63.65,64.4,2443638
PNR,2026-08-24,64.6,64.71,63.16,63.31,2032771
PNR,2026-08-25,63.9,64.28,62.28,62.46,4257532
PNR,2026-08-26,62.44,63.67,62.0,62.86,3289567
PNR,2026-08-27,62.56,62.62,61.46,62.1,3321717
PLD,2026-06-17,145.03,146.1196,140.59,140.94,4445017
PLD,2026-06-18,139.95,141.49,139.43,140.54,6701237
PLD,2026-06-22,140.66,144.81,140.31,143.83,4225082
PLD,2026-06-23,143.61,146.1598,143.385,145.25,3117597
PLD,2026-06-24,145.17,145.545,137.67,140.87,5992798
PLD,2026-06-25,141.85,142.37,138.36,140.53,3912278
PLD,2026-06-26,141.46,141.87,138.98,139.97,6244722
PLD,2026-06-29,139.06,139.5,136.81,138.89,3343902
PLD,2026-06-30,137.54,138.37,135.22,135.47,5578186
PLD,2026-07-01,135.68,138.8,135.1,136.8,3140500
PLD,2026-07-02,138.36,139.5,136.86,139.43,2907629
PLD,2026-07-06,139.21,140.28,138.1,140.2,3153652
PLD,2026-07-07,140.81,143.86,140.405,143.61,3481904
PLD,2026-07-08,142.44,143.075,140.26,141.0,3986371
PLD,2026-07-09,141.02,142.7,140.73,141.36,3679015
PLD,2026-07-10,142.61,142.75,138.78,140.87,2403264
PLD,2026-07-13,141.38,142.9,140.645,142.16,2831788
PLD,2026-07-14,142.0,143.41,141.58,142.49,3588437
PLD,2026-07-15,143.01,144.335,141.62,143.42,4867164
PLD,2026-07-16,145.0,150.06,144.19,150.06,6238062
PLD,2026-07-17,150.05,153.35,148.0,149.79,4817879
PLD,2026-07-20,149.0,149.61,146.47,147.48,3110730
PLD,2026-07-21,148.11,150.02,146.7201,149.94,3264051
PLD,2026-07-22,148.65,149.07,144.1,144.7,6649340
PLD,2026-07-23,143.47,145.79,142.32,145.12,7444461
PLD,2026-07-24,145.1,148.35,144.0,147.63,6395357
PLD,2026-07-27,147.29,147.83,145.35,147.26,4110531
PLD,2026-07-28,147.01,149.16,146.035,147.12,5669510
PLD,2026-07-29,146.59,146.8545,143.34,145.47,4092403
PLD,2026-07-30,146.22,146.75,144.18,146.19,5279658
PLD,2026-07-31,146.0,146.0,143.59,144.61,3235964
PLD,2026-08-03,144.77,144.88,142.96,144.15,2739052
PLD,2026-08-04,139.85,141.47,138.91,139.05,16284418
PLD,2026-08-05,139.8,141.51,138.55,140.76,13253834
PLD,2026-08-06,140.28,141.17,138.625,139.14,5230863
PLD,2026-08-07,139.32,140.42,138.25,140.16,4575685
PLD,2026-08-10,138.11,139.18,137.22,138.76,4130669
PLD,2026-08-11,138.13,140.16,137.31,139.5,3357422
PLD,2026-08-12,140.08,140.89,138.395,140.73,3171766
PLD,2026-08-13,140.47,142.37,140.47,141.21,3063557
PLD,2026-08-14,140.76,141.7,140.5,141.03,2053454
PLD,2026-08-17,141.0,141.0,139.35,140.62,2249947
PLD,2026-08-18,140.275,141.3,139.78,140.02,2747871
PLD,2026-08-19,140.16,141.6,139.89,141.3,2798169
PLD,2026-08-20,141.3,142.04,140.46,140.68,3167635
PLD,2026-08-21,141.57,141.86,140.26,141.8,3179126
PLD,2026-08-24,142.33,143.51,141.56,143.36,2900024
PLD,2026-08-25,143.49,143.54,141.97,143.33,2941904
PLD,2026-08-26,143.39,143.82,142.0,142.59,3834315
PLD,2026-08-27,141.46,142.87,141.02,141.85,2864736
AZN,2026-06-17,178.7,180.4399,177.653,177.89,1868663
AZN,2026-06-18,177.67,177.8,173.655,174.93,1667045
AZN,2026-06-22,175.29,177.43,175.11,176.43,1489610
AZN,2026-06-23,179.81,181.15,179.275,181.02,1503883
AZN,2026-06-24,183.4,184.61,182.19,183.02,2377682
AZN,2026-06-25,184.82,186.58,184.55,185.68,1826301
AZN,2026-06-26,184.28,189.57,184.28,188.41,3235391
AZN,2026-06-29,189.25,191.13,188.45,190.95,1644471
AZN,2026-06-30,190.31,190.46,186.155,189.62,2598709
AZN,2026-07-01,187.07,187.65,183.49,183.86,2115466
AZN,2026-07-02,189.52,196.41,189.1651,195.15,2379657
AZN,2026-07-06,190.2,190.24,186.235,190.16,1872031
AZN,2026-07-07,192.98,193.79,191.6,193.12,2130028
AZN,2026-07-08,189.95,191.48,188.665,189.28,1967847
AZN,2026-07-09,173.45,180.2051,172.76,178.49,6648956
AZN,2026-07-10,175.49,175.88,171.42,171.61,3596861
AZN,2026-07-13,168.75,170.47,168.11,169.47,4666131
AZN,2026-07-14,167.36,168.1,164.45,164.5,3605456
AZN,2026-07-15,166.22,169.575,166.21,168.37,2938306
AZN,2026-07-16,167.965,170.37,167.25,169.29,3018322
AZN,2026-07-17,168.15,170.31,167.15,168.9,1981328
AZN,2026-07-20,168.46,168.65,164.06,164.52,2552981
AZN,2026-07-21,165.35,169.43,164.815,169.34,1986357
AZN,2026-07-22,170.64,170.89,168.465,169.73,1683822
AZN,2026-07-23,166.37,169.49,166.04,168.27,2394069
AZN,2026-07-24,169.84,170.26,168.33,169.26,2009992
AZN,2026-07-27,170.08,173.24,167.79,169.64,3861406
AZN,2026-07-28,170.695,174.44,170.67,172.48,4740936
AZN,2026-07-29,174.24,175.035,172.63,173.3,2252203
AZN,2026-07-30,170.315,171.89,169.85,171.34,2260657
AZN,2026-07-31,170.53,170.74,168.44,169.64,1670008
AZN,2026-08-03,157.165,159.715,153.4134,157.97,16313046
AZN,2026-08-04,157.95,158.56,155.32,155.62,8095273
AZN,2026-08-05,163.79,164.45,160.72,161.5,7002933
AZN,2026-08-06,162.62,162.93,159.75,161.07,2353906
AZN,2026-08-07,162.14,162.18,160.0,161.42,3720555
AZN,2026-08-10,160.59,162.72,160.25,161.91,3745981
AZN,2026-08-11,162.06,162.26,158.61,158.75,2754804
AZN,2026-08-12,157.68,159.0226,157.12,158.5,4140378
AZN,2026-08-13,157.85,158.44,156.97,157.24,3598337
AZN,2026-08-14,155.5,156.46,154.53,156.45,3697884
AZN,2026-08-17,156.3,157.26,155.78,156.89,3361580
AZN,2026-08-18,159.12,160.64,158.98,160.1,3001597
AZN,2026-08-19,162.13,165.91,162.0,164.95,3817873
AZN,2026-08-20,163.4,165.57,161.475,164.49,5094227
AZN,2026-08-21,164.04,167.25,163.96,165.98,3179849
AZN,2026-08-24,164.57,167.08,163.97,166.71,2780179
AZN,2026-08-25,167.08,170.18,166.78,169.66,3453733
AZN,2026-08-26,167.46,167.89,165.17,166.27,2680819
AZN,2026-08-27,165.27,165.58,163.98,164.52,2495241
LULU,2026-06-17,115.93,118.85,111.7,111.76,3446879
LULU,2026-06-18,111.5,113.7,110.27,111.77,6175520
LULU,2026-06-22,111.38,111.38,104.44,105.43,5647624
LULU,2026-06-23,105.475,109.93,105.211,108.92,4660877
LULU,2026-06-24,110.9,113.4,110.17,113.09,3598402
LULU,2026-06-25,112.93,114.16,110.56,112.06,3603285
LULU,2026-06-26,112.0,117.65,111.363,117.57,5404510
LULU,2026-06-29,117.21,117.7973,112.8,114.29,3252780
LULU,2026-06-30,113.08,114.2,111.25,114.18,3816763
LULU,2026-07-01,115.31,116.9183,114.0,116.4,2623325
LULU,2026-07-02,116.395,119.83,116.395,118.43,2634528
LULU,2026-07-06,116.34,117.67,112.92,115.64,3344143
LULU,2026-07-07,117.355,118.8087,113.5,115.07,2428895
LULU,2026-07-08,113.0,115.4,110.9,113.62,2829990
LULU,2026-07-09,113.0,116.69,111.3101,116.51,2062232
LULU,2026-07-10,118.26,121.41,117.16,119.26,3114586
LULU,2026-07-13,119.25,122.0,119.24,120.3,2673756
LULU,2026-07-14,119.89,120.015,115.86,117.32,2217803
LULU,2026-07-15,118.0,120.49,116.57,117.42,2012983
LULU,2026-07-16,115.07,119.9,114.34,118.79,2118245
LULU,2026-07-17,118.01,119.05,115.66,116.33,2841337
LULU,2026-07-20,116.225,117.81,115.0,116.67,2395212
LULU,2026-07-21,113.875,116.95,113.39,116.63,1960989
LULU,2026-07-22,116.1,116.56,112.43,113.37,2238930
LULU,2026-07-23,111.21,112.14,109.2,110.63,2717612
LULU,2026-07-24,111.3,115.7,110.55,114.28,2912477
LULU,2026-07-27,117.59,118.37,115.76,117.83,2781944
LULU,2026-07-28,119.0,121.88,118.475,120.32,2885150
LULU,2026-07-29,118.8,120.87,118.04,119.03,2402860
LULU,2026-07-30,117.53,119.69,115.11,119.475,2030207
LULU,2026-07-31,120.4,121.0,117.865,118.87,2515389
LULU,2026-08-03,122.18,124.38,120.536,123.67,2359773
LULU,2026-08-04,121.75,124.61,120.86,123.03,2161309
LULU,2026-08-05,123.94,124.82,122.6,123.51,1857417
LULU,2026-08-06,122.6,125.92,122.01,124.73,2222896
LULU,2026-08-07,124.54,128.86,124.0,128.58,2792143
LULU,2026-08-10,128.75,128.76,125.02,127.8,2136493
LULU,2026-08-11,125.5,126.48,123.6,125.61,2232977
LULU,2026-08-12,124.87,124.9499,120.7,120.87,2861780
LULU,2026-08-13,122.27,122.875,118.77,119.56,3535730
LULU,2026-08-14,119.1,120.23,117.95,119.55,2988395
LULU,2026-08-17,118.48,119.33,114.91,115.74,2829963
LULU,2026-08-18,116.98,122.05,115.6112,119.01,3042757
LULU,2026-08-19,119.03,121.34,119.01,119.45,1974872
LULU,2026-08-20,117.17,117.85,114.69,115.69,3339183
LULU,2026-08-21,116.9,121.655,116.9,121.07,3249834
LULU,2026-08-24,122.22,123.4899,120.31,122.78,2750712
LULU,2026-08-25,118.62,119.55,117.12,118.33,3505616
LULU,2026-08-26,118.175,118.7,115.87,116.35,3686585
LULU,2026-08-27,116.425,118.5,114.9,115.0,2900494
IP,2026-06-17,36.08,37.31,35.845,36.16,6902821
IP,2026-06-18,36.36,37.83,36.36,36.82,11515894
IP,2026-06-22,37.16,37.74,36.855,36.89,8203081
IP,2026-06-23,36.25,37.21,36.12,36.56,4954748
IP,2026-06-24,37.06,38.665,36.83,38.3,6007870
IP,2026-06-25,38.8,39.82,38.395,39.02,6966344
IP,2026-06-26,38.62,39.055,38.43,38.76,4950212
IP,2026-06-29,38.24,38.38,37.42,38.23,4768064
IP,2026-06-30,37.96,38.25,37.56,38.1,4784958
IP,2026-07-01,38.02,39.025,37.89,38.34,4196724
IP,2026-07-02,38.38,38.91,37.75,38.79,3340252
IP,2026-07-06,38.33,38.82,38.06,38.58,4138970
IP,2026-07-07,38.83,38.91,37.85,37.92,4642739
IP,2026-07-08,37.51,37.51,35.99,36.67,4868617
IP,2026-07-09,37.22,37.63,36.63,37.18,5757410
IP,2026-07-10,37.62,38.6,37.28,37.93,5040943
IP,2026-07-13,38.36,38.6,36.805,37.0,6606053
IP,2026-07-14,36.87,37.06,35.87,36.5,5414285
IP,2026-07-15,37.0,37.555,36.635,36.74,5839558
IP,2026-07-16,36.87,37.92,36.72,37.87,4485130
IP,2026-07-17,38.24,38.82,37.115,37.56,3726454
IP,2026-07-20,37.79,37.815,36.215,36.25,5820545
IP,2026-07-21,36.71,36.85,35.95,36.35,5997505
IP,2026-07-22,36.42,38.2,36.4,38.09,5016309
IP,2026-07-23,37.71,38.73,37.4,37.91,4465619
IP,2026-07-24,37.75,42.315,37.71,42.16,11975298
IP,2026-07-27,42.75,43.43,41.99,42.41,7139459
IP,2026-07-28,43.57,44.82,43.35,44.09,7243761
IP,2026-07-29,42.95,43.62,42.44,42.64,5701352
IP,2026-07-30,44.02,44.02,42.04,43.15,7357743
IP,2026-07-31,43.98,43.99,40.79,40.83,7396522
IP,2026-08-03,41.73,42.145,41.115,41.45,4307561
IP,2026-08-04,41.67,42.54,41.43,42.31,4351360
IP,2026-08-05,41.51,42.87,41.51,42.25,5300186
IP,2026-08-06,42.04,42.04,40.46,40.53,3603416
IP,2026-08-07,40.33,41.88,40.03,41.58,3593985
IP,2026-08-10,41.29,41.5,40.99,41.34,2561140
IP,2026-08-11,41.06,41.97,40.86,41.8,3425870
IP,2026-08-12,42.11,42.11,40.705,41.14,4992120
IP,2026-08-13,41.5,41.73,40.85,41.12,3838161
IP,2026-08-14,40.71,41.065,40.44,40.74,2961493
IP,2026-08-17,40.31,40.54,39.92,40.26,2823462
IP,2026-08-18,40.13,40.575,39.985,40.05,3435368
IP,2026-08-19,40.65,41.65,40.48,41.06,3087258
IP,2026-08-20,40.39,41.23,39.99,40.36,2880950
IP,2026-08-21,41.11,41.695,40.425,41.49,3123592
IP,2026-08-24,41.75,42.21,40.87,41.04,3630285
IP,2026-08-25,41.17,41.25,40.5,40.99,3658129
IP,2026-08-26,40.92,41.83,40.73,41.39,3370442
IP,2026-08-27,40.71,41.19,39.82,39.88,4009894
KHC,2026-06-17,23.56,23.92,22.96,23.2,12969705
KHC,2026-06-18,23.095,23.14,22.7544,22.82,21350616
KHC,2026-06-22,22.65,22.72,22.005,22.03,16782231
KHC,2026-06-23,22.36,22.6,22.235,22.47,12665515
KHC,2026-06-24,22.55,23.075,22.55,22.94,16336017
KHC,2026-06-25,23.0,23.84,22.94,23.47,15320997
KHC,2026-06-26,23.662,24.045,23.55,23.7,14931582
KHC,2026-06-29,23.74,24.31,23.71,24.19,14864725
KHC,2026-06-30,24.008,24.325,23.6,23.62,12854605
KHC,2026-07-01,24.03,25.045,24.02,25.01,18348776
KHC,2026-07-02,25.25,25.515,25.04,25.37,14467180
KHC,2026-07-06,25.3,25.465,24.48,24.82,15085815
KHC,2026-07-07,25.31,25.745,25.25,25.3,11513978
KHC,2026-07-08,25.54,25.62,24.895,24.92,9660451
KHC,2026-07-09,24.772,25.015,24.58,24.68,10565240
KHC,2026-07-10,24.71,25.045,24.5052,24.85,6689095
KHC,2026-07-13,24.92,25.325,24.92,25.23,10595857
KHC,2026-07-14,25.05,25.162,24.79,25.08,10125598
KHC,2026-07-15,25.02,25.775,24.714,25.45,11927904
KHC,2026-07-16,25.72,26.395,25.67,26.23,15884648
KHC,2026-07-17,26.61,27.1286,25.745,25.88,15368194
KHC,2026-07-20,25.88,26.12,25.6451,25.86,10642280
KHC,2026-07-21,25.9,26.18,25.615,25.79,9233152
KHC,2026-07-22,26.235,26.33,25.87,25.96,10757828
KHC,2026-07-23,25.75,25.99,25.17,25.36,14529117
KHC,2026-07-24,25.37,25.695,25.255,25.67,13009786
KHC,2026-07-27,25.7,26.39,25.7,26.22,16741858
KHC,2026-07-28,26.72,27.66,26.62,27.3,20678289
KHC,2026-07-29,27.23,28.09,27.21,27.62,17873878
KHC,2026-07-30,27.01,27.11,26.25,26.38,14585985
KHC,2026-07-31,26.02,26.275,25.82,25.85,13034714
KHC,2026-08-03,26.29,26.53,26.06,26.42,13616412
KHC,2026-08-04,26.27,26.71,26.14,26.64,16254335
KHC,2026-08-05,26.97,27.05,25.325,25.73,23380449
KHC,2026-08-06,25.767,25.97,24.64,24.96,24878176
KHC,2026-08-07,24.895,25.365,24.87,25.32,14251770
KHC,2026-08-10,25.25,25.55,24.6812,24.93,16946372
KHC,2026-08-11,24.76,24.88,24.455,24.65,13410134
KHC,2026-08-12,24.41,24.6,24.1,24.53,15014343
KHC,2026-08-13,24.81,25.405,24.81,25.38,13006252
KHC,2026-08-14,25.36,25.52,25.175,25.51,8510402
KHC,2026-08-17,25.25,25.35,24.68,24.75,11670440
KHC,2026-08-18,25.15,25.15,24.69,24.82,10272326
KHC,2026-08-19,25.01,25.91,24.985,25.68,11320105
KHC,2026-08-20,25.47,25.795,25.31,25.57,11954269
KHC,2026-08-21,25.71,25.78,25.45,25.58,8354331
KHC,2026-08-24,25.78,26.01,25.58,25.67,11233179
KHC,2026-08-25,25.55,25.62,25.18,25.32,13347359
KHC,2026-08-26,24.4,25.255,24.25,24.79,26487921
KHC,2026-08-27,24.605,25.39,24.605,25.13,18253098
UAL,2026-06-17,118.5,120.3,115.4,115.83,5133638
UAL,2026-06-18,118.81,120.675,117.26,118.32,6761751
UAL,2026-06-22,118.245,119.94,117.64,118.68,6875853
UAL,2026-06-23,116.77,121.85,116.77,121.55,5414027
UAL,2026-06-24,124.21,130.595,123.14,130.54,10086783
UAL,2026-06-25,132.25,138.44,132.0,134.605,7329690
UAL,2026-06-26,134.62,137.84,134.05,136.11,6070595
UAL,2026-06-29,135.77,137.22,134.2,135.19,4159760
UAL,2026-06-30,135.8,138.77,135.0,135.99,5084936
UAL,2026-07-01,136.12,136.65,134.12,135.13,5075606
UAL,2026-07-02,137.98,138.51,132.06,133.32,4462332
UAL,2026-07-06,134.99,138.1,132.0,132.5,4427604
UAL,2026-07-07,132.615,133.7,127.6,128.31,3368282
UAL,2026-07-08,125.2,126.54,121.745,126.22,5526637
UAL,2026-07-09,127.68,130.81,126.93,129.05,4242212
UAL,2026-07-10,128.76,129.5,124.0,126.0,3969014
UAL,2026-07-13,124.76,125.24,120.62,121.16,4314352
UAL,2026-07-14,121.99,122.02,119.13,120.35,4178782
UAL,2026-07-15,121.52,122.94,119.2,120.97,5965702
UAL,2026-07-16,116.64,122.12,116.052,118.81,6967065
UAL,2026-07-17,115.6,118.59,114.04,115.41,6027944
UAL,2026-07-20,117.12,118.99,115.81,117.52,4437884
UAL,2026-07-21,119.27,119.64,117.2701,117.7,3167205
UAL,2026-07-22,115.74,118.7,115.13,117.26,4099850
UAL,2026-07-23,112.185,115.52,111.62,115.345,6262199
UAL,2026-07-24,116.38,121.63,115.8701,118.27,4731188
UAL,2026-07-27,122.0,123.68,118.6,120.57,3869524
UAL,2026-07-28,120.775,124.675,119.44,123.77,4364358
UAL,2026-07-29,120.08,123.6481,119.2,119.42,3997416
UAL,2026-07-30,121.85,124.27,120.2578,123.56,3113733
UAL,2026-07-31,123.56,123.93,121.0,121.33,2660601
UAL,2026-08-03,125.335,130.1792,125.3,128.39,4251298
UAL,2026-08-04,132.17,133.88,130.375,132.62,3766364
UAL,2026-08-05,133.4,135.372,132.56,132.76,3651151
UAL,2026-08-06,131.75,132.88,128.91,129.12,2318797
UAL,2026-08-07,130.04,130.33,127.67,129.56,2169778
UAL,2026-08-10,128.325,128.47,123.64,123.76,2846847
UAL,2026-08-11,125.0,127.035,123.92,126.31,2778323
UAL,2026-08-12,127.36,127.8,124.19,125.12,2280730
UAL,2026-08-13,128.0,128.498,125.905,126.35,2497733
UAL,2026-08-14,125.9,127.05,124.57,125.34,3385186
UAL,2026-08-17,124.96,125.15,122.08,122.26,2446052
UAL,2026-08-18,120.82,121.21,118.61,118.72,2673786
UAL,2026-08-19,119.81,119.81,115.69,115.78,2940729
UAL,2026-08-20,114.17,114.17,110.955,111.71,4100488
UAL,2026-08-21,114.5,114.5,112.4,113.17,3362010
UAL,2026-08-24,115.06,116.11,112.65,113.57,2597832
UAL,2026-08-25,116.6,117.56,113.81,117.41,3876770
UAL,2026-08-26,118.44,119.73,114.7,114.83,2894767
UAL,2026-08-27,114.25,114.843,112.27,112.39,2122907
CNC,2026-06-17,61.48,62.41,59.9,60.64,5710756
CNC,2026-06-18,61.145,61.975,60.365,61.02,11845954
CNC,2026-06-22,62.0,64.095,61.98,63.68,4859414
CNC,2026-06-23,63.615,64.25,63.14,63.14,4990883
CNC,2026-06-24,63.8,63.96,61.715,62.97,5275137
CNC,2026-06-25,62.76,65.635,62.76,64.77,5803979
CNC,2026-06-26,65.125,65.76,64.71,65.73,5803719
CNC,2026-06-29,65.2,65.465,63.88,64.54,5921088
CNC,2026-06-30,64.45,64.91,63.71,64.19,4597976
CNC,2026-07-01,66.48,68.41,65.44,68.35,5834393
CNC,2026-07-02,68.795,69.29,67.05,67.86,3873021
CNC,2026-07-06,67.45,67.822,65.04,66.05,4721753
CNC,2026-07-07,67.21,67.975,65.66,66.12,4169953
CNC,2026-07-08,66.33,68.94,66.0,67.09,4098276
CNC,2026-07-09,66.51,67.87,66.122,67.6,4587871
CNC,2026-07-10,67.71,68.005,66.63,67.35,2187105
CNC,2026-07-13,67.9,68.694,67.57,68.29,2782043
CNC,2026-07-14,68.6,69.355,68.095,68.72,3362655
CNC,2026-07-15,66.9613,67.19,63.2,66.61,4411715
CNC,2026-07-16,67.84,68.0,63.77,63.89,5242141
CNC,2026-07-17,64.13,66.5,63.39,66.44,4781461
CNC,2026-07-20,66.65,67.0,65.83,65.84,3111560
CNC,2026-07-21,65.45,67.635,65.11,67.59,3340157
CNC,2026-07-22,67.24,67.57,65.56,65.89,4506908
CNC,2026-07-23,63.95,64.9,62.86,63.74,4751801
CNC,2026-07-24,64.19,64.6,62.97,63.41,2809130
CNC,2026-07-27,63.83,64.76,62.5312,64.08,6876186
CNC,2026-07-28,59.505,64.92,56.67,63.91,12246817
CNC,2026-07-29,64.4,64.95,61.44,61.82,8354301
CNC,2026-07-30,61.4,62.0352,59.83,60.84,7345871
CNC,2026-07-31,61.05,62.55,60.485,62.22,3913494
CNC,2026-08-03,61.84,63.79,61.22,63.76,6866291
CNC,2026-08-04,64.3,64.755,63.48,64.07,6025594
CNC,2026-08-05,64.21,68.379,63.8,66.99,7034051
CNC,2026-08-06,67.25,67.3,63.2064,64.2,5471428
CNC,2026-08-07,64.07,66.5199,63.945,65.77,3526520
CNC,2026-08-10,66.32,67.6675,65.92,66.57,3720007
CNC,2026-08-11,67.72,67.859,64.74,64.88,2441537
CNC,2026-08-12,64.49,67.425,64.12,67.07,3241179
CNC,2026-08-13,67.76,67.8399,65.72,66.04,3538533
CNC,2026-08-14,66.165,67.615,65.85,67.47,2267801
CNC,2026-08-17,66.7,66.7,64.3,64.41,3555483
CNC,2026-08-18,64.89,65.94,64.72,65.22,3410501
CNC,2026-08-19,65.55,65.695,64.26,64.7,2879971
CNC,2026-08-20,63.73,64.87,63.47,64.14,3267667
CNC,2026-08-21,64.07,65.16,64.03,65.02,3152148
CNC,2026-08-24,64.79,66.1,64.52,65.65,3491314
CNC,2026-08-25,65.95,65.95,64.6,65.0,4344760
CNC,2026-08-26,65.0,67.68,64.98,65.47,3597036
CNC,2026-08-27,65.04,66.21,64.66,65.33,3649093
DXCM,2026-06-17,73.14,74.26,70.9,71.23,4431177
DXCM,2026-06-18,72.61,73.69,71.6001,72.47,8572121
DXCM,2026-06-22,71.89,71.92,68.55,69.07,5570881
DXCM,2026-06-23,70.24,70.27,68.72,68.92,6347654
DXCM,2026-06-24,69.0,71.085,68.92,69.75,3832030
DXCM,2026-06-25,69.88,70.79,68.58,68.65,4112271
DXCM,2026-06-26,68.435,70.38,68.28,70.14,6872596
DXCM,2026-06-29,69.67,71.06,69.46,69.98,3978772
DXCM,2026-06-30,70.96,70.96,67.3,67.35,4300556
DXCM,2026-07-01,68.16,69.66,67.87,68.86,4793643
DXCM,2026-07-02,69.14,71.57,69.14,71.25,3299278
DXCM,2026-07-06,71.3,72.77,69.74,72.38,4621632
DXCM,2026-07-07,73.85,73.97,72.07,73.57,5569382
DXCM,2026-07-08,73.315,74.39,72.33,74.06,5338782
DXCM,2026-07-09,73.74,73.775,71.2532,73.02,4163972
DXCM,2026-07-10,73.33,75.57,73.3079,74.96,3856914
DXCM,2026-07-13,75.56,76.415,74.58,76.35,3553999
DXCM,2026-07-14,75.09,75.425,73.16,74.12,4002909
DXCM,2026-07-15,74.42,75.13,72.08,72.73,4160830
DXCM,2026-07-16,73.62,79.154,73.12,77.98,6640098
DXCM,2026-07-17,77.86,78.01,75.95,76.65,5069951
DXCM,2026-07-20,76.6,77.085,75.66,75.69,3188475
DXCM,2026-07-21,76.12,76.95,74.085,74.75,3962329
DXCM,2026-07-22,75.04,75.29,70.73,71.43,3870980
DXCM,2026-07-23,71.08,71.43,70.28,70.48,3264981
DXCM,2026-07-24,71.05,71.85,69.79,71.54,2844471
DXCM,2026-07-27,72.0,74.59,72.0,73.37,5003902
DXCM,2026-07-28,74.565,76.09,74.09,74.85,4120276
DXCM,2026-07-29,74.42,76.085,73.445,75.14,6270154
DXCM,2026-07-30,73.93,74.87,73.24,74.54,5653473
DXCM,2026-07-31,79.88,84.7,79.5,83.45,11982034
DXCM,2026-08-03,85.25,87.63,83.5,87.31,9191480
DXCM,2026-08-04,87.14,87.85,86.21,86.94,6123983
DXCM,2026-08-05,86.47,86.47,82.3,82.66,6010497
DXCM,2026-08-06,82.91,83.69,82.4699,83.02,3871530
DXCM,2026-08-07,82.49,85.055,82.09,84.75,4626280
DXCM,2026-08-10,84.81,88.175,84.525,87.65,7832725
DXCM,2026-08-11,87.59,89.555,87.055,89.53,5971702
DXCM,2026-08-12,89.04,91.04,88.265,90.8,5402528
DXCM,2026-08-13,90.82,91.62,90.15,91.48,4686457
DXCM,2026-08-14,91.96,91.96,89.42,89.75,3858932
DXCM,2026-08-17,89.34,89.9,88.145,88.76,4048868
DXCM,2026-08-18,89.49,91.4999,88.98,89.6,3363035
DXCM,2026-08-19,90.3,91.915,89.235,89.88,8668160
DXCM,2026-08-20,89.42,91.385,89.275,90.22,5164593
DXCM,2026-08-21,89.605,92.56,89.1964,92.34,3481760
DXCM,2026-08-24,92.3,92.59,91.03,91.06,4451431
DXCM,2026-08-25,90.731,91.14,88.78,89.16,4105930
DXCM,2026-08-26,88.17,89.76,87.51,88.96,3822845
DXCM,2026-08-27,88.37,90.43,87.6,89.29,3026636
FICO,2026-06-17,1181.0,1194.0,1119.61,1126.84,328639
FICO,2026-06-18,1133.51,1137.1546,1080.0,1096.48,889942
FICO,2026-06-22,1074.56,1108.575,1065.69,1090.85,353074
FICO,2026-06-23,1098.8,1113.505,1080.81,1099.41,277361
FICO,2026-06-24,1099.7,1149.99,1099.47,1140.34,218280
FICO,2026-06-25,1127.41,1163.35,1113.17,1143.48,212564
FICO,2026-06-26,1150.49,1199.3,1150.49,1182.79,371419
FICO,2026-06-29,1200.0,1213.05,1173.455,1177.52,287629
FICO,2026-06-30,1161.65,1199.74,1160.0,1194.78,255606
FICO,2026-07-01,1200.51,1226.68,1189.0,1206.65,254673
FICO,2026-07-02,1220.76,1273.985,1212.5,1270.83,270346
FICO,2026-07-06,1269.16,1295.57,1250.0,1286.51,162611
FICO,2026-07-07,1295.0,1335.61,1294.0,1300.27,267755
FICO,2026-07-08,1288.99,1298.0824,1259.91,1266.08,223432
FICO,2026-07-09,1245.0,1279.72,1233.33,1279.41,155974
FICO,2026-07-10,1290.0,1304.7535,1246.47,1250.9,213494
FICO,2026-07-13,1269.77,1289.48,1251.85,1278.25,283725
FICO,2026-07-14,1230.145,1258.96,1204.01,1210.52,342496
FICO,2026-07-15,1232.135,1270.0,1196.94,1205.79,228445
FICO,2026-07-16,1218.99,1256.5,1209.68,1241.22,201212
FICO,2026-07-17,1232.89,1260.21,1219.97,1257.11,251465
FICO,2026-07-20,1249.28,1269.58,1231.73,1263.83,197654
FICO,2026-07-21,1209.29,1244.32,1172.69,1227.34,223560
FICO,2026-07-22,1244.13,1248.28,1212.12,1221.47,191444
FICO,2026-07-23,1218.16,1230.02,1188.1,1206.19,186525
FICO,2026-07-24,1220.0,1252.72,1209.921,1237.37,149675
FICO,2026-07-27,1262.11,1300.9999,1250.0,1280.57,275645
FICO,2026-07-28,1301.55,1390.0,1288.145,1336.22,402830
FICO,2026-07-29,1348.49,1410.17,1334.235,1373.08,432377
FICO,2026-07-30,1150.0,1238.6,1125.28,1139.54,996634
FICO,2026-07-31,1136.01,1136.02,1070.24,1122.97,926781
FICO,2026-08-03,1111.6,1115.9751,1031.14,1045.46,636464
FICO,2026-08-04,1040.0,1055.345,1028.46,1046.99,491846
FICO,2026-08-05,1056.0,1107.6299,1051.0,1091.55,320213
FICO,2026-08-06,1087.28,1087.28,1020.2,1031.89,370540
FICO,2026-08-07,1033.2,1058.73,1023.0,1041.4,308235
FICO,2026-08-10,1029.6,1070.0,1029.35,1049.74,294923
FICO,2026-08-11,1044.71,1048.48,1016.01,1038.23,338354
FICO,2026-08-12,1030.93,1054.99,1015.0,1044.21,525319
FICO,2026-08-13,1065.0,1117.93,1048.0001,1110.7,307481
FICO,2026-08-14,1112.78,1116.98,1075.35,1085.78,179021
FICO,2026-08-17,1087.51,1093.58,1060.0,1064.41,232474
FICO,2026-08-18,1072.79,1098.31,1070.0,1078.12,215484
FICO,2026-08-19,1095.6,1176.1,1089.41,1161.59,358154
FICO,2026-08-20,1165.82,1178.65,1135.18,1149.75,263473
FICO,2026-08-21,1149.75,1188.8,1148.88,1172.67,293219
FICO,2026-08-24,1170.61,1181.435,1156.0,1166.4,297745
FICO,2026-08-25,1157.09,1170.22,1133.16,1137.14,189776
FICO,2026-08-26,1120.0,1145.893,1104.31,1133.7,135617
FICO,2026-08-27,1137.52,1175.405,1136.49,1157.06,183053
GL,2026-06-17,168.54,171.75,168.54,171.25,664762
GL,2026-06-18,172.28,172.74,169.55,170.76,1635322
GL,2026-06-22,172.02,175.625,171.4,172.05,900461
GL,2026-06-23,173.83,176.17,172.95,175.58,646945
GL,2026-06-24,175.87,177.05,173.62,175.64,713303
GL,2026-06-25,177.28,181.15,176.37,176.4,878080
GL,2026-06-26,177.72,179.55,175.985,179.31,922830
GL,2026-06-29,178.1,180.75,176.5,179.25,875331
GL,2026-06-30,179.18,180.58,178.545,178.68,545544
GL,2026-07-01,178.98,182.315,178.98,180.07,773069
GL,2026-07-02,181.39,181.39,177.81,180.49,651522
GL,2026-07-06,179.0,180.49,176.335,176.98,606801
GL,2026-07-07,177.6,179.96,176.64,176.67,686190
GL,2026-07-08,176.72,177.15,174.8391,177.07,568694
GL,2026-07-09,177.88,180.26,177.51,178.86,498264
GL,2026-07-10,178.86,179.535,176.6445,179.13,318111
GL,2026-07-13,180.24,180.91,176.3201,178.62,354396
GL,2026-07-14,179.02,180.3,177.59,178.99,327280
GL,2026-07-15,178.46,181.74,176.56,181.51,880784
GL,2026-07-16,182.0,184.56,181.51,184.56,667809
GL,2026-07-17,184.58,191.55,184.42,184.76,555351
GL,2026-07-20,185.77,186.15,183.355,184.25,457965
GL,2026-07-21,184.91,185.8,183.5075,184.34,413730
GL,2026-07-22,184.78,185.57,182.26,184.0,899566
GL,2026-07-23,170.18,175.47,168.17,171.08,1884796
GL,2026-07-24,171.16,173.855,169.995,173.48,811839
GL,2026-07-27,174.04,176.205,173.13,174.37,606091
GL,2026-07-28,175.35,179.52,175.29,179.17,651911
GL,2026-07-29,177.84,179.78,177.72,179.68,919872
GL,2026-07-30,177.41,183.24,177.41,182.98,759820
GL,2026-07-31,181.81,183.68,180.35,182.25,926286
GL,2026-08-03,181.29,185.87,180.89,184.09,655010
GL,2026-08-04,181.0,184.36,181.0,183.9,531304
GL,2026-08-05,184.47,185.14,182.275,183.86,654290
GL,2026-08-06,182.1,186.1,182.1,186.02,572271
GL,2026-08-07,185.49,185.54,182.31,183.85,537728
GL,2026-08-10,186.61,188.5,182.9425,183.26,478696
GL,2026-08-11,182.0,184.7,180.96,181.04,666671
GL,2026-08-12,180.97,181.33,177.81,177.91,442985
GL,2026-08-13,179.33,182.26,178.8,180.67,689857
GL,2026-08-14,180.6,181.88,180.19,181.0,348763
GL,2026-08-17,180.93,182.42,179.41,179.41,403317
GL,2026-08-18,180.32,180.8125,177.94,178.08,414510
GL,2026-08-19,178.08,178.15,170.92,171.46,809748
GL,2026-08-20,170.76,173.14,170.375,170.49,443307
GL,2026-08-21,170.74,172.2,169.815,171.08,524438
GL,2026-08-24,171.99,174.75,171.99,173.13,521944
GL,2026-08-25,173.83,174.305,171.305,172.24,414600
GL,2026-08-26,172.7,176.05,171.535,175.55,465287
GL,2026-08-27,174.46,175.9025,172.2346,175.78,387498
SRE,2026-06-17,91.05,91.91,89.8,90.25,5537086
SRE,2026-06-18,90.43,91.5699,89.84,90.69,9725497
SRE,2026-06-22,90.67,92.14,90.0,91.62,4648647
SRE,2026-06-23,91.84,92.465,91.09,92.29,5280264
SRE,2026-06-24,92.72,92.93,91.49,92.73,2976658
SRE,2026-06-25,92.56,93.64,91.67,93.43,4571590
SRE,2026-06-26,93.82,94.31,92.9,94.27,4169612
SRE,2026-06-29,93.845,94.56,93.11,93.91,5045057
SRE,2026-06-30,93.33,93.76,92.43,92.71,7164549
SRE,2026-07-01,92.32,93.11,91.28,91.37,3620237
SRE,2026-07-02,92.16,93.2,91.8302,93.06,2169949
SRE,2026-07-06,93.02,93.32,92.17,92.95,3101235
SRE,2026-07-07,93.9,95.505,93.41,94.59,2541896
SRE,2026-07-08,95.1,96.02,94.405,95.33,3113575
SRE,2026-07-09,95.51,95.97,93.85,94.62,3593071
SRE,2026-07-10,94.61,95.01,93.8,94.2,2409925
SRE,2026-07-13,94.55,95.325,93.965,94.41,2454964
SRE,2026-07-14,95.06,95.61,93.32,93.36,2330252
SRE,2026-07-15,93.23,94.24,92.4551,92.78,2495476
SRE,2026-07-16,92.51,93.47,92.345,93.15,2289488
SRE,2026-07-17,94.55,95.12,92.19,92.25,3297721
SRE,2026-07-20,92.51,93.34,90.66,90.69,2440166
SRE,2026-07-21,90.34,90.745,89.4024,90.59,2604700
SRE,2026-07-22,91.63,93.41,91.355,93.05,2991334
SRE,2026-07-23,92.895,94.21,92.46,93.44,2473899
SRE,2026-07-24,93.83,94.25,92.76,92.98,2577615
SRE,2026-07-27,92.6,93.15,91.13,91.25,1977468
SRE,2026-07-28,91.46,93.015,90.53,90.56,2222583
SRE,2026-07-29,90.98,91.4828,88.62,88.82,2766886
SRE,2026-07-30,88.72,89.695,88.21,89.58,4472866
SRE,2026-07-31,89.54,89.98,88.53,88.55,2768321
SRE,2026-08-03,88.34,89.01,87.51,87.73,3332993
SRE,2026-08-04,87.49,87.61,85.8001,86.65,6351127
SRE,2026-08-05,86.67,86.82,84.11,84.66,5263160
SRE,2026-08-06,84.64,85.96,84.04,84.35,5711220
SRE,2026-08-07,83.84,85.705,83.65,83.88,6403178
SRE,2026-08-10,83.85,85.16,83.85,84.31,4586169
SRE,2026-08-11,84.35,85.75,83.95,85.48,3299012
SRE,2026-08-12,85.57,86.73,85.285,85.92,4025976
SRE,2026-08-13,86.19,86.98,85.85,86.48,3799229
SRE,2026-08-14,86.39,87.26,86.2375,86.41,3421816
SRE,2026-08-17,86.16,86.34,85.57,85.94,3285944
SRE,2026-08-18,86.99,87.3,86.395,87.18,3557246
SRE,2026-08-19,87.37,87.55,85.43,85.59,2672314
SRE,2026-08-20,85.05,88.14,85.05,87.38,4952747
SRE,2026-08-21,87.64,87.83,82.67,82.89,5176593
SRE,2026-08-24,83.08,84.83,82.845,84.57,3766034
SRE,2026-08-25,84.66,85.0,83.99,84.03,2977905
SRE,2026-08-26,84.12,85.47,84.008,85.28,2137391
SRE,2026-08-27,84.44,85.01,83.69,84.75,2576900
DOW,2026-06-17,32.85,33.98,32.48,32.5,10897356
DOW,2026-06-18,32.6,32.6,31.3701,31.73,17423547
DOW,2026-06-22,31.2,31.39,30.665,30.79,13107304
DOW,2026-06-23,30.53,31.085,30.185,30.33,14159329
DOW,2026-06-24,30.0,30.0,28.775,29.38,23935392
DOW,2026-06-25,28.83,29.515,28.39,29.31,12740409
DOW,2026-06-26,29.0,29.2988,28.735,29.04,12286841
DOW,2026-06-29,29.14,29.3089,27.54,27.92,12783517
DOW,2026-06-30,27.91,28.181,27.135,27.36,12814572
DOW,2026-07-01,26.8,27.665,26.8,27.02,13818367
DOW,2026-07-02,27.25,28.335,27.25,27.71,11723468
DOW,2026-07-06,27.2,27.455,26.9005,27.33,8510777
DOW,2026-07-07,27.55,28.7,27.55,28.64,13926639
DOW,2026-07-08,29.48,29.9,28.9701,29.03,16014133
DOW,2026-07-09,28.78,29.04,27.99,28.5,9547267
DOW,2026-07-10,28.78,29.16,28.63,29.03,5713253
DOW,2026-07-13,29.56,30.44,29.28,30.37,12392753
DOW,2026-07-14,30.96,31.21,30.14,30.31,8629995
DOW,2026-07-15,30.2,30.31,29.31,29.7,8806631
DOW,2026-07-16,29.64,29.98,29.205,29.3,7007909
DOW,2026-07-17,30.01,30.54,29.64,29.92,8538782
DOW,2026-07-20,29.75,30.56,29.52,30.37,9089501
DOW,2026-07-21,30.62,31.25,30.44,30.47,8324289
DOW,2026-07-22,30.99,31.585,30.81,31.25,11532365
DOW,2026-07-23,31.8,32.73,30.67,30.9,16614767
DOW,2026-07-24,30.61,30.775,29.3,29.84,10427203
DOW,2026-07-27,28.93,29.22,28.23,28.75,13173926
DOW,2026-07-28,29.0,29.49,28.7,28.85,12168203
DOW,2026-07-29,29.67,30.63,29.53,30.45,13814322
DOW,2026-07-30,30.06,30.48,29.45,30.09,9164684
DOW,2026-07-31,29.97,30.51,29.595,30.29,9113772
DOW,2026-08-03,30.19,30.45,29.74,29.89,9264764
DOW,2026-08-04,29.03,30.449,28.69,30.33,9348778
DOW,2026-08-05,30.61,30.68,29.17,29.67,10208478
DOW,2026-08-06,30.0,30.91,29.72,30.3,9296852
DOW,2026-08-07,29.8,29.94,29.265,29.34,9022055
DOW,2026-08-10,29.65,30.58,29.545,30.58,7474891
DOW,2026-08-11,30.405,31.44,30.405,31.26,7519423
DOW,2026-08-12,31.11,31.22,30.495,30.57,6615197
DOW,2026-08-13,30.35,30.725,30.185,30.36,6867471
DOW,2026-08-14,30.69,31.2,30.63,31.07,7305955
DOW,2026-08-17,31.09,31.535,30.82,31.34,6019999
DOW,2026-08-18,31.6,31.93,31.0609,31.19,7367898
DOW,2026-08-19,31.4,32.125,31.35,31.75,6138055
DOW,2026-08-20,31.77,33.4,31.77,32.9,14366263
DOW,2026-08-21,32.78,33.325,32.28,32.35,9185101
DOW,2026-08-24,32.03,32.05,31.27,31.44,8244017
DOW,2026-08-25,30.96,30.96,30.14,30.16,9178020
DOW,2026-08-26,30.01,30.41,29.73,30.33,9603278
DOW,2026-08-27,30.31,30.6,29.955,30.33,6435525
FOXA,2026-06-17,52.01,54.0,51.14,51.32,16633745
FOXA,2026-06-18,51.39,52.98,50.68,52.23,24319541
FOXA,2026-06-22,51.69,51.84,48.55,49.39,11674263
FOXA,2026-06-23,49.91,49.91,48.6,48.79,8128384
FOXA,2026-06-24,48.98,50.88,48.8,49.8,9994038
FOXA,2026-06-25,49.39,50.0,48.34,48.86,9202210
FOXA,2026-06-26,48.99,50.54,48.5,50.1,9545149
FOXA,2026-06-29,50.19,51.47,49.71,50.39,6590803
FOXA,2026-06-30,50.62,52.65,50.175,52.16,13494932
FOXA,2026-07-01,53.73,55.01,53.11,54.13,9095823
FOXA,2026-07-02,54.38,56.63,53.945,56.48,9122165
FOXA,2026-07-06,56.57,56.69,55.04,55.87,6497764
FOXA,2026-07-07,56.8,56.8,54.84,54.92,5799248
FOXA,2026-07-08,55.24,55.24,52.92,53.39,5784663
FOXA,2026-07-09,52.88,54.23,52.82,53.74,12457139
FOXA,2026-07-10,54.88,55.45,53.6,54.12,3898176
FOXA,2026-07-13,54.76,56.195,54.39,55.9,5362814
FOXA,2026-07-14,54.91,55.545,54.67,54.87,3280635
FOXA,2026-07-15,55.01,56.24,54.86,55.99,5092947
FOXA,2026-07-16,56.67,56.96,55.82,56.81,4792946
FOXA,2026-07-17,57.39,57.67,56.33,57.62,6975574
FOXA,2026-07-20,57.6,58.925,56.91,57.48,5264126
FOXA,2026-07-21,56.99,57.85,56.845,57.57,3344089
FOXA,2026-07-22,57.83,57.83,56.34,56.45,2656270
FOXA,2026-07-23,56.6,56.6,54.4,55.09,4344901
FOXA,2026-07-24,55.25,55.865,55.05,55.31,2491881
FOXA,2026-07-27,55.9,57.67,55.75,56.64,4003088
FOXA,2026-07-28,56.905,58.25,56.75,57.72,2417115
FOXA,2026-07-29,58.27,59.005,57.785,58.95,3919465
FOXA,2026-07-30,58.07,58.875,57.46,58.82,2909391
FOXA,2026-07-31,58.95,58.95,57.74,58.23,3838034
FOXA,2026-08-03,59.25,60.23,58.55,58.7,3766762
FOXA,2026-08-04,58.03,59.15,57.09,59.08,5642600
FOXA,2026-08-05,59.27,59.455,57.69,58.68,7336458
FOXA,2026-08-06,60.09,62.475,59.42,61.79,8570529
FOXA,2026-08-07,62.375,64.28,62.375,64.03,6692878
FOXA,2026-08-10,62.72,63.845,61.99,63.42,4932367
FOXA,2026-08-11,63.5,63.76,61.875,62.14,4871351
FOXA,2026-08-12,61.6,63.11,61.36,63.05,3925888
FOXA,2026-08-13,63.14,65.48,62.9,65.45,3734757
FOXA,2026-08-14,67.58,69.25,67.15,69.04,7501474
FOXA,2026-08-17,68.91,69.705,68.5,69.19,6651444
FOXA,2026-08-18,69.65,70.95,69.0,69.03,5601339
FOXA,2026-08-19,69.19,69.39,67.62,67.96,6080883
FOXA,2026-08-20,68.43,68.89,67.89,67.96,5784321
FOXA,2026-08-21,68.05,69.58,68.05,68.54,5733749
FOXA,2026-08-24,69.14,69.45,68.45,69.21,4643394
FOXA,2026-08-25,69.5,70.425,68.56,70.33,4266283
FOXA,2026-08-26,70.33,70.33,69.26,69.6,5128570
FOXA,2026-08-27,69.6,69.6,66.98,67.22,5373594
CBRE,2026-06-17,135.41,138.11,130.67,130.79,2352310
CBRE,2026-06-18,134.4,134.4,129.875,131.55,4199425
CBRE,2026-06-22,130.12,131.29,128.55,129.95,2263948
CBRE,2026-06-23,130.56,133.66,130.11,133.21,2111661
CBRE,2026-06-24,133.85,135.89,132.77,133.94,2157021
CBRE,2026-06-25,134.73,137.25,134.05,134.58,2321100
CBRE,2026-06-26,134.79,137.58,134.445,137.4,3298234
CBRE,2026-06-29,136.42,137.74,134.77,136.09,1671602
CBRE,2026-06-30,134.93,136.0399,133.7568,134.69,2082119
CBRE,2026-07-01,135.02,139.6,134.98,138.3,1432895
CBRE,2026-07-02,139.76,141.64,139.15,141.58,1628453
CBRE,2026-07-06,141.85,142.57,139.95,140.55,1435868
CBRE,2026-07-07,142.46,145.48,141.8,143.73,2888827
CBRE,2026-07-08,142.57,142.57,138.74,139.94,1797226
CBRE,2026-07-09,139.47,142.12,138.31,141.06,1201206
CBRE,2026-07-10,142.98,143.6899,139.27,139.53,914922
CBRE,2026-07-13,140.57,141.65,137.7,138.03,1177340
CBRE,2026-07-14,136.09,138.3,133.07,133.13,1615150
CBRE,2026-07-15,133.34,143.24,133.34,141.41,1908902
CBRE,2026-07-16,142.0,143.71,141.21,143.69,1355003
CBRE,2026-07-17,142.69,144.88,140.24,140.96,1495233
CBRE,2026-07-20,140.51,140.51,137.94,138.62,1367094
CBRE,2026-07-21,137.73,140.58,137.67,138.27,1436571
CBRE,2026-07-22,139.4,139.95,135.645,137.09,1368164
CBRE,2026-07-23,135.1,136.57,134.17,135.55,1637977
CBRE,2026-07-24,136.79,140.61,136.27,139.46,1488148
CBRE,2026-07-27,140.94,144.54,140.8401,143.88,2112612
CBRE,2026-07-28,145.81,149.0,145.035,147.05,2519980
CBRE,2026-07-29,146.13,153.0825,143.56,147.78,3663903
CBRE,2026-07-30,147.0,150.4,144.5801,149.46,2876882
CBRE,2026-07-31,148.24,150.485,144.87,146.81,1831255
CBRE,2026-08-03,144.57,148.6,144.57,148.43,1497200
CBRE,2026-08-04,149.27,151.98,148.1,151.05,1778087
CBRE,2026-08-05,152.64,152.64,149.61,151.16,1349977
CBRE,2026-08-06,150.02,151.16,145.89,147.45,1779986
CBRE,2026-08-07,148.3,152.56,147.335,148.18,1425627
CBRE,2026-08-10,147.17,148.7,143.4,143.94,1716800
CBRE,2026-08-11,144.56,148.31,143.669,147.46,1239917
CBRE,2026-08-12,147.66,148.5999,146.1403,147.4,1009652
CBRE,2026-08-13,147.66,152.02,147.21,151.89,1399563
CBRE,2026-08-14,152.04,153.25,150.44,152.86,950772
CBRE,2026-08-17,151.48,151.94,147.9,147.96,1008221
CBRE,2026-08-18,148.47,150.77,147.205,147.3,1287793
CBRE,2026-08-19,149.05,156.55,148.32,155.07,1529621
CBRE,2026-08-20,152.4,154.3198,151.49,151.79,1915501
CBRE,2026-08-21,152.59,153.5699,150.37,152.1,1040345
CBRE,2026-08-24,152.59,154.17,150.31,151.93,771501
CBRE,2026-08-25,151.43,152.9999,150.03,151.74,1007165
CBRE,2026-08-26,151.17,152.9698,150.07,150.36,850648
CBRE,2026-08-27,149.51,150.92,146.8,147.22,1331387
VRTX,2026-06-17,449.67,464.31,447.54,458.99,1524291
VRTX,2026-06-18,462.17,464.98,450.39,451.63,2993021
VRTX,2026-06-22,455.65,468.18,453.21,466.79,2034573
VRTX,2026-06-23,469.67,470.82,463.755,468.42,1204019
VRTX,2026-06-24,471.38,480.855,469.925,475.2,1549953
VRTX,2026-06-25,475.11,486.485,473.5001,480.18,1522567
VRTX,2026-06-26,482.5,503.89,482.2,491.34,8693047
VRTX,2026-06-29,495.83,499.87,487.62,499.65,2055780
VRTX,2026-06-30,500.49,500.99,489.62,496.73,1738335
VRTX,2026-07-01,502.71,502.71,494.8,498.01,1444535
VRTX,2026-07-02,503.76,529.14,501.53,528.04,1855943
VRTX,2026-07-06,526.665,529.9899,512.34,529.59,1515703
VRTX,2026-07-07,530.0,533.67,512.77,522.25,2292906
VRTX,2026-07-08,523.04,525.81,498.14,498.43,2287222
VRTX,2026-07-09,495.58,500.77,482.11,496.5,2107282
VRTX,2026-07-10,498.15,498.91,484.33,485.39,1430390
VRTX,2026-07-13,486.175,486.175,474.71,480.25,1153856
VRTX,2026-07-14,481.285,481.285,473.18,476.31,1093659
VRTX,2026-07-15,472.15,480.96,469.6,477.08,1192070
VRTX,2026-07-16,480.0,487.3,476.25,486.03,1370959
VRTX,2026-07-17,483.51,496.69,481.975,485.65,1568122
VRTX,2026-07-20,485.65,491.23,478.48,480.5,1101762
VRTX,2026-07-21,478.555,484.99,473.56,482.0,1107414
VRTX,2026-07-22,482.32,483.66,471.58,472.57,1289189
VRTX,2026-07-23,467.09,477.68,465.0,473.09,1306125
VRTX,2026-07-24,476.05,483.9999,472.575,477.36,1254156
VRTX,2026-07-27,479.27,487.2125,477.99,479.0,1631004
VRTX,2026-07-28,483.13,493.61,482.86,490.39,1700871
VRTX,2026-07-29,492.67,492.99,481.91,483.33,1451920
VRTX,2026-07-30,474.1,482.145,470.54,481.7,1249350
VRTX,2026-07-31,480.67,480.67,469.87,477.1,957709
VRTX,2026-08-03,480.0,483.36,468.14,470.72,1510456
VRTX,2026-08-04,471.29,488.04,465.51,478.705,2026378
VRTX,2026-08-05,487.52,491.9475,479.02,484.83,1383067
VRTX,2026-08-06,490.91,492.4,480.86,484.03,1015131
VRTX,2026-08-07,487.11,497.395,482.1,496.07,992491
VRTX,2026-08-10,539.5,546.17,519.82,523.91,2682319
VRTX,2026-08-11,525.02,532.23,522.0102,529.65,1065447
VRTX,2026-08-12,527.0,531.2159,520.08,525.73,1047017
VRTX,2026-08-13,528.68,529.0,515.74,516.44,863530
VRTX,2026-08-14,511.41,513.6397,502.29,505.75,1130504
VRTX,2026-08-17,503.87,517.84,502.53,515.55,1111401
VRTX,2026-08-18,520.0,533.78,517.3401,528.19,1497081
VRTX,2026-08-19,537.47,553.69,532.55,552.06,1437713
VRTX,2026-08-20,543.78,548.985,538.27,540.26,1062465
VRTX,2026-08-21,545.1,555.32,540.7,548.05,1074991
VRTX,2026-08-24,548.98,550.615,542.42,547.59,767491
VRTX,2026-08-25,545.53,555.69,543.75,552.85,775039
VRTX,2026-08-26,549.84,553.47,546.235,547.29,834375
VRTX,2026-08-27,540.08,550.83,540.08,547.55,844619
LITE,2026-06-17,879.08,891.545,853.78,869.98,5148177
LITE,2026-06-18,881.975,888.54,831.17,850.0,8360832
LITE,2026-06-22,852.52,906.18,829.0,893.93,6909893
LITE,2026-06-23,832.15,856.6,812.8,827.92,4817064
LITE,2026-06-24,825.0,866.43,803.24,842.53,4452726
LITE,2026-06-25,887.25,899.53,810.24,861.97,4529350
LITE,2026-06-26,822.55,824.855,774.3001,816.98,9121981
LITE,2026-06-29,806.01,852.78,754.0,851.4,5604162
LITE,2026-06-30,844.03,874.8599,838.11,858.06,4246554
LITE,2026-07-01,818.405,841.26,784.0,801.16,4202789
LITE,2026-07-02,777.575,803.9,710.01,728.32,5229140
LITE,2026-07-06,729.0,747.0,716.125,731.25,3805531
LITE,2026-07-07,699.42,732.57,680.43,698.91,3750796
LITE,2026-07-08,688.9,719.12,683.395,707.1,2586224
LITE,2026-07-09,755.155,804.9,751.9,785.77,5519991
LITE,2026-07-10,769.545,806.5631,761.62,802.01,3675849
LITE,2026-07-13,778.38,809.23,761.53,768.15,3694414
LITE,2026-07-14,816.26,839.88,796.0101,814.8,3768910
LITE,2026-07-15,813.95,821.9499,716.4,752.0,4205383
LITE,2026-07-16,731.39,738.0,693.0,706.23,3984943
LITE,2026-07-17,678.47,747.0,650.82,732.82,4940226
LITE,2026-07-20,764.13,801.8,763.0,765.55,4428660
LITE,2026-07-21,811.5,843.0,799.81,837.56,4043609
LITE,2026-07-22,810.22,859.88,809.0056,829.7,3876236
LITE,2026-07-23,841.0,897.0,824.0101,833.64,4547401
LITE,2026-07-24,810.5,831.2099,755.03,762.99,3651157
LITE,2026-07-27,767.85,770.3,697.88,711.96,3744225
LITE,2026-07-28,677.55,678.99,602.28,651.93,5642335
LITE,2026-07-29,655.21,655.21,594.84,602.35,6388594
LITE,2026-07-30,661.91,698.28,650.0,693.24,5621172
LITE,2026-07-31,748.0,772.6044,691.1,713.94,4550421
LITE,2026-08-03,685.64,785.3399,671.0,779.89,4198394
LITE,2026-08-04,852.355,868.3199,813.26,849.47,6642865
LITE,2026-08-05,824.79,883.65,824.0,826.26,3421867
LITE,2026-08-06,808.53,881.79,793.0001,838.06,4140181
LITE,2026-08-07,870.0,928.48,861.9,890.17,5818819
LITE,2026-08-10,931.05,937.0,810.885,813.51,6155026
LITE,2026-08-11,815.67,823.7,787.01,820.59,5985719
LITE,2026-08-12,899.0,966.5999,836.31,932.47,11774560
LITE,2026-08-13,927.585,946.92,875.59,880.41,4646030
LITE,2026-08-14,892.685,957.895,885.2701,926.14,4251856
LITE,2026-08-17,948.41,999.675,927.0,968.9,5388244
LITE,2026-08-18,909.28,943.7599,863.1101,873.31,6012753
LITE,2026-08-19,892.2,893.8466,821.0301,827.6,4409388
LITE,2026-08-20,830.0,881.88,815.03,879.28,4260063
LITE,2026-08-21,898.62,922.99,855.0101,866.71,3669087
LITE,2026-08-24,823.6,844.0,784.47,830.17,3919030
LITE,2026-08-25,858.1,887.36,841.1,885.565,3240575
LITE,2026-08-26,880.0,947.5299,876.09,939.03,4511432
LITE,2026-08-27,958.73,970.32,918.0101,956.14,4127821
DPZ,2026-06-17,318.0,322.67,314.14,314.36,674095
DPZ,2026-06-18,312.83,320.85,311.01,312.47,2508150
DPZ,2026-06-22,313.11,313.58,294.28,295.11,1214034
DPZ,2026-06-23,291.41,294.36,282.0,283.03,1491808
DPZ,2026-06-24,284.13,293.325,283.4,287.62,1235452
DPZ,2026-06-25,289.2,292.1,285.005,285.44,767113
DPZ,2026-06-26,288.025,298.9,287.245,298.18,1565708
DPZ,2026-06-29,299.95,302.0,288.0001,294.05,911820
DPZ,2026-06-30,295.58,297.74,293.0,296.04,894215
DPZ,2026-07-01,300.73,306.405,297.09,304.18,733688
DPZ,2026-07-02,308.7,312.0,305.77,311.66,804296
DPZ,2026-07-06,312.47,312.5,300.76,305.91,828187
DPZ,2026-07-07,310.53,319.97,308.75,313.14,766560
DPZ,2026-07-08,309.65,309.66,300.32,302.35,852674
DPZ,2026-07-09,297.01,303.16,294.94,300.88,672433
DPZ,2026-07-10,301.35,305.9,299.02,299.46,624677
DPZ,2026-07-13,300.91,311.99,300.91,309.85,1028615
DPZ,2026-07-14,305.5,310.22,304.99,309.85,857652
DPZ,2026-07-15,310.515,317.0,308.749,310.87,682550
DPZ,2026-07-16,312.32,330.43,311.29,329.67,1385881
DPZ,2026-07-17,330.83,336.47,316.18,322.18,1587866
DPZ,2026-07-20,342.745,350.0,324.0,328.97,2822133
DPZ,2026-07-21,327.39,336.585,317.54,326.34,970489
DPZ,2026-07-22,331.64,331.64,318.64,319.83,936559
DPZ,2026-07-23,320.27,323.59,315.68,323.25,712651
DPZ,2026-07-24,322.23,335.89,322.23,332.97,820607
DPZ,2026-07-27,335.57,348.6,335.57,343.53,1075681
DPZ,2026-07-28,349.89,359.7,346.945,350.47,1127337
DPZ,2026-07-29,350.37,364.58,347.61,360.0,1292316
DPZ,2026-07-30,353.19,355.135,342.8,352.25,835081
DPZ,2026-07-31,347.385,350.07,342.96,347.44,652455
DPZ,2026-08-03,351.2,365.45,351.2,364.41,912839
DPZ,2026-08-04,363.99,372.16,363.15,367.63,1002985
DPZ,2026-08-05,369.0,369.51,362.21,366.61,680341
DPZ,2026-08-06,366.01,366.01,357.0101,358.43,509855
DPZ,2026-08-07,354.94,355.205,349.76,350.95,826734
DPZ,2026-08-10,343.79,352.255,341.02,347.85,841380
DPZ,2026-08-11,344.38,361.505,344.38,357.34,703381
DPZ,2026-08-12,353.74,355.55,349.9,353.72,410198
DPZ,2026-08-13,357.67,358.005,347.16,350.88,617585
DPZ,2026-08-14,352.21,352.62,346.01,346.27,502873
DPZ,2026-08-17,342.96,345.0,334.485,335.42,687068
DPZ,2026-08-18,339.135,343.76,334.775,336.25,598247
DPZ,2026-08-19,336.0,345.82,335.47,336.52,673829
DPZ,2026-08-20,333.68,341.7,328.72,334.37,982361
DPZ,2026-08-21,334.51,343.22,332.34,341.85,702189
DPZ,2026-08-24,337.73,349.285,337.73,349.01,707303
DPZ,2026-08-25,346.25,353.925,346.25,349.91,940804
DPZ,2026-08-26,347.53,348.9,341.27,344.56,884791
DPZ,2026-08-27,339.29,342.845,331.0501,332.055,788185
CNP,2026-06-17,43.37,43.57,42.385,42.63,6392215
CNP,2026-06-18,42.89,43.34,42.585,42.82,7180199
CNP,2026-06-22,41.6,43.46,41.6,43.12,8513785
CNP,2026-06-23,43.36,43.645,42.85,43.5,13225575
CNP,2026-06-24,43.74,43.95,43.31,43.86,7060258
CNP,2026-06-25,44.22,44.49,43.585,44.22,6740141
CNP,2026-06-26,44.46,45.08,44.305,45.04,13873035
CNP,2026-06-29,44.82,45.215,44.65,44.79,6378152
CNP,2026-06-30,44.5,44.675,44.01,44.04,7539167
CNP,2026-07-01,44.15,44.23,43.72,43.73,6609566
CNP,2026-07-02,44.11,44.63,43.73,44.61,8354993
CNP,2026-07-06,44.49,44.63,43.645,44.0,8267372
CNP,2026-07-07,44.45,45.095,44.39,44.48,5313854
CNP,2026-07-08,44.62,44.745,43.91,44.05,7544791
CNP,2026-07-09,44.17,44.25,43.29,43.32,5479234
CNP,2026-07-10,43.37,43.7,43.32,43.54,6551063
CNP,2026-07-13,43.6,44.245,43.6,44.13,5639197
CNP,2026-07-14,44.5,44.685,43.755,43.76,6890822
CNP,2026-07-15,43.87,44.06,42.69,42.72,6831148
CNP,2026-07-16,42.77,43.34,42.565,43.34,7917036
CNP,2026-07-17,43.81,44.28,43.065,43.13,6139030
CNP,2026-07-20,43.33,43.64,42.705,42.99,5519990
CNP,2026-07-21,42.84,43.03,42.49,42.72,6851976
CNP,2026-07-22,43.14,43.745,42.98,43.68,5353856
CNP,2026-07-23,43.5,44.3,43.5,44.23,4836373
CNP,2026-07-24,44.59,44.75,44.32,44.56,5112852
CNP,2026-07-27,44.33,44.63,43.725,44.01,6354546
CNP,2026-07-28,43.57,45.26,43.57,44.1,7448393
CNP,2026-07-29,44.51,44.63,42.805,42.93,6627047
CNP,2026-07-30,43.11,43.42,41.905,42.15,7716519
CNP,2026-07-31,42.01,42.385,41.87,42.04,7134642
CNP,2026-08-03,41.69,42.49,41.69,41.92,5552449
CNP,2026-08-04,42.27,42.27,41.06,41.58,9489038
CNP,2026-08-05,41.53,41.68,40.265,40.65,9264484
CNP,2026-08-06,41.06,41.11,40.29,40.67,8228824
CNP,2026-08-07,40.85,41.26,40.33,40.68,7331311
CNP,2026-08-10,41.68,41.68,39.95,40.03,6457062
CNP,2026-08-11,40.07,40.29,39.8,40.18,6410383
CNP,2026-08-12,40.26,40.57,40.18,40.53,4437509
CNP,2026-08-13,40.32,40.89,40.3,40.48,4396222
CNP,2026-08-14,40.38,40.91,40.38,40.83,2984498
CNP,2026-08-17,40.61,40.81,40.4,40.63,4149307
CNP,2026-08-18,41.02,41.09,40.465,40.54,4385570
CNP,2026-08-19,41.53,41.53,40.35,40.4,4960820
CNP,2026-08-20,39.55,40.59,39.55,40.2,5813723
CNP,2026-08-21,40.18,40.245,38.715,38.77,7823794
CNP,2026-08-24,38.81,39.155,38.445,39.1,5914485
CNP,2026-08-25,39.05,39.2497,38.9,38.93,4535972
CNP,2026-08-26,39.01,39.73,39.0,39.59,5617204
CNP,2026-08-27,39.21,39.45,39.02,39.29,4470369
ADI,2026-06-17,421.64,428.09,414.06,414.45,3603491
ADI,2026-06-18,426.225,438.555,426.225,434.46,11868962
ADI,2026-06-22,437.75,445.91,436.39,445.48,4289132
ADI,2026-06-23,426.855,426.855,403.205,407.26,7559622
ADI,2026-06-24,407.22,414.46,404.0,413.16,4648302
ADI,2026-06-25,424.25,431.87,412.35,417.93,6442350
ADI,2026-06-26,405.43,406.08,382.82,386.91,12478834
ADI,2026-06-29,388.16,398.06,385.01,391.78,5169310
ADI,2026-06-30,392.92,401.815,391.78,397.17,6480672
ADI,2026-07-01,390.89,397.58,387.84,388.98,5750948
ADI,2026-07-02,390.81,396.0,372.64,377.16,6144834
ADI,2026-07-06,387.905,395.93,385.955,388.83,4447330
ADI,2026-07-07,376.33,381.66,371.09,379.03,4813813
ADI,2026-07-08,374.25,389.78,374.25,385.4,2609468
ADI,2026-07-09,395.6,399.35,388.33,393.64,3106236
ADI,2026-07-10,387.5,398.335,385.93,395.65,2325909
ADI,2026-07-13,389.83,390.59,382.945,386.01,3483476
ADI,2026-07-14,398.28,400.47,392.0,392.75,3139538
ADI,2026-07-15,397.345,400.69,383.28,390.96,3100207
ADI,2026-07-16,380.01,386.07,377.65,380.53,4096268
ADI,2026-07-17,369.5,379.78,366.72,375.36,3674824
ADI,2026-07-20,382.104,382.104,372.03,372.46,2942702
ADI,2026-07-21,387.91,388.0,377.69,382.81,4224544
ADI,2026-07-22,376.825,387.62,376.0,386.73,3176119
ADI,2026-07-23,376.15,382.965,373.39,380.2,3904086
ADI,2026-07-24,374.635,379.58,366.84,371.86,4080902
ADI,2026-07-27,372.775,376.8,361.67,371.89,5194024
ADI,2026-07-28,366.44,373.283,363.15,365.83,5052850
ADI,2026-07-29,361.71,368.94,352.73,353.37,5475988
ADI,2026-07-30,364.85,368.42,361.21,366.67,6368043
ADI,2026-07-31,374.16,376.732,362.86,367.41,3515303
ADI,2026-08-03,363.0,365.73,353.11,361.88,3743121
ADI,2026-08-04,372.39,382.48,368.91,380.29,5082700
ADI,2026-08-05,379.49,384.13,374.64,377.69,2853304
ADI,2026-08-06,375.25,384.4,373.0,377.31,3581747
ADI,2026-08-07,386.73,392.195,385.0,389.93,2837771
ADI,2026-08-10,392.84,394.04,383.83,383.925,2800683
ADI,2026-08-11,389.98,394.16,384.7095,385.3,2360862
ADI,2026-08-12,396.22,396.26,383.61,384.43,2764382
ADI,2026-08-13,387.44,389.7,380.51,381.17,2864448
ADI,2026-08-14,381.98,389.45,380.12,389.39,2115959
ADI,2026-08-17,391.535,396.9519,389.7475,390.28,3122795
ADI,2026-08-18,381.361,385.9,370.23,376.63,5779067
ADI,2026-08-19,378.55,383.4,369.73,373.26,6308274
ADI,2026-08-20,376.915,384.95,369.64,370.24,3498557
ADI,2026-08-21,374.72,378.64,371.46,373.09,5457207
ADI,2026-08-24,372.72,373.0,362.35,371.17,4755239
ADI,2026-08-25,376.24,377.48,367.29,373.66,3740236
ADI,2026-08-26,374.87,377.49,370.74,371.8,2180641
ADI,2026-08-27,374.5,376.88,368.03,374.52,3895042
GE,2026-06-17,352.105,362.33,350.0,357.03,5029381
GE,2026-06-18,362.85,364.7,357.1,357.64,7763392
GE,2026-06-22,357.64,361.28,354.54,355.12,5426729
GE,2026-06-23,349.28,359.92,347.7684,356.47,4735236
GE,2026-06-24,356.84,369.25,355.6571,365.88,6453721
GE,2026-06-25,367.645,379.67,366.51,371.36,7592286
GE,2026-06-26,368.4,371.44,363.82,369.0,8361163
GE,2026-06-29,367.82,376.0,367.47,373.71,6071493
GE,2026-06-30,374.61,376.82,368.74,373.73,4887485
GE,2026-07-01,375.03,376.6899,371.38,374.94,3951404
GE,2026-07-02,379.79,382.97,374.37,377.52,3275341
GE,2026-07-06,377.17,380.29,373.835,378.68,4065424
GE,2026-07-07,377.4,377.9,363.63,366.98,4263065
GE,2026-07-08,360.12,363.01,354.25,356.03,4214899
GE,2026-07-09,361.59,362.26,357.87,359.04,3045485
GE,2026-07-10,356.81,360.69,353.75,359.27,2335067
GE,2026-07-13,356.17,358.7,352.03,353.42,2668923
GE,2026-07-14,355.01,359.2,352.57,353.73,4416152
GE,2026-07-15,355.6,360.63,353.35,360.35,5429324
GE,2026-07-16,353.215,354.27,336.53,345.73,6883636
GE,2026-07-17,346.99,357.06,343.02,348.83,5596251
GE,2026-07-20,353.795,357.095,339.89,341.3,3887093
GE,2026-07-21,345.0,346.25,340.01,340.7,3938607
GE,2026-07-22,340.71,345.195,340.365,341.19,4200133
GE,2026-07-23,340.0,349.72,338.6,349.0,3823554
GE,2026-07-24,350.24,359.99,350.2,353.73,2958914
GE,2026-07-27,359.86,365.5,356.06,361.61,3840186
GE,2026-07-28,364.58,366.77,358.19,363.59,3626840
GE,2026-07-29,362.7,362.7,348.8352,350.63,3726564
GE,2026-07-30,354.75,356.62,347.66,355.04,3187847
GE,2026-07-31,356.24,362.42,353.78,360.07,3151327
GE,2026-08-03,363.79,369.95,360.965,368.93,3371942
GE,2026-08-04,374.52,378.85,368.6,377.28,4183138
GE,2026-08-05,379.34,384.51,378.7375,381.22,3160844
GE,2026-08-06,383.97,388.84,372.79,374.55,3552935
GE,2026-08-07,376.39,377.81,368.44,370.08,2527688
GE,2026-08-10,371.52,372.26,364.84,366.7,3092284
GE,2026-08-11,367.74,372.5574,366.4725,368.06,2286220
GE,2026-08-12,369.79,370.2,363.2373,365.33,2180808
GE,2026-08-13,367.0,367.08,359.55,360.64,2738417
GE,2026-08-14,362.5,368.69,361.51,368.38,2966205
GE,2026-08-17,367.87,372.3588,366.7613,369.43,5515355
GE,2026-08-18,366.89,375.58,365.0,375.09,4927917
GE,2026-08-19,373.52,374.555,355.98,356.23,4923412
GE,2026-08-20,353.09,354.5,343.56,344.64,6056101
GE,2026-08-21,347.54,351.86,346.41,348.37,3549169
GE,2026-08-24,346.59,348.49,340.54,341.84,2665591
GE,2026-08-25,345.945,350.0,344.22,349.54,3135495
GE,2026-08-26,351.78,356.39,350.0,354.39,3038648
GE,2026-08-27,352.79,353.495,339.6,342.73,5096588
AOS,2026-06-17,60.14,60.795,57.715,57.88,1835195
AOS,2026-06-18,58.97,60.1,58.07,58.22,4224638
AOS,2026-06-22,58.1,58.7399,57.605,58.69,2903391
AOS,2026-06-23,57.19,58.35,57.13,57.44,1585748
AOS,2026-06-24,58.18,60.97,58.18,60.18,1703327
AOS,2026-06-25,60.8,62.525,60.486,61.13,1599959
AOS,2026-06-26,61.58,62.345,60.54,61.72,3061712
AOS,2026-06-29,61.3,61.76,60.5401,61.68,1473721
AOS,2026-06-30,61.82,63.05,61.355,62.72,1452539
AOS,2026-07-01,62.46,63.01,61.75,62.14,1502480
AOS,2026-07-02,62.47,62.76,61.6623,62.72,1700005
AOS,2026-07-06,62.59,62.69,61.62,62.45,1441744
AOS,2026-07-07,62.4,62.43,61.15,61.31,1489105
AOS,2026-07-08,60.27,60.56,58.905,59.47,1746339
AOS,2026-07-09,59.63,59.8,58.76,59.02,2061322
AOS,2026-07-10,59.43,61.39,59.135,60.44,1609929
AOS,2026-07-13,60.44,60.82,59.09,59.53,1567690
AOS,2026-07-14,60.17,60.98,59.38,60.87,1431174
AOS,2026-07-15,60.49,61.18,59.73,60.31,1777033
AOS,2026-07-16,59.86,61.7,59.5,60.53,1992309
AOS,2026-07-17,60.39,61.18,58.68,58.85,2020223
AOS,2026-07-20,59.24,59.24,58.0,58.88,1818399
AOS,2026-07-21,58.96,59.38,58.125,58.76,1969165
AOS,2026-07-22,59.26,59.595,58.815,59.35,1087704
AOS,2026-07-23,59.42,59.97,58.65,59.49,1632759
AOS,2026-07-24,59.44,61.23,59.15,60.78,1507664
AOS,2026-07-27,61.1,62.7,61.1,62.44,1567343
AOS,2026-07-28,63.09,64.37,62.955,64.01,1634257
AOS,2026-07-29,63.36,63.605,61.47,62.04,2500376
AOS,2026-07-30,64.44,64.77,59.05,59.81,3045399
AOS,2026-07-31,59.14,60.4725,58.855,60.13,2938808
AOS,2026-08-03,60.62,61.435,60.115,60.73,2259523
AOS,2026-08-04,60.75,63.43,60.21,63.37,1816149
AOS,2026-08-05,63.07,63.6,62.69,63.18,1582232
AOS,2026-08-06,63.19,63.5,62.55,62.99,1552950
AOS,2026-08-07,63.0,64.32,62.59,63.98,1280717
AOS,2026-08-10,63.61,63.695,62.16,62.41,1229238
AOS,2026-08-11,62.51,63.94,62.46,63.67,1386151
AOS,2026-08-12,63.56,63.56,62.005,62.59,1262685
AOS,2026-08-13,62.95,63.165,61.98,62.5,1044725
AOS,2026-08-14,62.43,62.77,62.07,62.17,747746
AOS,2026-08-17,61.65,61.835,60.895,61.4,950006
AOS,2026-08-18,61.63,61.69,60.56,60.86,977344
AOS,2026-08-19,61.77,63.86,61.475,63.8,1629740
AOS,2026-08-20,62.71,63.59,62.32,62.43,1195110
AOS,2026-08-21,62.77,63.415,62.14,63.08,1140733
AOS,2026-08-24,63.44,64.09,62.06,62.72,1170027
AOS,2026-08-25,63.4,63.41,61.67,62.15,1323055
AOS,2026-08-26,62.46,63.28,62.185,62.48,1013391
AOS,2026-08-27,61.93,62.33,61.39,61.95,1044953
GILD,2026-06-17,126.69,128.2,124.11,125.45,7726714
GILD,2026-06-18,125.845,126.39,122.43,123.76,14348342
GILD,2026-06-22,124.3,125.17,123.0,124.87,8126312
GILD,2026-06-23,126.63,126.63,124.44,125.05,8462589
GILD,2026-06-24,125.56,127.27,124.78,125.16,7409629
GILD,2026-06-25,125.27,126.95,123.67,123.84,7250735
GILD,2026-06-26,125.25,128.7025,125.004,127.88,19908542
GILD,2026-06-29,128.86,128.86,125.49,126.33,6897708
GILD,2026-06-30,125.88,127.27,124.19,126.34,7409570
GILD,2026-07-01,127.275,127.62,125.125,125.97,6654936
GILD,2026-07-02,126.725,131.58,126.46,131.27,8088800
GILD,2026-07-06,132.88,132.88,127.88,129.61,10729369
GILD,2026-07-07,132.62,136.6,132.0,136.36,9177296
GILD,2026-07-08,136.58,137.7,134.0,135.82,8454142
GILD,2026-07-09,135.57,136.06,133.27,134.84,5839339
GILD,2026-07-10,134.02,134.97,129.265,129.83,5935997
GILD,2026-07-13,129.66,131.67,127.935,131.4,5131594
GILD,2026-07-14,129.7,131.21,129.42,130.04,5255960
GILD,2026-07-15,130.095,132.95,129.405,131.7,4467637
GILD,2026-07-16,131.76,136.44,131.31,136.3,7926819
GILD,2026-07-17,137.61,140.61,134.09,134.28,6903235
GILD,2026-07-20,134.28,135.5,132.91,133.21,4103979
GILD,2026-07-21,130.51,132.865,129.13,130.28,8371109
GILD,2026-07-22,131.83,132.86,130.23,130.34,4757764
GILD,2026-07-23,129.22,131.07,127.61,130.86,6299287
GILD,2026-07-24,130.93,131.6525,129.04,129.31,5529741
GILD,2026-07-27,131.0,133.0588,129.43,130.52,4953801
GILD,2026-07-28,133.11,136.26,132.63,134.32,6947167
GILD,2026-07-29,134.41,134.64,132.565,132.73,7766370
GILD,2026-07-30,130.02,131.39,128.28,131.28,6726143
GILD,2026-07-31,130.23,130.885,128.76,130.21,6531645
GILD,2026-08-03,131.095,131.5,129.04,131.15,7523916
GILD,2026-08-04,131.15,135.57,129.54,135.25,10091364
GILD,2026-08-05,136.0,137.8,129.6,131.76,11383394
GILD,2026-08-06,133.99,134.48,129.02,130.86,9235052
GILD,2026-08-07,132.1,134.09,130.59,133.21,8202062
GILD,2026-08-10,131.61,134.32,131.61,133.06,6833770
GILD,2026-08-11,132.68,136.85,132.01,135.77,5493691
GILD,2026-08-12,133.99,137.12,133.295,135.87,5683968
GILD,2026-08-13,136.94,138.3,136.03,138.14,4897034
GILD,2026-08-14,136.81,138.4325,135.91,138.36,3407825
GILD,2026-08-17,138.36,139.49,136.63,138.92,3940375
GILD,2026-08-18,140.0,143.89,139.54,143.44,5758845
GILD,2026-08-19,145.1,148.97,144.3,147.6,6738817
GILD,2026-08-20,146.69,146.82,143.19,143.44,7167579
GILD,2026-08-21,144.52,147.905,143.5,146.12,5384711
GILD,2026-08-24,145.93,146.835,144.59,146.74,6183604
GILD,2026-08-25,146.6,148.94,145.58,148.77,4630523
GILD,2026-08-26,148.0,149.6199,147.004,148.09,5259811
GILD,2026-08-27,147.3,149.105,146.01,148.86,5014794
MCHP,2026-06-17,97.67,97.885,93.92,94.11,10091554
MCHP,2026-06-18,98.2,100.92,97.812,99.77,16353467
MCHP,2026-06-22,101.495,104.03,101.1,102.71,11048127
MCHP,2026-06-23,97.09,98.38,92.07,93.26,17126045
MCHP,2026-06-24,92.86,93.505,89.78,92.48,10768532
MCHP,2026-06-25,95.7,97.23,91.835,94.12,9767785
MCHP,2026-06-26,91.075,91.2443,86.8424,87.93,31443148
MCHP,2026-06-29,87.49,89.28,85.06,89.06,12608689
MCHP,2026-06-30,89.125,92.02,88.02,91.2,16176372
MCHP,2026-07-01,89.5,91.4,88.615,88.69,14264069
MCHP,2026-07-02,89.055,90.06,82.85,84.64,14795801
MCHP,2026-07-06,87.0,89.52,86.6,87.59,7981220
MCHP,2026-07-07,83.96,84.95,81.6,84.15,13027081
MCHP,2026-07-08,83.14,86.1199,83.14,85.49,7199270
MCHP,2026-07-09,88.49,90.85,87.71,88.26,11164241
MCHP,2026-07-10,87.82,89.45,86.52,88.59,6677637
MCHP,2026-07-13,86.995,86.995,83.875,84.23,10301307
MCHP,2026-07-14,87.995,88.65,86.39,87.11,10238657
MCHP,2026-07-15,88.14,88.14,83.58,86.26,7512892
MCHP,2026-07-16,83.85,84.82,80.85,81.68,12220209
MCHP,2026-07-17,78.955,82.0,78.0,80.96,12927188
MCHP,2026-07-20,82.525,83.42,80.33,80.51,7503929
MCHP,2026-07-21,83.19,83.87,81.515,83.38,11642182
MCHP,2026-07-22,81.875,85.655,81.84,85.02,6537906
MCHP,2026-07-23,81.205,83.39,80.19,81.35,11585762
MCHP,2026-07-24,80.29,81.24,78.03,78.86,9323774
MCHP,2026-07-27,79.485,80.36,75.56,77.9,11225805
MCHP,2026-07-28,76.24,77.61,74.88,75.71,13887353
MCHP,2026-07-29,75.15,75.83,71.235,71.37,15687982
MCHP,2026-07-30,74.93,75.86,73.25,75.01,13850977
MCHP,2026-07-31,77.08,77.67,74.18,74.29,11293202
MCHP,2026-08-03,73.46,75.72,72.58,75.22,8143530
MCHP,2026-08-04,77.5,80.98,77.5,80.67,16079356
MCHP,2026-08-05,80.1,80.39,77.0,77.79,9796306
MCHP,2026-08-06,76.62,79.602,74.22,74.36,15903991
MCHP,2026-08-07,81.35,85.9658,80.68,84.69,19095073
MCHP,2026-08-10,85.54,85.66,81.14,81.39,8793252
MCHP,2026-08-11,82.28,83.44,80.6748,81.02,7005465
MCHP,2026-08-12,83.725,83.743,79.3,79.44,9225592
MCHP,2026-08-13,79.49,80.425,77.6,77.69,7414987
MCHP,2026-08-14,77.87,79.345,77.27,79.17,8246432
MCHP,2026-08-17,80.06,81.41,79.37,80.26,8530646
MCHP,2026-08-18,78.005,78.47,75.65,78.19,12743296
MCHP,2026-08-19,79.27,79.75,76.97,77.08,8832997
MCHP,2026-08-20,76.69,77.415,75.675,75.81,6825099
MCHP,2026-08-21,76.815,77.0,75.06,76.08,4629241
MCHP,2026-08-24,74.79,75.23,72.765,74.21,11783230
MCHP,2026-08-25,75.32,75.32,73.13,73.5,6003248
MCHP,2026-08-26,73.41,74.41,72.91,74.05,6229230
MCHP,2026-08-27,74.59,75.57,73.71,75.49,7523672
FRT,2026-06-17,123.04,123.4799,120.04,120.48,932974
FRT,2026-06-18,121.1,121.52,120.2,120.39,1634957
FRT,2026-06-22,120.58,122.53,120.52,121.72,884291
FRT,2026-06-23,122.37,123.74,122.04,123.68,636465
FRT,2026-06-24,123.68,125.24,123.65,124.62,750710
FRT,2026-06-25,125.04,125.855,123.815,124.55,665135
FRT,2026-06-26,125.63,126.1738,124.235,125.08,1475124
FRT,2026-06-29,124.98,125.49,124.425,125.42,675626
FRT,2026-06-30,124.11,124.71,123.37,123.44,819822
FRT,2026-07-01,121.84,122.595,119.97,120.41,1319724
FRT,2026-07-02,120.91,121.89,120.845,121.69,768432
FRT,2026-07-06,121.77,122.2,120.02,120.56,867383
FRT,2026-07-07,121.13,123.42,121.13,122.11,765852
FRT,2026-07-08,122.36,122.36,120.11,120.43,626235
FRT,2026-07-09,121.1,121.265,120.16,120.73,672120
FRT,2026-07-10,121.67,121.71,120.06,120.94,400564
FRT,2026-07-13,121.13,122.56,121.13,121.84,571767
FRT,2026-07-14,121.06,123.09,121.06,122.11,458489
FRT,2026-07-15,122.91,123.315,121.68,122.24,447541
FRT,2026-07-16,122.57,125.37,122.57,125.36,575679
FRT,2026-07-17,125.53,126.86,124.82,126.02,1662547
FRT,2026-07-20,126.35,126.505,125.42,125.59,1093151
FRT,2026-07-21,126.04,126.25,124.91,125.59,762247
FRT,2026-07-22,125.86,126.36,124.87,125.05,711063
FRT,2026-07-23,126.16,126.16,124.1,124.83,922862
FRT,2026-07-24,125.49,126.21,124.875,126.08,986590
FRT,2026-07-27,126.02,127.72,125.74,127.13,765925
FRT,2026-07-28,127.81,128.21,125.995,126.12,937230
FRT,2026-07-29,126.06,126.49,125.3,125.78,897478
FRT,2026-07-30,125.61,125.61,123.16,124.09,829710
FRT,2026-07-31,126.18,126.18,123.99,124.09,1242231
FRT,2026-08-03,124.965,124.965,122.94,123.65,828992
FRT,2026-08-04,123.21,123.3,121.2366,122.82,655991
FRT,2026-08-05,123.15,123.17,121.38,121.83,834600
FRT,2026-08-06,121.8,122.0,117.83,117.91,1537330
FRT,2026-08-07,118.0,119.29,116.37,118.69,2434313
FRT,2026-08-10,118.1,118.1,116.69,117.13,632217
FRT,2026-08-11,116.3,117.25,115.78,116.74,797136
FRT,2026-08-12,117.17,117.41,116.625,117.21,532538
FRT,2026-08-13,118.03,119.28,117.94,118.89,944324
FRT,2026-08-14,118.9,119.9699,118.33,118.39,552066
FRT,2026-08-17,117.6,118.11,117.07,118.02,574956
FRT,2026-08-18,118.43,119.265,117.38,117.48,615748
FRT,2026-08-19,118.2,118.54,117.18,117.56,641158
FRT,2026-08-20,117.28,118.3817,117.0,117.25,741034
FRT,2026-08-21,117.27,118.05,116.105,116.74,543601
FRT,2026-08-24,117.27,118.28,117.01,117.54,531382
FRT,2026-08-25,118.08,118.08,116.95,117.75,505258
FRT,2026-08-26,117.72,118.33,117.45,117.58,528706
FRT,2026-08-27,116.82,117.39,116.585,116.92,572526
MET,2026-06-17,87.09,87.36,85.73,85.85,5737538
MET,2026-06-18,87.1,87.69,85.38,85.58,8338284
MET,2026-06-22,86.33,87.84,85.81,87.56,4992876
MET,2026-06-23,87.67,88.34,87.15,88.03,2798363
MET,2026-06-24,88.03,88.22,84.18,84.6,4806370
MET,2026-06-25,85.01,86.93,84.43,84.63,2619770
MET,2026-06-26,85.21,86.67,84.74,85.95,5516654
MET,2026-06-29,85.56,86.57,85.03,85.99,2929689
MET,2026-06-30,85.97,86.5397,84.35,84.61,3852707
MET,2026-07-01,85.01,87.53,85.01,87.2,3500275
MET,2026-07-02,87.96,90.06,87.7225,90.06,3145943
MET,2026-07-06,90.88,91.25,90.04,90.46,4103052
MET,2026-07-07,90.96,92.27,90.65,91.67,3135476
MET,2026-07-08,91.65,91.685,89.62,90.1,3569940
MET,2026-07-09,90.34,91.985,90.34,91.15,2195675
MET,2026-07-10,92.06,92.49,91.145,91.65,2017022
MET,2026-07-13,92.51,93.155,91.6119,93.03,2828878
MET,2026-07-14,92.76,93.81,92.2149,92.54,3466241
MET,2026-07-15,92.52,93.11,91.64,92.2,2574879
MET,2026-07-16,92.67,94.09,92.22,93.7,3064529
MET,2026-07-17,93.21,94.86,93.12,94.0,4015118
MET,2026-07-20,94.0,94.265,92.76,92.99,3810972
MET,2026-07-21,93.33,93.465,92.16,93.37,4146922
MET,2026-07-22,93.8,94.3,92.77,93.27,3159106
MET,2026-07-23,92.77,92.895,91.58,92.54,3799514
MET,2026-07-24,92.16,94.84,91.34,94.83,4543286
MET,2026-07-27,95.01,96.0,94.83,95.19,5151077
MET,2026-07-28,95.56,97.69,95.56,97.49,4863975
MET,2026-07-29,96.56,97.8,96.45,97.02,4777016
MET,2026-07-30,97.42,97.615,95.88,97.07,5841293
MET,2026-07-31,97.11,97.475,96.07,96.13,5785392
MET,2026-08-03,96.25,96.79,95.95,96.31,4467144
MET,2026-08-04,94.915,96.44,93.91,96.13,5299025
MET,2026-08-05,96.5,97.255,95.49,96.26,4686266
MET,2026-08-06,98.54,100.93,98.13,99.95,4234205
MET,2026-08-07,99.49,99.49,97.07,97.77,4312838
MET,2026-08-10,96.99,98.09,96.86,97.03,2868030
MET,2026-08-11,96.78,97.33,96.55,96.8,2419246
MET,2026-08-12,96.59,97.12,96.29,96.66,2187226
MET,2026-08-13,97.02,97.71,96.635,97.47,2018273
MET,2026-08-14,97.74,98.2345,97.33,97.66,2171692
MET,2026-08-17,97.41,98.58,96.65,96.68,2485068
MET,2026-08-18,97.3,98.105,96.69,96.73,2039614
MET,2026-08-19,96.79,97.2,94.64,95.11,3447773
MET,2026-08-20,94.94,95.62,93.37,93.46,3817325
MET,2026-08-21,94.2,94.9075,93.93,94.34,4849853
MET,2026-08-24,94.87,96.27,94.87,96.21,2965179
MET,2026-08-25,96.24,96.43,94.57,95.87,2207890
MET,2026-08-26,95.96,96.77,95.09,96.52,2442377
MET,2026-08-27,95.96,96.79,95.4401,96.25,2257058
